LOC,NumParameters,NumBranches,NestingDepth,NumCodeSmells,NumLocalVariables,NumRevisions,NumAuthors,TotalStmtAdded,TotalStmtDeleted,MaxChurn,AvgChurn,HasFixHistory,Buggy
0.129496,0.090909,0.014568,0.111111,0,0.073171,0.041667,0.2,0.128571,0,0.14876,0.14876,1,no
0.539568,0.090909,0.029136,0.055556,0.02381,0.609756,0.208333,0.4,0.55,0.020619,0.553719,0.130579,1,no
0.035971,0,0.007284,0.055556,0,0,0.041667,0.2,0.035714,0,0.041322,0.041322,0,no
0.05036,0.454545,0.007284,0.055556,0.011905,0,0.041667,0.2,0.05,0,0.057851,0.057851,0,no
0.05036,0.090909,0.007284,0.055556,0,0,0.041667,0.2,0.05,0,0.057851,0.057851,0,no
0.064748,0.454545,0.014568,0.055556,0.011905,0,0.041667,0.2,0.064286,0,0.07438,0.07438,0,no
0.769784,0.090909,0.116545,0.388889,0.02381,0.487805,0.125,0.4,0.771429,0.010309,0.85124,0.300275,1,no
0.446043,0.272727,0.080125,0.277778,0.02381,0.341463,0.041667,0.2,0.442857,0,0.512397,0.512397,0,no
0.093525,0.181818,0.014568,0.111111,0.011905,0.04878,0.041667,0.2,0.092857,0,0.107438,0.107438,0,no
0.302158,0.090909,0.065557,0.333333,0.011905,0.170732,0.083333,0.2,0.307143,0.010309,0.347107,0.181818,0,no
0.035971,0.090909,0.007284,0.055556,0,0,0.041667,0.2,0.035714,0,0.041322,0.041322,0,no
0.122302,0.636364,0.014568,0.111111,0.011905,0.02439,0.041667,0.2,0.121429,0,0.140496,0.140496,0,no
0.079137,0.363636,0.007284,0.055556,0,0.04878,0.083333,0.2,0.078571,0,0.07438,0.045455,0,no
0.043165,0,0.007284,0.055556,0,0.02439,0.041667,0.2,0.042857,0,0.049587,0.049587,0,no
0.985612,0.090909,0.109261,0.166667,0.107143,0.902439,0.25,0.6,1,0.030928,0.859504,0.19697,1,yes
0.079137,0.181818,0.007284,0.055556,0,0.121951,0.041667,0.2,0.078571,0,0.090909,0.090909,0,no
0.460432,0,0.072841,0.166667,0.059524,0.243902,0.125,0.4,0.457143,0,0.495868,0.176309,0,no
0.23741,0.545455,0.021852,0.111111,0.035714,0.170732,0.125,0.6,0.242857,0.010309,0.264463,0.096419,1,no
0.071942,0,0.014568,0.111111,0.02381,0,0.083333,0.2,0.078571,0.010309,0.082645,0.049587,0,no
0.035971,0.090909,0.007284,0.055556,0,0,0.041667,0.2,0.035714,0,0.041322,0.041322,0,no
0.035971,0.090909,0.007284,0.055556,0,0,0.041667,0.2,0.035714,0,0.041322,0.041322,0,no
0.035971,0.090909,0.007284,0.055556,0,0,0.041667,0.2,0.035714,0,0.041322,0.041322,0,no
0.107914,0.272727,0.007284,0.055556,0,0.02439,0.041667,0.2,0.107143,0,0.123967,0.123967,0,no
0.136691,0.090909,0.029136,0.055556,0.02381,0.073171,0.083333,0.4,0.142857,0.010309,0.157025,0.086777,1,no
0.079137,0.181818,0.007284,0.055556,0,0.04878,0.083333,0.4,0.085714,0.010309,0.090909,0.053719,1,no
0.100719,0.181818,0.007284,0.055556,0.011905,0.04878,0.083333,0.4,0.107143,0.010309,0.115702,0.066116,1,no
0.913669,0.090909,0.167534,0.277778,0.083333,1,0.208333,0.6,0.964286,0.082474,0.768595,0.236364,1,no
0.043165,0.363636,0.007284,0.055556,0,0,0.041667,0.2,0.042857,0,0.049587,0.049587,0,no
0.208633,0,0.03642,0.166667,0.02381,0.121951,0.041667,0.2,0.207143,0,0.239669,0.239669,0,no
0.158273,0,0.014568,0.111111,0.02381,0.121951,0.041667,0.2,0.157143,0,0.181818,0.181818,0,no
0.158273,0,0.014568,0.111111,0.011905,0.121951,0.041667,0.2,0.157143,0,0.181818,0.181818,0,no
0.215827,0.090909,0.014568,0.055556,0.011905,0.04878,1.041667,0.6,0.907143,1,0.702479,0.07405,1,no
0.100719,0.363636,0.014568,0.111111,0,0.02439,0.125,0.2,0.035714,0.092784,0.041322,0.038567,0,no
0.18705,0.090909,0.029136,0.111111,0,0.121951,0.166667,0.6,0.192857,0.010309,0.173554,0.057851,1,no
0.568345,0.090909,0.131113,0.222222,0.047619,0.268293,0.25,0.4,0.571429,0.010309,0.421488,0.11157,1,no
0.23741,0.090909,0.043704,0.222222,0.011905,0.073171,0.041667,0.2,0.235714,0,0.272727,0.272727,0,no
0.107914,0.090909,0.029136,0.166667,0.02381,0.04878,0.041667,0.2,0.107143,0,0.123967,0.123967,0,no
0.136691,0.181818,0.007284,0.055556,0,0.097561,0.083333,0.2,0.135714,0,0.107438,0.078512,1,no
0.330935,0.272727,0.080125,0.222222,0.02381,0.146341,0.083333,0.4,0.328571,0,0.305785,0.190083,0,no
0.115108,0.090909,0.021852,0.055556,0,0.097561,0.166667,0.4,0.114286,0,0.066116,0.033058,1,no
0.05036,0.090909,0.007284,0.055556,0,0.04878,0.041667,0.2,0.05,0,0.057851,0.057851,1,no
0.100719,0.090909,0.014568,0.055556,0,0.04878,0.208333,0.8,0.121429,0.030928,0.082645,0.033058,1,no
0.115108,0.181818,0.014568,0.111111,0,0.073171,0.208333,0.4,0.142857,0.041237,0.07438,0.039669,1,yes
0.05036,0.090909,0.007284,0.055556,0,0,0.083333,0.4,0.057143,0.010309,0.066116,0.03719,1,no
0.129496,0.090909,0.007284,0.055556,0,0.146341,0.125,0.4,0.021429,0.020619,0.016529,0.013774,1,no
0.100719,0.181818,0.007284,0.055556,0.011905,0.02439,0.125,0.4,0.178571,0.113402,0.206612,0.099174,1,no
0.323741,0,0.058273,0.277778,0,0.195122,0.291667,0.6,0.7,0.546392,0.669421,0.178276,1,no
0.079137,0.363636,0.007284,0.055556,0,0.02439,0.125,0.2,0.107143,0.041237,0.082645,0.052342,0,no
0.115108,0.090909,0.029136,0.111111,0.011905,0,0.083333,0.4,0.214286,0.14433,0.247934,0.181818,1,no
0.115108,0.090909,0.014568,0.111111,0,0,0.125,0.2,0.128571,0.020619,0.132231,0.055096,0,no
0.079137,0,0.014568,0.055556,0,0,0.333333,0.8,0.178571,0.639175,0.429752,0.089876,1,no
0.230216,0.090909,0.043704,0.166667,0.02381,0,0.5,0.4,0.285714,0.082474,0.190083,0.033058,1,no
0.244604,0,0.03642,0.055556,0.02381,0,0.541667,0.6,0.321429,0.113402,0.157025,0.035601,1,no
0.302158,0,0.072841,0.166667,0.02381,0,0.208333,0.4,0.314286,0.020619,0.272727,0.076033,1,no
0.165468,0,0.029136,0.055556,0,0,0.041667,0.2,0.164286,0,0.190083,0.190083,0,no
0.093525,0.090909,0.007284,0.055556,0.011905,0.02439,0.166667,0.4,0.114286,0.030928,0.115702,0.039256,1,no
0.129496,0,0.029136,0.111111,0,0,0.083333,0.2,0.135714,0.010309,0.14876,0.082645,0,no
0.043165,0.181818,0.007284,0.055556,0,0,0.041667,0.2,0.042857,0,0.049587,0.049587,1,no
0.28777,0.272727,0.058273,0.277778,0,0.195122,0.125,0.4,0.292857,0.010309,0.239669,0.115702,1,no
0.035971,0.090909,0.007284,0.055556,0,0,0.041667,0.2,0.035714,0,0.041322,0.041322,1,no
0.057554,0.090909,0.007284,0.055556,0,0,0.041667,0.2,0.057143,0,0.066116,0.066116,1,no
0.043165,0.181818,0.007284,0.055556,0,0,0.083333,0.4,0.042857,0,0.033058,0.024793,1,no
0.035971,0,0.007284,0.055556,0,0,0,0,0,0,0,0,0,no
0.043165,0.454545,0.007284,0.055556,0,0,0.041667,0.2,0.042857,0,0.049587,0.049587,0,no
0.043165,0.454545,0.007284,0.055556,0,0,0.041667,0.2,0.042857,0,0.049587,0.049587,0,no
0.035971,0.454545,0.007284,0.055556,0,0,0.041667,0.2,0.035714,0,0.041322,0.041322,0,no
0.064748,0.090909,0.007284,0.055556,0.011905,0.073171,0.083333,0.4,0.064286,0,0.066116,0.03719,0,no
0.280576,0.272727,0.029136,0.055556,0,0.170732,0.125,0.4,0.285714,0.010309,0.280992,0.112948,1,no
0.064748,0.090909,0.007284,0.055556,0,0.04878,0.041667,0.2,0.064286,0,0.07438,0.07438,0,no
0.043165,0,0.007284,0.055556,0,0,0.125,0.4,0.057143,0.020619,0.049587,0.027548,1,no
0.086331,0.090909,0.014568,0.111111,0,0.073171,0.083333,0.4,0.092857,0.010309,0.099174,0.057851,0,yes
0.086331,0.272727,0.014568,0.111111,0,0.02439,0.041667,0.2,0.085714,0,0.099174,0.099174,0,no
0.086331,0.272727,0.014568,0.111111,0,0.02439,0.041667,0.2,0.085714,0,0.099174,0.099174,0,no
0.035971,0,0.007284,0.055556,0,0,0.041667,0.2,0.035714,0,0.041322,0.041322,0,no
0.151079,0.090909,0.021852,0.111111,0,0.097561,0.083333,0.2,0.157143,0.010309,0.173554,0.095041,0,no
0.086331,0,0.014568,0.055556,0,0.073171,0.25,0.8,0.107143,0.030928,0.07438,0.024793,0,no
0.251799,0.090909,0.03642,0.222222,0,0.219512,0.083333,0.2,0.257143,0.010309,0.297521,0.152893,0,no
0.122302,0.090909,0.014568,0.055556,0,0.073171,0.041667,0.2,0.121429,0,0.140496,0.140496,0,no
0.115108,0.090909,0.014568,0.055556,0,0.073171,0.041667,0.2,0.114286,0,0.132231,0.132231,0,no
0.100719,0.181818,0.007284,0.055556,0,0.02439,0.041667,0.2,0.1,0,0.115702,0.115702,0,no
0.05036,0.272727,0.007284,0.055556,0,0,0.041667,0.2,0.05,0,0.057851,0.057851,0,no
0.258993,0.090909,0.03642,0.166667,0.02381,0.146341,0.041667,0.2,0.257143,0,0.297521,0.297521,0,no
0.05036,0.090909,0.007284,0,0.02381,0.097561,0.041667,0.2,0.05,0,0.057851,0.057851,0,no
0.115108,0.090909,0.014568,0.055556,0,0.073171,0.041667,0.2,0.114286,0,0.132231,0.132231,0,no
0.179856,0.090909,0.029136,0.055556,0,0.073171,0.041667,0.2,0.178571,0,0.206612,0.206612,0,no
0.158273,0.090909,0.014568,0.111111,0,0.146341,0.041667,0.2,0.157143,0,0.181818,0.181818,0,no
0.23741,0.090909,0.043704,0.111111,0.02381,0.219512,0.125,0.6,0.242857,0.010309,0.14876,0.096419,0,no
0.309353,0.090909,0.065557,0.277778,0.02381,0.317073,0.041667,0.2,0.307143,0,0.355372,0.355372,0,no
0.129496,0.090909,0.014568,0.111111,0,0.121951,0.041667,0.2,0.128571,0,0.14876,0.14876,0,no
0.05036,0.090909,0.007284,0,0.02381,0.097561,0.041667,0.2,0.05,0,0.057851,0.057851,0,no
0.079137,0.090909,0.007284,0.055556,0,0.04878,0.041667,0.2,0.078571,0,0.090909,0.090909,0,no
0.201439,0.090909,0.029136,0.111111,0,0.146341,0.041667,0.2,0.2,0,0.231405,0.231405,0,no
0.201439,0.090909,0.029136,0.111111,0,0.146341,0.041667,0.2,0.2,0,0.231405,0.231405,0,no
0.05036,0.181818,0.007284,0.055556,0,0,0.041667,0.2,0.05,0,0.057851,0.057851,0,no
0.136691,0.181818,0.021852,0.111111,0,0.097561,0.083333,0.4,0.142857,0.010309,0.157025,0.086777,0,no
0.107914,0.090909,0.014568,0.111111,0,0.073171,0.041667,0.2,0.107143,0,0.123967,0.123967,0,no
0.172662,0.090909,0.014568,0.111111,0,0.243902,0.041667,0.2,0.171429,0,0.198347,0.198347,0,no
0.129496,0.090909,0.014568,0.111111,0,0.073171,0.041667,0.2,0.128571,0,0.14876,0.14876,0,no
0.057554,0.090909,0.007284,0.055556,0,0,0.083333,0.2,0.007143,0.072165,0.049587,0.033058,0,no
0.057554,0,0.007284,0.055556,0,0,0.083333,0.4,0.078571,0.030928,0.090909,0.057851,0,no
0.359712,0.181818,0.080125,0.333333,0,0.170732,0.125,0.4,0.021429,0.051546,0.033058,0.022039,1,no
0.122302,0.090909,0.021852,0.111111,0,0.04878,0.041667,0.2,0,0.072165,0.057851,0.057851,0,no
0.043165,0,0.007284,0.055556,0,0,0.041667,0.2,0.042857,0,0.049587,0.049587,0,no
0.223022,0.181818,0.03642,0.222222,0.011905,0.146341,0.041667,0.2,0.221429,0,0.256198,0.256198,0,no
0.043165,0.090909,0.007284,0.055556,0,0,0.041667,0.2,0.042857,0,0.049587,0.049587,0,no
0.043165,0.090909,0.007284,0.055556,0,0,0.083333,0.4,0.05,0.010309,0.049587,0.033058,1,no
0.05036,0.181818,0.007284,0.055556,0,0.02439,0.041667,0.2,0.05,0,0.057851,0.057851,1,no
0.100719,0.090909,0.007284,0.055556,0,0.097561,0.125,0.4,0.114286,0.020619,0.115702,0.049587,1,no
0.100719,0,0.014568,0.055556,0.011905,0.073171,0.041667,0.2,0.1,0,0.115702,0.115702,0,no
0.201439,0.090909,0.03642,0.166667,0.011905,0.097561,0.041667,0.2,0.2,0,0.231405,0.231405,0,no
0.115108,0,0.014568,0.055556,0,0.04878,0.083333,0.2,0.114286,0,0.090909,0.066116,1,no
0.100719,0.090909,0.021852,0.166667,0.02381,0.02439,0.083333,0.2,0.1,0,0.07438,0.057851,1,no
0.100719,0.090909,0.007284,0.111111,0,0.073171,0.125,0.6,0.114286,0.020619,0.115702,0.049587,1,no
0.136691,0.181818,0.021852,0.166667,0,0.097561,0.166667,0.6,0.15,0.020619,0.14876,0.047521,1,no
0.05036,0.090909,0.007284,0.055556,0,0.02439,0.041667,0.2,0.05,0,0.057851,0.057851,0,no
0.05036,0.181818,0.021852,0.055556,0.035714,0.02439,0.041667,0.2,0.05,0,0.057851,0.057851,0,no
0.05036,0.090909,0.007284,0.055556,0,0,0.041667,0.2,0.05,0,0.057851,0.057851,0,no
0.165468,0.272727,0.029136,0.111111,0,0.073171,0.125,0.4,0.164286,0,0.14876,0.063361,1,no
0.129496,0.272727,0.021852,0.166667,0,0.073171,0.083333,0.2,0.135714,0.010309,0.14876,0.082645,0,no
0.035971,0.090909,0.007284,0.055556,0,0,0.041667,0.2,0.035714,0,0.041322,0.041322,1,no
0.064748,0.090909,0.014568,0.055556,0.011905,0.02439,0.041667,0.2,0.064286,0,0.07438,0.07438,0,no
0.100719,0,0.021852,0.111111,0.011905,0.02439,0.25,0.6,0.235714,0.195876,0.206612,0.071625,1,no
0.064748,0.090909,0.014568,0.111111,0,0.04878,0.041667,0.2,0.007143,0.010309,0.016529,0.016529,0,no
0.043165,0,0.007284,0.055556,0.011905,0,0.083333,0.2,0.042857,0,0.041322,0.024793,0,no
0.143885,0,0.021852,0.111111,0.011905,0.073171,0.083333,0.2,0.142857,0,0.132231,0.082645,0,no
0.064748,0.090909,0.014568,0.055556,0.011905,0.02439,0.041667,0.2,0.064286,0,0.07438,0.07438,0,no
0.115108,0.090909,0.014568,0.055556,0.02381,0.097561,0.125,0.2,0.007143,0.041237,0.016529,0.013774,1,no
0.18705,0.090909,0.029136,0.111111,0.02381,0.146341,0.125,0.2,0.042857,0.020619,0.033058,0.022039,1,no
0.223022,0,0.014568,0.055556,0,0,0.125,0.2,0.221429,0,0.157025,0.085399,0,no
0.064748,0.090909,0.014568,0.111111,0,0.04878,0.083333,0.2,0.071429,0.010309,0.07438,0.045455,0,no
0.309353,0.272727,0.050989,0.055556,0.02381,0.268293,0.208333,0.4,0.057143,0.041237,0.033058,0.019835,1,no
0.093525,0.363636,0.021852,0.166667,0,0.02439,0.041667,0.2,0.092857,0,0.107438,0.107438,0,no
0.158273,0.090909,0.029136,0.111111,0.035714,0.073171,0.166667,0.4,0.178571,0.030928,0.181818,0.057851,1,no
0.100719,0.090909,0.014568,0.055556,0.011905,0.02439,0.125,0.2,0.15,0.072165,0.157025,0.077135,0,no
0.071942,0.090909,0.014568,0.111111,0.02381,0.02439,0.041667,0.2,0.071429,0,0.082645,0.082645,0,no
0.338129,0.181818,0.058273,0.111111,0.02381,0.243902,0.125,0.2,0.342857,0.010309,0.380165,0.134986,0,yes
0.107914,0.181818,0.007284,0.111111,0.02381,0.04878,0.125,0.4,0.021429,0.020619,0.016529,0.013774,1,yes
0.143885,0,0.021852,0.111111,0.02381,0.04878,0.291667,0.6,0.135714,0.041237,0.041322,0.027155,1,no
0.035971,0.090909,0.007284,0.055556,0,0,0.041667,0.2,0.035714,0,0.041322,0.041322,0,no
0.035971,0.090909,0.007284,0.055556,0,0,0.041667,0.2,0.035714,0,0.041322,0.041322,0,no
0.179856,0,0.029136,0.166667,0.02381,0.170732,0.041667,0.2,0.178571,0,0.206612,0.206612,0,no
0.201439,0,0.03642,0.166667,0.011905,0.02439,0.041667,0.2,0.2,0,0.231405,0.231405,0,no
0.136691,0.363636,0.014568,0.111111,0,0.073171,0.041667,0.2,0.135714,0,0.157025,0.157025,0,no
0.071942,0.272727,0.007284,0.055556,0,0.04878,0.041667,0.2,0.071429,0,0.082645,0.082645,0,no
0.057554,0,0.014568,0.055556,0.02381,0.04878,0.041667,0.2,0.057143,0,0.066116,0.066116,0,no
0.05036,0.181818,0.007284,0.055556,0,0.02439,0.041667,0.2,0.05,0,0.057851,0.057851,0,no
0.179856,0.181818,0.03642,0.277778,0.011905,0.146341,0.041667,0.2,0.178571,0,0.206612,0.206612,0,no
0.100719,0.181818,0.007284,0.111111,0,0.04878,0.041667,0.2,0.1,0,0.115702,0.115702,0,no
0.122302,0.090909,0.014568,0.111111,0,0.04878,0.041667,0.2,0.121429,0,0.140496,0.140496,0,no
0.057554,0.090909,0.007284,0.055556,0,0.02439,0.041667,0.2,0.057143,0,0.066116,0.066116,0,no
0.093525,0.272727,0.007284,0.055556,0,0.073171,0.041667,0.2,0.092857,0,0.107438,0.107438,0,no
0.129496,0.090909,0.014568,0.166667,0,0.02439,0.041667,0.2,0.128571,0,0.14876,0.14876,0,no
0.05036,0,0.007284,0.055556,0,0,0.041667,0.2,0.05,0,0.057851,0.057851,0,no
0.223022,0.090909,0.050989,0.166667,0.011905,0.02439,0.166667,0.2,0.228571,0.010309,0.214876,0.068182,1,no
0.064748,0.090909,0.014568,0.055556,0.011905,0.02439,0.041667,0.2,0.064286,0,0.07438,0.07438,0,no
0.05036,0.090909,0.007284,0.055556,0,0,0.083333,0.2,0.057143,0.010309,0.057851,0.03719,1,yes
0.05036,0,0.007284,0.055556,0,0,0.041667,0.2,0.05,0,0.057851,0.057851,1,no
0.316547,0.181818,0.065557,0.166667,0.02381,0.097561,0.166667,0.4,0.321429,0.010309,0.338843,0.095041,0,no
0.151079,0.181818,0.021852,0.111111,0,0.04878,0.166667,0.2,0.15,0,0.099174,0.043388,1,no
0.244604,0,0.050989,0.166667,0,0.073171,0.208333,0.2,0.25,0.010309,0.239669,0.059504,1,no
0.071942,0,0.014568,0.111111,0.011905,0.02439,0.125,0.4,0.021429,0.030928,0.016529,0.016529,1,no
0.079137,0,0.007284,0.055556,0,0,0.041667,0.2,0.078571,0,0.090909,0.090909,1,no
0.057554,0,0.007284,0.055556,0,0.02439,0.041667,0.2,0.007143,0,0.008264,0.008264,1,no
0.158273,0.181818,0.021852,0.166667,0,0.073171,0.083333,0.2,0.021429,0,0.016529,0.012397,1,no
0.158273,0.090909,0.029136,0.055556,0.02381,0.073171,0.166667,0.6,0.228571,0.103093,0.247934,0.086777,1,no
0.223022,0.090909,0.058273,0.333333,0,0.121951,0.166667,0.6,0.228571,0.010309,0.190083,0.068182,1,no
0.057554,0.090909,0.007284,0.055556,0,0.04878,0.041667,0.2,0.057143,0,0.066116,0.066116,1,no
0.143885,0.181818,0.03642,0.166667,0.011905,0.073171,0.083333,0.4,0.142857,0,0.14876,0.082645,1,no
0.338129,0.090909,0.050989,0.166667,0.047619,0.195122,0.083333,0.2,0.342857,0.010309,0.38843,0.202479,0,no
0.158273,0.090909,0.029136,0.111111,0.011905,0.04878,0.041667,0.2,0.157143,0,0.181818,0.181818,1,no
0.244604,0.090909,0.03642,0.222222,0,0.121951,0.125,0.4,0.25,0.010309,0.247934,0.099174,1,no
0.417266,0.090909,0.065557,0.222222,0,0.243902,0.208333,0.6,0.421429,0.010309,0.396694,0.099174,1,no
0.064748,0.181818,0.014568,0.055556,0.035714,0,0.041667,0.2,0.064286,0,0.07438,0.07438,1,no
0.143885,0.181818,0.03642,0.222222,0,0.073171,0.041667,0.2,0.142857,0,0.165289,0.165289,1,no
0.035971,0.090909,0.007284,0.055556,0,0,0.041667,0.2,0.035714,0,0.041322,0.041322,1,no
0.395683,0.454545,0.072841,0.111111,0.02381,0,0.041667,0.2,0.392857,0,0.454545,0.454545,1,no
0.079137,0.181818,0.007284,0.055556,0,0,0.041667,0.2,0.078571,0,0.090909,0.090909,1,no
0.035971,0,0.007284,0.055556,0.011905,0,0.041667,0.2,0.035714,0,0.041322,0.041322,0,no
0.345324,0.090909,0.065557,0.111111,0.011905,0.170732,0.166667,0.6,0.364286,0.030928,0.264463,0.11157,1,no
0.100719,0,0.029136,0.166667,0.011905,0.073171,0.166667,0.4,0.121429,0.030928,0.115702,0.041322,0,no
0.043165,0,0.007284,0.055556,0.02381,0,0.041667,0.2,0.042857,0,0.049587,0.049587,0,no
0.172662,0.090909,0.03642,0.111111,0.011905,0.097561,0.291667,0.6,0.2,0.041237,0.090909,0.03778,1,no
0.035971,0.090909,0.007284,0.055556,0,0,0.041667,0.2,0.035714,0,0.041322,0.041322,0,no
0.244604,0,0.03642,0.111111,0.02381,0.04878,0.291667,0.6,0.307143,0.092784,0.289256,0.061393,1,no
0.057554,0,0.007284,0.055556,0,0,0.083333,0.4,0.057143,0,0.057851,0.033058,0,no
0.079137,0.181818,0.014568,0.111111,0,0.04878,0.041667,0.2,0.078571,0,0.090909,0.090909,0,no
0.071942,0.090909,0.014568,0.111111,0,0,0.041667,0.2,0.071429,0,0.082645,0.082645,0,no
0.165468,0.090909,0.007284,0.055556,0,0.073171,0.041667,0.2,0.164286,0,0.190083,0.190083,1,no
0.194245,0,0.03642,0.111111,0.011905,0.073171,0.083333,0.4,0.192857,0,0.190083,0.11157,1,no
0.093525,0.272727,0.007284,0.055556,0,0.04878,0.041667,0.2,0.092857,0,0.107438,0.107438,0,no
0.071942,0.181818,0.007284,0.055556,0,0.02439,0.041667,0.2,0.071429,0,0.082645,0.082645,1,no
0.043165,0,0.007284,0.055556,0,0,0.041667,0.2,0.042857,0,0.049587,0.049587,1,no
0.05036,0.090909,0.007284,0.055556,0,0.02439,0.041667,0.2,0.05,0,0.057851,0.057851,1,no
0.079137,0.181818,0.014568,0.111111,0.011905,0.02439,0.125,0.2,0.092857,0.020619,0.099174,0.041322,0,yes
0.071942,0.090909,0.014568,0.111111,0.011905,0.02439,0.125,0.2,0.085714,0.020619,0.090909,0.038567,0,yes
0.086331,0.363636,0.007284,0.055556,0,0,0.083333,0.4,0.092857,0.010309,0.099174,0.057851,0,no
0.136691,0.090909,0.029136,0.111111,0,0.02439,0.083333,0.4,0.214286,0.113402,0.247934,0.169421,0,no
0.158273,0.090909,0.029136,0.166667,0.011905,0.121951,0.083333,0.4,0.264286,0.154639,0.305785,0.214876,0,no
0.107914,0.181818,0.014568,0.111111,0,0.073171,0.083333,0.4,0.114286,0.010309,0.123967,0.070248,0,no
0.071942,0.272727,0.014568,0.055556,0,0.02439,0.083333,0.4,0.085714,0.020619,0.099174,0.057851,0,no
0.179856,0.181818,0.03642,0.111111,0,0.073171,0.083333,0.4,0.428571,0.360825,0.495868,0.392562,0,no
0.129496,0.181818,0.014568,0.111111,0.011905,0.04878,0.083333,0.4,0.128571,0,0.132231,0.07438,0,no
0.079137,0.272727,0.007284,0.055556,0,0.073171,0.083333,0.4,0.078571,0,0.082645,0.045455,0,no
0.05036,0.090909,0.007284,0.055556,0,0.02439,0.083333,0.4,0.078571,0.041237,0.090909,0.061983,0,no
0.05036,0.090909,0.007284,0.055556,0,0,0.041667,0.2,0.05,0,0.057851,0.057851,0,no
0.151079,0.090909,0.03642,0.166667,0.02381,0.097561,0.041667,0.2,0.15,0,0.173554,0.173554,0,no
0.129496,0.090909,0.029136,0.166667,0.011905,0.097561,0.041667,0.2,0.128571,0,0.14876,0.14876,0,no
0.05036,0.181818,0.007284,0.055556,0,0.02439,0.041667,0.2,0.05,0,0.057851,0.057851,0,no
0.273381,0.181818,0.043704,0.166667,0.035714,0.097561,0.041667,0.2,0.271429,0,0.31405,0.31405,0,no
0.115108,0.090909,0.021852,0.111111,0,0.073171,0.041667,0.2,0.114286,0,0.132231,0.132231,0,no
0.086331,0.090909,0.014568,0.111111,0,0.04878,0.041667,0.2,0.085714,0,0.099174,0.099174,0,no
0.05036,0.090909,0.007284,0.055556,0,0,0.041667,0.2,0.05,0,0.057851,0.057851,0,no
0.064748,0,0.014568,0.111111,0,0.04878,0.083333,0.4,0.078571,0.020619,0.090909,0.053719,0,no
0.115108,0,0.021852,0.111111,0,0.04878,0.083333,0.4,0.114286,0,0.066116,0.066116,0,no
0.071942,0.090909,0.014568,0.111111,0,0.073171,0.041667,0.2,0.071429,0,0.082645,0.082645,0,no
0.345324,0.181818,0.058273,0.222222,0.011905,0.195122,0.083333,0.4,0.342857,0,0.380165,0.198347,0,no
0.100719,0.090909,0.014568,0.111111,0,0.02439,0.083333,0.4,0.107143,0.010309,0.115702,0.066116,0,no
0.230216,0,0.080125,0.5,0.02381,0.146341,0.041667,0.2,0.228571,0,0.264463,0.264463,0,no
0.151079,0.181818,0.021852,0.166667,0,0.073171,0.083333,0.4,0.171429,0.030928,0.198347,0.11157,0,no
0.251799,0.181818,0.050989,0.277778,0,0.170732,0.083333,0.4,0.257143,0.010309,0.289256,0.152893,0,no
0.079137,0.090909,0.007284,0.111111,0,0.02439,0.041667,0.2,0.078571,0,0.090909,0.090909,0,no
0.071942,0.090909,0.014568,0.111111,0,0.04878,0.083333,0.4,0.085714,0.020619,0.099174,0.057851,0,no
0.143885,0.363636,0.021852,0.111111,0,0.04878,0.041667,0.2,0.142857,0,0.165289,0.165289,0,no
0.079137,0.090909,0.014568,0.111111,0,0.04878,0.083333,0.4,0.128571,0.072165,0.14876,0.103306,0,no
0.05036,0.181818,0.007284,0.055556,0,0.02439,0.041667,0.2,0.05,0,0.057851,0.057851,0,no
0.122302,0.090909,0.007284,0.111111,0,0.02439,0.083333,0.4,0.135714,0.020619,0.157025,0.086777,0,no
0.079137,0.090909,0.007284,0.111111,0,0.02439,0.041667,0.2,0.078571,0,0.090909,0.090909,0,no
0.071942,0.181818,0.007284,0.111111,0,0.02439,0.041667,0.2,0.071429,0,0.082645,0.082645,0,no
0.136691,0.090909,0.021852,0.111111,0,0.04878,0.083333,0.4,0.142857,0.010309,0.157025,0.086777,0,no
0.18705,0.454545,0.050989,0.111111,0,0.097561,0.083333,0.4,0.192857,0.010309,0.214876,0.115702,0,no
0.057554,0.454545,0.007284,0,0,0,0.083333,0.2,0.057143,0,0.057851,0.033058,0,no
0.064748,0.090909,0.007284,0.055556,0,0.02439,0.041667,0.2,0.064286,0,0.07438,0.07438,0,no
0.05036,0,0.007284,0.055556,0,0,0.125,0.4,0.171429,0.175258,0.198347,0.112948,1,no
0.18705,0.090909,0.043704,0.111111,0,0.02439,0.041667,0.2,0.185714,0,0.214876,0.214876,0,no
0.079137,0.181818,0.014568,0.055556,0,0.02439,0.083333,0.4,0.085714,0.010309,0.090909,0.053719,1,no
0.071942,0,0.007284,0.055556,0,0,0.125,0.4,0.071429,0,0.041322,0.027548,1,no
0.035971,0.090909,0.007284,0.055556,0,0,0.041667,0.2,0.035714,0,0.041322,0.041322,0,no
0.035971,0.090909,0.007284,0.055556,0,0,0.041667,0.2,0.035714,0,0.041322,0.041322,0,no
0.172662,0.181818,0.043704,0.277778,0.011905,0.170732,0.041667,0.2,0.171429,0,0.198347,0.198347,0,no
0.079137,0.181818,0.014568,0.111111,0,0.04878,0.041667,0.2,0.078571,0,0.090909,0.090909,0,no
0.151079,0.181818,0.029136,0.166667,0,0.146341,0.041667,0.2,0.15,0,0.173554,0.173554,0,no
0.18705,0.090909,0.03642,0.111111,0.011905,0.097561,0.208333,0.4,0.214286,0.041237,0.22314,0.056198,0,no
0.633094,0,0.138398,0.444444,0.047619,0.317073,0.5,0.6,0.65,0.030928,0.479339,0.064738,1,no
0.417266,0.272727,0.080125,0.277778,0,0.170732,0.125,0.4,0.421429,0.010309,0.31405,0.165289,0,no
0.136691,0,0.021852,0.111111,0,0,0.125,0.2,0.135714,0,0.099174,0.052342,0,no
0.129496,0.272727,0.014568,0.111111,0,0.04878,0.041667,0.2,0.128571,0,0.14876,0.14876,0,no
0.043165,0.090909,0.007284,0.055556,0,0,0.083333,0.4,0.05,0.010309,0.049587,0.033058,0,no
0.071942,0,0.014568,0.111111,0,0,0.041667,0.2,0.071429,0,0.082645,0.082645,0,no
0.107914,0.090909,0.014568,0.111111,0,0,0.041667,0.2,0.107143,0,0.123967,0.123967,0,no
0.035971,0,0.007284,0.055556,0,0.02439,0.041667,0.2,0.035714,0,0.041322,0.041322,0,no
0.280576,0,0.065557,0.277778,0,0.073171,0.041667,0.2,0.278571,0,0.322314,0.322314,0,no
0.05036,0.090909,0.007284,0.055556,0.011905,0,0.125,0.4,0.064286,0.020619,0.057851,0.030303,0,no
0.18705,0,0.029136,0.222222,0.011905,0.170732,0.208333,0.4,0.221429,0.051546,0.190083,0.059504,0,no
0.158273,0.090909,0.014568,0.111111,0.035714,0.146341,0.041667,0.2,0.157143,0,0.181818,0.181818,0,no
0.057554,0.090909,0.014568,0.111111,0,0,0.041667,0.2,0.057143,0,0.066116,0.066116,0,no
0.043165,0.090909,0.007284,0.055556,0,0,0.041667,0.2,0.042857,0,0.049587,0.049587,0,no
0.043165,0,0.007284,0.055556,0,0,0.041667,0.2,0.042857,0,0.049587,0.049587,0,no
0.510791,0.727273,0.080125,0.277778,0,0.170732,0.041667,0.2,0.507143,0,0.586777,0.586777,0,no
0.093525,0.090909,0.021852,0.111111,0,0.04878,0.125,0.4,0.1,0.010309,0.090909,0.041322,0,no
0.043165,0,0.007284,0.055556,0,0,0.041667,0.2,0.042857,0,0.049587,0.049587,0,no
0.05036,0.090909,0.007284,0.055556,0,0,0.041667,0.2,0.05,0,0.057851,0.057851,0,no
0.043165,0.181818,0.007284,0.055556,0,0,0.041667,0.2,0.042857,0,0.049587,0.049587,0,no
0.057554,0.090909,0.007284,0.055556,0,0.02439,0.083333,0.2,0.078571,0.030928,0.090909,0.057851,0,no
0.035971,0.090909,0.007284,0.055556,0,0,0.041667,0.2,0.035714,0,0.041322,0.041322,0,no
0.035971,0.090909,0.007284,0.055556,0,0,0.041667,0.2,0.035714,0,0.041322,0.041322,0,no
0.100719,0.090909,0.014568,0.111111,0.011905,0.073171,0.041667,0.2,0.1,0,0.115702,0.115702,0,no
0.136691,0.181818,0.021852,0.111111,0,0.073171,0.041667,0.2,0.135714,0,0.157025,0.157025,0,no
0.064748,0,0.007284,0.055556,0,0.04878,0.041667,0.2,0.064286,0,0.07438,0.07438,0,no
0.100719,0.090909,0.014568,0.111111,0,0.097561,0.041667,0.2,0.1,0,0.115702,0.115702,1,no
0.057554,0,0.007284,0.055556,0,0,0.083333,0.4,0.057143,0,0.057851,0.033058,0,no
0.079137,0.090909,0.021852,0.111111,0.011905,0.02439,0.083333,0.4,0.078571,0,0.082645,0.045455,1,no
0.359712,0,0.109261,0.222222,0.011905,0.195122,0.208333,0.6,0.357143,0,0.305785,0.082645,1,no
0.064748,0.272727,0.007284,0.055556,0,0,0.041667,0.2,0.064286,0,0.07438,0.07438,0,no
0.035971,0,0.007284,0.055556,0,0,0.041667,0.2,0.007143,0.010309,0.016529,0.016529,0,no
0.057554,0.090909,0.007284,0.055556,0,0.02439,0.041667,0.2,0.028571,0,0.033058,0.033058,0,no
0.057554,0,0.014568,0.055556,0.011905,0.02439,0.083333,0.2,0.014286,0.020619,0.016529,0.016529,0,no
0.057554,0,0.014568,0.111111,0,0.02439,0.041667,0.2,0.057143,0,0.066116,0.066116,0,no
0.079137,0.090909,0.014568,0.111111,0,0,0.041667,0.2,0.007143,0,0.008264,0.008264,0,no
0.064748,0,0.014568,0.055556,0.02381,0.02439,0.041667,0.2,0.021429,0,0.024793,0.024793,0,no
0.043165,0.090909,0.007284,0.055556,0.02381,0,0.041667,0.2,0.021429,0,0.024793,0.024793,0,no
0.043165,0.181818,0.007284,0.055556,0,0,0.041667,0.2,0.042857,0,0.049587,0.049587,0,no
0.086331,0.181818,0.014568,0.055556,0,0,0.041667,0.2,0.042857,0,0.049587,0.049587,0,no
0.064748,0,0.007284,0,0,0.02439,0.041667,0.2,0.007143,0.010309,0.016529,0.016529,0,no
0.043165,0,0.007284,0.055556,0.02381,0.02439,0.041667,0.2,0.021429,0,0.024793,0.024793,0,no
0.05036,0.090909,0.021852,0.055556,0.035714,0.02439,0.083333,0.2,0.057143,0.010309,0.057851,0.03719,0,no
0.244604,0.090909,0.050989,0.222222,0.011905,0.243902,0.083333,0.4,0.264286,0.030928,0.305785,0.165289,1,no
0.100719,0.090909,0.021852,0.111111,0,0.04878,0.041667,0.2,0.1,0,0.115702,0.115702,0,no
0.093525,0,0.021852,0.111111,0,0.02439,0.041667,0.2,0.092857,0,0.107438,0.107438,0,no
0.136691,0.090909,0.03642,0.111111,0,0.02439,0.041667,0.2,0.135714,0,0.157025,0.157025,0,no
0.086331,0,0.007284,0.055556,0,0.04878,0.041667,0.2,0.085714,0,0.099174,0.099174,0,no
0.057554,0.090909,0.007284,0.055556,0,0.02439,0.041667,0.2,0.057143,0,0.066116,0.066116,0,no
0.122302,0.181818,0.021852,0.111111,0,0.04878,0.041667,0.2,0.121429,0,0.140496,0.140496,0,no
0.05036,0.090909,0.007284,0.055556,0,0.02439,0.041667,0.2,0.05,0,0.057851,0.057851,0,no
0.064748,0.090909,0.014568,0.111111,0,0.02439,0.041667,0.2,0.064286,0,0.07438,0.07438,0,no
0.122302,0,0.014568,0.111111,0,0,0.041667,0.2,0.121429,0,0.140496,0.140496,0,no
0.05036,0,0.007284,0.055556,0,0,0.041667,0.2,0.05,0,0.057851,0.057851,0,no
0.057554,0,0.007284,0.055556,0,0,0.041667,0.2,0.057143,0,0.066116,0.066116,0,no
0.086331,0,0.014568,0.111111,0,0,0.041667,0.2,0.085714,0,0.099174,0.099174,0,no
0.129496,0.090909,0.021852,0.055556,0,0,0.083333,0.4,0.192857,0.092784,0.22314,0.14876,1,no
0.136691,0,0.021852,0.055556,0,0.02439,0.041667,0.2,0.135714,0,0.157025,0.157025,1,no
0.129496,0,0.014568,0.055556,0.011905,0.04878,0.125,0.4,0.128571,0,0.082645,0.049587,1,no
0.158273,0,0.021852,0.166667,0.011905,0,0.041667,0.2,0.157143,0,0.181818,0.181818,1,no
0.129496,0,0.021852,0.166667,0.011905,0,0.041667,0.2,0.05,0,0.057851,0.057851,1,no
0.05036,0,0.007284,0.055556,0.011905,0,0.041667,0.2,0.05,0,0.057851,0.057851,1,no
0.165468,0.363636,0.014568,0.055556,0,0.02439,0.083333,0.4,0.171429,0.010309,0.190083,0.103306,0,no
0.107914,0.636364,0.014568,0.111111,0.011905,0,0.083333,0.2,0.107143,0,0.07438,0.061983,0,no
0.086331,0.272727,0.007284,0.111111,0.011905,0,0.125,0.6,0.114286,0.072165,0.07438,0.063361,1,no
0.079137,0.272727,0.007284,0.055556,0,0,0.041667,0.2,0.078571,0,0.090909,0.090909,0,no
0.086331,0.454545,0.007284,0.111111,0.011905,0,0.208333,0.6,0.128571,0.092784,0.07438,0.044628,1,no
0.086331,0.454545,0.007284,0.111111,0.011905,0,0.208333,0.6,0.142857,0.082474,0.07438,0.046281,1,no
0.230216,0,0.043704,0.111111,0,0,0.291667,0.4,0.242857,0.020619,0.099174,0.042503,1,no
0.100719,0.454545,0.014568,0.111111,0.011905,0.02439,0.083333,0.2,0.1,0,0.090909,0.057851,1,no
0.071942,0.090909,0.007284,0.055556,0.011905,0.02439,0.166667,0.2,0.035714,0.051546,0.024793,0.020661,1,no
0.079137,0.090909,0.014568,0.111111,0,0,0.041667,0.2,0.078571,0,0.090909,0.090909,0,no
0.057554,0.090909,0.007284,0.055556,0,0.02439,0.041667,0.2,0.057143,0,0.066116,0.066116,0,no
0.151079,0.090909,0.007284,0.055556,0,0.121951,0.041667,0.2,0.15,0,0.173554,0.173554,0,no
0.064748,0.272727,0.007284,0.055556,0.011905,0.02439,0.041667,0.2,0.007143,0.010309,0.016529,0.016529,0,no
0.064748,0.272727,0.007284,0.055556,0.011905,0.02439,0.083333,0.2,0.071429,0.010309,0.07438,0.045455,0,no
0.05036,0.181818,0.007284,0.055556,0,0,0.041667,0.2,0.05,0,0.057851,0.057851,0,no
0.136691,0,0.014568,0.055556,0,0.121951,0.041667,0.2,0.135714,0,0.157025,0.157025,0,no
0.093525,0.363636,0.007284,0.055556,0.02381,0,0.041667,0.2,0.092857,0,0.107438,0.107438,0,no
0.388489,0.272727,0.072841,0.222222,0,0.170732,0.208333,0.8,0.407143,0.030928,0.438017,0.099174,1,no
0.23741,0.363636,0.03642,0.166667,0.02381,0.073171,0.041667,0.2,0.235714,0,0.272727,0.272727,0,no
0.064748,0.181818,0.007284,0.055556,0.011905,0.02439,0.083333,0.2,0.071429,0.010309,0.07438,0.045455,1,no
0.294964,0,0.043704,0.222222,0.011905,0.04878,0.041667,0.2,0.292857,0,0.338843,0.338843,0,no
0.071942,0.090909,0.007284,0.055556,0,0.02439,0.041667,0.2,0.071429,0,0.082645,0.082645,0,no
0.071942,0.090909,0.007284,0.055556,0,0.02439,0.041667,0.2,0.071429,0,0.082645,0.082645,0,no
0.165468,0.181818,0.014568,0.055556,0.02381,0.04878,0.041667,0.2,0.164286,0,0.190083,0.190083,0,no
0.625899,0.363636,0.123829,0.277778,0.059524,0.390244,0.041667,0.2,0.621429,0,0.719008,0.719008,0,no
0.079137,0.272727,0.007284,0.055556,0,0.073171,0.083333,0.4,0.085714,0.010309,0.090909,0.053719,0,no
0.158273,0.363636,0.029136,0.111111,0.02381,0.04878,0.25,0.4,0.2,0.061856,0.173554,0.046832,1,no
0.057554,0.272727,0.007284,0.055556,0.011905,0,0.041667,0.2,0.057143,0,0.066116,0.066116,0,no
0.258993,0,0.043704,0.222222,0.011905,0.02439,0.041667,0.2,0.257143,0,0.297521,0.297521,0,no
0.100719,0,0.029136,0.222222,0,0,0.041667,0.2,0.1,0,0.115702,0.115702,0,no
0.079137,0,0.014568,0.111111,0.011905,0,0.041667,0.2,0.078571,0,0.090909,0.090909,0,no
0.582734,0.272727,0.123829,0.277778,0.059524,0.390244,0.166667,0.6,0.592857,0.020619,0.578512,0.17562,0,no
0.057554,0.272727,0.007284,0.055556,0.011905,0,0.041667,0.2,0.057143,0,0.066116,0.066116,0,no
0.100719,0.090909,0.014568,0.111111,0.02381,0.073171,0.083333,0.4,0.107143,0.010309,0.115702,0.066116,0,no
0.100719,0,0.014568,0.055556,0.02381,0.02439,0.125,0.4,0.1,0,0.049587,0.038567,1,no
0.129496,0.090909,0.021852,0.111111,0.02381,0,0.041667,0.2,0.128571,0,0.14876,0.14876,1,no
0.143885,0.363636,0.021852,0.111111,0,0.073171,0.333333,0.6,0.092857,0.134021,0.066116,0.02686,1,no
0.136691,0,0.014568,0.055556,0,0.04878,0.041667,0.2,0.007143,0,0.008264,0.008264,0,no
0.064748,0.363636,0.007284,0.055556,0,0,0,0,0,0,0,0,0,no
0.035971,0.090909,0.007284,0.055556,0,0,0.041667,0.2,0.035714,0,0.041322,0.041322,1,no
0.071942,0.181818,0.014568,0.111111,0.011905,0,0.083333,0.4,0.078571,0.010309,0.082645,0.049587,0,no
0.057554,0.363636,0.007284,0.055556,0.011905,0.02439,0.083333,0.4,0.064286,0.010309,0.066116,0.041322,0,no
0.129496,0,0.014568,0.055556,0,0.04878,0.041667,0.2,0.128571,0,0.14876,0.14876,0,no
0.064748,0.363636,0.007284,0.055556,0,0,0.041667,0.2,0.064286,0,0.07438,0.07438,0,no
0.158273,0.272727,0.029136,0.111111,0,0.073171,0.083333,0.4,0.164286,0.010309,0.181818,0.099174,0,no
0.071942,0.272727,0.021852,0.055556,0,0,0,0,0,0,0,0,0,no
0.201439,0.272727,0.03642,0.111111,0.035714,0.146341,0.041667,0.2,0.028571,0,0.033058,0.033058,0,no
0.115108,0.181818,0.021852,0.111111,0.011905,0.04878,0.041667,0.2,0.114286,0,0.132231,0.132231,0,no
0.309353,0.181818,0.065557,0.166667,0,0.292683,0.25,0.6,0.342857,0.051546,0.363636,0.073003,1,no
0.136691,0.181818,0.021852,0.111111,0,0.097561,0.041667,0.2,0.135714,0,0.157025,0.157025,0,no
0.043165,0.181818,0.007284,0.055556,0,0,0.041667,0.2,0.042857,0,0.049587,0.049587,0,no
0.057554,0.454545,0.014568,0.055556,0,0,0.041667,0.2,0.057143,0,0.066116,0.066116,0,no
0.079137,0.181818,0.021852,0.111111,0,0,0.083333,0.2,0.078571,0,0.066116,0.045455,0,no
0.064748,0.454545,0.021852,0.111111,0,0,0.041667,0.2,0.064286,0,0.07438,0.07438,0,no
0.057554,0.181818,0.007284,0.055556,0,0,0.041667,0.2,0.057143,0,0.066116,0.066116,0,no
0.086331,0,0.007284,0.055556,0,0.02439,0.333333,0.6,0.114286,0.072165,0.07438,0.02376,1,no
0.129496,0.181818,0.021852,0.055556,0.02381,0,0.083333,0.4,0.135714,0.010309,0.14876,0.082645,0,no
0.057554,0.181818,0.007284,0.055556,0,0,0.083333,0.4,0.057143,0,0.041322,0.033058,1,yes
0.071942,0,0.007284,0.055556,0,0.02439,0.041667,0.2,0.007143,0.010309,0.016529,0.016529,0,no
0.079137,0,0.014568,0.111111,0,0.04878,0.083333,0.2,0.085714,0.010309,0.090909,0.053719,0,no
0.079137,0,0.014568,0.111111,0,0.04878,0.083333,0.2,0.085714,0.010309,0.090909,0.053719,0,no
0.201439,0.363636,0.021852,0.111111,0.02381,0.073171,0.083333,0.4,0.207143,0.010309,0.231405,0.123967,0,no
0.194245,0.363636,0.03642,0.055556,0.011905,0.170732,0.041667,0.2,0.192857,0,0.22314,0.22314,0,no
0.151079,0.363636,0.021852,0.166667,0,0,0.041667,0.2,0.15,0,0.173554,0.173554,0,no
0.18705,0.272727,0.029136,0.055556,0.011905,0.195122,0.041667,0.2,0.185714,0,0.214876,0.214876,0,no
0.05036,0.272727,0.007284,0.055556,0,0,0.041667,0.2,0.05,0,0.057851,0.057851,0,no
0.165468,0.363636,0.021852,0.111111,0.02381,0.073171,0.125,0.4,0.178571,0.020619,0.190083,0.07438,0,no
0.071942,0.454545,0.014568,0.111111,0.011905,0,0.083333,0.4,0.078571,0.010309,0.082645,0.049587,0,no
0.057554,0.272727,0.007284,0.055556,0.011905,0,0.125,0.2,0.071429,0.020619,0.066116,0.033058,0,no
0.165468,0.181818,0.021852,0.111111,0.047619,0,0.041667,0.2,0.164286,0,0.190083,0.190083,0,no
0.064748,0.181818,0.007284,0.055556,0.011905,0,0.041667,0.2,0.064286,0,0.07438,0.07438,0,no
0.194245,0.454545,0.007284,0.055556,0,0,0.333333,0.6,0.242857,0.072165,0.165289,0.042355,1,no
0.086331,0.272727,0.007284,0.055556,0,0.04878,0.208333,0.4,0.1,0.020619,0.066116,0.026446,1,no
0.064748,0.272727,0.007284,0.055556,0,0,0.458333,0.6,0.521429,0.659794,0.495868,0.10293,1,no
0.079137,0.363636,0.014568,0.055556,0,0,0.041667,0.2,0.007143,0.010309,0.016529,0.016529,1,no
0.172662,0.181818,0.014568,0.055556,0,0.073171,0.25,0.4,0.192857,0.030928,0.099174,0.041322,1,no
0.208633,0.181818,0.029136,0.111111,0,0.097561,0.041667,0.2,0.207143,0,0.239669,0.239669,0,no
0.064748,0,0.007284,0.055556,0,0.02439,0.083333,0.2,0.028571,0.010309,0.024793,0.020661,1,no
0.266187,0.545455,0.029136,0.055556,0.02381,0.097561,0.333333,0.6,0.335714,0.103093,0.264463,0.058884,1,no
0.52518,0.272727,0.050989,0.166667,0.047619,0.097561,0.083333,0.2,0.521429,0,0.586777,0.301653,0,no
0.064748,0,0.007284,0.055556,0,0.04878,0.041667,0.2,0.064286,0,0.07438,0.07438,0,no
0.035971,0.181818,0.007284,0.055556,0,0.02439,0.041667,0.2,0.035714,0,0.041322,0.041322,0,no
0.136691,0.181818,0.014568,0.055556,0.011905,0.04878,0.041667,0.2,0.135714,0,0.157025,0.157025,0,no
0.057554,0.090909,0.007284,0.055556,0,0,0.125,0.2,0.042857,0.010309,0.033058,0.019284,1,no
0.071942,0.181818,0.007284,0.055556,0,0.02439,0.041667,0.2,0.007143,0.010309,0.016529,0.016529,0,no
0.086331,0,0.014568,0.055556,0.011905,0.02439,0.083333,0.2,0.092857,0.010309,0.099174,0.057851,0,no
0.359712,0.090909,0.050989,0.111111,0.02381,0.04878,0.291667,0.4,0.328571,0.030928,0.206612,0.057851,1,no
0.115108,0.181818,0.007284,0.055556,0.011905,0.073171,0.041667,0.2,0.114286,0,0.132231,0.132231,0,no
0.079137,0,0.014568,0.111111,0,0.02439,0.041667,0.2,0.007143,0.010309,0.016529,0.016529,0,no
0.086331,0,0.014568,0.055556,0.011905,0.02439,0.041667,0.2,0.085714,0,0.099174,0.099174,0,no
0.035971,0.090909,0.007284,0.055556,0,0.02439,0.041667,0.2,0.035714,0,0.041322,0.041322,1,no
0.071942,0.181818,0.007284,0.055556,0,0,0.041667,0.2,0.071429,0,0.082645,0.082645,0,no
0.143885,0.181818,0.021852,0.111111,0.011905,0,0.041667,0.2,0.142857,0,0.165289,0.165289,1,no
0.057554,0.181818,0.007284,0.055556,0,0,0.041667,0.2,0.057143,0,0.066116,0.066116,1,no
0.057554,0.181818,0.007284,0.055556,0,0,0.125,0.4,0.092857,0.010309,0.082645,0.038567,1,no
0.086331,0.181818,0.021852,0.111111,0,0,0.125,0.4,0.092857,0.010309,0.082645,0.038567,1,no
0.489209,0,0.050989,0.166667,0.047619,0.097561,0.458333,0.6,0.414286,0.041237,0.247934,0.046582,1,no
0.266187,0.181818,0.03642,0.166667,0.035714,0,0.083333,0.2,0.264286,0,0.289256,0.152893,1,no
0.179856,0.181818,0.021852,0.111111,0.02381,0,0.083333,0.2,0.178571,0,0.190083,0.103306,1,no
0.100719,0.181818,0.014568,0.111111,0.011905,0,0.083333,0.4,0.1,0,0.099174,0.057851,1,no
0.035971,0.272727,0.007284,0.055556,0.011905,0,0.083333,0.2,0.028571,0.010309,0.024793,0.020661,1,no
0.158273,0.090909,0.03642,0.111111,0,0.02439,0.25,0.6,0.178571,0.030928,0.123967,0.038567,1,no
0.079137,0.181818,0.014568,0.111111,0.02381,0,0.083333,0.4,0.085714,0.010309,0.090909,0.053719,1,no
0.100719,0.090909,0.014568,0.055556,0,0,0.041667,0.2,0.1,0,0.115702,0.115702,1,no
0.136691,0.090909,0.007284,0.055556,0,0.073171,0.083333,0.4,0.142857,0.010309,0.157025,0.086777,1,no
0.086331,0.454545,0.007284,0,0,0,0.041667,0.2,0.085714,0,0.099174,0.099174,0,no
0.05036,0,0.007284,0.055556,0,0,0.041667,0.2,0.05,0,0.057851,0.057851,0,no
0.057554,0.090909,0.007284,0.055556,0,0.02439,0.041667,0.2,0.007143,0.010309,0.016529,0.016529,0,no
0.172662,0.090909,0.043704,0.166667,0,0.146341,0.083333,0.2,0.171429,0,0.190083,0.099174,1,no
0.043165,0.090909,0.007284,0.055556,0,0,0.041667,0.2,0.042857,0,0.049587,0.049587,1,no
0.107914,0.090909,0.021852,0.111111,0,0.121951,0.083333,0.4,0.114286,0.010309,0.123967,0.070248,1,no
0.366906,0.181818,0.058273,0.111111,0.02381,0.243902,0.333333,0.8,0.407143,0.061856,0.355372,0.065083,1,no
0.230216,0.181818,0.03642,0.222222,0.071429,0.121951,0.125,0.4,0.242857,0.020619,0.264463,0.099174,1,no
0.165468,0,0.029136,0.111111,0,0.121951,0.333333,1,0.078571,0.061856,0.024793,0.017562,1,no
0.136691,0,0.029136,0.111111,0,0.073171,0.25,0.8,0.178571,0.061856,0.173554,0.0427,1,no
0.057554,0.181818,0.007284,0.055556,0,0,0.041667,0.2,0.057143,0,0.066116,0.066116,0,yes
0.489209,0.181818,0.087409,0.166667,0.02381,0.04878,0.25,0.4,0.514286,0.041237,0.38843,0.104683,1,no
0.064748,0.181818,0.014568,0.111111,0,0,0.125,0.4,0.078571,0.020619,0.07438,0.035813,1,no
0.057554,0.272727,0.007284,0.055556,0,0,0.125,0.4,0.071429,0.020619,0.066116,0.033058,1,no
0.093525,0.363636,0.021852,0.111111,0.011905,0.02439,0.083333,0.4,0.042857,0.010309,0.041322,0.028926,1,no
0.115108,0,0.014568,0.111111,0.02381,0,0.041667,0.2,0.114286,0,0.132231,0.132231,1,no
0.071942,0,0.014568,0.111111,0,0,0.083333,0.2,0.042857,0,0.033058,0.024793,1,no
0.129496,0,0.014568,0.111111,0,0.02439,0.291667,0.4,0.107143,0.020619,0.066116,0.020071,1,no
0.165468,0.363636,0.021852,0.111111,0.02381,0.04878,0.333333,0.4,0.107143,0.113402,0.07438,0.02686,1,no
0.064748,0.272727,0.007284,0.055556,0.02381,0,0.166667,0.4,0.085714,0.030928,0.07438,0.030992,1,no
0.093525,0.181818,0.014568,0.111111,0,0,0.166667,0.2,0.092857,0,0.07438,0.02686,1,no
0.086331,0,0.007284,0.055556,0,0.073171,0.041667,0.2,0.085714,0,0.099174,0.099174,0,no
0.043165,0.090909,0.007284,0.055556,0,0,0.041667,0.2,0.042857,0,0.049587,0.049587,0,no
0.28777,0,0.058273,0.222222,0.011905,0.170732,0.458333,0.6,0.271429,0.164948,0.090909,0.040571,1,no
0.122302,0.454545,0.029136,0.111111,0.011905,0.04878,0.375,0.6,0.085714,0.216495,0.07438,0.030303,1,no
0.129496,0.090909,0.021852,0.166667,0.02381,0.073171,0.25,0.4,0.128571,0.030928,0.082645,0.028926,1,no
0.115108,0,0.029136,0.166667,0,0.04878,0.041667,0.2,0.114286,0,0.132231,0.132231,0,no
0.115108,0.181818,0.014568,0.055556,0,0.02439,0.041667,0.2,0.114286,0,0.132231,0.132231,0,no
0.071942,0.090909,0.014568,0.111111,0,0.073171,0.125,0.4,0.15,0.010309,0.082645,0.060606,1,no
0.05036,0.090909,0.007284,0.055556,0,0.02439,0.041667,0.2,0.05,0,0.057851,0.057851,0,no
0.064748,0,0.014568,0.111111,0,0.04878,0.083333,0.2,0.128571,0,0.07438,0.07438,1,no
0.158273,0.272727,0.03642,0.111111,0.011905,0.02439,0.041667,0.2,0.157143,0,0.181818,0.181818,0,no
0.093525,0.090909,0.014568,0.055556,0,0.04878,0.125,0.2,0.192857,0.010309,0.107438,0.077135,1,no
0.165468,0,0.021852,0.111111,0.011905,0.073171,0.291667,0.4,0.214286,0.072165,0.123967,0.043684,1,no
0.079137,0.090909,0.014568,0.111111,0,0.073171,0.083333,0.4,0.085714,0.010309,0.090909,0.053719,0,no
0.158273,0.090909,0.021852,0.111111,0.011905,0.04878,0.083333,0.4,0.164286,0.010309,0.181818,0.099174,0,no
0.23741,0.272727,0.03642,0.222222,0,0.219512,0.083333,0.4,0.242857,0.010309,0.272727,0.144628,0,no
0.223022,0.181818,0.03642,0.166667,0.011905,0.195122,0.125,0.6,0.235714,0.020619,0.256198,0.096419,1,no
0.151079,0.181818,0.021852,0.111111,0,0.073171,0.041667,0.2,0.15,0,0.173554,0.173554,0,no
0.122302,0.090909,0.014568,0.055556,0,0.073171,0.041667,0.2,0.121429,0,0.140496,0.140496,0,no
0.057554,0.363636,0.007284,0.055556,0,0,0.041667,0.2,0.057143,0,0.066116,0.066116,0,no
0.151079,0.272727,0.029136,0.111111,0,0.073171,0.041667,0.2,0.15,0,0.173554,0.173554,0,no
0.122302,0.363636,0.021852,0.111111,0.011905,0.073171,0.041667,0.2,0.121429,0,0.140496,0.140496,0,no
0.05036,0.090909,0.007284,0.055556,0,0.02439,0.041667,0.2,0.05,0,0.057851,0.057851,0,no
0.05036,0.090909,0.007284,0.055556,0,0.04878,0.041667,0.2,0.05,0,0.057851,0.057851,0,no
0.086331,0.090909,0.014568,0.111111,0,0.097561,0.041667,0.2,0.085714,0,0.099174,0.099174,0,no
0.122302,0.181818,0.029136,0.111111,0,0.097561,0.041667,0.2,0.121429,0,0.140496,0.140496,0,no
0.05036,0,0.007284,0.055556,0,0.04878,0.083333,0.4,0.057143,0.010309,0.057851,0.03719,0,no
0.043165,0.090909,0.014568,0.055556,0,0,0.041667,0.2,0.042857,0,0.049587,0.049587,0,no
0.035971,0,0.007284,0.055556,0,0.02439,0.208333,0.4,0.064286,0.041237,0.041322,0.021488,1,no
0.035971,0,0.007284,0.055556,0,0.02439,0.083333,0.2,0.035714,0,0.024793,0.020661,1,no
0.258993,0.454545,0.058273,0.166667,0.02381,0.073171,0.333333,0.6,0.285714,0.041237,0.206612,0.045455,1,no
0.043165,0.545455,0.007284,0.055556,0,0,0.041667,0.2,0.042857,0,0.049587,0.049587,1,no
0.136691,0.181818,0.014568,0.111111,0.011905,0,0.041667,0.2,0.135714,0,0.157025,0.157025,0,no
0.158273,0.181818,0.043704,0.111111,0,0.02439,0.041667,0.2,0.157143,0,0.181818,0.181818,1,no
0.05036,0,0.007284,0.055556,0,0.02439,0.041667,0.2,0.05,0,0.057851,0.057851,1,no
0.05036,0.090909,0.007284,0.055556,0,0.04878,0.041667,0.2,0.05,0,0.057851,0.057851,0,no
0.115108,0.090909,0.029136,0.166667,0,0.04878,0.083333,0.2,0.121429,0.010309,0.132231,0.07438,1,no
0.064748,0.090909,0.014568,0.111111,0,0.02439,0,0,0,0,0,0,0,no
0.035971,0,0.007284,0.055556,0,0.02439,0.041667,0.2,0.035714,0,0.041322,0.041322,0,no
0.251799,0.454545,0.065557,0.166667,0.011905,0.04878,0.041667,0.2,0.25,0,0.289256,0.289256,0,no
0.05036,0,0.007284,0.055556,0.011905,0.02439,0.125,0.4,0.057143,0.010309,0.033058,0.024793,1,no
0.043165,0,0.007284,0.055556,0.011905,0,0.041667,0.2,0.042857,0,0.049587,0.049587,0,no
0.079137,0,0.014568,0.055556,0.011905,0.073171,0.041667,0.2,0.078571,0,0.090909,0.090909,0,no
0.05036,0,0.007284,0.055556,0,0.02439,0.041667,0.2,0.05,0,0.057851,0.057851,0,no
0.05036,0,0.007284,0.055556,0,0.02439,0.083333,0.4,0.057143,0.010309,0.057851,0.03719,1,no
0.057554,0,0.007284,0.055556,0,0.073171,0.083333,0.4,0.078571,0.030928,0.090909,0.057851,1,no
0.05036,0,0.007284,0.055556,0.011905,0.02439,0.125,0.4,0.057143,0.010309,0.033058,0.024793,1,no
0.05036,0.090909,0.007284,0.055556,0,0,0.125,0.4,0.064286,0.020619,0.057851,0.030303,1,no
0.079137,0,0.021852,0.055556,0,0,0.083333,0.2,0.078571,0,0.049587,0.045455,0,no
0.107914,0.181818,0.014568,0.055556,0.02381,0.04878,0.083333,0.2,0.114286,0.010309,0.123967,0.070248,0,no
0.064748,0.272727,0.014568,0.111111,0.011905,0.04878,0.041667,0.2,0.064286,0,0.07438,0.07438,0,no
0.151079,0.545455,0.021852,0.055556,0.011905,0.073171,0.125,0.4,0.164286,0.020619,0.181818,0.068871,1,no
0.05036,0,0.007284,0.055556,0,0,0.083333,0.2,0.05,0,0.041322,0.028926,1,no
0.043165,0.090909,0.007284,0.055556,0.011905,0,0.208333,0.6,0.071429,0.041237,0.049587,0.02314,1,no
0.107914,0.181818,0.021852,0.111111,0.011905,0.04878,0.125,0.4,0.121429,0.020619,0.123967,0.052342,1,no
0.280576,0.090909,0.058273,0.166667,0.02381,0.097561,0.083333,0.4,0.278571,0,0.272727,0.161157,1,no
0.201439,0.272727,0.029136,0.111111,0.02381,0.02439,0.041667,0.2,0.2,0,0.231405,0.231405,1,no
0.136691,0.181818,0.021852,0.166667,0,0.073171,0.041667,0.2,0.135714,0,0.157025,0.157025,1,no
0.266187,0.272727,0.043704,0.166667,0,0.073171,0.083333,0.4,0.264286,0,0.256198,0.152893,1,no
0.093525,0.181818,0.021852,0.111111,0,0.02439,0.041667,0.2,0.092857,0,0.107438,0.107438,1,no
0.158273,0.272727,0.021852,0.111111,0.011905,0.04878,0.125,0.4,0.171429,0.020619,0.181818,0.071625,1,no
0.165468,0.454545,0.029136,0.111111,0.02381,0.02439,0.041667,0.2,0.164286,0,0.190083,0.190083,0,no
0.115108,0.181818,0.021852,0.055556,0.011905,0.073171,0.041667,0.2,0.114286,0,0.132231,0.132231,0,no
0.079137,0.363636,0.014568,0.111111,0.011905,0,0.083333,0.4,0.085714,0.010309,0.090909,0.053719,1,no
0.129496,0.272727,0.021852,0.166667,0,0.04878,0.083333,0.2,0.128571,0,0.099174,0.07438,1,no
0.18705,0.181818,0.03642,0.166667,0.011905,0.073171,0.083333,0.4,0.185714,0,0.198347,0.107438,1,no
0.057554,0,0.007284,0.055556,0,0,0.041667,0.2,0.057143,0,0.066116,0.066116,1,no
0.05036,0,0.007284,0.055556,0,0.02439,0.083333,0.4,0.05,0,0.041322,0.028926,1,no
0.18705,0.454545,0.014568,0.111111,0,0.02439,0.041667,0.2,0.185714,0,0.214876,0.214876,0,no
0.136691,0,0.021852,0.111111,0,0.073171,0.041667,0.2,0.135714,0,0.157025,0.157025,0,yes
0.086331,0.181818,0.007284,0.111111,0,0,0.041667,0.2,0.085714,0,0.099174,0.099174,0,no
0.079137,0,0.007284,0.111111,0,0,0.041667,0.2,0.078571,0,0.090909,0.090909,0,no
0.086331,0.181818,0.007284,0.111111,0,0,0.041667,0.2,0.085714,0,0.099174,0.099174,0,no
0.086331,0.272727,0.007284,0.111111,0,0,0.041667,0.2,0.085714,0,0.099174,0.099174,0,no
0.086331,0.272727,0.007284,0.111111,0,0,0.041667,0.2,0.085714,0,0.099174,0.099174,0,no
0.035971,0.272727,0.007284,0.055556,0,0,0.041667,0.2,0.035714,0,0.041322,0.041322,0,no
0.071942,0.181818,0.007284,0.111111,0,0,0.041667,0.2,0.071429,0,0.082645,0.082645,0,no
0.151079,0.181818,0.014568,0.111111,0.02381,0.04878,0.125,0.2,0.164286,0.020619,0.173554,0.068871,1,no
0.071942,0.090909,0.007284,0.055556,0,0.04878,0.041667,0.2,0.071429,0,0.082645,0.082645,1,no
0.230216,0,0.021852,0.055556,0,0.073171,0.083333,0.4,0.228571,0,0.190083,0.132231,1,no
0.05036,0,0.007284,0.055556,0,0,0.083333,0.4,0.092857,0.061856,0.107438,0.078512,1,no
0.093525,0,0.014568,0.055556,0,0.02439,0.041667,0.2,0.092857,0,0.107438,0.107438,1,no
0.107914,0.363636,0.014568,0.111111,0.02381,0.02439,0.166667,0.2,0.114286,0.010309,0.057851,0.035124,1,no
0.086331,0.181818,0.014568,0.111111,0,0.097561,0.041667,0.2,0.085714,0,0.099174,0.099174,0,no
0.057554,0.272727,0.007284,0.055556,0,0,0.041667,0.2,0.057143,0,0.066116,0.066116,0,no
0.136691,0.454545,0.007284,0.055556,0,0.04878,0.041667,0.2,0.135714,0,0.157025,0.157025,1,no
0.172662,0.545455,0.014568,0.055556,0.02381,0.02439,0.041667,0.2,0.171429,0,0.198347,0.198347,1,no
0.359712,0.181818,0.029136,0.055556,0.047619,0.097561,0.166667,0.4,0.385714,0.041237,0.429752,0.119835,1,no
0.05036,0.090909,0.007284,0.055556,0,0.02439,0.083333,0.4,0.078571,0.082474,0.090909,0.078512,1,no
0.071942,0.090909,0.007284,0.055556,0,0.04878,0.041667,0.2,0.071429,0,0.082645,0.082645,1,no
0.136691,0.272727,0.014568,0.055556,0.02381,0.02439,0.041667,0.2,0.135714,0,0.157025,0.157025,1,no
0.064748,0.363636,0.007284,0.055556,0.011905,0.02439,0.041667,0.2,0.064286,0,0.07438,0.07438,1,no
0.100719,0.181818,0.007284,0.055556,0,0.04878,0.041667,0.2,0.1,0,0.115702,0.115702,1,no
0.323741,0.363636,0.029136,0.055556,0.047619,0.097561,0.25,0.4,0.35,0.041237,0.363636,0.073003,1,no
0.086331,0,0.007284,0.055556,0.011905,0,0.083333,0.4,0.1,0.020619,0.115702,0.066116,1,no
0.05036,0.272727,0.007284,0.055556,0.011905,0,0.083333,0.4,0.064286,0.020619,0.07438,0.045455,1,no
0.064748,0.363636,0.007284,0.055556,0.011905,0,0.166667,0.2,0.071429,0.010309,0.057851,0.022727,1,no
0.230216,0.545455,0.021852,0.055556,0.02381,0.170732,0.041667,0.2,0.228571,0,0.264463,0.264463,1,no
0.136691,0.272727,0.014568,0.055556,0.011905,0.073171,0.041667,0.2,0.135714,0,0.157025,0.157025,1,no
0.115108,0.181818,0.014568,0.055556,0,0.097561,0.125,0.4,0.128571,0.020619,0.132231,0.055096,1,no
0.057554,0,0.007284,0.055556,0,0.02439,0.083333,0.4,0.057143,0,0.049587,0.033058,1,no
0.151079,0,0.029136,0.111111,0,0.02439,0.083333,0.4,0.15,0,0.165289,0.086777,1,no
0.201439,0,0.050989,0.222222,0,0.02439,0.083333,0.2,0.2,0,0.214876,0.115702,1,no
0.086331,0.181818,0.014568,0.111111,0,0.097561,0.041667,0.2,0.085714,0,0.099174,0.099174,0,no
0.057554,0.272727,0.007284,0.055556,0,0,0.041667,0.2,0.057143,0,0.066116,0.066116,0,no
0.071942,0.090909,0.014568,0.055556,0,0.02439,0.083333,0.2,0.078571,0.010309,0.082645,0.049587,1,no
0.165468,0.090909,0.029136,0.111111,0.02381,0.146341,0.125,0.4,0.185714,0.030928,0.206612,0.07989,1,no
0.107914,0.181818,0.014568,0.111111,0,0.073171,0.083333,0.4,0.114286,0.010309,0.123967,0.070248,1,no
0.223022,0.272727,0.043704,0.222222,0.011905,0.121951,0.083333,0.2,0.221429,0,0.247934,0.128099,1,no
0.079137,0.181818,0.007284,0.055556,0,0.04878,0.041667,0.2,0.078571,0,0.090909,0.090909,0,no
0.381295,0.181818,0.087409,0.166667,0.011905,0.146341,0.125,0.4,0.6,0.319588,0.68595,0.316804,1,no
0.086331,0.090909,0.014568,0.111111,0.011905,0.04878,0.041667,0.2,0.085714,0,0.099174,0.099174,0,no
0.115108,0.272727,0.014568,0.055556,0.011905,0.04878,0.041667,0.2,0.114286,0,0.132231,0.132231,0,no
0.021583,0.090909,0.007284,0,0,0,0.041667,0.2,0.021429,0,0.024793,0.024793,0,no
0.021583,0.090909,0.007284,0,0,0,0.041667,0.2,0.021429,0,0.024793,0.024793,0,no
0.035971,0.363636,0.014568,0,0,0.02439,0.041667,0.2,0.035714,0,0.041322,0.041322,0,no
0.215827,0.545455,0.021852,0.055556,0.02381,0.121951,0.041667,0.2,0.214286,0,0.247934,0.247934,0,no
0.129496,0.272727,0.014568,0.055556,0.011905,0.04878,0.041667,0.2,0.128571,0,0.14876,0.14876,0,no
0.107914,0.272727,0.007284,0.055556,0.02381,0.02439,0.125,0.4,0.107143,0,0.07438,0.041322,0,no
0.122302,0.454545,0.014568,0.055556,0,0.02439,0.041667,0.2,0.121429,0,0.140496,0.140496,0,no
0.057554,0,0.007284,0.055556,0,0,0.083333,0.4,0.064286,0.010309,0.066116,0.041322,0,no
0.345324,0.181818,0.03642,0.055556,0.035714,0.073171,0.083333,0.2,0.35,0.010309,0.396694,0.206612,1,no
0.309353,0.545455,0.043704,0.111111,0.02381,0.146341,0.041667,0.2,0.307143,0,0.355372,0.355372,0,no
0.071942,0.090909,0.007284,0.055556,0,0.04878,0.041667,0.2,0.071429,0,0.082645,0.082645,0,no
0.158273,0.090909,0.03642,0.166667,0.011905,0.073171,0.041667,0.2,0.157143,0,0.181818,0.181818,0,no
0.201439,0.181818,0.021852,0.055556,0.035714,0.073171,0.083333,0.4,0.207143,0.010309,0.231405,0.123967,0,no
0.136691,0.181818,0.021852,0.166667,0,0.073171,0.083333,0.4,0.135714,0,0.140496,0.078512,1,no
0.129496,0.272727,0.014568,0.111111,0,0.04878,0.041667,0.2,0.128571,0,0.14876,0.14876,0,no
0.093525,0.181818,0.021852,0.111111,0,0.02439,0.083333,0.4,0.092857,0,0.090909,0.053719,1,no
0.18705,0.272727,0.021852,0.166667,0.011905,0.097561,0.041667,0.2,0.185714,0,0.214876,0.214876,0,no
0.122302,0.272727,0.021852,0.166667,0.011905,0.02439,0.041667,0.2,0.121429,0,0.140496,0.140496,0,no
0.151079,0.272727,0.021852,0.055556,0.035714,0.02439,0.041667,0.2,0.15,0,0.173554,0.173554,0,no
0.086331,0.272727,0.014568,0.111111,0,0.02439,0.041667,0.2,0.085714,0,0.099174,0.099174,0,no
0.079137,0.272727,0.014568,0.055556,0,0,0.041667,0.2,0.078571,0,0.090909,0.090909,0,no
0.23741,0.272727,0.03642,0.111111,0.02381,0.121951,0.041667,0.2,0.235714,0,0.272727,0.272727,0,no
0.057554,0.272727,0.007284,0.055556,0.011905,0,0.041667,0.2,0.057143,0,0.066116,0.066116,0,no
0.309353,0.363636,0.03642,0.055556,0.035714,0.073171,0.041667,0.2,0.307143,0,0.355372,0.355372,0,no
0.05036,0.272727,0.007284,0.055556,0.011905,0,0.041667,0.2,0.05,0,0.057851,0.057851,0,no
0.093525,0.272727,0.014568,0.055556,0,0,0.041667,0.2,0.092857,0,0.107438,0.107438,0,no
0.100719,0,0.007284,0.055556,0,0.02439,0.041667,0.2,0.1,0,0.115702,0.115702,0,no
0.093525,0,0.014568,0.055556,0,0,0.083333,0.4,0.1,0.010309,0.107438,0.061983,1,no
0.093525,0,0.014568,0.111111,0,0.04878,0.083333,0.4,0.1,0.010309,0.107438,0.061983,1,no
0.057554,0.272727,0.007284,0.055556,0,0,0.041667,0.2,0.057143,0,0.066116,0.066116,0,no
0.18705,0.181818,0.03642,0.166667,0.011905,0.073171,0.041667,0.2,0.185714,0,0.214876,0.214876,0,no
0.057554,0,0.007284,0.055556,0.011905,0,0.041667,0.2,0.057143,0,0.066116,0.066116,0,no
0.05036,0,0.007284,0.055556,0,0.02439,0.041667,0.2,0.05,0,0.057851,0.057851,0,no
0.057554,0,0.014568,0.111111,0,0,0.041667,0.2,0.057143,0,0.066116,0.066116,0,no
0.107914,0.181818,0.007284,0.055556,0.011905,0.02439,0.25,0.6,0.135714,0.041237,0.07438,0.03168,0,no
0.316547,0,0.080125,0.222222,0.047619,0.097561,0.083333,0.2,0.321429,0.010309,0.363636,0.190083,0,no
0.107914,0,0.029136,0.111111,0.011905,0.02439,0.083333,0.2,0.114286,0.010309,0.123967,0.070248,0,no
0.122302,0,0.021852,0.055556,0,0.02439,0.208333,0.6,0.135714,0.020619,0.107438,0.034711,1,no
0.115108,0,0.021852,0.055556,0,0,0.125,0.4,0.121429,0.010309,0.107438,0.049587,0,no
0.057554,0.090909,0.007284,0.055556,0,0.02439,0.041667,0.2,0.057143,0,0.066116,0.066116,0,no
0.18705,0,0.03642,0.166667,0,0.073171,0.166667,0.2,0.2,0.020619,0.206612,0.061983,0,no
0.381295,0.272727,0.072841,0.222222,0.035714,0.219512,0.166667,0.2,0.392857,0.020619,0.355372,0.117769,0,no
0.107914,0,0.021852,0.111111,0.011905,0,0.083333,0.4,0.114286,0.010309,0.123967,0.070248,0,no
0.302158,0,0.050989,0.222222,0.011905,0.121951,0.041667,0.2,0.3,0,0.347107,0.347107,0,no
0.223022,0.090909,0.058273,0.277778,0.047619,0.146341,0.083333,0.2,0.221429,0,0.157025,0.128099,0,no
0.294964,0.181818,0.065557,0.277778,0.035714,0.121951,0.166667,0.2,0.314286,0.030928,0.347107,0.097107,0,no
0.158273,0.090909,0.029136,0.111111,0,0.02439,0.083333,0.4,0.164286,0.010309,0.181818,0.099174,0,no
0.107914,0,0.014568,0.055556,0,0.02439,0.041667,0.2,0.107143,0,0.123967,0.123967,0,no
0.115108,0.090909,0.029136,0.111111,0.011905,0.02439,0.083333,0.2,0.121429,0.010309,0.132231,0.07438,0,no
0.05036,0,0.007284,0.055556,0,0.02439,0.041667,0.2,0.05,0,0.057851,0.057851,0,no
0.179856,0,0.050989,0.222222,0.011905,0.073171,0.041667,0.2,0.178571,0,0.206612,0.206612,0,no
0.035971,0.090909,0.007284,0.055556,0,0,0.125,0.2,0.05,0.020619,0.041322,0.024793,0,no
0.035971,0.090909,0.007284,0.055556,0,0,0.125,0.2,0.05,0.020619,0.041322,0.024793,0,no
0.151079,0.090909,0.043704,0.166667,0,0.04878,0.083333,0.2,0.15,0,0.140496,0.086777,1,no
0.057554,0.090909,0.007284,0.055556,0,0.02439,0.041667,0.2,0.057143,0,0.066116,0.066116,0,no
0.093525,0.272727,0.007284,0.055556,0,0.02439,0.041667,0.2,0.092857,0,0.107438,0.107438,0,no
0.043165,0.090909,0.007284,0.055556,0,0,0.041667,0.2,0.042857,0,0.049587,0.049587,0,no
0.093525,0.090909,0.007284,0.055556,0,0.146341,0.041667,0.2,0.092857,0,0.107438,0.107438,0,no
0.057554,0,0.007284,0.055556,0,0.02439,0.041667,0.2,0.057143,0,0.066116,0.066116,0,no
0.165468,0.272727,0.043704,0.111111,0,0.04878,0.041667,0.2,0.164286,0,0.190083,0.190083,0,no
0.280576,0.545455,0.072841,0.166667,0.011905,0.073171,0.041667,0.2,0.278571,0,0.322314,0.322314,0,no
0.151079,0.272727,0.029136,0.111111,0,0.02439,0.041667,0.2,0.15,0,0.173554,0.173554,0,no
0.115108,0.454545,0.014568,0.055556,0,0.02439,0.083333,0.4,0.114286,0,0.107438,0.066116,0,no
0.079137,0.181818,0.014568,0.055556,0,0.02439,0.041667,0.2,0.078571,0,0.090909,0.090909,0,no
0.115108,0.363636,0.014568,0.055556,0,0.02439,0.083333,0.4,0.114286,0,0.107438,0.066116,0,no
0.086331,0.363636,0.021852,0.055556,0,0.04878,0.041667,0.2,0.085714,0,0.099174,0.099174,0,no
0.064748,0.181818,0.007284,0.055556,0,0.02439,0.041667,0.2,0.064286,0,0.07438,0.07438,0,no
0.079137,0,0.014568,0.055556,0,0.02439,0.041667,0.2,0.028571,0,0.033058,0.033058,0,no
0.079137,0,0.014568,0.055556,0,0.02439,0.041667,0.2,0.028571,0,0.033058,0.033058,0,no
0.151079,0.090909,0.043704,0.166667,0,0.04878,0.041667,0.2,0.15,0,0.173554,0.173554,0,no
0.05036,0.090909,0.007284,0.055556,0.02381,0.02439,0.041667,0.2,0.05,0,0.057851,0.057851,0,no
0.151079,0.272727,0.065557,0.055556,0,0,0.041667,0.2,0.15,0,0.173554,0.173554,0,no
0.05036,0.090909,0.007284,0.055556,0.02381,0,0.041667,0.2,0.05,0,0.057851,0.057851,0,no
0.215827,0.181818,0.029136,0.111111,0.047619,0.219512,0.041667,0.2,0.214286,0,0.247934,0.247934,0,no
0.071942,0.272727,0.014568,0.055556,0,0,0.041667,0.2,0.071429,0,0.082645,0.082645,0,no
0.043165,0,0.007284,0.055556,0,0,0.041667,0.2,0.042857,0,0.049587,0.049587,0,no
0.05036,0,0.007284,0.055556,0,0,0.041667,0.2,0.05,0,0.057851,0.057851,0,no
0.122302,0.090909,0.029136,0.111111,0,0.097561,0.041667,0.2,0.121429,0,0.140496,0.140496,0,no
0.057554,0,0.007284,0.055556,0,0.073171,0.041667,0.2,0.057143,0,0.066116,0.066116,0,no
0.071942,0.090909,0.014568,0.111111,0,0.02439,0.041667,0.2,0.071429,0,0.082645,0.082645,0,no
0.079137,0.090909,0.014568,0.055556,0,0.073171,0.041667,0.2,0.078571,0,0.090909,0.090909,0,no
0.136691,0,0.021852,0.111111,0,0.097561,0.083333,0.4,0.142857,0.010309,0.157025,0.086777,1,no
0.129496,0,0.014568,0.111111,0,0.097561,0.041667,0.2,0.128571,0,0.14876,0.14876,0,no
0.093525,0.090909,0.014568,0.055556,0.011905,0.02439,0.041667,0.2,0.092857,0,0.107438,0.107438,0,no
0.043165,0.090909,0.007284,0.055556,0.02381,0.02439,0.041667,0.2,0.042857,0,0.049587,0.049587,0,no
0.05036,0.181818,0.014568,0.111111,0,0.02439,0.041667,0.2,0.05,0,0.057851,0.057851,0,no
0.086331,0.090909,0.014568,0.111111,0.011905,0.073171,0.041667,0.2,0.085714,0,0.099174,0.099174,0,no
0.064748,0.090909,0.014568,0.111111,0,0.04878,0.041667,0.2,0.064286,0,0.07438,0.07438,0,no
0.079137,0.090909,0.007284,0.055556,0,0.073171,0.041667,0.2,0.078571,0,0.090909,0.090909,0,no
0.05036,0.090909,0.007284,0.055556,0,0,0.041667,0.2,0.05,0,0.057851,0.057851,0,no
0.05036,0.090909,0.007284,0.055556,0,0.04878,0.041667,0.2,0.05,0,0.057851,0.057851,0,no
0.258993,0.090909,0.065557,0.222222,0.059524,0.073171,0.041667,0.2,0.257143,0,0.297521,0.297521,0,no
0.086331,0.090909,0.007284,0.111111,0,0,0.041667,0.2,0.085714,0,0.099174,0.099174,0,no
0.201439,0.181818,0.043704,0.111111,0,0.097561,0.041667,0.2,0.2,0,0.231405,0.231405,0,no
0.115108,0.090909,0.021852,0.166667,0.011905,0.04878,0.041667,0.2,0.114286,0,0.132231,0.132231,0,no
0.208633,0.181818,0.03642,0.166667,0,0.121951,0.041667,0.2,0.207143,0,0.239669,0.239669,0,no
0.093525,0.090909,0.014568,0.111111,0,0.097561,0.041667,0.2,0.092857,0,0.107438,0.107438,0,no
0.115108,0.090909,0.014568,0.111111,0.011905,0.02439,0.041667,0.2,0.114286,0,0.132231,0.132231,0,no
0.266187,0.181818,0.043704,0.111111,0.047619,0.121951,0.041667,0.2,0.264286,0,0.305785,0.305785,0,no
0.107914,0.090909,0.007284,0.111111,0,0.04878,0.041667,0.2,0.107143,0,0.123967,0.123967,0,no
0.079137,0.090909,0.007284,0.111111,0.011905,0,0.041667,0.2,0.078571,0,0.090909,0.090909,0,no
0.079137,0.181818,0.007284,0.055556,0,0,0.041667,0.2,0.078571,0,0.090909,0.090909,0,no
0.223022,0.181818,0.072841,0.277778,0.011905,0.073171,0.041667,0.2,0.221429,0,0.256198,0.256198,0,no
0.158273,0.090909,0.03642,0.166667,0.02381,0.02439,0.041667,0.2,0.157143,0,0.181818,0.181818,0,no
0.107914,0,0.007284,0.055556,0,0.073171,0.041667,0.2,0.107143,0,0.123967,0.123967,0,no
0.258993,0.090909,0.058273,0.166667,0.02381,0.097561,0.041667,0.2,0.257143,0,0.297521,0.297521,0,no
0.251799,0.181818,0.072841,0.222222,0.02381,0.170732,0.041667,0.2,0.25,0,0.289256,0.289256,0,no
0.143885,0.090909,0.043704,0.111111,0.047619,0.073171,0.041667,0.2,0.142857,0,0.165289,0.165289,0,no
0.093525,0.090909,0.021852,0.055556,0.011905,0.04878,0.041667,0.2,0.092857,0,0.107438,0.107438,0,no
0.071942,0,0.014568,0.055556,0.011905,0.02439,0.041667,0.2,0.071429,0,0.082645,0.082645,0,no
0.273381,0.090909,0.065557,0.166667,0.011905,0.170732,0.041667,0.2,0.271429,0,0.31405,0.31405,0,no
0.064748,0.090909,0.007284,0.055556,0,0.02439,0.041667,0.2,0.064286,0,0.07438,0.07438,0,no
0.079137,0.090909,0.014568,0.111111,0,0.097561,0.041667,0.2,0.078571,0,0.090909,0.090909,0,no
0.086331,0.090909,0.021852,0.055556,0.011905,0.02439,0.041667,0.2,0.085714,0,0.099174,0.099174,0,no
0.043165,0.181818,0.014568,0.055556,0.011905,0,0.041667,0.2,0.042857,0,0.049587,0.049587,0,no
0.194245,0.090909,0.043704,0.111111,0.047619,0.121951,0.041667,0.2,0.192857,0,0.22314,0.22314,0,no
0.251799,0.090909,0.043704,0.111111,0.059524,0.195122,0.041667,0.2,0.25,0,0.289256,0.289256,0,no
0.071942,0.090909,0.007284,0.055556,0,0,0.041667,0.2,0.071429,0,0.082645,0.082645,0,no
0.021583,0,0.007284,0,0.011905,0,0.041667,0.2,0.021429,0,0.024793,0.024793,0,no
0.035971,0,0.007284,0.055556,0,0.02439,0.041667,0.2,0.035714,0,0.041322,0.041322,0,no
0.035971,0.090909,0.007284,0.055556,0,0.02439,0.041667,0.2,0.035714,0,0.041322,0.041322,0,no
0.05036,0.090909,0.007284,0.055556,0,0.04878,0.041667,0.2,0.05,0,0.057851,0.057851,0,no
0.057554,0.545455,0.007284,0,0,0,0.041667,0.2,0.057143,0,0.066116,0.066116,0,no
0.086331,0.090909,0.021852,0.055556,0,0.04878,0.041667,0.2,0.085714,0,0.099174,0.099174,0,no
0.079137,0,0.021852,0.111111,0,0.073171,0.041667,0.2,0.078571,0,0.090909,0.090909,0,no
0.179856,0.090909,0.043704,0.166667,0,0.02439,0.083333,0.4,0.178571,0,0.173554,0.103306,1,no
0.223022,0.727273,0.021852,0.166667,0,0.02439,0.125,0.4,0.228571,0.010309,0.181818,0.090909,0,no
0.093525,0,0.007284,0.111111,0,0.02439,0.166667,0.6,0.107143,0.072165,0.066116,0.045455,1,no
0.179856,0.090909,0.029136,0.166667,0.011905,0.097561,0.208333,0.6,0.2,0.030928,0.165289,0.05124,1,no
0.079137,0.090909,0.014568,0.111111,0,0,0.041667,0.2,0.078571,0,0.090909,0.090909,0,no
0.158273,0.181818,0.021852,0.166667,0.011905,0.073171,0.041667,0.2,0.157143,0,0.181818,0.181818,0,no
0.223022,0.090909,0.021852,0.055556,0,0.268293,0.208333,0.8,0.035714,0.041237,0.016529,0.014876,1,no
0.223022,0.454545,0.021852,0.166667,0,0.02439,0.125,0.4,0.228571,0.010309,0.181818,0.090909,0,no
0.223022,0.545455,0.021852,0.166667,0,0.02439,0.125,0.4,0.228571,0.010309,0.181818,0.090909,0,no
0.115108,0.181818,0.014568,0.111111,0,0,0.041667,0.2,0.114286,0,0.132231,0.132231,0,no
0.115108,0.181818,0.014568,0.111111,0,0,0.041667,0.2,0.114286,0,0.132231,0.132231,0,no
0.115108,0.181818,0.014568,0.111111,0,0,0.041667,0.2,0.114286,0,0.132231,0.132231,0,no
0.035971,0,0.007284,0.055556,0,0.02439,0.125,0.6,0.05,0.020619,0.041322,0.024793,1,no
0.05036,0.454545,0.007284,0.055556,0,0.02439,0.041667,0.2,0.05,0,0.057851,0.057851,0,no
0.035971,0.090909,0.007284,0.055556,0,0,0,0,0,0,0,0,0,no
0.100719,0.181818,0.007284,0.055556,0,0.073171,0.083333,0.4,0.107143,0.010309,0.115702,0.066116,0,no
0.107914,0,0.014568,0.055556,0,0.04878,0.166667,0.4,0.121429,0.020619,0.115702,0.039256,1,no
0.05036,0.090909,0.007284,0.055556,0,0.02439,0.041667,0.2,0.05,0,0.057851,0.057851,0,no
0.05036,0.090909,0.007284,0.055556,0,0.02439,0.041667,0.2,0.05,0,0.057851,0.057851,0,no
0.021583,0,0.007284,0,0,0,0.041667,0.2,0.021429,0,0.024793,0.024793,0,no
0.086331,0.090909,0.007284,0.055556,0,0.073171,0.041667,0.2,0.085714,0,0.099174,0.099174,0,no
0.05036,0,0.007284,0.055556,0,0,0.041667,0.2,0.05,0,0.057851,0.057851,0,no
0.057554,0.181818,0.007284,0.055556,0,0.02439,0.041667,0.2,0.057143,0,0.066116,0.066116,0,no
0.064748,0.181818,0.007284,0.055556,0,0.04878,0.041667,0.2,0.064286,0,0.07438,0.07438,0,no
0.071942,0.090909,0.007284,0.055556,0,0,0.083333,0.4,0.071429,0,0.07438,0.041322,0,no
0.093525,0.181818,0.014568,0.055556,0.059524,0,0.083333,0.2,0.092857,0,0.099174,0.053719,0,no
0.273381,0.090909,0.029136,0.111111,0,0.146341,0.041667,0.2,0.271429,0,0.31405,0.31405,0,no
0.251799,0.090909,0.043704,0.166667,0,0.146341,0.041667,0.2,0.25,0,0.289256,0.289256,0,no
0.071942,0,0.007284,0.055556,0,0,0.041667,0.2,0.071429,0,0.082645,0.082645,0,no
0.100719,0,0.014568,0.055556,0,0,0.125,0.4,0.1,0,0.099174,0.038567,0,no
0.107914,0,0.014568,0.055556,0,0,0.083333,0.2,0.107143,0,0.090909,0.061983,1,no
0.079137,0,0.014568,0.111111,0,0,0.041667,0.2,0.078571,0,0.090909,0.090909,0,no
0.122302,0,0.029136,0.111111,0,0,0.125,0.2,0.121429,0,0.099174,0.046832,1,no
0.05036,0,0.007284,0.055556,0,0,0.125,0.4,0.064286,0.020619,0.057851,0.030303,1,no
0.071942,0.454545,0.007284,0.055556,0,0,0.041667,0.2,0.071429,0,0.082645,0.082645,1,no
0.05036,0.272727,0.007284,0.055556,0.011905,0,0.083333,0.4,0.057143,0.010309,0.057851,0.03719,1,no
0.064748,0,0.014568,0.111111,0,0,0.041667,0.2,0.064286,0,0.07438,0.07438,1,no
0.093525,0,0.014568,0.111111,0.011905,0.073171,0.041667,0.2,0.092857,0,0.107438,0.107438,0,no
0.071942,0,0.007284,0.055556,0.011905,0.04878,0.041667,0.2,0.071429,0,0.082645,0.082645,0,no
0.086331,0,0.014568,0.055556,0.02381,0.02439,0.041667,0.2,0.085714,0,0.099174,0.099174,0,no
0.05036,0,0.007284,0.055556,0.02381,0.02439,0.041667,0.2,0.05,0,0.057851,0.057851,0,no
0.057554,0.090909,0.007284,0.055556,0.011905,0.02439,0.041667,0.2,0.057143,0,0.066116,0.066116,0,no
0.057554,0.181818,0.007284,0.055556,0.011905,0.02439,0.041667,0.2,0.057143,0,0.066116,0.066116,0,no
0.05036,0.090909,0.007284,0.055556,0.011905,0,0.041667,0.2,0.05,0,0.057851,0.057851,0,no
0.05036,0,0.007284,0.055556,0.02381,0.02439,0.041667,0.2,0.05,0,0.057851,0.057851,0,no
0.05036,0,0.007284,0.055556,0.02381,0.02439,0.041667,0.2,0.05,0,0.057851,0.057851,0,no
0.086331,0,0.007284,0.055556,0.071429,0.073171,0.041667,0.2,0.085714,0,0.099174,0.099174,0,no
0.071942,0,0.007284,0.055556,0.011905,0.04878,0.041667,0.2,0.071429,0,0.082645,0.082645,0,no
0.028777,0,0.007284,0.055556,0.011905,0,0.041667,0.2,0.028571,0,0.033058,0.033058,0,no
0.194245,0.181818,0.03642,0.166667,0.011905,0.04878,0.041667,0.2,0.192857,0,0.22314,0.22314,0,no
0.057554,0.090909,0.007284,0.055556,0.02381,0,0.041667,0.2,0.057143,0,0.066116,0.066116,0,no
0.064748,0.090909,0.014568,0.055556,0.035714,0,0.041667,0.2,0.064286,0,0.07438,0.07438,0,no
0.064748,0.090909,0.007284,0.055556,0,0,0.041667,0.2,0.064286,0,0.07438,0.07438,0,no
0.093525,0,0.014568,0.111111,0.011905,0.073171,0.041667,0.2,0.092857,0,0.107438,0.107438,0,no
0.071942,0,0.007284,0.055556,0.011905,0.04878,0.041667,0.2,0.071429,0,0.082645,0.082645,0,no
0.093525,0,0.014568,0.111111,0.011905,0.073171,0.041667,0.2,0.092857,0,0.107438,0.107438,0,no
0.071942,0,0.007284,0.055556,0.011905,0.04878,0.041667,0.2,0.071429,0,0.082645,0.082645,0,no
0.093525,0,0.014568,0.111111,0.011905,0.073171,0.041667,0.2,0.092857,0,0.107438,0.107438,0,no
0.071942,0,0.007284,0.055556,0.011905,0.04878,0.041667,0.2,0.071429,0,0.082645,0.082645,0,no
0.093525,0,0.014568,0.111111,0.011905,0.073171,0.041667,0.2,0.092857,0,0.107438,0.107438,0,no
0.071942,0,0.007284,0.055556,0.011905,0.04878,0.041667,0.2,0.071429,0,0.082645,0.082645,0,no
0.151079,0,0.03642,0.055556,0.059524,0.02439,0.041667,0.2,0.15,0,0.173554,0.173554,0,no
0.136691,0,0.029136,0.055556,0.02381,0.02439,0.041667,0.2,0.135714,0,0.157025,0.157025,0,no
0.057554,0.090909,0.007284,0.055556,0.011905,0.02439,0.041667,0.2,0.057143,0,0.066116,0.066116,0,no
0.057554,0.181818,0.007284,0.055556,0.011905,0.02439,0.041667,0.2,0.057143,0,0.066116,0.066116,0,no
0.115108,0.090909,0.029136,0.055556,0.047619,0,0.041667,0.2,0.114286,0,0.132231,0.132231,0,no
0.05036,0,0.007284,0.055556,0.02381,0.02439,0.041667,0.2,0.05,0,0.057851,0.057851,0,no
0.05036,0,0.007284,0.055556,0.02381,0.02439,0.041667,0.2,0.05,0,0.057851,0.057851,0,no
0.172662,0,0.029136,0.055556,0.107143,0.073171,0.041667,0.2,0.171429,0,0.198347,0.198347,0,no
0.071942,0,0.007284,0.055556,0.011905,0.04878,0.041667,0.2,0.071429,0,0.082645,0.082645,0,no
0.071942,0,0.007284,0.055556,0.011905,0.04878,0.041667,0.2,0.071429,0,0.082645,0.082645,0,no
0.071942,0,0.007284,0.055556,0.011905,0.04878,0.041667,0.2,0.071429,0,0.082645,0.082645,0,no
0.071942,0,0.007284,0.055556,0.011905,0.04878,0.041667,0.2,0.071429,0,0.082645,0.082645,0,no
0.086331,0,0.021852,0.055556,0.02381,0,0.041667,0.2,0.085714,0,0.099174,0.099174,0,no
0.028777,0,0.007284,0.055556,0.011905,0,0.041667,0.2,0.028571,0,0.033058,0.033058,0,no
0.323741,0.181818,0.058273,0.166667,0.011905,0.04878,0.041667,0.2,0.321429,0,0.371901,0.371901,0,no
0.057554,0.090909,0.007284,0.055556,0.02381,0,0.041667,0.2,0.057143,0,0.066116,0.066116,0,no
0.129496,0.090909,0.03642,0.055556,0.035714,0,0.041667,0.2,0.128571,0,0.14876,0.14876,0,no
0.064748,0.090909,0.007284,0.055556,0,0,0.041667,0.2,0.064286,0,0.07438,0.07438,0,no
0.064748,0.090909,0.007284,0.055556,0,0,0.041667,0.2,0.064286,0,0.07438,0.07438,0,no
0.064748,0.090909,0.007284,0.055556,0,0,0.041667,0.2,0.064286,0,0.07438,0.07438,0,no
0.064748,0.090909,0.007284,0.055556,0,0,0.041667,0.2,0.064286,0,0.07438,0.07438,0,no
0.258993,0,0.072841,0.055556,0.107143,0.04878,0.125,0.4,0.257143,0,0.22314,0.099174,1,no
0.208633,0,0.050989,0.111111,0.02381,0.04878,0.041667,0.2,0.207143,0,0.239669,0.239669,1,no
0.057554,0.090909,0.007284,0.055556,0.011905,0.02439,0.041667,0.2,0.057143,0,0.066116,0.066116,1,no
0.057554,0.181818,0.007284,0.055556,0.011905,0.02439,0.041667,0.2,0.057143,0,0.066116,0.066116,1,no
0.223022,0.090909,0.065557,0.055556,0.095238,0.02439,0.125,0.4,0.221429,0,0.181818,0.085399,1,no
0.071942,0.090909,0.007284,0.055556,0.02381,0,0.041667,0.2,0.071429,0,0.082645,0.082645,1,no
0.093525,0.181818,0.014568,0.111111,0.011905,0,0.041667,0.2,0.092857,0,0.107438,0.107438,1,no
0.071942,0.181818,0.007284,0.055556,0.011905,0,0.041667,0.2,0.071429,0,0.082645,0.082645,1,no
0.093525,0.090909,0.014568,0.111111,0.011905,0,0.041667,0.2,0.092857,0,0.107438,0.107438,1,no
0.071942,0.090909,0.007284,0.055556,0.011905,0,0.041667,0.2,0.071429,0,0.082645,0.082645,1,no
0.05036,0,0.007284,0.055556,0.02381,0.02439,0.041667,0.2,0.05,0,0.057851,0.057851,1,no
0.05036,0,0.007284,0.055556,0.02381,0.02439,0.041667,0.2,0.05,0,0.057851,0.057851,1,no
0.352518,0,0.072841,0.111111,0.178571,0.073171,0.125,0.4,0.35,0,0.305785,0.134986,1,no
0.18705,0,0.007284,0.055556,0.130952,0,0.125,0.4,0.185714,0,0.165289,0.071625,1,no
0.071942,0,0.007284,0.055556,0.011905,0,0.041667,0.2,0.071429,0,0.082645,0.082645,1,no
0.043165,0,0.007284,0.055556,0.02381,0,0.041667,0.2,0.042857,0,0.049587,0.049587,1,no
0.05036,0.090909,0.007284,0.055556,0.011905,0,0.041667,0.2,0.05,0,0.057851,0.057851,1,no
0.05036,0,0.007284,0.055556,0,0,0.041667,0.2,0.05,0,0.057851,0.057851,1,no
0.05036,0,0.007284,0.055556,0.083333,0,0.041667,0.2,0.05,0,0.057851,0.057851,1,no
0.05036,0,0.007284,0.055556,0.011905,0,0.041667,0.2,0.05,0,0.057851,0.057851,1,no
0.05036,0.090909,0.007284,0.055556,0.011905,0,0.041667,0.2,0.05,0,0.057851,0.057851,1,no
0.05036,0,0.007284,0.055556,0.011905,0,0.041667,0.2,0.05,0,0.057851,0.057851,1,no
0.143885,0,0.043704,0.111111,0.011905,0.02439,0.041667,0.2,0.142857,0,0.165289,0.165289,1,no
0.035971,0,0.007284,0.055556,0,0,0.041667,0.2,0.035714,0,0.041322,0.041322,1,no
0.633094,0.181818,0.109261,0.166667,0.083333,0.170732,0.125,0.4,0.628571,0,0.528926,0.242424,1,no
0.057554,0.090909,0.007284,0.055556,0.02381,0,0.041667,0.2,0.057143,0,0.066116,0.066116,1,no
0.388489,0.090909,0.109261,0.166667,0.059524,0,0.125,0.4,0.385714,0,0.371901,0.14876,1,no
0.071942,0.090909,0.007284,0.055556,0,0,0.041667,0.2,0.071429,0,0.082645,0.082645,1,no
0.064748,0.090909,0.007284,0.055556,0.011905,0,0.041667,0.2,0.064286,0,0.07438,0.07438,0,no
0.064748,0.090909,0.007284,0.055556,0,0,0.041667,0.2,0.064286,0,0.07438,0.07438,0,no
0.093525,0.181818,0.014568,0.111111,0.011905,0,0.041667,0.2,0.092857,0,0.107438,0.107438,1,no
0.071942,0.181818,0.007284,0.055556,0.011905,0,0.041667,0.2,0.071429,0,0.082645,0.082645,1,no
0.064748,0.090909,0.007284,0.055556,0.011905,0,0.041667,0.2,0.064286,0,0.07438,0.07438,1,no
0.043165,0.090909,0.007284,0.055556,0.011905,0,0.041667,0.2,0.042857,0,0.049587,0.049587,0,no
0.071942,0.090909,0.021852,0.055556,0,0,0.041667,0.2,0.071429,0,0.082645,0.082645,0,no
0.143885,0,0.021852,0.055556,0.02381,0.073171,0.041667,0.2,0.142857,0,0.165289,0.165289,1,no
0.079137,0,0.014568,0.055556,0.02381,0.02439,0.041667,0.2,0.078571,0,0.090909,0.090909,1,no
0.057554,0.090909,0.007284,0.055556,0.011905,0.02439,0.041667,0.2,0.057143,0,0.066116,0.066116,1,no
0.057554,0.181818,0.007284,0.055556,0.011905,0.02439,0.041667,0.2,0.057143,0,0.066116,0.066116,1,no
0.071942,0.090909,0.014568,0.055556,0.011905,0.02439,0.041667,0.2,0.071429,0,0.082645,0.082645,1,no
0.064748,0.090909,0.007284,0.055556,0,0,0.041667,0.2,0.064286,0,0.07438,0.07438,1,no
0.05036,0,0.007284,0.055556,0.02381,0.02439,0.041667,0.2,0.05,0,0.057851,0.057851,1,no
0.05036,0,0.007284,0.055556,0.02381,0.02439,0.041667,0.2,0.05,0,0.057851,0.057851,1,no
0.122302,0,0.014568,0.055556,0.095238,0.073171,0.041667,0.2,0.121429,0,0.140496,0.140496,1,no
0.043165,0,0.007284,0.055556,0.011905,0,0.041667,0.2,0.042857,0,0.049587,0.049587,1,no
0.043165,0,0.007284,0.055556,0.02381,0,0.041667,0.2,0.042857,0,0.049587,0.049587,1,no
0.028777,0,0.007284,0.055556,0.011905,0,0.041667,0.2,0.028571,0,0.033058,0.033058,1,no
0.23741,0.181818,0.043704,0.166667,0.011905,0.04878,0.041667,0.2,0.235714,0,0.272727,0.272727,1,no
0.057554,0.090909,0.007284,0.055556,0.02381,0,0.041667,0.2,0.057143,0,0.066116,0.066116,1,no
0.136691,0.090909,0.029136,0.111111,0.047619,0,0.041667,0.2,0.135714,0,0.157025,0.157025,1,no
0.064748,0.181818,0.007284,0.055556,0,0,0.041667,0.2,0.064286,0,0.07438,0.07438,1,no
0.043165,0.090909,0.007284,0.055556,0.011905,0,0.041667,0.2,0.042857,0,0.049587,0.049587,1,no
0.086331,0.090909,0.029136,0.055556,0,0,0.041667,0.2,0.085714,0,0.099174,0.099174,1,no
0.107914,0,0.021852,0.055556,0.035714,0.02439,0.041667,0.2,0.107143,0,0.123967,0.123967,0,no
0.093525,0,0.014568,0.111111,0.011905,0.073171,0.041667,0.2,0.092857,0,0.107438,0.107438,0,no
0.071942,0,0.007284,0.055556,0.011905,0.04878,0.041667,0.2,0.071429,0,0.082645,0.082645,0,no
0.107914,0,0.021852,0.055556,0.02381,0.02439,0.041667,0.2,0.107143,0,0.123967,0.123967,0,no
0.057554,0.090909,0.007284,0.055556,0.011905,0.02439,0.041667,0.2,0.057143,0,0.066116,0.066116,0,no
0.057554,0.181818,0.007284,0.055556,0.011905,0.02439,0.041667,0.2,0.057143,0,0.066116,0.066116,0,no
0.071942,0.090909,0.014568,0.055556,0.02381,0,0.041667,0.2,0.071429,0,0.082645,0.082645,0,no
0.05036,0,0.007284,0.055556,0.02381,0.02439,0.041667,0.2,0.05,0,0.057851,0.057851,0,no
0.05036,0,0.007284,0.055556,0.02381,0.02439,0.041667,0.2,0.05,0,0.057851,0.057851,0,no
0.115108,0,0.014568,0.055556,0.083333,0.073171,0.041667,0.2,0.114286,0,0.132231,0.132231,0,no
0.071942,0,0.007284,0.055556,0.011905,0.04878,0.041667,0.2,0.071429,0,0.082645,0.082645,0,no
0.064748,0,0.014568,0.055556,0.02381,0,0.041667,0.2,0.064286,0,0.07438,0.07438,0,no
0.028777,0,0.007284,0.055556,0.011905,0,0.041667,0.2,0.028571,0,0.033058,0.033058,0,no
0.23741,0.181818,0.043704,0.166667,0.011905,0.04878,0.041667,0.2,0.235714,0,0.272727,0.272727,0,no
0.057554,0.090909,0.007284,0.055556,0.02381,0,0.041667,0.2,0.057143,0,0.066116,0.066116,0,no
0.086331,0.090909,0.021852,0.055556,0.035714,0,0.041667,0.2,0.085714,0,0.099174,0.099174,0,no
0.064748,0.090909,0.007284,0.055556,0,0,0.041667,0.2,0.064286,0,0.07438,0.07438,0,no
0.093525,0,0.014568,0.111111,0.011905,0.073171,0.041667,0.2,0.092857,0,0.107438,0.107438,0,no
0.071942,0,0.007284,0.055556,0.011905,0.04878,0.041667,0.2,0.071429,0,0.082645,0.082645,0,no
0.086331,0,0.014568,0.055556,0.02381,0.02439,0.041667,0.2,0.085714,0,0.099174,0.099174,0,no
0.05036,0,0.007284,0.055556,0.02381,0.02439,0.041667,0.2,0.05,0,0.057851,0.057851,0,no
0.057554,0.090909,0.007284,0.055556,0.011905,0.02439,0.041667,0.2,0.057143,0,0.066116,0.066116,0,no
0.057554,0.181818,0.007284,0.055556,0.011905,0.02439,0.041667,0.2,0.057143,0,0.066116,0.066116,0,no
0.05036,0.090909,0.007284,0.055556,0.011905,0,0.041667,0.2,0.05,0,0.057851,0.057851,0,no
0.05036,0,0.007284,0.055556,0.02381,0.02439,0.041667,0.2,0.05,0,0.057851,0.057851,0,no
0.05036,0,0.007284,0.055556,0.02381,0.02439,0.041667,0.2,0.05,0,0.057851,0.057851,0,no
0.086331,0,0.007284,0.055556,0.071429,0.073171,0.041667,0.2,0.085714,0,0.099174,0.099174,0,no
0.071942,0,0.007284,0.055556,0.011905,0.04878,0.041667,0.2,0.071429,0,0.082645,0.082645,0,no
0.028777,0,0.007284,0.055556,0.011905,0,0.041667,0.2,0.028571,0,0.033058,0.033058,0,no
0.194245,0.181818,0.03642,0.166667,0.011905,0.04878,0.041667,0.2,0.192857,0,0.22314,0.22314,0,no
0.057554,0.090909,0.007284,0.055556,0.02381,0,0.041667,0.2,0.057143,0,0.066116,0.066116,0,no
0.064748,0.090909,0.014568,0.055556,0.035714,0,0.041667,0.2,0.064286,0,0.07438,0.07438,0,no
0.064748,0.090909,0.007284,0.055556,0,0,0.041667,0.2,0.064286,0,0.07438,0.07438,0,no
0.122302,0,0.014568,0.055556,0.011905,0.073171,0.041667,0.2,0.121429,0,0.140496,0.140496,0,no
0.05036,0,0.007284,0.055556,0.02381,0.02439,0.041667,0.2,0.05,0,0.057851,0.057851,0,no
0.057554,0.090909,0.007284,0.055556,0.011905,0.02439,0.041667,0.2,0.057143,0,0.066116,0.066116,0,no
0.057554,0.181818,0.007284,0.055556,0.011905,0.02439,0.041667,0.2,0.057143,0,0.066116,0.066116,0,no
0.05036,0.090909,0.007284,0.055556,0,0.02439,0.041667,0.2,0.05,0,0.057851,0.057851,0,no
0.064748,0.090909,0.007284,0.055556,0,0,0.041667,0.2,0.064286,0,0.07438,0.07438,0,no
0.05036,0,0.007284,0.055556,0.02381,0.02439,0.041667,0.2,0.05,0,0.057851,0.057851,0,no
0.05036,0,0.007284,0.055556,0.02381,0.02439,0.041667,0.2,0.05,0,0.057851,0.057851,0,no
0.079137,0,0.007284,0.055556,0.083333,0.04878,0.041667,0.2,0.078571,0,0.090909,0.090909,0,no
0.043165,0,0.007284,0.055556,0.011905,0,0.041667,0.2,0.042857,0,0.049587,0.049587,0,no
0.028777,0,0.007284,0.055556,0.011905,0,0.041667,0.2,0.028571,0,0.033058,0.033058,0,no
0.194245,0.181818,0.03642,0.166667,0.011905,0.04878,0.041667,0.2,0.192857,0,0.22314,0.22314,0,no
0.057554,0.090909,0.007284,0.055556,0.02381,0,0.041667,0.2,0.057143,0,0.066116,0.066116,0,no
0.115108,0.090909,0.021852,0.111111,0.047619,0,0.041667,0.2,0.114286,0,0.132231,0.132231,0,no
0.064748,0.181818,0.007284,0.055556,0,0,0.041667,0.2,0.064286,0,0.07438,0.07438,0,no
0.071942,0.272727,0.007284,0.055556,0,0.02439,0.041667,0.2,0.071429,0,0.082645,0.082645,0,no
0.035971,0,0.007284,0.055556,0,0.02439,0.041667,0.2,0.035714,0,0.041322,0.041322,0,no
0.035971,0,0.007284,0.055556,0,0.02439,0.041667,0.2,0.035714,0,0.041322,0.041322,0,no
0.057554,0.090909,0.007284,0.055556,0,0.02439,0.041667,0.2,0.057143,0,0.066116,0.066116,0,no
0.057554,0.181818,0.007284,0.055556,0.011905,0,0.083333,0.4,0.057143,0,0.041322,0.033058,0,no
0.035971,0,0.007284,0.055556,0.011905,0,0,0,0,0,0,0,0,no
0.021583,0,0.007284,0,0,0,0,0,0,0,0,0,0,no
0.079137,0.090909,0.014568,0.055556,0,0.02439,0.041667,0.2,0.007143,0.010309,0.016529,0.016529,1,no
0.165468,0,0.029136,0.111111,0.02381,0.097561,0.041667,0.2,0.164286,0,0.190083,0.190083,0,no
0.546763,0,0.072841,0.222222,0.035714,0.219512,0.083333,0.4,0.542857,0,0.595041,0.31405,1,no
0.079137,0,0.007284,0.055556,0,0.097561,0.125,0.4,0.085714,0.010309,0.066116,0.035813,1,no
0.043165,0.181818,0.007284,0.055556,0.011905,0.02439,0.041667,0.2,0.042857,0,0.049587,0.049587,0,no
0.129496,0.181818,0.029136,0.055556,0,0.02439,0.083333,0.2,0.128571,0,0.132231,0.07438,1,no
0.100719,0.181818,0.021852,0.111111,0.035714,0.02439,0.041667,0.2,0.1,0,0.115702,0.115702,0,no
0.122302,0,0.021852,0.111111,0,0,0.125,0.2,0.128571,0.010309,0.115702,0.052342,1,no
0.381295,0,0.080125,0.166667,0.011905,0.04878,0.333333,0.4,0.507143,0.185567,0.256198,0.091942,1,no
0.244604,0,0.050989,0.111111,0.02381,0.097561,0.25,0.4,0.264286,0.030928,0.264463,0.055096,1,no
0.100719,0,0.007284,0.055556,0,0,0.041667,0.2,0.1,0,0.115702,0.115702,0,no
0.05036,0,0.007284,0.055556,0,0.02439,0.041667,0.2,0.05,0,0.057851,0.057851,0,no
0.302158,0.181818,0.058273,0.166667,0.035714,0.02439,0.083333,0.4,0.3,0,0.31405,0.173554,1,no
0.129496,0,0.029136,0.055556,0.011905,0,0.041667,0.2,0.128571,0,0.14876,0.14876,0,no
0.172662,0,0.043704,0.111111,0.02381,0.073171,0.125,0.2,0.164286,0,0.132231,0.063361,1,no
0.165468,0,0.050989,0.111111,0.011905,0,0.125,0.2,0.164286,0,0.132231,0.063361,1,no
0.223022,0.181818,0.065557,0.166667,0,0.073171,0.125,0.4,0.264286,0.061856,0.297521,0.118457,1,no
0.151079,0,0.043704,0.166667,0.02381,0,0.041667,0.2,0.15,0,0.173554,0.173554,0,no
0.043165,0,0.007284,0.055556,0,0.02439,0.083333,0.2,0.042857,0,0.041322,0.024793,0,no
0.107914,0.181818,0.007284,0.055556,0.011905,0.170732,0.041667,0.2,0.107143,0,0.123967,0.123967,0,no
0.043165,0,0.007284,0.055556,0,0,0.083333,0.2,0.05,0.010309,0.049587,0.033058,0,no
0.093525,0,0.014568,0.055556,0,0,0.083333,0.2,0.128571,0.051546,0.14876,0.095041,0,no
0.302158,0,0.050989,0.166667,0.011905,0.170732,0.083333,0.4,0.3,0,0.322314,0.173554,1,no
0.136691,0,0.029136,0.111111,0.02381,0,0.041667,0.2,0.135714,0,0.157025,0.157025,0,no
0.107914,0,0.029136,0.111111,0.02381,0,0.041667,0.2,0.107143,0,0.123967,0.123967,0,no
0.266187,0,0.050989,0.166667,0.011905,0.146341,0.083333,0.4,0.264286,0,0.280992,0.152893,1,no
0.043165,0.181818,0.014568,0,0.02381,0.073171,0.041667,0.2,0.042857,0,0.049587,0.049587,0,no
0.057554,0.090909,0.014568,0.111111,0,0,0.125,0.2,0.078571,0.030928,0.082645,0.038567,1,no
0.129496,0.090909,0.007284,0.055556,0,0.02439,0.166667,0.4,0.142857,0.020619,0.140496,0.045455,1,no
0.086331,0.181818,0.014568,0.055556,0.059524,0,0.041667,0.2,0.085714,0,0.099174,0.099174,0,no
0.201439,0.090909,0.014568,0.055556,0,0.04878,0.041667,0.2,0.2,0,0.231405,0.231405,0,no
0.172662,0.090909,0.03642,0.166667,0,0.121951,0.041667,0.2,0.171429,0,0.198347,0.198347,0,no
0.208633,0.090909,0.029136,0.055556,0,0,0.208333,0.4,0.207143,0,0.14876,0.047934,0,yes
0.057554,0.090909,0.007284,0.055556,0,0,0.041667,0.2,0.057143,0,0.066116,0.066116,1,no
0.093525,0,0.021852,0.111111,0,0,0.083333,0.4,0.1,0.010309,0.107438,0.061983,0,no
0.309353,0,0.03642,0.166667,0.011905,0.170732,0.166667,0.4,0.335714,0.041237,0.380165,0.105372,1,no
0.079137,0.272727,0.014568,0.111111,0,0.04878,0.041667,0.2,0.078571,0,0.090909,0.090909,0,no
0.129496,0.181818,0.021852,0.166667,0.011905,0.073171,0.166667,0.4,0.157143,0.041237,0.173554,0.053719,1,no
0.086331,0.181818,0.021852,0.166667,0.011905,0.04878,0.166667,0.4,0.114286,0.041237,0.123967,0.041322,1,no
0.345324,0.090909,0.072841,0.166667,0,0.121951,0.125,0.4,0.342857,0,0.355372,0.132231,1,yes
0.107914,0.090909,0.021852,0.111111,0,0.121951,0.041667,0.2,0.107143,0,0.123967,0.123967,0,no
0.064748,0.181818,0.014568,0.111111,0.011905,0.04878,0.083333,0.4,0.071429,0.010309,0.07438,0.045455,0,no
0.381295,0,0.080125,0.166667,0.047619,0.121951,0.166667,0.2,0.392857,0.020619,0.413223,0.117769,1,no
0.158273,0,0.029136,0.111111,0,0,0.125,0.4,0.328571,0.247423,0.371901,0.192837,0,yes
0.215827,0,0.03642,0.055556,0,0,0.25,0.4,0.221429,0.010309,0.190083,0.044077,0,yes
0.294964,0,0.072841,0.166667,0,0.073171,0.125,0.4,0.292857,0,0.297521,0.112948,1,yes
0.079137,0,0.014568,0.055556,0.011905,0.04878,0,0,0,0,0,0,0,no
0.100719,0.090909,0.014568,0.055556,0,0.073171,0,0,0,0,0,0,0,no
0.100719,0.272727,0.014568,0.055556,0,0.073171,0,0,0,0,0,0,0,no
0.165468,0,0.029136,0.111111,0,0.073171,0,0,0,0,0,0,0,no
0.107914,0,0.021852,0.111111,0.02381,0.02439,0,0,0,0,0,0,0,no
0.071942,0.090909,0.014568,0.111111,0,0,0,0,0,0,0,0,0,no
0.100719,0.090909,0.021852,0.111111,0,0,0,0,0,0,0,0,0,no
0.05036,0.272727,0.007284,0.055556,0,0,0,0,0,0,0,0,0,no
0.179856,0.090909,0.029136,0.111111,0,0.146341,0.125,0.4,0.021429,0.030928,0.016529,0.016529,0,no
0.079137,0.090909,0.029136,0.055556,0.047619,0,0.041667,0.2,0.078571,0,0.090909,0.090909,0,no
0.136691,0.090909,0.029136,0.111111,0,0.097561,0.083333,0.2,0.135714,0,0.132231,0.078512,0,no
0.093525,0.090909,0.014568,0.055556,0.02381,0.04878,0.041667,0.2,0.092857,0,0.107438,0.107438,0,no
0.035971,0.181818,0.007284,0.055556,0,0,0.041667,0.2,0.035714,0,0.041322,0.041322,0,no
0.107914,0.181818,0.007284,0.055556,0.011905,0.097561,0.041667,0.2,0.107143,0,0.123967,0.123967,0,no
0.179856,0.181818,0.043704,0.166667,0.02381,0.097561,0.083333,0.4,0.185714,0.010309,0.206612,0.11157,1,no
0.323741,0.363636,0.072841,0.166667,0.02381,0.170732,0.083333,0.4,0.328571,0.010309,0.371901,0.194215,1,no
0.035971,0.454545,0.014568,0,0,0.04878,0.041667,0.2,0.035714,0,0.041322,0.041322,0,no
0.294964,0.090909,0.058273,0.111111,0.035714,0.195122,0.083333,0.4,0.3,0.010309,0.338843,0.177686,1,no
0.086331,0,0.021852,0.166667,0,0.02439,0.041667,0.2,0.085714,0,0.099174,0.099174,0,no
0.172662,0.090909,0.029136,0.166667,0,0.121951,0.083333,0.4,0.178571,0.010309,0.198347,0.107438,1,no
0.064748,0.272727,0.014568,0.055556,0,0.04878,0.041667,0.2,0.064286,0,0.07438,0.07438,0,no
0.064748,0.272727,0.014568,0.055556,0,0.04878,0.041667,0.2,0.064286,0,0.07438,0.07438,0,no
0.093525,0.181818,0.029136,0.222222,0.011905,0.02439,0.041667,0.2,0.092857,0,0.107438,0.107438,1,no
0.143885,0.090909,0.03642,0.166667,0.047619,0.073171,0.041667,0.2,0.142857,0,0.165289,0.165289,0,no
0.035971,0.181818,0.007284,0.055556,0,0,0.041667,0.2,0.035714,0,0.041322,0.041322,0,no
0.100719,0,0.014568,0.055556,0,0.02439,0.083333,0.4,0.014286,0.020619,0.016529,0.016529,1,no
0.165468,0.090909,0.029136,0.111111,0.02381,0.073171,0.041667,0.2,0.071429,0,0.082645,0.082645,0,yes
0.143885,0.090909,0.014568,0.111111,0,0.02439,0.125,0.4,0.142857,0,0.14876,0.055096,0,no
0.122302,0.090909,0.014568,0.055556,0,0.02439,0.208333,0.8,0.028571,0.030928,0.016529,0.01157,0,yes
0.273381,0.181818,0.043704,0.222222,0.02381,0.195122,0.083333,0.4,0.014286,0.020619,0.016529,0.016529,1,no
0.035971,0.090909,0.007284,0.055556,0,0,0.041667,0.2,0.035714,0,0.041322,0.041322,1,no
0.064748,0,0.014568,0.111111,0,0,0.041667,0.2,0.064286,0,0.07438,0.07438,1,no
0.093525,0.090909,0.014568,0.055556,0.035714,0.02439,0,0,0,0,0,0,0,no
0.05036,0.181818,0.007284,0.055556,0,0.02439,0,0,0,0,0,0,0,no
0.115108,0.272727,0.029136,0.055556,0,0,0.041667,0.2,0.114286,0,0.132231,0.132231,0,no
0.079137,0.181818,0.007284,0.055556,0.02381,0.02439,0.041667,0.2,0.078571,0,0.090909,0.090909,0,no
0.064748,0.090909,0.007284,0.055556,0,0.02439,0.041667,0.2,0.064286,0,0.07438,0.07438,0,no
0.223022,0.181818,0.03642,0.111111,0.011905,0.097561,0.083333,0.4,0.221429,0,0.140496,0.128099,0,no
0.05036,0.181818,0.007284,0.055556,0.011905,0.04878,0.041667,0.2,0.05,0,0.057851,0.057851,1,no
0.043165,0,0.007284,0.055556,0,0,0,0,0,0,0,0,0,no
0.043165,0.090909,0.007284,0.055556,0,0,0,0,0,0,0,0,0,no
0.043165,0.090909,0.007284,0.055556,0,0,0.041667,0.2,0.042857,0,0.049587,0.049587,0,no
0.035971,0,0.007284,0.055556,0.011905,0.02439,0,0,0,0,0,0,0,no
0.115108,0.181818,0.014568,0.111111,0,0,0.083333,0.2,0.114286,0,0.066116,0.066116,1,no
0.100719,0.454545,0.021852,0.166667,0,0.02439,0.041667,0.2,0.1,0,0.115702,0.115702,0,no
0.079137,0.363636,0.014568,0.055556,0,0.02439,0.041667,0.2,0.078571,0,0.090909,0.090909,0,no
0.107914,0.090909,0.014568,0.111111,0.011905,0.04878,0.041667,0.2,0.107143,0,0.123967,0.123967,0,no
0.086331,0.181818,0.014568,0.055556,0,0.02439,0.041667,0.2,0.085714,0,0.099174,0.099174,0,no
0.05036,0,0.007284,0.055556,0.011905,0,0.041667,0.2,0.007143,0.010309,0.016529,0.016529,0,no
0.028777,0.090909,0.007284,0,0.011905,0,0.041667,0.2,0.028571,0,0.033058,0.033058,0,no
0.021583,0.090909,0.007284,0,0,0,0.041667,0.2,0.021429,0,0.024793,0.024793,0,no
0.165468,0,0.03642,0.111111,0,0.04878,0.041667,0.2,0.164286,0,0.190083,0.190083,0,no
0.021583,0.090909,0.014568,0,0,0,0.041667,0.2,0.021429,0,0.024793,0.024793,0,no
0.021583,0,0.007284,0,0.011905,0,0.041667,0.2,0.021429,0,0.024793,0.024793,0,no
0.021583,0,0.007284,0,0.011905,0,0.041667,0.2,0.021429,0,0.024793,0.024793,0,no
0.021583,0.090909,0.007284,0,0.011905,0,0.041667,0.2,0.021429,0,0.024793,0.024793,0,no
0.043165,0,0.007284,0.055556,0,0,0.041667,0.2,0.042857,0,0.049587,0.049587,0,no
0.057554,0.090909,0.007284,0.055556,0,0.04878,0.041667,0.2,0.057143,0,0.066116,0.066116,0,no
0.028777,0.090909,0.007284,0,0,0.02439,0.041667,0.2,0.028571,0,0.033058,0.033058,0,no
0.021583,0.090909,0.007284,0,0.011905,0,0.041667,0.2,0.021429,0,0.024793,0.024793,0,no
0.05036,0.181818,0.021852,0.055556,0.02381,0,0.041667,0.2,0.05,0,0.057851,0.057851,0,no
0.021583,0.181818,0.014568,0,0,0,0.041667,0.2,0.021429,0,0.024793,0.024793,0,no
0.021583,0.181818,0.007284,0,0,0,0.041667,0.2,0.021429,0,0.024793,0.024793,0,no
0.021583,0.090909,0.007284,0,0.011905,0,0.041667,0.2,0.021429,0,0.024793,0.024793,0,no
0.079137,0,0.014568,0.111111,0,0.02439,0.041667,0.2,0.078571,0,0.090909,0.090909,0,no
0.143885,0,0.021852,0.111111,0.011905,0.073171,0.041667,0.2,0.142857,0,0.165289,0.165289,0,no
0.043165,0,0.007284,0.055556,0.011905,0,0.041667,0.2,0.042857,0,0.049587,0.049587,0,no
0.611511,0,0.109261,0.111111,0.059524,0.219512,0.041667,0.2,0.607143,0,0.702479,0.702479,0,no
0.086331,0,0.014568,0.111111,0.011905,0.02439,0.041667,0.2,0.085714,0,0.099174,0.099174,0,no
0.071942,0.363636,0.014568,0.055556,0,0,0.041667,0.2,0.071429,0,0.082645,0.082645,0,no
0.021583,0,0.007284,0,0,0,0.041667,0.2,0.021429,0,0.024793,0.024793,0,no
0.057554,0.090909,0.007284,0.055556,0,0.04878,0.041667,0.2,0.057143,0,0.066116,0.066116,0,no
0.093525,0,0.014568,0.111111,0,0.073171,0.041667,0.2,0.092857,0,0.107438,0.107438,0,no
0.079137,0,0.014568,0.111111,0,0.02439,0.041667,0.2,0.078571,0,0.090909,0.090909,0,no
0.158273,0,0.014568,0.111111,0,0.02439,0,0,0,0,0,0,0,no
0.064748,0.090909,0.007284,0.055556,0,0.02439,0.041667,0.2,0.064286,0,0.07438,0.07438,0,no
0.057554,0.090909,0.007284,0.055556,0,0.02439,0.041667,0.2,0.078571,0,0.090909,0.090909,0,no
0.079137,0.090909,0.014568,0.111111,0,0.04878,0.041667,0.2,0.078571,0,0.090909,0.090909,0,no
0.064748,0.181818,0.014568,0.055556,0,0,0.041667,0.2,0.064286,0,0.07438,0.07438,0,no
0.071942,0.090909,0.007284,0.055556,0,0.02439,0.041667,0.2,0.071429,0,0.082645,0.082645,0,no
0.158273,0.636364,0.014568,0.055556,0,0.02439,0.041667,0.2,0.157143,0,0.181818,0.181818,1,no
0.079137,0.181818,0.014568,0.055556,0,0.02439,0.041667,0.2,0.078571,0,0.090909,0.090909,1,no
0.107914,0.454545,0.007284,0.055556,0,0.04878,0.083333,0.2,0.107143,0,0.107438,0.061983,1,no
0.179856,0.181818,0.021852,0.055556,0,0.02439,0.041667,0.2,0.178571,0,0.206612,0.206612,0,no
0.165468,0.272727,0.014568,0.055556,0.02381,0,0.041667,0.2,0.164286,0,0.190083,0.190083,0,no
0.129496,0.272727,0.014568,0.055556,0.02381,0,0.041667,0.2,0.128571,0,0.14876,0.14876,0,no
0.057554,0.363636,0.007284,0.055556,0.011905,0,0.041667,0.2,0.057143,0,0.066116,0.066116,0,no
0.071942,0.181818,0.007284,0.055556,0,0,0.041667,0.2,0.071429,0,0.082645,0.082645,0,no
0.122302,0.363636,0.014568,0.055556,0,0.02439,0.083333,0.2,0.121429,0,0.132231,0.070248,1,no
0.05036,0.363636,0.007284,0.055556,0,0,0.083333,0.2,0.057143,0.010309,0.057851,0.03719,1,no
0.071942,0.181818,0.014568,0.055556,0,0.02439,0.041667,0.2,0.071429,0,0.082645,0.082645,0,no
0.122302,0.181818,0.029136,0.111111,0.047619,0.073171,0.041667,0.2,0.121429,0,0.140496,0.140496,0,no
0.208633,0.181818,0.043704,0.111111,0.011905,0.121951,0.041667,0.2,0.207143,0,0.239669,0.239669,0,no
0.093525,0.090909,0.021852,0.166667,0,0.073171,0.041667,0.2,0.092857,0,0.107438,0.107438,0,no
0.064748,0.090909,0.007284,0.055556,0.011905,0.073171,0.041667,0.2,0.064286,0,0.07438,0.07438,0,no
0.107914,0,0.014568,0.111111,0,0.02439,0.041667,0.2,0.107143,0,0.123967,0.123967,0,no
0.071942,0,0.007284,0.055556,0,0.02439,0.041667,0.2,0.071429,0,0.082645,0.082645,0,no
0.100719,0.181818,0.007284,0.055556,0,0.097561,0.041667,0.2,0.1,0,0.115702,0.115702,0,no
0.043165,0.090909,0.007284,0.055556,0,0,0.041667,0.2,0.042857,0,0.049587,0.049587,1,no
0.064748,0.090909,0.014568,0.055556,0,0,0.041667,0.2,0.064286,0,0.07438,0.07438,1,no
0.143885,0.090909,0.03642,0.055556,0.02381,0,0.083333,0.4,0.142857,0,0.14876,0.082645,1,no
0.035971,0,0.007284,0.055556,0,0,0.041667,0.2,0.035714,0,0.041322,0.041322,1,no
0.05036,0,0.007284,0.055556,0,0,0.041667,0.2,0.05,0,0.057851,0.057851,0,no
0.223022,0.090909,0.03642,0.111111,0.011905,0.219512,0.083333,0.4,0.228571,0.010309,0.256198,0.136364,1,no
0.043165,0,0.007284,0.055556,0,0.02439,0.041667,0.2,0.042857,0,0.049587,0.049587,0,no
0.093525,0,0.007284,0.055556,0.011905,0.170732,0.041667,0.2,0.092857,0,0.107438,0.107438,0,yes
0.064748,0.090909,0.007284,0.055556,0,0.02439,0.041667,0.2,0.064286,0,0.07438,0.07438,0,no
0.100719,0,0.007284,0.055556,0,0.195122,0.041667,0.2,0.1,0,0.115702,0.115702,0,no
0.05036,0.090909,0.007284,0.055556,0,0.04878,0.041667,0.2,0.05,0,0.057851,0.057851,0,no
0.057554,0.090909,0.014568,0.055556,0,0,0.041667,0.2,0.057143,0,0.066116,0.066116,0,yes
0.035971,0,0.007284,0.055556,0,0,0.041667,0.2,0.035714,0,0.041322,0.041322,0,no
0.043165,0,0.007284,0.055556,0,0,0.041667,0.2,0.042857,0,0.049587,0.049587,0,no
0.122302,0,0.014568,0.111111,0.011905,0.195122,0.041667,0.2,0.121429,0,0.140496,0.140496,0,no
0.064748,0.090909,0.007284,0.055556,0,0.02439,0.041667,0.2,0.064286,0,0.07438,0.07438,0,no
0.086331,0.090909,0.021852,0.111111,0,0,0.041667,0.2,0.085714,0,0.099174,0.099174,0,no
0.064748,0,0.014568,0.111111,0,0,0.041667,0.2,0.064286,0,0.07438,0.07438,0,no
0.151079,0.090909,0.043704,0.111111,0.047619,0.073171,0.041667,0.2,0.15,0,0.173554,0.173554,0,no
0.05036,0.090909,0.007284,0.055556,0.011905,0,0.041667,0.2,0.05,0,0.057851,0.057851,0,no
0.374101,0,0.087409,0.277778,0.095238,0.097561,0.041667,0.2,0.371429,0,0.429752,0.429752,0,no
0.151079,0.272727,0.03642,0.111111,0.047619,0.04878,0.041667,0.2,0.15,0,0.173554,0.173554,0,no
0.057554,0,0.014568,0.111111,0.011905,0,0.041667,0.2,0.057143,0,0.066116,0.066116,0,no
0.043165,0,0.007284,0.055556,0.011905,0,0.041667,0.2,0.042857,0,0.049587,0.049587,0,no
0.05036,0.090909,0.007284,0.055556,0.011905,0,0.041667,0.2,0.05,0,0.057851,0.057851,0,no
0.086331,0.090909,0.021852,0.055556,0.035714,0,0.041667,0.2,0.085714,0,0.099174,0.099174,0,no
0.338129,0,0.080125,0.222222,0.095238,0.097561,0.041667,0.2,0.335714,0,0.38843,0.38843,0,no
0.330935,0,0.080125,0.222222,0.095238,0.097561,0.041667,0.2,0.328571,0,0.380165,0.380165,0,no
0.057554,0.181818,0.007284,0.055556,0,0.02439,0.041667,0.2,0.057143,0,0.066116,0.066116,0,no
0.079137,0,0.014568,0.111111,0.011905,0.097561,0.041667,0.2,0.078571,0,0.090909,0.090909,0,no
0.035971,0.090909,0.007284,0.055556,0.011905,0.04878,0.041667,0.2,0.035714,0,0.041322,0.041322,0,no
0.043165,0.090909,0.007284,0.055556,0.011905,0,0.041667,0.2,0.042857,0,0.049587,0.049587,0,no
0.071942,0.090909,0.029136,0.055556,0.047619,0.02439,0.041667,0.2,0.071429,0,0.082645,0.082645,0,no
0.021583,0,0.007284,0,0,0,0.041667,0.2,0.021429,0,0.024793,0.024793,0,no
0.093525,0.272727,0.014568,0.111111,0,0,0.041667,0.2,0.092857,0,0.107438,0.107438,0,no
0.064748,0.090909,0.021852,0.055556,0.035714,0,0.041667,0.2,0.064286,0,0.07438,0.07438,0,no
0.503597,0,0.131113,0.277778,0.107143,0.146341,0.083333,0.4,0.507143,0.010309,0.578512,0.297521,1,no
0.05036,0,0.014568,0.055556,0.02381,0,0.041667,0.2,0.05,0,0.057851,0.057851,0,no
0.179856,0,0.043704,0.166667,0.035714,0.097561,0.041667,0.2,0.178571,0,0.206612,0.206612,0,no
0.035971,0.090909,0.007284,0.055556,0.011905,0,0.041667,0.2,0.035714,0,0.041322,0.041322,0,no
0.035971,0.181818,0.007284,0.055556,0.011905,0,0.041667,0.2,0.035714,0,0.041322,0.041322,0,no
0.035971,0,0.007284,0.055556,0.011905,0,0.041667,0.2,0.035714,0,0.041322,0.041322,0,no
0.057554,0.090909,0.014568,0.055556,0.02381,0,0.083333,0.4,0.064286,0.010309,0.066116,0.041322,1,no
0.057554,0.181818,0.014568,0.055556,0.02381,0,0.083333,0.4,0.064286,0.010309,0.066116,0.041322,1,no
0.057554,0.272727,0.014568,0.055556,0.02381,0,0.083333,0.4,0.064286,0.010309,0.066116,0.041322,1,no
0.071942,0.181818,0.021852,0.055556,0,0,0.041667,0.2,0.071429,0,0.082645,0.082645,0,no
0.071942,0.363636,0.021852,0.055556,0,0,0.041667,0.2,0.071429,0,0.082645,0.082645,0,no
0.079137,0.181818,0.021852,0.055556,0.035714,0,0.083333,0.4,0.085714,0.010309,0.090909,0.053719,1,no
0.079137,0.363636,0.021852,0.055556,0.035714,0,0.083333,0.4,0.085714,0.010309,0.090909,0.053719,1,no
0.035971,0,0.007284,0.055556,0.011905,0,0.041667,0.2,0.035714,0,0.041322,0.041322,0,no
0.035971,0,0.007284,0.055556,0.011905,0,0.041667,0.2,0.035714,0,0.041322,0.041322,0,no
0.035971,0,0.007284,0.055556,0.011905,0,0.041667,0.2,0.035714,0,0.041322,0.041322,0,no
0.035971,0.090909,0.007284,0.055556,0.011905,0,0.041667,0.2,0.035714,0,0.041322,0.041322,0,no
0.043165,0.090909,0.007284,0.055556,0.011905,0,0.041667,0.2,0.042857,0,0.049587,0.049587,0,no
0.071942,0.181818,0.021852,0.055556,0,0,0.041667,0.2,0.071429,0,0.082645,0.082645,0,no
0.057554,0.090909,0.014568,0.055556,0.02381,0,0.083333,0.4,0.064286,0.010309,0.066116,0.041322,1,no
0.035971,0.090909,0.007284,0.055556,0.011905,0,0.041667,0.2,0.035714,0,0.041322,0.041322,0,no
0.035971,0,0.007284,0.055556,0.011905,0,0.041667,0.2,0.035714,0,0.041322,0.041322,0,no
0.057554,0.090909,0.014568,0.055556,0.02381,0,0.083333,0.4,0.064286,0.010309,0.066116,0.041322,1,no
0.057554,0.272727,0.014568,0.055556,0.02381,0,0.083333,0.4,0.064286,0.010309,0.066116,0.041322,1,no
0.071942,0.272727,0.021852,0.055556,0,0,0.041667,0.2,0.071429,0,0.082645,0.082645,0,no
0.035971,0,0.007284,0.055556,0.011905,0,0.041667,0.2,0.035714,0,0.041322,0.041322,0,no
0.035971,0,0.007284,0.055556,0.011905,0,0.041667,0.2,0.035714,0,0.041322,0.041322,0,no
0.035971,0,0.007284,0.055556,0.011905,0,0.041667,0.2,0.035714,0,0.041322,0.041322,0,no
0.035971,0.090909,0.007284,0.055556,0.011905,0,0.041667,0.2,0.035714,0,0.041322,0.041322,0,no
0.057554,0.090909,0.014568,0.055556,0.02381,0,0.083333,0.4,0.064286,0.010309,0.066116,0.041322,1,no
0.258993,0.363636,0.072841,0.222222,0.071429,0.073171,0.041667,0.2,0.257143,0,0.297521,0.297521,0,no
0.741007,0.272727,0.225806,0.277778,0.154762,0.243902,0.041667,0.2,0.735714,0,0.85124,0.85124,0,no
0.136691,0.090909,0.043704,0.166667,0.02381,0,0.041667,0.2,0.135714,0,0.157025,0.157025,0,no
0.057554,0,0.014568,0.111111,0.011905,0,0.041667,0.2,0.057143,0,0.066116,0.066116,0,no
0.071942,0.181818,0.021852,0.055556,0,0,0.041667,0.2,0.071429,0,0.082645,0.082645,0,no
0.035971,0.181818,0.007284,0.055556,0.011905,0,0.041667,0.2,0.035714,0,0.041322,0.041322,0,no
0.172662,0.090909,0.050989,0.111111,0.059524,0.073171,0.041667,0.2,0.171429,0,0.198347,0.198347,0,no
0.122302,0.181818,0.029136,0.055556,0.035714,0.04878,0.041667,0.2,0.121429,0,0.140496,0.140496,0,no
0.05036,0,0.014568,0.055556,0.02381,0,0.041667,0.2,0.05,0,0.057851,0.057851,0,no
0.438849,0.363636,0.152966,0.222222,0.142857,0.04878,0.041667,0.2,0.435714,0,0.504132,0.504132,0,no
0.064748,0,0.021852,0.055556,0.035714,0,0.041667,0.2,0.064286,0,0.07438,0.07438,0,no
0.079137,0.090909,0.021852,0.055556,0.035714,0.073171,0.041667,0.2,0.078571,0,0.090909,0.090909,0,no
0.395683,0,0.101977,0.277778,0.119048,0.097561,0.041667,0.2,0.392857,0,0.454545,0.454545,0,no
0.057554,0.090909,0.014568,0.055556,0.011905,0,0.041667,0.2,0.057143,0,0.066116,0.066116,0,no
0.568345,0,0.145682,0.277778,0.095238,0.170732,0.041667,0.2,0.564286,0,0.652893,0.652893,0,no
0.460432,0,0.109261,0.277778,0.095238,0.146341,0.041667,0.2,0.457143,0,0.528926,0.528926,0,no
0.05036,0.090909,0.014568,0.055556,0.02381,0,0.041667,0.2,0.05,0,0.057851,0.057851,0,no
0.143885,0.363636,0.03642,0.111111,0.02381,0.02439,0.041667,0.2,0.142857,0,0.165289,0.165289,0,no
0.043165,0.090909,0.007284,0.055556,0.011905,0.02439,0.041667,0.2,0.042857,0,0.049587,0.049587,0,no
0.05036,0.181818,0.007284,0.055556,0,0,0.041667,0.2,0.05,0,0.057851,0.057851,0,no
0.086331,0.090909,0.029136,0.055556,0.059524,0.02439,0.041667,0.2,0.085714,0,0.099174,0.099174,0,no
0.071942,0.363636,0.021852,0.055556,0,0,0.041667,0.2,0.071429,0,0.082645,0.082645,0,no
0.100719,0.272727,0.021852,0.055556,0.011905,0.04878,0.041667,0.2,0.1,0,0.115702,0.115702,0,no
0.064748,0.090909,0.007284,0.055556,0,0.02439,0.041667,0.2,0.064286,0,0.07438,0.07438,0,no
0.079137,0.090909,0.014568,0.055556,0,0,0.041667,0.2,0.078571,0,0.090909,0.090909,0,no
0.079137,0.090909,0.014568,0.055556,0,0,0.041667,0.2,0.078571,0,0.090909,0.090909,0,no
0.064748,0.181818,0.007284,0.055556,0,0.02439,0.041667,0.2,0.064286,0,0.07438,0.07438,0,no
0.258993,0.363636,0.065557,0.222222,0.02381,0.073171,0.041667,0.2,0.257143,0,0.297521,0.297521,0,no
0.05036,0.181818,0.007284,0.055556,0,0,0.041667,0.2,0.05,0,0.057851,0.057851,0,no
0.086331,0.090909,0.029136,0.055556,0.059524,0.02439,0.041667,0.2,0.085714,0,0.099174,0.099174,0,no
0.064748,0,0.014568,0.111111,0,0,0.041667,0.2,0.064286,0,0.07438,0.07438,0,no
0.05036,0.090909,0.014568,0.111111,0.011905,0,0.041667,0.2,0.05,0,0.057851,0.057851,0,no
0.093525,0,0.014568,0.111111,0,0.02439,0.041667,0.2,0.092857,0,0.107438,0.107438,0,no
0.143885,0,0.029136,0.222222,0,0.02439,0.041667,0.2,0.142857,0,0.165289,0.165289,0,no
0.05036,0,0.007284,0.055556,0.02381,0.02439,0.041667,0.2,0.05,0,0.057851,0.057851,0,no
0.143885,0.181818,0.029136,0.166667,0.035714,0.097561,0.041667,0.2,0.142857,0,0.165289,0.165289,0,no
0.043165,0.090909,0.007284,0.055556,0.011905,0.02439,0.041667,0.2,0.042857,0,0.049587,0.049587,0,no
0.043165,0.090909,0.007284,0.055556,0.011905,0.02439,0.041667,0.2,0.042857,0,0.049587,0.049587,0,no
0.043165,0.090909,0.007284,0.055556,0,0,0.041667,0.2,0.042857,0,0.049587,0.049587,0,no
0.194245,0.181818,0.029136,0.055556,0.02381,0.121951,0.041667,0.2,0.192857,0,0.22314,0.22314,0,no
0.122302,0.363636,0.014568,0.111111,0.011905,0.02439,0.041667,0.2,0.121429,0,0.140496,0.140496,0,no
0.086331,0,0.007284,0.055556,0.011905,0.04878,0.041667,0.2,0.085714,0,0.099174,0.099174,0,no
0.035971,0,0.007284,0.055556,0.011905,0,0.041667,0.2,0.035714,0,0.041322,0.041322,0,no
0.035971,0,0.007284,0.055556,0.011905,0,0.041667,0.2,0.035714,0,0.041322,0.041322,0,no
0.079137,0,0.014568,0.055556,0.02381,0.02439,0.041667,0.2,0.078571,0,0.090909,0.090909,0,no
0.079137,0,0.014568,0.055556,0.02381,0.02439,0.041667,0.2,0.078571,0,0.090909,0.090909,0,no
0.079137,0.090909,0.014568,0.055556,0.02381,0.02439,0.041667,0.2,0.078571,0,0.090909,0.090909,0,no
0.079137,0.181818,0.014568,0.055556,0.02381,0.02439,0.041667,0.2,0.078571,0,0.090909,0.090909,0,no
0.079137,0,0.014568,0.055556,0.02381,0.02439,0.041667,0.2,0.078571,0,0.090909,0.090909,0,no
0.079137,0,0.014568,0.055556,0.02381,0.02439,0.041667,0.2,0.078571,0,0.090909,0.090909,0,no
0.079137,0,0.014568,0.055556,0.02381,0.02439,0.041667,0.2,0.078571,0,0.090909,0.090909,0,no
0.079137,0,0.014568,0.055556,0.02381,0.02439,0.041667,0.2,0.078571,0,0.090909,0.090909,0,no
0.079137,0,0.014568,0.055556,0.02381,0.02439,0.041667,0.2,0.078571,0,0.090909,0.090909,0,no
0.079137,0,0.014568,0.055556,0.02381,0.02439,0.041667,0.2,0.078571,0,0.090909,0.090909,0,no
0.079137,0,0.014568,0.055556,0.02381,0.02439,0.041667,0.2,0.078571,0,0.090909,0.090909,0,no
0.079137,0,0.014568,0.055556,0.02381,0.02439,0.041667,0.2,0.078571,0,0.090909,0.090909,0,no
0.079137,0,0.014568,0.055556,0.02381,0.02439,0.041667,0.2,0.078571,0,0.090909,0.090909,0,no
0.093525,0,0.014568,0.055556,0.02381,0.02439,0.041667,0.2,0.092857,0,0.107438,0.107438,0,no
0.079137,0.090909,0.014568,0.055556,0.02381,0.02439,0.041667,0.2,0.078571,0,0.090909,0.090909,0,no
0.079137,0.090909,0.014568,0.055556,0.02381,0.02439,0.041667,0.2,0.078571,0,0.090909,0.090909,0,no
0.079137,0.090909,0.014568,0.055556,0.02381,0.02439,0.041667,0.2,0.078571,0,0.090909,0.090909,0,no
0.079137,0.272727,0.014568,0.055556,0.02381,0.02439,0.041667,0.2,0.078571,0,0.090909,0.090909,0,no
0.079137,0.090909,0.014568,0.055556,0.02381,0.02439,0.041667,0.2,0.078571,0,0.090909,0.090909,0,no
0.079137,0.090909,0.014568,0.055556,0.02381,0.02439,0.041667,0.2,0.078571,0,0.090909,0.090909,0,no
0.079137,0.090909,0.014568,0.055556,0.02381,0.02439,0.041667,0.2,0.078571,0,0.090909,0.090909,0,no
0.079137,0.090909,0.014568,0.055556,0.02381,0.02439,0.041667,0.2,0.078571,0,0.090909,0.090909,0,no
0.079137,0.090909,0.014568,0.055556,0.02381,0.02439,0.041667,0.2,0.078571,0,0.090909,0.090909,0,no
0.23741,0.090909,0.087409,0.611111,0.02381,0.02439,0.041667,0.2,0.235714,0,0.272727,0.272727,0,no
0.079137,0.090909,0.014568,0.055556,0.02381,0.02439,0.041667,0.2,0.078571,0,0.090909,0.090909,0,no
0.079137,0.090909,0.014568,0.055556,0.02381,0.02439,0.041667,0.2,0.078571,0,0.090909,0.090909,0,no
0.035971,0.181818,0.007284,0.055556,0.011905,0,0.041667,0.2,0.035714,0,0.041322,0.041322,0,no
0.107914,0.181818,0.021852,0.111111,0.011905,0.073171,0.041667,0.2,0.107143,0,0.123967,0.123967,0,no
0.079137,0.545455,0.007284,0.055556,0.011905,0.02439,0.041667,0.2,0.078571,0,0.090909,0.090909,0,no
0.086331,0,0.007284,0.055556,0.011905,0.04878,0.041667,0.2,0.085714,0,0.099174,0.099174,0,no
0.035971,0,0.007284,0.055556,0.011905,0,0.041667,0.2,0.035714,0,0.041322,0.041322,0,no
0.05036,0.181818,0.014568,0.055556,0.02381,0,0.041667,0.2,0.05,0,0.057851,0.057851,0,no
0.05036,0.181818,0.014568,0.055556,0.02381,0,0.041667,0.2,0.05,0,0.057851,0.057851,0,no
0.05036,0.181818,0.014568,0.055556,0.02381,0,0.041667,0.2,0.05,0,0.057851,0.057851,0,no
0.05036,0.363636,0.014568,0.055556,0.02381,0,0.041667,0.2,0.05,0,0.057851,0.057851,0,no
0.05036,0.181818,0.014568,0.055556,0.02381,0,0.041667,0.2,0.05,0,0.057851,0.057851,0,no
0.05036,0.181818,0.014568,0.055556,0.02381,0,0.041667,0.2,0.05,0,0.057851,0.057851,0,no
0.05036,0.181818,0.014568,0.055556,0.02381,0,0.041667,0.2,0.05,0,0.057851,0.057851,0,no
0.05036,0.181818,0.014568,0.055556,0.02381,0,0.041667,0.2,0.05,0,0.057851,0.057851,0,no
0.05036,0.181818,0.014568,0.055556,0.02381,0,0.041667,0.2,0.05,0,0.057851,0.057851,0,no
0.05036,0.181818,0.014568,0.055556,0.02381,0,0.041667,0.2,0.05,0,0.057851,0.057851,0,no
0.05036,0.181818,0.014568,0.055556,0.02381,0,0.041667,0.2,0.05,0,0.057851,0.057851,0,no
0.05036,0.181818,0.014568,0.055556,0.02381,0,0.041667,0.2,0.05,0,0.057851,0.057851,0,no
0.201439,0.181818,0.021852,0.111111,0.035714,0.097561,0.041667,0.2,0.2,0,0.231405,0.231405,0,no
0.208633,0.363636,0.072841,0.055556,0.119048,0,0.041667,0.2,0.207143,0,0.239669,0.239669,0,no
0.208633,0.545455,0.065557,0.055556,0.083333,0.02439,0.041667,0.2,0.207143,0,0.239669,0.239669,0,no
0.028777,0.090909,0.007284,0.055556,0.011905,0,0.041667,0.2,0.028571,0,0.033058,0.033058,0,no
0.043165,0.272727,0.007284,0.055556,0,0,0.041667,0.2,0.042857,0,0.049587,0.049587,0,no
0.057554,0,0.007284,0.055556,0,0.02439,0.041667,0.2,0.057143,0,0.066116,0.066116,0,no
0.035971,0,0.007284,0.055556,0.011905,0,0.041667,0.2,0.035714,0,0.041322,0.041322,0,no
0.251799,0.090909,0.109261,0.111111,0.166667,0.02439,0.041667,0.2,0.25,0,0.289256,0.289256,0,no
0.079137,0,0.021852,0.055556,0.047619,0.02439,0.041667,0.2,0.078571,0,0.090909,0.090909,0,no
0.23741,0.090909,0.080125,0.166667,0.095238,0.073171,0.041667,0.2,0.235714,0,0.272727,0.272727,0,no
0.035971,0.090909,0.007284,0.055556,0.011905,0,0.041667,0.2,0.035714,0,0.041322,0.041322,0,no
0.057554,0.181818,0.014568,0.055556,0.02381,0,0.041667,0.2,0.057143,0,0.066116,0.066116,0,no
0.057554,0.181818,0.014568,0.055556,0.02381,0,0.041667,0.2,0.057143,0,0.066116,0.066116,0,no
0.057554,0.181818,0.014568,0.055556,0.02381,0,0.041667,0.2,0.057143,0,0.066116,0.066116,0,no
0.057554,0.181818,0.014568,0.055556,0.02381,0,0.041667,0.2,0.057143,0,0.066116,0.066116,0,no
0.057554,0.181818,0.014568,0.055556,0.02381,0,0.041667,0.2,0.057143,0,0.066116,0.066116,0,no
0.071942,0.090909,0.007284,0.055556,0,0,0.041667,0.2,0.071429,0,0.082645,0.082645,0,no
0.071942,0.090909,0.007284,0.055556,0,0,0.041667,0.2,0.071429,0,0.082645,0.082645,0,no
0.071942,0.090909,0.007284,0.055556,0,0,0.041667,0.2,0.071429,0,0.082645,0.082645,0,no
0.035971,0.090909,0.007284,0.055556,0.011905,0,0.041667,0.2,0.035714,0,0.041322,0.041322,0,no
0.057554,0.090909,0.007284,0.055556,0,0,0.041667,0.2,0.057143,0,0.066116,0.066116,0,no
0.071942,0.090909,0.007284,0.055556,0,0,0.041667,0.2,0.071429,0,0.082645,0.082645,0,no
0.071942,0.090909,0.007284,0.055556,0,0,0.041667,0.2,0.071429,0,0.082645,0.082645,0,no
0.057554,0.181818,0.014568,0.055556,0.02381,0,0.041667,0.2,0.057143,0,0.066116,0.066116,0,no
0.086331,0.181818,0.021852,0.055556,0.02381,0,0.041667,0.2,0.085714,0,0.099174,0.099174,0,no
0.057554,0.181818,0.014568,0.055556,0.02381,0,0.041667,0.2,0.057143,0,0.066116,0.066116,0,no
0.057554,0.181818,0.014568,0.055556,0.02381,0,0.041667,0.2,0.057143,0,0.066116,0.066116,0,no
0.064748,0.090909,0.021852,0.055556,0.035714,0,0.041667,0.2,0.064286,0,0.07438,0.07438,0,no
0.064748,0.090909,0.021852,0.055556,0.035714,0,0.041667,0.2,0.064286,0,0.07438,0.07438,0,no
0.035971,0.090909,0.007284,0.055556,0.011905,0,0.041667,0.2,0.035714,0,0.041322,0.041322,0,no
0.05036,0.090909,0.014568,0.055556,0.02381,0,0.041667,0.2,0.05,0,0.057851,0.057851,0,no
0.079137,0.090909,0.029136,0.055556,0.047619,0,0.041667,0.2,0.078571,0,0.090909,0.090909,0,no
0.122302,0.090909,0.050989,0.055556,0.083333,0,0.041667,0.2,0.121429,0,0.140496,0.140496,0,no
0.064748,0.090909,0.021852,0.055556,0.035714,0,0.041667,0.2,0.064286,0,0.07438,0.07438,0,no
0.093525,0.090909,0.03642,0.055556,0.059524,0,0.041667,0.2,0.092857,0,0.107438,0.107438,0,no
0.122302,0.090909,0.050989,0.055556,0.083333,0,0.041667,0.2,0.121429,0,0.140496,0.140496,0,no
0.107914,0.090909,0.043704,0.055556,0.071429,0,0.041667,0.2,0.107143,0,0.123967,0.123967,0,no
0.079137,0.090909,0.029136,0.055556,0.047619,0,0.041667,0.2,0.078571,0,0.090909,0.090909,0,no
0.05036,0.090909,0.014568,0.055556,0.02381,0,0.041667,0.2,0.05,0,0.057851,0.057851,0,no
0.093525,0.090909,0.014568,0.111111,0.011905,0.02439,0.041667,0.2,0.092857,0,0.107438,0.107438,0,no
0.151079,0.181818,0.043704,0.055556,0,0,0.041667,0.2,0.15,0,0.173554,0.173554,0,no
0.129496,0.181818,0.03642,0.055556,0,0,0.041667,0.2,0.128571,0,0.14876,0.14876,0,no
0.158273,0.090909,0.021852,0.166667,0.011905,0.097561,0.041667,0.2,0.157143,0,0.181818,0.181818,0,no
0.316547,0.090909,0.050989,0.166667,0.047619,0.268293,0.041667,0.2,0.314286,0,0.363636,0.363636,0,no
0.100719,0.090909,0.007284,0.111111,0.011905,0.04878,0.041667,0.2,0.1,0,0.115702,0.115702,0,no
0.165468,0.454545,0.058273,0.055556,0.011905,0.073171,0.041667,0.2,0.164286,0,0.190083,0.190083,0,no
0.057554,0.181818,0.007284,0.055556,0,0,0.041667,0.2,0.057143,0,0.066116,0.066116,0,no
0.079137,0.545455,0.014568,0.055556,0.011905,0.02439,0.041667,0.2,0.078571,0,0.090909,0.090909,0,no
0.151079,0.090909,0.014568,0.055556,0.035714,0.121951,0.041667,0.2,0.15,0,0.173554,0.173554,0,no
0.093525,0,0.014568,0.111111,0.02381,0.04878,0.041667,0.2,0.092857,0,0.107438,0.107438,0,no
0.035971,0,0.007284,0.055556,0.011905,0,0.041667,0.2,0.035714,0,0.041322,0.041322,0,no
0.035971,0.090909,0.007284,0.055556,0.011905,0,0.041667,0.2,0.035714,0,0.041322,0.041322,0,no
0.093525,0.545455,0.007284,0.055556,0.011905,0.04878,0.041667,0.2,0.092857,0,0.107438,0.107438,0,no
0.122302,0.363636,0.014568,0.111111,0.011905,0.02439,0.041667,0.2,0.121429,0,0.140496,0.140496,0,no
0.179856,0.181818,0.029136,0.166667,0.02381,0.097561,0.041667,0.2,0.178571,0,0.206612,0.206612,0,no
0.093525,0,0.007284,0.055556,0.011905,0.073171,0.041667,0.2,0.092857,0,0.107438,0.107438,0,no
0.057554,0,0.007284,0.055556,0.011905,0.04878,0.041667,0.2,0.057143,0,0.066116,0.066116,0,no
0.079137,0,0.014568,0.055556,0.02381,0.02439,0.041667,0.2,0.078571,0,0.090909,0.090909,0,no
0.079137,0,0.014568,0.055556,0.02381,0.02439,0.041667,0.2,0.078571,0,0.090909,0.090909,0,no
0.079137,0,0.014568,0.055556,0.02381,0.02439,0.041667,0.2,0.078571,0,0.090909,0.090909,0,no
0.079137,0,0.014568,0.055556,0.02381,0.02439,0.041667,0.2,0.078571,0,0.090909,0.090909,0,no
0.079137,0,0.014568,0.055556,0.02381,0.02439,0.041667,0.2,0.078571,0,0.090909,0.090909,0,no
0.079137,0,0.014568,0.055556,0.02381,0.02439,0.041667,0.2,0.078571,0,0.090909,0.090909,0,no
0.079137,0,0.014568,0.055556,0.02381,0.02439,0.041667,0.2,0.078571,0,0.090909,0.090909,0,no
0.079137,0,0.014568,0.055556,0.02381,0.02439,0.041667,0.2,0.078571,0,0.090909,0.090909,0,no
0.079137,0,0.014568,0.055556,0.02381,0.02439,0.041667,0.2,0.078571,0,0.090909,0.090909,0,no
0.079137,0,0.014568,0.055556,0.02381,0.02439,0.041667,0.2,0.078571,0,0.090909,0.090909,0,no
0.100719,0,0.014568,0.055556,0.02381,0.04878,0.041667,0.2,0.1,0,0.115702,0.115702,0,no
0.079137,0.090909,0.014568,0.055556,0.02381,0.02439,0.041667,0.2,0.078571,0,0.090909,0.090909,0,no
0.079137,0.090909,0.014568,0.055556,0.02381,0.02439,0.041667,0.2,0.078571,0,0.090909,0.090909,0,no
0.079137,0.090909,0.014568,0.055556,0.02381,0.02439,0.041667,0.2,0.078571,0,0.090909,0.090909,0,no
0.079137,0.272727,0.014568,0.055556,0.02381,0.02439,0.041667,0.2,0.078571,0,0.090909,0.090909,0,no
0.079137,0.090909,0.014568,0.055556,0.02381,0.02439,0.041667,0.2,0.078571,0,0.090909,0.090909,0,no
0.079137,0.090909,0.014568,0.055556,0.02381,0.02439,0.041667,0.2,0.078571,0,0.090909,0.090909,0,no
0.079137,0.090909,0.014568,0.055556,0.02381,0.02439,0.041667,0.2,0.078571,0,0.090909,0.090909,0,no
0.079137,0.090909,0.014568,0.055556,0.02381,0.02439,0.041667,0.2,0.078571,0,0.090909,0.090909,0,no
0.079137,0.090909,0.014568,0.055556,0.02381,0.02439,0.041667,0.2,0.078571,0,0.090909,0.090909,0,no
0.079137,0.090909,0.014568,0.055556,0.02381,0.02439,0.041667,0.2,0.078571,0,0.090909,0.090909,0,no
0.079137,0.090909,0.014568,0.055556,0.02381,0.02439,0.041667,0.2,0.078571,0,0.090909,0.090909,0,no
0.079137,0.090909,0.014568,0.055556,0.02381,0.02439,0.041667,0.2,0.078571,0,0.090909,0.090909,0,no
0.086331,0,0.007284,0.111111,0.011905,0.073171,0.041667,0.2,0.085714,0,0.099174,0.099174,0,no
0.086331,0,0.007284,0.111111,0.011905,0.073171,0.041667,0.2,0.085714,0,0.099174,0.099174,0,no
0.086331,0,0.007284,0.111111,0.011905,0.073171,0.041667,0.2,0.085714,0,0.099174,0.099174,0,no
0.086331,0,0.007284,0.111111,0.011905,0.073171,0.041667,0.2,0.085714,0,0.099174,0.099174,0,no
0.086331,0,0.007284,0.111111,0.011905,0.073171,0.041667,0.2,0.085714,0,0.099174,0.099174,0,no
0.086331,0,0.007284,0.111111,0.011905,0.073171,0.041667,0.2,0.085714,0,0.099174,0.099174,0,no
0.086331,0,0.007284,0.111111,0.011905,0.073171,0.041667,0.2,0.085714,0,0.099174,0.099174,0,no
0.093525,0,0.021852,0.111111,0.059524,0.02439,0.041667,0.2,0.092857,0,0.107438,0.107438,0,no
0.086331,0,0.007284,0.111111,0.011905,0.073171,0.041667,0.2,0.085714,0,0.099174,0.099174,0,no
0.086331,0,0.007284,0.111111,0.011905,0.073171,0.041667,0.2,0.085714,0,0.099174,0.099174,0,no
0.071942,0,0.007284,0.055556,0.011905,0.02439,0.041667,0.2,0.071429,0,0.082645,0.082645,0,no
0.129496,0.090909,0.021852,0.111111,0.035714,0.02439,0.041667,0.2,0.128571,0,0.14876,0.14876,0,no
0.071942,0.090909,0.007284,0.055556,0.011905,0,0.041667,0.2,0.071429,0,0.082645,0.082645,0,no
0.179856,0.090909,0.072841,0.555556,0,0,0.041667,0.2,0.178571,0,0.206612,0.206612,0,no
0.028777,0,0.007284,0.055556,0.011905,0,0.041667,0.2,0.028571,0,0.033058,0.033058,0,no
0.035971,0.545455,0.007284,0,0,0,0.041667,0.2,0.035714,0,0.041322,0.041322,0,no
0.057554,0.181818,0.007284,0.055556,0,0,0.041667,0.2,0.057143,0,0.066116,0.066116,0,no
0.05036,0,0.007284,0.055556,0.011905,0.02439,0.041667,0.2,0.05,0,0.057851,0.057851,0,no
0.035971,0,0.007284,0.055556,0.011905,0,0.041667,0.2,0.035714,0,0.041322,0.041322,0,no
0.035971,0.090909,0.007284,0.055556,0.011905,0,0.041667,0.2,0.035714,0,0.041322,0.041322,0,no
0.280576,0,0.080125,0.055556,0.130952,0.02439,0.041667,0.2,0.278571,0,0.322314,0.322314,0,no
0.093525,0,0.014568,0.111111,0.011905,0.073171,0.041667,0.2,0.092857,0,0.107438,0.107438,0,no
0.071942,0,0.007284,0.055556,0.011905,0.04878,0.041667,0.2,0.071429,0,0.082645,0.082645,0,no
0.079137,0,0.014568,0.055556,0.02381,0.02439,0.041667,0.2,0.078571,0,0.090909,0.090909,0,no
0.057554,0.090909,0.007284,0.055556,0.011905,0.02439,0.041667,0.2,0.057143,0,0.066116,0.066116,0,no
0.057554,0.181818,0.007284,0.055556,0.011905,0.02439,0.041667,0.2,0.057143,0,0.066116,0.066116,0,no
0.244604,0.090909,0.072841,0.055556,0.119048,0,0.041667,0.2,0.242857,0,0.280992,0.280992,0,no
0.05036,0,0.007284,0.055556,0.02381,0.02439,0.041667,0.2,0.05,0,0.057851,0.057851,0,no
0.05036,0,0.007284,0.055556,0.02381,0.02439,0.041667,0.2,0.05,0,0.057851,0.057851,0,no
0.345324,0,0.072841,0.055556,0.178571,0.073171,0.041667,0.2,0.342857,0,0.396694,0.396694,0,no
0.071942,0,0.007284,0.055556,0.011905,0.04878,0.041667,0.2,0.071429,0,0.082645,0.082645,0,no
0.043165,0,0.007284,0.055556,0.02381,0,0.041667,0.2,0.042857,0,0.049587,0.049587,0,no
0.028777,0,0.007284,0.055556,0.011905,0,0.041667,0.2,0.028571,0,0.033058,0.033058,0,no
0.625899,0.181818,0.109261,0.166667,0.035714,0.097561,0.041667,0.2,0.621429,0,0.719008,0.719008,0,no
0.057554,0.090909,0.007284,0.055556,0.02381,0,0.041667,0.2,0.057143,0,0.066116,0.066116,0,no
0.258993,0.090909,0.080125,0.055556,0.035714,0,0.041667,0.2,0.257143,0,0.297521,0.297521,0,no
0.064748,0.090909,0.007284,0.055556,0,0,0.041667,0.2,0.064286,0,0.07438,0.07438,0,no
0.064748,0.090909,0.007284,0.055556,0,0,0.041667,0.2,0.064286,0,0.07438,0.07438,0,no
0.064748,0.090909,0.007284,0.055556,0.011905,0,0.041667,0.2,0.064286,0,0.07438,0.07438,0,no
0.043165,0.090909,0.007284,0.055556,0.011905,0,0.041667,0.2,0.042857,0,0.049587,0.049587,0,no
0.172662,0.090909,0.072841,0.055556,0,0,0.041667,0.2,0.171429,0,0.198347,0.198347,0,no
0.043165,0.090909,0.007284,0.055556,0.011905,0,0.041667,0.2,0.042857,0,0.049587,0.049587,0,no
0.057554,0.090909,0.014568,0.055556,0,0,0.041667,0.2,0.057143,0,0.066116,0.066116,0,no
0.338129,0.181818,0.080125,0.555556,0.011905,0.170732,0.041667,0.2,0.335714,0,0.38843,0.38843,0,no
0.352518,0.090909,0.101977,0.166667,0.035714,0.097561,0.041667,0.2,0.35,0,0.404959,0.404959,0,no
0.215827,0.272727,0.080125,0.111111,0,0,0.041667,0.2,0.214286,0,0.247934,0.247934,0,no
0.035971,0.181818,0.007284,0.055556,0.011905,0,0.041667,0.2,0.035714,0,0.041322,0.041322,0,no
0.035971,0.181818,0.007284,0.055556,0.011905,0,0.041667,0.2,0.035714,0,0.041322,0.041322,0,no
0.035971,0.181818,0.007284,0.055556,0.011905,0,0.041667,0.2,0.035714,0,0.041322,0.041322,0,no
0.035971,0.181818,0.007284,0.055556,0.011905,0,0.041667,0.2,0.035714,0,0.041322,0.041322,0,no
0.05036,0.181818,0.014568,0.055556,0.02381,0,0.041667,0.2,0.05,0,0.057851,0.057851,0,no
0.05036,0.181818,0.014568,0.055556,0.02381,0,0.041667,0.2,0.05,0,0.057851,0.057851,0,no
0.05036,0.181818,0.014568,0.055556,0.02381,0,0.041667,0.2,0.05,0,0.057851,0.057851,0,no
0.05036,0.181818,0.014568,0.055556,0.02381,0,0.041667,0.2,0.05,0,0.057851,0.057851,0,no
0.035971,0.181818,0.007284,0.055556,0.011905,0,0.041667,0.2,0.035714,0,0.041322,0.041322,0,no
0.035971,0.181818,0.007284,0.055556,0.011905,0,0.041667,0.2,0.035714,0,0.041322,0.041322,0,no
0.035971,0.181818,0.007284,0.055556,0.011905,0,0.041667,0.2,0.035714,0,0.041322,0.041322,0,no
0.035971,0.181818,0.007284,0.055556,0.011905,0,0.041667,0.2,0.035714,0,0.041322,0.041322,0,no
0.035971,0.181818,0.007284,0.055556,0.011905,0,0.041667,0.2,0.035714,0,0.041322,0.041322,0,no
0.035971,0.181818,0.007284,0.055556,0.011905,0,0.041667,0.2,0.035714,0,0.041322,0.041322,0,no
0.035971,0.181818,0.007284,0.055556,0.011905,0,0.041667,0.2,0.035714,0,0.041322,0.041322,0,no
0.035971,0.181818,0.007284,0.055556,0.011905,0,0.041667,0.2,0.035714,0,0.041322,0.041322,0,no
0.093525,0.090909,0.021852,0.055556,0.047619,0.073171,0.041667,0.2,0.092857,0,0.107438,0.107438,0,no
0.043165,0.181818,0.007284,0.055556,0.011905,0,0.041667,0.2,0.042857,0,0.049587,0.049587,0,no
0.043165,0.181818,0.007284,0.055556,0.011905,0,0.041667,0.2,0.042857,0,0.049587,0.049587,0,no
0.043165,0.272727,0.007284,0.055556,0,0,0.041667,0.2,0.042857,0,0.049587,0.049587,0,no
0.043165,0.181818,0.014568,0.055556,0.011905,0,0.041667,0.2,0.042857,0,0.049587,0.049587,0,no
0.043165,0.181818,0.014568,0.055556,0.011905,0,0.041667,0.2,0.042857,0,0.049587,0.049587,0,no
0.035971,0.090909,0.007284,0.055556,0.011905,0,0.041667,0.2,0.035714,0,0.041322,0.041322,0,no
0.035971,0,0.007284,0.055556,0.011905,0,0.041667,0.2,0.035714,0,0.041322,0.041322,0,no
0.035971,0,0.007284,0.055556,0.011905,0,0.041667,0.2,0.035714,0,0.041322,0.041322,0,no
0.05036,0.090909,0.014568,0.055556,0.02381,0,0.041667,0.2,0.05,0,0.057851,0.057851,0,no
0.05036,0.090909,0.014568,0.055556,0.02381,0,0.041667,0.2,0.05,0,0.057851,0.057851,0,no
0.381295,0.272727,0.094693,0.111111,0,0.02439,0.041667,0.2,0.378571,0,0.438017,0.438017,0,no
0.086331,0.090909,0.014568,0.055556,0.011905,0.097561,0.041667,0.2,0.085714,0,0.099174,0.099174,0,no
0.093525,0.272727,0.021852,0.055556,0,0.04878,0.041667,0.2,0.092857,0,0.107438,0.107438,0,no
0.093525,0.272727,0.021852,0.055556,0,0.04878,0.041667,0.2,0.092857,0,0.107438,0.107438,0,no
0.093525,0.272727,0.021852,0.055556,0,0.04878,0.041667,0.2,0.092857,0,0.107438,0.107438,0,no
0.107914,0.181818,0.029136,0.055556,0.011905,0.02439,0.041667,0.2,0.107143,0,0.123967,0.123967,0,no
0.079137,0.090909,0.014568,0.055556,0.035714,0.073171,0.041667,0.2,0.078571,0,0.090909,0.090909,0,no
0.064748,0.090909,0.014568,0.055556,0.02381,0.04878,0.041667,0.2,0.064286,0,0.07438,0.07438,0,no
0.043165,0.090909,0.007284,0.055556,0.011905,0.02439,0.041667,0.2,0.042857,0,0.049587,0.049587,0,no
0.086331,0.272727,0.014568,0.055556,0.011905,0,0.041667,0.2,0.085714,0,0.099174,0.099174,0,no
0.115108,0.090909,0.029136,0.055556,0.011905,0.04878,0.041667,0.2,0.114286,0,0.132231,0.132231,0,no
0.071942,0.090909,0.014568,0.055556,0.035714,0.04878,0.041667,0.2,0.071429,0,0.082645,0.082645,0,no
0.079137,0.181818,0.007284,0.055556,0.011905,0.073171,0.041667,0.2,0.078571,0,0.090909,0.090909,0,no
0.230216,0.181818,0.058273,0.166667,0.047619,0.146341,0.041667,0.2,0.228571,0,0.264463,0.264463,0,no
0.201439,0.090909,0.050989,0.166667,0.047619,0.146341,0.041667,0.2,0.2,0,0.231405,0.231405,0,no
0.244604,0.090909,0.072841,0.111111,0.011905,0.04878,0.041667,0.2,0.242857,0,0.280992,0.280992,0,no
0.05036,0.090909,0.007284,0.055556,0.02381,0.02439,0.041667,0.2,0.05,0,0.057851,0.057851,0,no
0.05036,0.090909,0.014568,0.055556,0.02381,0,0.041667,0.2,0.05,0,0.057851,0.057851,0,no
0.035971,0,0.007284,0.055556,0.011905,0,0.041667,0.2,0.035714,0,0.041322,0.041322,0,no
0.035971,0,0.007284,0.055556,0.011905,0,0.041667,0.2,0.035714,0,0.041322,0.041322,0,no
0.035971,0,0.007284,0.055556,0.011905,0,0.041667,0.2,0.035714,0,0.041322,0.041322,0,no
0.035971,0,0.007284,0.055556,0.011905,0,0.041667,0.2,0.035714,0,0.041322,0.041322,0,no
0.035971,0,0.007284,0.055556,0.011905,0,0.041667,0.2,0.035714,0,0.041322,0.041322,0,no
0.115108,0,0.050989,0.055556,0,0,0.041667,0.2,0.114286,0,0.132231,0.132231,0,no
0.115108,0,0.043704,0.055556,0,0,0.041667,0.2,0.114286,0,0.132231,0.132231,0,no
0.057554,0,0.014568,0.055556,0.011905,0,0.041667,0.2,0.057143,0,0.066116,0.066116,0,no
0.143885,0,0.050989,0.111111,0,0,0.041667,0.2,0.142857,0,0.165289,0.165289,0,no
0.107914,0.272727,0.029136,0.055556,0.035714,0.073171,0.041667,0.2,0.107143,0,0.123967,0.123967,0,no
0.043165,0.181818,0.007284,0.055556,0.011905,0,0.041667,0.2,0.042857,0,0.049587,0.049587,0,no
0.043165,0.181818,0.007284,0.055556,0.011905,0,0.041667,0.2,0.042857,0,0.049587,0.049587,0,no
0.071942,0.090909,0.014568,0.055556,0.035714,0.04878,0.041667,0.2,0.071429,0,0.082645,0.082645,0,no
0.143885,0.181818,0.03642,0.111111,0.02381,0.04878,0.041667,0.2,0.142857,0,0.165289,0.165289,0,no
0.071942,0.090909,0.014568,0.055556,0.035714,0.04878,0.041667,0.2,0.071429,0,0.082645,0.082645,0,no
0.057554,0.181818,0.014568,0.055556,0,0.04878,0.041667,0.2,0.057143,0,0.066116,0.066116,0,no
0.330935,0.272727,0.109261,0.111111,0,0,0.041667,0.2,0.328571,0,0.380165,0.380165,0,no
0.035971,0.181818,0.007284,0.055556,0.011905,0,0.041667,0.2,0.035714,0,0.041322,0.041322,0,no
0.035971,0.181818,0.007284,0.055556,0.011905,0,0.041667,0.2,0.035714,0,0.041322,0.041322,0,no
0.035971,0.181818,0.007284,0.055556,0.011905,0,0.041667,0.2,0.035714,0,0.041322,0.041322,0,no
0.035971,0.181818,0.007284,0.055556,0.011905,0,0.041667,0.2,0.035714,0,0.041322,0.041322,0,no
0.035971,0.181818,0.007284,0.055556,0.011905,0,0.041667,0.2,0.035714,0,0.041322,0.041322,0,no
0.035971,0.181818,0.007284,0.055556,0.011905,0,0.041667,0.2,0.035714,0,0.041322,0.041322,0,no
0.035971,0.181818,0.007284,0.055556,0.011905,0,0.041667,0.2,0.035714,0,0.041322,0.041322,0,no
0.035971,0.181818,0.007284,0.055556,0.011905,0,0.041667,0.2,0.035714,0,0.041322,0.041322,0,no
0.035971,0.181818,0.007284,0.055556,0.011905,0,0.041667,0.2,0.035714,0,0.041322,0.041322,0,no
0.035971,0.181818,0.007284,0.055556,0.011905,0,0.041667,0.2,0.035714,0,0.041322,0.041322,0,no
0.035971,0.181818,0.007284,0.055556,0.011905,0,0.041667,0.2,0.035714,0,0.041322,0.041322,0,no
0.035971,0.181818,0.007284,0.055556,0.011905,0,0.041667,0.2,0.035714,0,0.041322,0.041322,0,no
0.035971,0.181818,0.007284,0.055556,0.011905,0,0.041667,0.2,0.035714,0,0.041322,0.041322,0,no
0.035971,0.181818,0.007284,0.055556,0.011905,0,0.041667,0.2,0.035714,0,0.041322,0.041322,0,no
0.035971,0.181818,0.007284,0.055556,0.011905,0,0.041667,0.2,0.035714,0,0.041322,0.041322,0,no
0.035971,0.181818,0.007284,0.055556,0.011905,0,0.041667,0.2,0.035714,0,0.041322,0.041322,0,no
0.035971,0.181818,0.007284,0.055556,0.011905,0,0.041667,0.2,0.035714,0,0.041322,0.041322,0,no
0.035971,0.181818,0.007284,0.055556,0.011905,0,0.041667,0.2,0.035714,0,0.041322,0.041322,0,no
0.035971,0.181818,0.007284,0.055556,0.011905,0,0.041667,0.2,0.035714,0,0.041322,0.041322,0,no
0.035971,0.181818,0.007284,0.055556,0.011905,0,0.041667,0.2,0.035714,0,0.041322,0.041322,0,no
0.035971,0.181818,0.007284,0.055556,0.011905,0,0.041667,0.2,0.035714,0,0.041322,0.041322,0,no
0.035971,0.181818,0.007284,0.055556,0.011905,0,0.041667,0.2,0.035714,0,0.041322,0.041322,0,no
0.035971,0.181818,0.007284,0.055556,0.011905,0,0.041667,0.2,0.035714,0,0.041322,0.041322,0,no
0.035971,0.181818,0.007284,0.055556,0.011905,0,0.041667,0.2,0.035714,0,0.041322,0.041322,0,no
0.035971,0.181818,0.007284,0.055556,0.011905,0,0.041667,0.2,0.035714,0,0.041322,0.041322,0,no
0.035971,0.181818,0.007284,0.055556,0.011905,0,0.041667,0.2,0.035714,0,0.041322,0.041322,0,no
0.035971,0.181818,0.007284,0.055556,0.011905,0,0.041667,0.2,0.035714,0,0.041322,0.041322,0,no
0.035971,0.181818,0.007284,0.055556,0.011905,0,0.041667,0.2,0.035714,0,0.041322,0.041322,0,no
0.086331,0.272727,0.029136,0.055556,0.011905,0,0.041667,0.2,0.085714,0,0.099174,0.099174,0,no
0.201439,0,0.029136,0.166667,0.02381,0.121951,0.041667,0.2,0.2,0,0.231405,0.231405,0,no
0.064748,0.181818,0.007284,0.055556,0.011905,0.02439,0.041667,0.2,0.064286,0,0.07438,0.07438,0,no
0.23741,0.090909,0.065557,0.166667,0.02381,0.097561,0.041667,0.2,0.235714,0,0.272727,0.272727,0,no
0.064748,0,0.007284,0.055556,0.011905,0.02439,0.041667,0.2,0.064286,0,0.07438,0.07438,0,no
0.064748,0.181818,0.007284,0.055556,0,0.02439,0.041667,0.2,0.064286,0,0.07438,0.07438,0,no
0.057554,0.363636,0.007284,0.055556,0,0,0.041667,0.2,0.057143,0,0.066116,0.066116,0,no
0.021583,0.090909,0.007284,0,0,0,0.041667,0.2,0.021429,0,0.024793,0.024793,0,no
0.273381,0.454545,0.065557,0.166667,0.035714,0.121951,0.041667,0.2,0.271429,0,0.31405,0.31405,0,no
0.035971,0.272727,0.007284,0.055556,0.011905,0,0.041667,0.2,0.035714,0,0.041322,0.041322,0,no
0.05036,0.090909,0.014568,0.055556,0.02381,0,0.041667,0.2,0.05,0,0.057851,0.057851,0,no
0.035971,0,0.007284,0.055556,0.011905,0,0.041667,0.2,0.035714,0,0.041322,0.041322,0,no
0.035971,0.090909,0.007284,0.055556,0.011905,0,0.041667,0.2,0.035714,0,0.041322,0.041322,0,no
0.136691,0.181818,0.029136,0.111111,0.059524,0.097561,0.041667,0.2,0.135714,0,0.157025,0.157025,0,no
0.079137,0.272727,0.014568,0.055556,0.02381,0.02439,0.041667,0.2,0.078571,0,0.090909,0.090909,0,no
0.079137,0,0.021852,0.055556,0.02381,0,0.041667,0.2,0.078571,0,0.090909,0.090909,0,no
0.215827,0.181818,0.072841,0.111111,0.071429,0.04878,0.041667,0.2,0.214286,0,0.247934,0.247934,0,no
0.035971,0,0.007284,0.055556,0.011905,0,0.041667,0.2,0.035714,0,0.041322,0.041322,0,no
0.100719,0.181818,0.021852,0.111111,0.02381,0.02439,0.041667,0.2,0.1,0,0.115702,0.115702,0,no
0.266187,0.181818,0.058273,0.111111,0.071429,0.170732,0.083333,0.4,0.264286,0,0.297521,0.152893,1,no
0.201439,0.181818,0.03642,0.055556,0.059524,0.121951,0.041667,0.2,0.2,0,0.231405,0.231405,0,no
0.093525,0,0.021852,0.166667,0,0,0.041667,0.2,0.092857,0,0.107438,0.107438,0,no
0.086331,0.090909,0.043704,0.055556,0.059524,0.02439,0.041667,0.2,0.085714,0,0.099174,0.099174,0,no
0.035971,0,0.014568,0,0,0.02439,0.041667,0.2,0.035714,0,0.041322,0.041322,0,no
0.093525,0.090909,0.029136,0.055556,0.02381,0.02439,0.041667,0.2,0.092857,0,0.107438,0.107438,0,no
0.043165,0.090909,0.007284,0.055556,0,0,0.041667,0.2,0.042857,0,0.049587,0.049587,0,no
0.035971,0.090909,0.007284,0.055556,0.011905,0,0.041667,0.2,0.035714,0,0.041322,0.041322,0,no
0.035971,0.363636,0.007284,0.055556,0.011905,0,0.041667,0.2,0.035714,0,0.041322,0.041322,0,no
0.402878,0.454545,0.080125,0.111111,0.095238,0.097561,0.083333,0.4,0.407143,0.010309,0.46281,0.239669,1,no
0.035971,0.181818,0.007284,0.055556,0.011905,0,0.041667,0.2,0.035714,0,0.041322,0.041322,0,no
0.035971,0.454545,0.007284,0.055556,0.011905,0,0.041667,0.2,0.035714,0,0.041322,0.041322,0,no
0.115108,0.545455,0.014568,0.111111,0,0,0.041667,0.2,0.114286,0,0.132231,0.132231,0,no
0.122302,0,0.021852,0.055556,0.035714,0.04878,0.041667,0.2,0.121429,0,0.140496,0.140496,0,no
0.18705,0.181818,0.050989,0.055556,0.083333,0.04878,0.041667,0.2,0.185714,0,0.214876,0.214876,0,no
0.539568,0.181818,0.145682,0.166667,0.083333,0.195122,0.041667,0.2,0.535714,0,0.619835,0.619835,0,no
0.115108,0,0.029136,0.055556,0.047619,0.02439,0.041667,0.2,0.114286,0,0.132231,0.132231,0,no
0.05036,0,0.007284,0.055556,0,0,0.041667,0.2,0.05,0,0.057851,0.057851,0,no
0.266187,0,0.043704,0.166667,0.011905,0.268293,0.125,0.6,0.271429,0.010309,0.297521,0.107438,1,no
0.064748,0.090909,0.007284,0.055556,0.011905,0.097561,0.041667,0.2,0.064286,0,0.07438,0.07438,0,no
0.151079,0.090909,0.014568,0.055556,0,0.146341,0.166667,0.8,0.157143,0.010309,0.157025,0.047521,1,no
0.244604,0,0.029136,0.111111,0.02381,0.170732,0.208333,0.8,0.257143,0.020619,0.272727,0.06281,1,no
0.071942,0.090909,0.021852,0.111111,0.011905,0.02439,0.041667,0.2,0.071429,0,0.082645,0.082645,0,no
0.115108,0.454545,0.021852,0.111111,0.011905,0.121951,0.166667,0.6,0.121429,0.010309,0.115702,0.03719,1,no
0.100719,0.454545,0.014568,0.055556,0.02381,0.04878,0.083333,0.4,0.107143,0.010309,0.123967,0.066116,0,no
0.179856,0.181818,0.03642,0.222222,0.011905,0.04878,0.083333,0.4,0.178571,0,0.190083,0.103306,1,no
0.079137,0.090909,0.029136,0.055556,0.02381,0.02439,0.083333,0.4,0.085714,0.010309,0.090909,0.053719,1,no
0.035971,0,0.007284,0.055556,0,0,0.041667,0.2,0.035714,0,0.041322,0.041322,1,no
0.086331,0,0.021852,0.166667,0,0.04878,0.041667,0.2,0.085714,0,0.099174,0.099174,0,no
0.064748,0.272727,0.007284,0.055556,0,0.02439,0.041667,0.2,0.064286,0,0.07438,0.07438,0,no
0.079137,0.090909,0.014568,0.111111,0,0.073171,0.041667,0.2,0.078571,0,0.090909,0.090909,0,no
0.071942,0.090909,0.007284,0.055556,0,0.02439,0.041667,0.2,0.071429,0,0.082645,0.082645,0,no
0.100719,0.545455,0.014568,0.055556,0,0,0.041667,0.2,0.1,0,0.115702,0.115702,0,no
0.208633,0,0.021852,0.166667,0.035714,0.365854,0.083333,0.4,0.214286,0.010309,0.239669,0.128099,0,no
0.251799,0.090909,0.007284,0.055556,0,0.146341,0.083333,0.4,0.25,0,0.165289,0.144628,0,no
0.035971,0,0.007284,0.055556,0.011905,0,0.041667,0.2,0.035714,0,0.041322,0.041322,0,no
0.043165,0,0.007284,0.055556,0.02381,0,0.041667,0.2,0.042857,0,0.049587,0.049587,0,no
0.035971,0,0.007284,0.055556,0,0,0.041667,0.2,0.035714,0,0.041322,0.041322,0,no
0.071942,0,0.014568,0.055556,0,0.02439,0.083333,0.4,0.078571,0.010309,0.082645,0.049587,0,no
0.057554,0,0.021852,0.055556,0.035714,0,0.041667,0.2,0.057143,0,0.066116,0.066116,0,no
0.273381,0,0.094693,0.111111,0.119048,0.097561,0.083333,0.4,0.278571,0.010309,0.31405,0.165289,0,no
0.057554,0.090909,0.014568,0.055556,0.02381,0.02439,0.041667,0.2,0.057143,0,0.066116,0.066116,0,no
0.057554,0,0.014568,0.055556,0.02381,0.02439,0.041667,0.2,0.057143,0,0.066116,0.066116,0,no
0.309353,0.272727,0.058273,0.111111,0.011905,0.170732,0.041667,0.2,0.307143,0,0.355372,0.355372,0,no
0.143885,0.272727,0.03642,0.055556,0.011905,0,0.041667,0.2,0.142857,0,0.165289,0.165289,0,no
0.064748,0.181818,0.007284,0.055556,0.011905,0.04878,0.208333,0.8,0.135714,0.103093,0.099174,0.047934,1,no
0.057554,0,0.007284,0.055556,0.011905,0.02439,0.208333,0.8,0.121429,0.092784,0.099174,0.042975,1,no
0.122302,0.272727,0.03642,0.055556,0.011905,0,0.041667,0.2,0.121429,0,0.140496,0.140496,0,no
0.143885,0.272727,0.03642,0.055556,0.011905,0,0.041667,0.2,0.142857,0,0.165289,0.165289,0,no
0.143885,0.181818,0.014568,0.111111,0,0.02439,0.041667,0.2,0.142857,0,0.165289,0.165289,0,no
0.122302,0,0.014568,0.111111,0,0.02439,0.041667,0.2,0.121429,0,0.140496,0.140496,0,no
0.244604,0.272727,0.043704,0.166667,0.02381,0.02439,0.041667,0.2,0.242857,0,0.280992,0.280992,1,no
0.079137,0.454545,0.014568,0.055556,0,0.02439,0.041667,0.2,0.078571,0,0.090909,0.090909,0,no
0.079137,0.181818,0.007284,0.055556,0,0,0.166667,0.4,0.121429,0.061856,0.099174,0.047521,0,no
0.057554,0,0.007284,0.055556,0,0,0.125,0.4,0.15,0.134021,0.173554,0.093664,1,no
0.05036,0.363636,0.007284,0.055556,0,0.02439,0.125,0.4,0.157143,0.154639,0.165289,0.101928,1,no
0.251799,0.181818,0.065557,0.222222,0.02381,0.097561,0.125,0.6,0.25,0,0.239669,0.096419,0,no
0.05036,0.181818,0.007284,0.055556,0,0,0.041667,0.2,0.05,0,0.057851,0.057851,0,no
0.122302,0.545455,0.029136,0.111111,0,0.073171,0.166667,0.4,0.15,0.041237,0.123967,0.051653,1,no
0.05036,0.545455,0.007284,0.055556,0,0,0.125,0.4,0.064286,0.020619,0.057851,0.030303,0,no
0.107914,0.181818,0.021852,0.111111,0.02381,0.04878,0.083333,0.4,0.114286,0.010309,0.123967,0.070248,0,no
0.064748,0.272727,0.007284,0.055556,0,0.04878,0.125,0.6,0.078571,0.020619,0.082645,0.035813,1,no
0.071942,0.363636,0.007284,0.055556,0.011905,0.02439,0.166667,0.4,0.207143,0.195876,0.206612,0.099174,1,no
0.115108,0.454545,0.007284,0.055556,0,0,0.083333,0.4,0.121429,0.010309,0.132231,0.07438,0,no
0.043165,0.181818,0.007284,0.055556,0.059524,0,0.041667,0.2,0.042857,0,0.049587,0.049587,0,no
0.064748,0.363636,0.007284,0.055556,0,0.02439,0.083333,0.2,0.114286,0.072165,0.132231,0.095041,0,no
0.273381,0.363636,0.072841,0.333333,0.071429,0.097561,0.125,0.2,0.278571,0.010309,0.272727,0.110193,1,no
0.079137,0.363636,0.014568,0.055556,0,0,0.083333,0.2,0.085714,0.010309,0.090909,0.053719,0,no
0.086331,0.272727,0.014568,0.055556,0,0,0.083333,0.4,0.092857,0.010309,0.099174,0.057851,0,no
0.230216,0.181818,0.050989,0.111111,0,0.02439,0.125,0.4,0.228571,0,0.22314,0.088154,1,no
0.093525,0.090909,0.007284,0.055556,0,0.04878,0.041667,0.2,0.092857,0,0.107438,0.107438,0,no
0.115108,0.090909,0.029136,0.055556,0,0.02439,0.125,0.4,0.121429,0.010309,0.107438,0.049587,1,no
0.035971,0.272727,0.007284,0.055556,0,0.02439,0.041667,0.2,0.035714,0,0.041322,0.041322,0,no
0.086331,0.181818,0.007284,0.055556,0,0,0.041667,0.2,0.085714,0,0.099174,0.099174,0,no
0.093525,0.090909,0.014568,0.111111,0.011905,0.04878,0.041667,0.2,0.092857,0,0.107438,0.107438,0,no
0.136691,0.181818,0.029136,0.166667,0.035714,0.04878,0.041667,0.2,0.135714,0,0.157025,0.157025,0,no
0.122302,0,0.007284,0.111111,0,0,0.041667,0.2,0.121429,0,0.140496,0.140496,0,no
0.086331,0.090909,0.014568,0.111111,0,0.04878,0.041667,0.2,0.085714,0,0.099174,0.099174,0,no
0.100719,0.181818,0.021852,0.055556,0.011905,0.04878,0.041667,0.2,0.1,0,0.115702,0.115702,0,no
0.136691,0.181818,0.029136,0.111111,0.011905,0.02439,0.041667,0.2,0.135714,0,0.157025,0.157025,0,no
0.086331,0.181818,0.007284,0.111111,0,0,0.041667,0.2,0.085714,0,0.099174,0.099174,0,no
0.093525,0.272727,0.007284,0.055556,0.035714,0.04878,0.041667,0.2,0.092857,0,0.107438,0.107438,0,no
0.215827,0.181818,0.043704,0.111111,0.035714,0.073171,0.041667,0.2,0.214286,0,0.247934,0.247934,0,no
0.093525,0.090909,0.014568,0.055556,0,0.04878,0.041667,0.2,0.092857,0,0.107438,0.107438,0,no
0.129496,0.181818,0.007284,0.111111,0.011905,0,0.041667,0.2,0.128571,0,0.14876,0.14876,0,no
0.071942,0.181818,0.007284,0.055556,0.011905,0.02439,0.041667,0.2,0.071429,0,0.082645,0.082645,0,no
0.035971,0.090909,0.007284,0.055556,0.011905,0,0.041667,0.2,0.035714,0,0.041322,0.041322,0,no
0.107914,0,0.021852,0.111111,0,0.04878,0.041667,0.2,0.107143,0,0.123967,0.123967,0,no
0.057554,0.181818,0.007284,0.055556,0,0.02439,0.041667,0.2,0.057143,0,0.066116,0.066116,1,no
0.057554,0.181818,0.007284,0.055556,0.011905,0.02439,0.041667,0.2,0.057143,0,0.066116,0.066116,0,no
0.057554,0.181818,0.007284,0.055556,0.011905,0.02439,0.041667,0.2,0.057143,0,0.066116,0.066116,0,no
0.410072,0.272727,0.087409,0.277778,0.011905,0.195122,0.125,0.2,0.421429,0.020619,0.479339,0.168044,1,no
0.093525,0.090909,0.014568,0.055556,0.011905,0.073171,0.041667,0.2,0.092857,0,0.107438,0.107438,0,no
0.086331,0.272727,0.014568,0.055556,0.011905,0.04878,0.041667,0.2,0.085714,0,0.099174,0.099174,0,no
0.079137,0.181818,0.014568,0.055556,0.011905,0.02439,0.041667,0.2,0.078571,0,0.090909,0.090909,0,no
0.035971,0.090909,0.007284,0.055556,0,0.02439,0.041667,0.2,0.035714,0,0.041322,0.041322,0,no
0.071942,0.181818,0.021852,0.055556,0.02381,0,0.041667,0.2,0.071429,0,0.082645,0.082645,0,no
0.043165,0.181818,0.007284,0.055556,0,0,0.041667,0.2,0.042857,0,0.049587,0.049587,0,no
0.071942,0.181818,0.014568,0.055556,0,0.02439,0.041667,0.2,0.071429,0,0.082645,0.082645,0,no
0.071942,0.090909,0.014568,0.055556,0,0.02439,0.041667,0.2,0.071429,0,0.082645,0.082645,0,no
0.071942,0.090909,0.014568,0.055556,0.011905,0,0.041667,0.2,0.071429,0,0.082645,0.082645,0,no
0.107914,0.090909,0.014568,0.055556,0.011905,0.04878,0.041667,0.2,0.107143,0,0.123967,0.123967,0,no
0.071942,0.090909,0.014568,0.111111,0,0,0.041667,0.2,0.071429,0,0.082645,0.082645,0,no
0.071942,0.090909,0.021852,0.166667,0,0,0.041667,0.2,0.071429,0,0.082645,0.082645,0,no
0.143885,0.090909,0.021852,0.055556,0,0.04878,0.125,0.4,0.142857,0,0.14876,0.055096,1,no
0.23741,0.090909,0.065557,0.222222,0.011905,0.073171,0.041667,0.2,0.235714,0,0.272727,0.272727,0,no
0.093525,0.090909,0.014568,0.055556,0,0,0.041667,0.2,0.092857,0,0.107438,0.107438,0,no
0.035971,0.090909,0.007284,0.055556,0.011905,0,0.041667,0.2,0.035714,0,0.041322,0.041322,0,no
0.086331,0,0.007284,0.055556,0,0.02439,0.041667,0.2,0.007143,0.010309,0.016529,0.016529,0,no
0.18705,0.090909,0.021852,0.055556,0.011905,0.04878,0.041667,0.2,0.185714,0,0.214876,0.214876,0,no
0.100719,0.090909,0.014568,0.055556,0.011905,0,0.041667,0.2,0.1,0,0.115702,0.115702,0,no
0.043165,0.181818,0.007284,0.055556,0,0,0.083333,0.4,0.05,0.010309,0.049587,0.033058,1,no
0.143885,0.181818,0.029136,0.055556,0.011905,0.04878,0.041667,0.2,0.142857,0,0.165289,0.165289,0,no
0.05036,0.272727,0.007284,0.055556,0.011905,0,0.041667,0.2,0.05,0,0.057851,0.057851,0,no
0.05036,0,0.007284,0.055556,0,0.073171,0.041667,0.2,0.05,0,0.057851,0.057851,0,no
0.330935,0.181818,0.065557,0.166667,0.047619,0.146341,0.083333,0.2,0.328571,0,0.272727,0.190083,0,no
0.158273,0.090909,0.029136,0.055556,0,0,0.041667,0.2,0.157143,0,0.181818,0.181818,0,no
0.18705,0,0.021852,0.055556,0,0.02439,0.041667,0.2,0.185714,0,0.214876,0.214876,0,no
0.071942,0.090909,0.014568,0.055556,0,0.02439,0.041667,0.2,0.071429,0,0.082645,0.082645,0,no
0.086331,0,0.007284,0.055556,0,0.04878,0.041667,0.2,0.085714,0,0.099174,0.099174,0,no
0.122302,0.090909,0.014568,0.055556,0,0.04878,0.041667,0.2,0.121429,0,0.140496,0.140496,0,no
0.100719,0.090909,0.014568,0.111111,0.011905,0.02439,0.041667,0.2,0.1,0,0.115702,0.115702,0,no
0.143885,0.090909,0.029136,0.111111,0,0.02439,0.041667,0.2,0.142857,0,0.165289,0.165289,0,no
0.107914,0.181818,0.014568,0.055556,0.011905,0.02439,0.041667,0.2,0.107143,0,0.123967,0.123967,0,no
0.100719,0.090909,0.014568,0.055556,0,0,0.041667,0.2,0.1,0,0.115702,0.115702,0,no
0.064748,0.181818,0.014568,0.055556,0.011905,0,0.041667,0.2,0.021429,0,0.024793,0.024793,1,no
0.079137,0.181818,0.021852,0.055556,0.035714,0,0,0,0,0,0,0,0,no
0.057554,0,0.007284,0.055556,0.011905,0,0.041667,0.2,0.021429,0,0.024793,0.024793,0,no
0.223022,0.090909,0.043704,0.166667,0.011905,0.073171,0.041667,0.2,0.014286,0,0.016529,0.016529,0,no
0.064748,0.272727,0.007284,0.055556,0,0.02439,0.041667,0.2,0.064286,0,0.07438,0.07438,0,no
0.093525,0,0.021852,0.111111,0,0.04878,0.041667,0.2,0.092857,0,0.107438,0.107438,0,no
0.122302,0.090909,0.021852,0.055556,0,0.073171,0.041667,0.2,0.121429,0,0.140496,0.140496,0,no
0.057554,0.090909,0.007284,0.055556,0,0.02439,0.041667,0.2,0.057143,0,0.066116,0.066116,0,no
0.086331,0.090909,0.014568,0.111111,0,0.04878,0.041667,0.2,0.085714,0,0.099174,0.099174,0,no
0.136691,0.181818,0.029136,0.111111,0.011905,0.073171,0.041667,0.2,0.135714,0,0.157025,0.157025,0,no
0.151079,0.272727,0.03642,0.166667,0,0.04878,0.041667,0.2,0.15,0,0.173554,0.173554,0,no
0.064748,0.090909,0.007284,0.055556,0,0.02439,0.041667,0.2,0.064286,0,0.07438,0.07438,0,no
0.057554,0.272727,0.007284,0.055556,0,0.02439,0.041667,0.2,0.057143,0,0.066116,0.066116,1,no
0.158273,0.272727,0.007284,0.055556,0.011905,0.073171,0.125,0.2,0.192857,0.051546,0.214876,0.088154,1,no
0.086331,0.272727,0.014568,0.111111,0,0.04878,0.083333,0.2,0.471429,0.556701,0.545455,0.495868,0,no
0.100719,0.272727,0.014568,0.111111,0,0.04878,0.041667,0.2,0.1,0,0.115702,0.115702,1,no
0.215827,0.272727,0.029136,0.055556,0,0.073171,0.041667,0.2,0.214286,0,0.247934,0.247934,0,no
0.093525,0,0.021852,0.111111,0,0.04878,0.041667,0.2,0.092857,0,0.107438,0.107438,0,no
0.122302,0.090909,0.021852,0.055556,0,0.073171,0.041667,0.2,0.121429,0,0.140496,0.140496,0,no
0.122302,0.090909,0.021852,0.166667,0,0.04878,0.041667,0.2,0.121429,0,0.140496,0.140496,0,no
0.064748,0.181818,0.007284,0.055556,0.011905,0.02439,0.041667,0.2,0.064286,0,0.07438,0.07438,0,no
0.151079,0.272727,0.03642,0.166667,0,0.04878,0.041667,0.2,0.15,0,0.173554,0.173554,0,no
0.064748,0.090909,0.007284,0.055556,0,0.02439,0.041667,0.2,0.064286,0,0.07438,0.07438,0,no
0.071942,0.272727,0.007284,0.055556,0,0.073171,0.041667,0.2,0.071429,0,0.082645,0.082645,1,no
0.165468,0.090909,0.014568,0.111111,0,0.073171,0.041667,0.2,0.164286,0,0.190083,0.190083,1,no
0.057554,0.181818,0.007284,0.055556,0,0,0.041667,0.2,0.057143,0,0.066116,0.066116,1,no
0.057554,0.090909,0.007284,0.055556,0,0,0.041667,0.2,0.057143,0,0.066116,0.066116,0,no
0.043165,0.090909,0.007284,0.055556,0,0,0.041667,0.2,0.042857,0,0.049587,0.049587,0,no
0.05036,0.272727,0.007284,0.055556,0,0,0.083333,0.2,0.335714,0.412371,0.38843,0.359504,0,no
0.064748,0.090909,0.007284,0.055556,0.011905,0.04878,0.083333,0.2,0.128571,0.092784,0.14876,0.11157,0,no
0.100719,0.272727,0.014568,0.111111,0,0.04878,0.041667,0.2,0.1,0,0.115702,0.115702,1,no
0.043165,0.090909,0.007284,0.055556,0,0,0.083333,0.2,0.05,0.010309,0.057851,0.033058,0,no
0.057554,0.181818,0.007284,0.055556,0,0,0.041667,0.2,0.057143,0,0.066116,0.066116,0,no
0.064748,0.090909,0.014568,0.111111,0.02381,0,0.041667,0.2,0.064286,0,0.07438,0.07438,0,no
0.086331,0.090909,0.007284,0.055556,0,0.02439,0.041667,0.2,0.085714,0,0.099174,0.099174,0,no
0.086331,0,0.007284,0.055556,0,0.02439,0.041667,0.2,0.085714,0,0.099174,0.099174,0,no
0.071942,0.090909,0.014568,0.111111,0,0,0.041667,0.2,0.071429,0,0.082645,0.082645,0,no
0.035971,0.090909,0.007284,0.055556,0,0,0.041667,0.2,0.035714,0,0.041322,0.041322,0,no
0.035971,0.090909,0.007284,0.055556,0,0,0.041667,0.2,0.035714,0,0.041322,0.041322,0,no
0.057554,0.090909,0.007284,0.055556,0.011905,0,0.041667,0.2,0.057143,0,0.066116,0.066116,0,no
0.043165,0.090909,0.007284,0.055556,0,0.02439,0.083333,0.2,0.05,0.010309,0.049587,0.033058,0,no
0.043165,0.272727,0.007284,0.055556,0,0.02439,0.083333,0.2,0.05,0.010309,0.049587,0.033058,0,no
0.057554,0.090909,0.014568,0.111111,0,0.02439,0.083333,0.2,0.064286,0.010309,0.066116,0.041322,0,no
0.043165,0,0.007284,0.055556,0,0.02439,0.083333,0.2,0.05,0.010309,0.049587,0.033058,0,no
0.115108,0.363636,0.014568,0.055556,0.02381,0,0.041667,0.2,0.114286,0,0.132231,0.132231,0,no
0.23741,0.636364,0.03642,0.166667,0.02381,0.04878,0.041667,0.2,0.235714,0,0.272727,0.272727,0,no
0.035971,0.181818,0.007284,0.055556,0.011905,0,0.041667,0.2,0.035714,0,0.041322,0.041322,0,no
0.035971,0.181818,0.007284,0.055556,0.011905,0,0.041667,0.2,0.035714,0,0.041322,0.041322,0,no
0.043165,0.181818,0.007284,0.055556,0.011905,0,0.041667,0.2,0.042857,0,0.049587,0.049587,0,no
0.035971,0.181818,0.007284,0.055556,0.011905,0,0.041667,0.2,0.035714,0,0.041322,0.041322,0,no
0.064748,0,0.014568,0.111111,0,0,0.041667,0.2,0.064286,0,0.07438,0.07438,0,no
0.05036,0.090909,0.007284,0.055556,0,0,0.041667,0.2,0.05,0,0.057851,0.057851,0,no
0.05036,0.181818,0.007284,0.055556,0,0,0.041667,0.2,0.05,0,0.057851,0.057851,0,no
0.05036,0.090909,0.007284,0.055556,0,0,0.041667,0.2,0.05,0,0.057851,0.057851,0,no
0.079137,0.181818,0.014568,0.055556,0,0.02439,0.041667,0.2,0.078571,0,0.090909,0.090909,0,no
0.129496,0.090909,0.03642,0.111111,0.02381,0.04878,0.041667,0.2,0.128571,0,0.14876,0.14876,0,no
0.05036,0,0.007284,0.055556,0,0.02439,0.041667,0.2,0.05,0,0.057851,0.057851,0,no
0.100719,0.090909,0.014568,0.055556,0.047619,0.02439,0.041667,0.2,0.1,0,0.115702,0.115702,0,no
0.071942,0.272727,0.007284,0.055556,0.02381,0,0.041667,0.2,0.071429,0,0.082645,0.082645,0,no
0.043165,0.090909,0.007284,0.055556,0.047619,0.02439,0.041667,0.2,0.042857,0,0.049587,0.049587,0,no
0.057554,0.181818,0.021852,0.111111,0.047619,0.073171,0.041667,0.2,0.057143,0,0.066116,0.066116,0,no
0.079137,0.090909,0.014568,0.111111,0.011905,0.073171,0.083333,0.4,0.085714,0.010309,0.090909,0.053719,1,no
0.323741,0.181818,0.131113,1,0,0,0.208333,0.4,0.321429,0,0.206612,0.07438,1,no
0.057554,0.090909,0.014568,0.055556,0.02381,0.04878,0.041667,0.2,0.057143,0,0.066116,0.066116,0,no
0.086331,0,0.014568,0.055556,0.02381,0.02439,0.041667,0.2,0.085714,0,0.099174,0.099174,0,no
0.079137,0,0.014568,0.055556,0.02381,0.02439,0.041667,0.2,0.078571,0,0.090909,0.090909,0,no
0.057554,0.090909,0.007284,0.055556,0.011905,0.02439,0.041667,0.2,0.057143,0,0.066116,0.066116,0,no
0.057554,0.181818,0.007284,0.055556,0.011905,0.02439,0.041667,0.2,0.057143,0,0.066116,0.066116,0,no
0.05036,0.090909,0.007284,0.055556,0.011905,0,0.041667,0.2,0.05,0,0.057851,0.057851,0,no
0.05036,0,0.007284,0.055556,0.02381,0.02439,0.041667,0.2,0.05,0,0.057851,0.057851,0,no
0.05036,0,0.007284,0.055556,0.02381,0.02439,0.041667,0.2,0.05,0,0.057851,0.057851,0,no
0.086331,0,0.007284,0.055556,0.071429,0.073171,0.041667,0.2,0.085714,0,0.099174,0.099174,0,no
0.043165,0,0.007284,0.055556,0.02381,0,0.041667,0.2,0.042857,0,0.049587,0.049587,0,no
0.028777,0,0.007284,0.055556,0.011905,0,0.041667,0.2,0.028571,0,0.033058,0.033058,0,no
0.194245,0.181818,0.03642,0.166667,0.011905,0.04878,0.041667,0.2,0.192857,0,0.22314,0.22314,0,no
0.057554,0.090909,0.007284,0.055556,0.02381,0,0.041667,0.2,0.057143,0,0.066116,0.066116,0,no
0.064748,0.090909,0.014568,0.055556,0.035714,0,0.041667,0.2,0.064286,0,0.07438,0.07438,0,no
0.064748,0.090909,0.007284,0.055556,0,0,0.041667,0.2,0.064286,0,0.07438,0.07438,0,no
0.107914,0,0.021852,0.055556,0.035714,0.02439,0.083333,0.2,0.114286,0.010309,0.123967,0.070248,1,no
0.136691,0,0.029136,0.055556,0.02381,0.02439,0.083333,0.2,0.135714,0,0.082645,0.078512,1,no
0.057554,0.090909,0.007284,0.055556,0.011905,0.02439,0.041667,0.2,0.057143,0,0.066116,0.066116,1,no
0.057554,0.181818,0.007284,0.055556,0.011905,0.02439,0.041667,0.2,0.057143,0,0.066116,0.066116,1,no
0.071942,0.090909,0.014568,0.055556,0.02381,0,0.083333,0.2,0.078571,0.010309,0.082645,0.049587,1,no
0.05036,0,0.007284,0.055556,0.02381,0.02439,0.083333,0.2,0.05,0,0.049587,0.028926,1,no
0.05036,0,0.007284,0.055556,0.02381,0.02439,0.083333,0.2,0.05,0,0.049587,0.028926,1,no
0.143885,0,0.021852,0.055556,0.083333,0.073171,0.083333,0.2,0.142857,0,0.099174,0.082645,1,no
0.086331,0,0.007284,0.055556,0.035714,0,0.083333,0.2,0.085714,0,0.057851,0.049587,1,no
0.071942,0,0.007284,0.055556,0.02381,0,0.083333,0.2,0.071429,0,0.041322,0.041322,1,no
0.05036,0,0.007284,0.055556,0.011905,0,0.083333,0.2,0.05,0,0.033058,0.028926,1,no
0.05036,0,0.007284,0.055556,0.071429,0,0.041667,0.2,0.05,0,0.057851,0.057851,1,no
0.05036,0,0.007284,0.055556,0.011905,0,0.041667,0.2,0.05,0,0.057851,0.057851,1,no
0.086331,0,0.021852,0.055556,0.02381,0,0.083333,0.2,0.085714,0,0.07438,0.049587,1,no
0.035971,0,0.007284,0.055556,0,0,0.041667,0.2,0.035714,0,0.041322,0.041322,1,no
0.266187,0.181818,0.050989,0.166667,0.035714,0.073171,0.083333,0.2,0.264286,0,0.280992,0.152893,1,no
0.057554,0.090909,0.007284,0.055556,0.02381,0,0.041667,0.2,0.057143,0,0.066116,0.066116,1,no
0.086331,0.090909,0.021852,0.055556,0.035714,0,0.041667,0.2,0.085714,0,0.099174,0.099174,1,no
0.100719,0.090909,0.014568,0.111111,0.047619,0,0.083333,0.2,0.1,0,0.07438,0.057851,1,no
0.093525,0.090909,0.014568,0.111111,0.011905,0,0.083333,0.2,0.092857,0,0.066116,0.053719,1,no
0.071942,0.090909,0.007284,0.055556,0.011905,0,0.083333,0.2,0.071429,0,0.041322,0.041322,1,no
0.064748,0.090909,0.007284,0.055556,0,0,0.083333,0.2,0.064286,0,0.066116,0.03719,1,no
0.093525,0,0.014568,0.111111,0.011905,0.073171,0.041667,0.2,0.092857,0,0.107438,0.107438,0,no
0.071942,0,0.007284,0.055556,0.011905,0.04878,0.041667,0.2,0.071429,0,0.082645,0.082645,0,no
0.107914,0,0.021852,0.055556,0.035714,0.02439,0.041667,0.2,0.107143,0,0.123967,0.123967,0,no
0.107914,0,0.021852,0.055556,0.02381,0.02439,0.041667,0.2,0.107143,0,0.123967,0.123967,0,no
0.057554,0.090909,0.007284,0.055556,0.011905,0.02439,0.041667,0.2,0.057143,0,0.066116,0.066116,0,no
0.057554,0.181818,0.007284,0.055556,0.011905,0.02439,0.041667,0.2,0.057143,0,0.066116,0.066116,0,no
0.071942,0.090909,0.014568,0.055556,0.02381,0,0.041667,0.2,0.071429,0,0.082645,0.082645,0,no
0.05036,0,0.007284,0.055556,0.02381,0.02439,0.041667,0.2,0.05,0,0.057851,0.057851,0,no
0.05036,0,0.007284,0.055556,0.02381,0.02439,0.041667,0.2,0.05,0,0.057851,0.057851,0,no
0.115108,0,0.014568,0.055556,0.083333,0.073171,0.041667,0.2,0.114286,0,0.132231,0.132231,0,no
0.071942,0,0.007284,0.055556,0.011905,0.04878,0.041667,0.2,0.071429,0,0.082645,0.082645,0,no
0.064748,0,0.014568,0.055556,0.02381,0,0.041667,0.2,0.064286,0,0.07438,0.07438,0,no
0.028777,0,0.007284,0.055556,0.011905,0,0.041667,0.2,0.028571,0,0.033058,0.033058,0,no
0.23741,0.181818,0.043704,0.166667,0.011905,0.04878,0.041667,0.2,0.235714,0,0.272727,0.272727,0,no
0.057554,0.090909,0.007284,0.055556,0.02381,0,0.041667,0.2,0.057143,0,0.066116,0.066116,0,no
0.086331,0.090909,0.021852,0.055556,0.035714,0,0.041667,0.2,0.085714,0,0.099174,0.099174,0,no
0.064748,0.090909,0.007284,0.055556,0,0,0.041667,0.2,0.064286,0,0.07438,0.07438,0,no
0.086331,0,0.014568,0.055556,0.02381,0.02439,0.041667,0.2,0.085714,0,0.099174,0.099174,0,no
0.079137,0,0.014568,0.055556,0.02381,0.02439,0.041667,0.2,0.078571,0,0.090909,0.090909,0,no
0.057554,0.090909,0.007284,0.055556,0.011905,0.02439,0.041667,0.2,0.057143,0,0.066116,0.066116,0,no
0.057554,0.181818,0.007284,0.055556,0.011905,0.02439,0.041667,0.2,0.057143,0,0.066116,0.066116,0,no
0.05036,0.090909,0.007284,0.055556,0.011905,0,0.041667,0.2,0.05,0,0.057851,0.057851,0,no
0.05036,0,0.007284,0.055556,0.02381,0.02439,0.041667,0.2,0.05,0,0.057851,0.057851,0,no
0.05036,0,0.007284,0.055556,0.02381,0.02439,0.041667,0.2,0.05,0,0.057851,0.057851,0,no
0.086331,0,0.007284,0.055556,0.071429,0.073171,0.041667,0.2,0.085714,0,0.099174,0.099174,0,no
0.043165,0,0.007284,0.055556,0.02381,0,0.041667,0.2,0.042857,0,0.049587,0.049587,0,no
0.028777,0,0.007284,0.055556,0.011905,0,0.041667,0.2,0.028571,0,0.033058,0.033058,0,no
0.194245,0.181818,0.03642,0.166667,0.011905,0.04878,0.041667,0.2,0.192857,0,0.22314,0.22314,0,no
0.057554,0.090909,0.007284,0.055556,0.02381,0,0.041667,0.2,0.057143,0,0.066116,0.066116,0,no
0.064748,0.090909,0.014568,0.055556,0.035714,0,0.041667,0.2,0.064286,0,0.07438,0.07438,0,no
0.129496,0,0.029136,0.055556,0.047619,0.02439,0.125,0.2,0.135714,0.010309,0.123967,0.055096,1,no
0.122302,0,0.029136,0.111111,0.02381,0.02439,0.083333,0.2,0.121429,0,0.07438,0.070248,1,no
0.057554,0.090909,0.007284,0.055556,0.011905,0.02439,0.041667,0.2,0.057143,0,0.066116,0.066116,1,no
0.057554,0.181818,0.007284,0.055556,0.011905,0.02439,0.041667,0.2,0.057143,0,0.066116,0.066116,1,no
0.093525,0.090909,0.021852,0.055556,0.035714,0,0.125,0.2,0.1,0.010309,0.082645,0.041322,1,no
0.05036,0,0.007284,0.055556,0.02381,0.02439,0.083333,0.2,0.05,0,0.049587,0.028926,1,no
0.05036,0,0.007284,0.055556,0.02381,0.02439,0.083333,0.2,0.05,0,0.049587,0.028926,1,no
0.172662,0,0.029136,0.055556,0.095238,0.073171,0.125,0.2,0.171429,0,0.099174,0.066116,1,no
0.100719,0,0.007284,0.055556,0.047619,0,0.125,0.2,0.1,0,0.057851,0.038567,1,no
0.071942,0,0.007284,0.055556,0.02381,0,0.083333,0.2,0.071429,0,0.041322,0.041322,1,no
0.05036,0,0.007284,0.055556,0.011905,0,0.083333,0.2,0.05,0,0.033058,0.028926,1,no
0.05036,0,0.007284,0.055556,0.071429,0,0.041667,0.2,0.05,0,0.057851,0.057851,1,no
0.05036,0,0.007284,0.055556,0.011905,0,0.041667,0.2,0.05,0,0.057851,0.057851,1,no
0.079137,0,0.021852,0.111111,0.011905,0,0.083333,0.2,0.078571,0,0.066116,0.045455,1,no
0.035971,0,0.007284,0.055556,0,0,0.041667,0.2,0.035714,0,0.041322,0.041322,1,no
0.100719,0.090909,0.014568,0.111111,0.047619,0,0.083333,0.2,0.1,0,0.07438,0.057851,1,no
0.309353,0.181818,0.058273,0.166667,0.035714,0.073171,0.125,0.2,0.307143,0,0.280992,0.118457,1,no
0.057554,0.090909,0.007284,0.055556,0.02381,0,0.041667,0.2,0.057143,0,0.066116,0.066116,1,no
0.107914,0.090909,0.029136,0.055556,0.035714,0,0.083333,0.2,0.107143,0,0.099174,0.061983,1,no
0.093525,0.090909,0.014568,0.111111,0.011905,0,0.083333,0.2,0.092857,0,0.066116,0.053719,1,no
0.071942,0.090909,0.007284,0.055556,0.011905,0,0.083333,0.2,0.071429,0,0.041322,0.041322,1,no
0.086331,0,0.014568,0.055556,0.011905,0.04878,0.083333,0.2,0.092857,0.010309,0.099174,0.057851,1,no
0.093525,0,0.021852,0.111111,0.02381,0.04878,0.083333,0.2,0.092857,0,0.057851,0.053719,1,no
0.057554,0.090909,0.007284,0.055556,0.011905,0.02439,0.041667,0.2,0.057143,0,0.066116,0.066116,1,no
0.057554,0.181818,0.007284,0.055556,0.011905,0.02439,0.041667,0.2,0.057143,0,0.066116,0.066116,1,no
0.05036,0.090909,0.007284,0.055556,0,0.02439,0.083333,0.2,0.057143,0.010309,0.057851,0.03719,1,no
0.071942,0.090909,0.007284,0.055556,0.02381,0,0.083333,0.2,0.071429,0,0.057851,0.041322,1,no
0.093525,0.181818,0.014568,0.111111,0.011905,0,0.041667,0.2,0.092857,0,0.107438,0.107438,1,no
0.071942,0.181818,0.007284,0.055556,0.011905,0,0.041667,0.2,0.071429,0,0.082645,0.082645,1,no
0.093525,0.090909,0.014568,0.111111,0.011905,0,0.083333,0.2,0.092857,0,0.082645,0.053719,1,no
0.071942,0.090909,0.007284,0.055556,0.011905,0,0.083333,0.2,0.071429,0,0.057851,0.041322,1,no
0.05036,0,0.007284,0.055556,0.02381,0.02439,0.083333,0.2,0.05,0,0.049587,0.028926,1,no
0.05036,0,0.007284,0.055556,0.02381,0.02439,0.083333,0.2,0.05,0,0.049587,0.028926,1,no
0.107914,0,0.014568,0.111111,0.083333,0.04878,0.083333,0.2,0.107143,0,0.090909,0.061983,1,no
0.071942,0,0.007284,0.055556,0.011905,0,0.083333,0.2,0.071429,0,0.057851,0.041322,1,no
0.071942,0,0.007284,0.055556,0.011905,0,0.083333,0.2,0.071429,0,0.049587,0.041322,1,no
0.043165,0,0.007284,0.055556,0.02381,0,0.041667,0.2,0.042857,0,0.049587,0.049587,1,no
0.05036,0.090909,0.007284,0.055556,0.011905,0,0.083333,0.2,0.05,0,0.033058,0.028926,1,no
0.05036,0,0.007284,0.055556,0,0,0.083333,0.2,0.05,0,0.033058,0.028926,1,no
0.05036,0,0.007284,0.055556,0.083333,0,0.041667,0.2,0.05,0,0.057851,0.057851,1,no
0.05036,0,0.007284,0.055556,0.011905,0,0.083333,0.2,0.05,0,0.033058,0.028926,1,no
0.05036,0.090909,0.007284,0.055556,0.011905,0,0.041667,0.2,0.05,0,0.057851,0.057851,1,no
0.05036,0,0.007284,0.055556,0.011905,0,0.041667,0.2,0.05,0,0.057851,0.057851,1,no
0.057554,0,0.014568,0.111111,0.011905,0.02439,0.083333,0.2,0.057143,0,0.041322,0.033058,1,no
0.035971,0,0.007284,0.055556,0,0,0.041667,0.2,0.035714,0,0.041322,0.041322,1,no
0.201439,0.181818,0.03642,0.166667,0.035714,0.073171,0.083333,0.2,0.2,0,0.214876,0.115702,1,no
0.057554,0.090909,0.007284,0.055556,0.02381,0,0.041667,0.2,0.057143,0,0.066116,0.066116,1,no
0.215827,0.090909,0.050989,0.166667,0.059524,0,0.083333,0.2,0.214286,0,0.14876,0.123967,1,no
0.071942,0.090909,0.007284,0.055556,0,0,0.041667,0.2,0.071429,0,0.082645,0.082645,1,no
0.093525,0.181818,0.014568,0.111111,0.011905,0,0.083333,0.2,0.092857,0,0.057851,0.053719,1,no
0.071942,0.181818,0.007284,0.055556,0.011905,0,0.083333,0.2,0.071429,0,0.049587,0.041322,1,no
0.093525,0,0.014568,0.111111,0.011905,0.073171,0.041667,0.2,0.092857,0,0.107438,0.107438,0,no
0.071942,0,0.007284,0.055556,0.011905,0.04878,0.041667,0.2,0.071429,0,0.082645,0.082645,0,no
0.107914,0,0.021852,0.055556,0.035714,0.02439,0.041667,0.2,0.107143,0,0.123967,0.123967,0,no
0.107914,0,0.021852,0.055556,0.02381,0.02439,0.041667,0.2,0.107143,0,0.123967,0.123967,0,no
0.057554,0.090909,0.007284,0.055556,0.011905,0.02439,0.041667,0.2,0.057143,0,0.066116,0.066116,0,no
0.057554,0.181818,0.007284,0.055556,0.011905,0.02439,0.041667,0.2,0.057143,0,0.066116,0.066116,0,no
0.071942,0.090909,0.014568,0.055556,0.02381,0,0.041667,0.2,0.071429,0,0.082645,0.082645,0,no
0.05036,0,0.007284,0.055556,0.02381,0.02439,0.041667,0.2,0.05,0,0.057851,0.057851,0,no
0.05036,0,0.007284,0.055556,0.02381,0.02439,0.041667,0.2,0.05,0,0.057851,0.057851,0,no
0.115108,0,0.014568,0.055556,0.083333,0.073171,0.041667,0.2,0.114286,0,0.132231,0.132231,0,no
0.071942,0,0.007284,0.055556,0.011905,0.04878,0.041667,0.2,0.071429,0,0.082645,0.082645,0,no
0.064748,0,0.014568,0.055556,0.02381,0,0.041667,0.2,0.064286,0,0.07438,0.07438,0,no
0.028777,0,0.007284,0.055556,0.011905,0,0.041667,0.2,0.028571,0,0.033058,0.033058,0,no
0.23741,0.181818,0.043704,0.166667,0.011905,0.04878,0.041667,0.2,0.235714,0,0.272727,0.272727,0,no
0.057554,0.090909,0.007284,0.055556,0.02381,0,0.041667,0.2,0.057143,0,0.066116,0.066116,0,no
0.086331,0.090909,0.021852,0.055556,0.035714,0,0.041667,0.2,0.085714,0,0.099174,0.099174,0,no
0.064748,0.090909,0.007284,0.055556,0,0,0.041667,0.2,0.064286,0,0.07438,0.07438,0,no
0.086331,0,0.014568,0.055556,0.011905,0.04878,0.041667,0.2,0.085714,0,0.099174,0.099174,0,no
0.05036,0,0.007284,0.055556,0.02381,0.02439,0.041667,0.2,0.05,0,0.057851,0.057851,0,no
0.057554,0.090909,0.007284,0.055556,0.011905,0.02439,0.041667,0.2,0.057143,0,0.066116,0.066116,0,no
0.057554,0.181818,0.007284,0.055556,0.011905,0.02439,0.041667,0.2,0.057143,0,0.066116,0.066116,0,no
0.05036,0.090909,0.007284,0.055556,0,0.02439,0.041667,0.2,0.05,0,0.057851,0.057851,0,no
0.071942,0.090909,0.007284,0.055556,0.02381,0,0.041667,0.2,0.071429,0,0.082645,0.082645,0,no
0.093525,0.181818,0.014568,0.111111,0.011905,0,0.041667,0.2,0.092857,0,0.107438,0.107438,0,no
0.071942,0.181818,0.007284,0.055556,0.011905,0,0.041667,0.2,0.071429,0,0.082645,0.082645,0,no
0.093525,0.090909,0.014568,0.111111,0.011905,0,0.041667,0.2,0.092857,0,0.107438,0.107438,0,no
0.071942,0.090909,0.007284,0.055556,0.011905,0,0.041667,0.2,0.071429,0,0.082645,0.082645,0,no
0.05036,0,0.007284,0.055556,0.02381,0.02439,0.041667,0.2,0.05,0,0.057851,0.057851,0,no
0.05036,0,0.007284,0.055556,0.02381,0.02439,0.041667,0.2,0.05,0,0.057851,0.057851,0,no
0.107914,0,0.014568,0.111111,0.083333,0.04878,0.041667,0.2,0.107143,0,0.123967,0.123967,0,no
0.071942,0,0.007284,0.055556,0.011905,0,0.041667,0.2,0.071429,0,0.082645,0.082645,0,no
0.071942,0,0.007284,0.055556,0.011905,0,0.041667,0.2,0.071429,0,0.082645,0.082645,0,no
0.043165,0,0.007284,0.055556,0.02381,0,0.041667,0.2,0.042857,0,0.049587,0.049587,0,no
0.05036,0.090909,0.007284,0.055556,0.011905,0,0.041667,0.2,0.05,0,0.057851,0.057851,0,no
0.05036,0,0.007284,0.055556,0,0,0.041667,0.2,0.05,0,0.057851,0.057851,0,no
0.05036,0,0.007284,0.055556,0.083333,0,0.041667,0.2,0.05,0,0.057851,0.057851,0,no
0.05036,0,0.007284,0.055556,0.011905,0,0.041667,0.2,0.05,0,0.057851,0.057851,0,no
0.05036,0.090909,0.007284,0.055556,0.011905,0,0.041667,0.2,0.05,0,0.057851,0.057851,0,no
0.05036,0,0.007284,0.055556,0.011905,0,0.041667,0.2,0.05,0,0.057851,0.057851,0,no
0.035971,0,0.007284,0.055556,0,0,0.041667,0.2,0.035714,0,0.041322,0.041322,0,no
0.201439,0.181818,0.03642,0.166667,0.035714,0.073171,0.041667,0.2,0.2,0,0.231405,0.231405,0,no
0.057554,0.090909,0.007284,0.055556,0.02381,0,0.041667,0.2,0.057143,0,0.066116,0.066116,0,no
0.215827,0.090909,0.050989,0.166667,0.059524,0,0.041667,0.2,0.214286,0,0.247934,0.247934,0,no
0.071942,0.090909,0.007284,0.055556,0,0,0.041667,0.2,0.071429,0,0.082645,0.082645,0,no
0.093525,0.181818,0.014568,0.111111,0.011905,0,0.041667,0.2,0.092857,0,0.107438,0.107438,0,no
0.071942,0.181818,0.007284,0.055556,0.011905,0,0.041667,0.2,0.071429,0,0.082645,0.082645,0,no
0.093525,0,0.014568,0.111111,0.011905,0.073171,0.041667,0.2,0.092857,0,0.107438,0.107438,0,no
0.071942,0,0.007284,0.055556,0.011905,0.04878,0.041667,0.2,0.071429,0,0.082645,0.082645,0,no
0.107914,0,0.021852,0.055556,0.035714,0.02439,0.041667,0.2,0.107143,0,0.123967,0.123967,0,no
0.05036,0,0.007284,0.055556,0.02381,0.02439,0.041667,0.2,0.05,0,0.057851,0.057851,0,no
0.057554,0.090909,0.007284,0.055556,0.011905,0.02439,0.041667,0.2,0.057143,0,0.066116,0.066116,0,no
0.057554,0.181818,0.007284,0.055556,0.011905,0.02439,0.041667,0.2,0.057143,0,0.066116,0.066116,0,no
0.071942,0.090909,0.014568,0.055556,0.02381,0,0.041667,0.2,0.071429,0,0.082645,0.082645,0,no
0.05036,0,0.007284,0.055556,0.02381,0.02439,0.041667,0.2,0.05,0,0.057851,0.057851,0,no
0.05036,0,0.007284,0.055556,0.02381,0.02439,0.041667,0.2,0.05,0,0.057851,0.057851,0,no
0.115108,0,0.014568,0.055556,0.083333,0.073171,0.041667,0.2,0.114286,0,0.132231,0.132231,0,no
0.071942,0,0.007284,0.055556,0.011905,0.04878,0.041667,0.2,0.071429,0,0.082645,0.082645,0,no
0.028777,0,0.007284,0.055556,0.011905,0,0.041667,0.2,0.028571,0,0.033058,0.033058,0,no
0.23741,0.181818,0.043704,0.166667,0.011905,0.04878,0.041667,0.2,0.235714,0,0.272727,0.272727,0,no
0.057554,0.090909,0.007284,0.055556,0.02381,0,0.041667,0.2,0.057143,0,0.066116,0.066116,0,no
0.086331,0.090909,0.021852,0.055556,0.035714,0,0.041667,0.2,0.085714,0,0.099174,0.099174,0,no
0.064748,0.090909,0.007284,0.055556,0,0,0.041667,0.2,0.064286,0,0.07438,0.07438,0,no
0.064748,0.090909,0.007284,0.055556,0,0,0.041667,0.2,0.064286,0,0.07438,0.07438,0,no
0.151079,0,0.03642,0.055556,0.059524,0.02439,0.125,0.2,0.157143,0.010309,0.14876,0.063361,1,no
0.122302,0,0.029136,0.111111,0.02381,0.02439,0.083333,0.2,0.121429,0,0.07438,0.070248,1,no
0.057554,0.090909,0.007284,0.055556,0.011905,0.02439,0.041667,0.2,0.057143,0,0.066116,0.066116,1,no
0.057554,0.181818,0.007284,0.055556,0.011905,0.02439,0.041667,0.2,0.057143,0,0.066116,0.066116,1,no
0.115108,0.090909,0.029136,0.055556,0.047619,0,0.125,0.2,0.121429,0.010309,0.107438,0.049587,1,no
0.05036,0,0.007284,0.055556,0.02381,0.02439,0.083333,0.2,0.05,0,0.049587,0.028926,1,no
0.05036,0,0.007284,0.055556,0.02381,0.02439,0.083333,0.2,0.05,0,0.049587,0.028926,1,no
0.230216,0,0.043704,0.055556,0.107143,0.073171,0.125,0.2,0.228571,0,0.132231,0.088154,1,no
0.143885,0,0.014568,0.055556,0.071429,0,0.125,0.2,0.142857,0,0.057851,0.055096,1,no
0.071942,0,0.007284,0.055556,0.02381,0,0.041667,0.2,0.071429,0,0.082645,0.082645,0,no
0.071942,0,0.007284,0.055556,0.02381,0,0.083333,0.2,0.071429,0,0.041322,0.041322,1,no
0.05036,0,0.007284,0.055556,0.011905,0,0.041667,0.2,0.05,0,0.057851,0.057851,0,no
0.05036,0,0.007284,0.055556,0.071429,0,0.041667,0.2,0.05,0,0.057851,0.057851,0,no
0.05036,0,0.007284,0.055556,0.011905,0,0.041667,0.2,0.05,0,0.057851,0.057851,0,no
0.05036,0,0.007284,0.055556,0.011905,0,0.083333,0.2,0.05,0,0.033058,0.028926,1,no
0.05036,0,0.007284,0.055556,0.071429,0,0.041667,0.2,0.05,0,0.057851,0.057851,1,no
0.05036,0,0.007284,0.055556,0.011905,0,0.041667,0.2,0.05,0,0.057851,0.057851,1,no
0.079137,0,0.021852,0.111111,0.011905,0,0.083333,0.2,0.078571,0,0.066116,0.045455,1,no
0.043165,0,0.007284,0.055556,0,0,0.083333,0.2,0.042857,0,0.041322,0.024793,1,no
0.381295,0.181818,0.072841,0.166667,0.059524,0.097561,0.125,0.2,0.378571,0,0.322314,0.146006,1,no
0.057554,0.090909,0.007284,0.055556,0.02381,0,0.041667,0.2,0.057143,0,0.066116,0.066116,1,no
0.129496,0.090909,0.03642,0.055556,0.035714,0,0.083333,0.2,0.128571,0,0.123967,0.07438,1,no
0.100719,0.090909,0.014568,0.111111,0.047619,0,0.041667,0.2,0.1,0,0.115702,0.115702,0,no
0.100719,0.090909,0.014568,0.111111,0.047619,0,0.083333,0.2,0.1,0,0.07438,0.057851,1,no
0.064748,0.090909,0.007284,0.055556,0,0,0.083333,0.2,0.064286,0,0.066116,0.03719,1,no
0.093525,0.090909,0.014568,0.111111,0.011905,0,0.041667,0.2,0.092857,0,0.107438,0.107438,0,no
0.071942,0.090909,0.007284,0.055556,0.011905,0,0.041667,0.2,0.071429,0,0.082645,0.082645,0,no
0.093525,0.090909,0.014568,0.111111,0.011905,0,0.083333,0.2,0.092857,0,0.066116,0.053719,1,no
0.071942,0.090909,0.007284,0.055556,0.011905,0,0.083333,0.2,0.071429,0,0.041322,0.041322,1,no
0.064748,0.090909,0.007284,0.055556,0,0,0.083333,0.2,0.064286,0,0.066116,0.03719,1,no
0.093525,0,0.014568,0.111111,0.011905,0.073171,0.041667,0.2,0.092857,0,0.107438,0.107438,0,no
0.071942,0,0.007284,0.055556,0.011905,0.04878,0.041667,0.2,0.071429,0,0.082645,0.082645,0,no
0.107914,0,0.021852,0.055556,0.035714,0.02439,0.041667,0.2,0.107143,0,0.123967,0.123967,0,no
0.05036,0,0.007284,0.055556,0.02381,0.02439,0.041667,0.2,0.05,0,0.057851,0.057851,0,no
0.057554,0.090909,0.007284,0.055556,0.011905,0.02439,0.041667,0.2,0.057143,0,0.066116,0.066116,0,no
0.057554,0.181818,0.007284,0.055556,0.011905,0.02439,0.041667,0.2,0.057143,0,0.066116,0.066116,0,no
0.071942,0.090909,0.014568,0.055556,0.02381,0,0.041667,0.2,0.071429,0,0.082645,0.082645,0,no
0.05036,0,0.007284,0.055556,0.02381,0.02439,0.041667,0.2,0.05,0,0.057851,0.057851,0,no
0.05036,0,0.007284,0.055556,0.02381,0.02439,0.041667,0.2,0.05,0,0.057851,0.057851,0,no
0.143885,0,0.021852,0.055556,0.083333,0.073171,0.041667,0.2,0.142857,0,0.165289,0.165289,0,no
0.086331,0,0.007284,0.055556,0.035714,0,0.041667,0.2,0.085714,0,0.099174,0.099174,0,no
0.071942,0,0.007284,0.055556,0.02381,0,0.041667,0.2,0.071429,0,0.082645,0.082645,0,no
0.071942,0,0.007284,0.055556,0.011905,0.04878,0.041667,0.2,0.071429,0,0.082645,0.082645,0,no
0.05036,0,0.007284,0.055556,0.011905,0,0.041667,0.2,0.05,0,0.057851,0.057851,0,no
0.05036,0,0.007284,0.055556,0.071429,0,0.041667,0.2,0.05,0,0.057851,0.057851,0,no
0.05036,0,0.007284,0.055556,0.011905,0,0.041667,0.2,0.05,0,0.057851,0.057851,0,no
0.035971,0,0.007284,0.055556,0,0,0.041667,0.2,0.035714,0,0.041322,0.041322,0,no
0.266187,0.181818,0.050989,0.166667,0.035714,0.073171,0.041667,0.2,0.264286,0,0.305785,0.305785,0,no
0.057554,0.090909,0.007284,0.055556,0.02381,0,0.041667,0.2,0.057143,0,0.066116,0.066116,0,no
0.086331,0.090909,0.021852,0.055556,0.035714,0,0.041667,0.2,0.085714,0,0.099174,0.099174,0,no
0.100719,0.090909,0.014568,0.111111,0.047619,0,0.041667,0.2,0.1,0,0.115702,0.115702,0,no
0.064748,0.090909,0.007284,0.055556,0,0,0.041667,0.2,0.064286,0,0.07438,0.07438,0,no
0.093525,0.090909,0.014568,0.111111,0.011905,0,0.041667,0.2,0.092857,0,0.107438,0.107438,0,no
0.071942,0.090909,0.007284,0.055556,0.011905,0,0.041667,0.2,0.071429,0,0.082645,0.082645,0,no
0.107914,0,0.021852,0.055556,0.02381,0.04878,0.083333,0.2,0.114286,0.010309,0.123967,0.070248,1,no
0.093525,0,0.021852,0.111111,0.02381,0.04878,0.083333,0.2,0.092857,0,0.057851,0.053719,1,no
0.057554,0.090909,0.007284,0.055556,0.011905,0.02439,0.041667,0.2,0.057143,0,0.066116,0.066116,1,no
0.057554,0.181818,0.007284,0.055556,0.011905,0.02439,0.041667,0.2,0.057143,0,0.066116,0.066116,1,no
0.071942,0.090909,0.014568,0.055556,0.011905,0.02439,0.083333,0.2,0.078571,0.010309,0.082645,0.049587,1,no
0.071942,0.090909,0.007284,0.055556,0.02381,0,0.083333,0.2,0.071429,0,0.057851,0.041322,1,no
0.093525,0.181818,0.014568,0.111111,0.011905,0,0.041667,0.2,0.092857,0,0.107438,0.107438,1,no
0.071942,0.181818,0.007284,0.055556,0.011905,0,0.041667,0.2,0.071429,0,0.082645,0.082645,1,no
0.093525,0.090909,0.014568,0.111111,0.011905,0,0.083333,0.2,0.092857,0,0.082645,0.053719,1,no
0.071942,0.090909,0.007284,0.055556,0.011905,0,0.083333,0.2,0.071429,0,0.057851,0.041322,1,no
0.05036,0,0.007284,0.055556,0.02381,0.02439,0.083333,0.2,0.05,0,0.049587,0.028926,1,no
0.05036,0,0.007284,0.055556,0.02381,0.02439,0.083333,0.2,0.05,0,0.049587,0.028926,1,no
0.151079,0,0.021852,0.111111,0.095238,0.073171,0.083333,0.2,0.15,0,0.090909,0.086777,1,no
0.086331,0,0.007284,0.055556,0.02381,0,0.083333,0.2,0.085714,0,0.057851,0.049587,1,no
0.071942,0,0.007284,0.055556,0.011905,0,0.083333,0.2,0.071429,0,0.049587,0.041322,1,no
0.043165,0,0.007284,0.055556,0.02381,0,0.041667,0.2,0.042857,0,0.049587,0.049587,1,no
0.05036,0.090909,0.007284,0.055556,0.011905,0,0.083333,0.2,0.05,0,0.033058,0.028926,1,no
0.05036,0,0.007284,0.055556,0,0,0.083333,0.2,0.05,0,0.033058,0.028926,1,no
0.05036,0,0.007284,0.055556,0.083333,0,0.041667,0.2,0.05,0,0.057851,0.057851,1,no
0.05036,0,0.007284,0.055556,0.011905,0,0.083333,0.2,0.05,0,0.033058,0.028926,1,no
0.05036,0.090909,0.007284,0.055556,0.011905,0,0.041667,0.2,0.05,0,0.057851,0.057851,1,no
0.05036,0,0.007284,0.055556,0.011905,0,0.041667,0.2,0.05,0,0.057851,0.057851,1,no
0.057554,0,0.014568,0.111111,0.011905,0.02439,0.083333,0.2,0.057143,0,0.041322,0.033058,1,no
0.035971,0,0.007284,0.055556,0,0,0.041667,0.2,0.035714,0,0.041322,0.041322,1,no
0.244604,0.181818,0.043704,0.166667,0.035714,0.073171,0.083333,0.2,0.242857,0,0.256198,0.140496,1,no
0.057554,0.090909,0.007284,0.055556,0.02381,0,0.041667,0.2,0.057143,0,0.066116,0.066116,1,no
0.23741,0.090909,0.058273,0.166667,0.059524,0,0.083333,0.2,0.235714,0,0.14876,0.136364,1,no
0.071942,0.090909,0.007284,0.055556,0,0,0.041667,0.2,0.071429,0,0.082645,0.082645,1,no
0.093525,0.181818,0.014568,0.111111,0.011905,0,0.083333,0.2,0.092857,0,0.057851,0.053719,1,no
0.071942,0.181818,0.007284,0.055556,0.011905,0,0.083333,0.2,0.071429,0,0.049587,0.041322,1,no
0.043165,0.090909,0.007284,0.055556,0.011905,0,0.041667,0.2,0.042857,0,0.049587,0.049587,1,no
0.143885,0.090909,0.058273,0.055556,0,0,0.083333,0.2,0.142857,0,0.14876,0.082645,1,no
0.043165,0.090909,0.007284,0.055556,0.011905,0,0.041667,0.2,0.042857,0,0.049587,0.049587,1,no
0.057554,0.090909,0.014568,0.055556,0,0,0.041667,0.2,0.057143,0,0.066116,0.066116,1,no
0.381295,0,0.101977,0.055556,0.154762,0.073171,0.125,0.2,0.385714,0.010309,0.413223,0.151515,1,no
0.467626,0,0.138398,0.111111,0.02381,0.02439,0.125,0.2,0.464286,0,0.289256,0.179063,1,no
0.057554,0.090909,0.007284,0.055556,0.011905,0.02439,0.041667,0.2,0.057143,0,0.066116,0.066116,1,no
0.057554,0.181818,0.007284,0.055556,0.011905,0.02439,0.041667,0.2,0.057143,0,0.066116,0.066116,1,no
0.309353,0.090909,0.094693,0.055556,0.142857,0.02439,0.125,0.2,0.314286,0.010309,0.330579,0.123967,1,no
0.064748,0.090909,0.007284,0.055556,0,0,0.083333,0.2,0.071429,0.010309,0.082645,0.045455,1,no
0.05036,0,0.007284,0.055556,0.02381,0.02439,0.083333,0.2,0.05,0,0.049587,0.028926,1,no
0.05036,0,0.007284,0.055556,0.02381,0.02439,0.083333,0.2,0.05,0,0.049587,0.028926,1,no
0.640288,0,0.145682,0.055556,0.22619,0.073171,0.125,0.2,0.635714,0,0.578512,0.245179,1,no
0.42446,0,0.050989,0.055556,0.27381,0,0.125,0.2,0.421429,0,0.380165,0.162534,1,no
0.071942,0,0.007284,0.055556,0.02381,0,0.041667,0.2,0.071429,0,0.082645,0.082645,0,no
0.071942,0,0.007284,0.055556,0.02381,0,0.083333,0.2,0.071429,0,0.041322,0.041322,1,no
0.071942,0,0.007284,0.055556,0.02381,0,0.083333,0.2,0.071429,0,0.041322,0.041322,1,no
0.071942,0,0.007284,0.055556,0.02381,0,0.083333,0.2,0.071429,0,0.041322,0.041322,1,no
0.071942,0,0.007284,0.055556,0.02381,0,0.083333,0.2,0.071429,0,0.041322,0.041322,1,no
0.071942,0,0.007284,0.055556,0.02381,0,0.083333,0.2,0.071429,0,0.041322,0.041322,1,no
0.071942,0,0.007284,0.055556,0.02381,0,0.083333,0.2,0.071429,0,0.041322,0.041322,1,no
0.043165,0,0.007284,0.055556,0.011905,0,0.041667,0.2,0.042857,0,0.049587,0.049587,1,no
0.05036,0,0.007284,0.055556,0.011905,0,0.041667,0.2,0.05,0,0.057851,0.057851,0,no
0.05036,0,0.007284,0.055556,0.071429,0,0.041667,0.2,0.05,0,0.057851,0.057851,0,no
0.05036,0,0.007284,0.055556,0.011905,0,0.041667,0.2,0.05,0,0.057851,0.057851,0,no
0.05036,0,0.007284,0.055556,0.011905,0,0.083333,0.2,0.05,0,0.033058,0.028926,1,no
0.05036,0,0.007284,0.055556,0.071429,0,0.041667,0.2,0.05,0,0.057851,0.057851,1,no
0.05036,0,0.007284,0.055556,0.011905,0,0.041667,0.2,0.05,0,0.057851,0.057851,1,no
0.05036,0,0.007284,0.055556,0.011905,0,0.083333,0.2,0.05,0,0.033058,0.028926,1,no
0.05036,0,0.007284,0.055556,0.071429,0,0.041667,0.2,0.05,0,0.057851,0.057851,1,no
0.05036,0,0.007284,0.055556,0.011905,0,0.041667,0.2,0.05,0,0.057851,0.057851,1,no
0.05036,0,0.007284,0.055556,0.011905,0,0.083333,0.2,0.05,0,0.033058,0.028926,1,no
0.05036,0,0.007284,0.055556,0.071429,0,0.041667,0.2,0.05,0,0.057851,0.057851,1,no
0.05036,0,0.007284,0.055556,0.011905,0,0.041667,0.2,0.05,0,0.057851,0.057851,1,no
0.05036,0,0.007284,0.055556,0.011905,0,0.083333,0.2,0.05,0,0.033058,0.028926,1,no
0.05036,0,0.007284,0.055556,0.071429,0,0.041667,0.2,0.05,0,0.057851,0.057851,1,no
0.05036,0,0.007284,0.055556,0.011905,0,0.041667,0.2,0.05,0,0.057851,0.057851,1,no
0.05036,0,0.007284,0.055556,0.011905,0,0.083333,0.2,0.05,0,0.033058,0.028926,1,no
0.05036,0,0.007284,0.055556,0.071429,0,0.041667,0.2,0.05,0,0.057851,0.057851,1,no
0.05036,0,0.007284,0.055556,0.011905,0,0.041667,0.2,0.05,0,0.057851,0.057851,1,no
0.05036,0,0.007284,0.055556,0.011905,0,0.083333,0.2,0.05,0,0.033058,0.028926,1,no
0.05036,0,0.007284,0.055556,0.071429,0,0.041667,0.2,0.05,0,0.057851,0.057851,1,no
0.05036,0,0.007284,0.055556,0.011905,0,0.041667,0.2,0.05,0,0.057851,0.057851,1,no
0.359712,0,0.131113,0.111111,0.011905,0,0.125,0.2,0.357143,0,0.347107,0.137741,1,no
0.079137,0,0.007284,0.055556,0,0,0.083333,0.2,0.078571,0,0.082645,0.045455,1,no
0.100719,0.090909,0.014568,0.111111,0.047619,0,0.041667,0.2,0.1,0,0.115702,0.115702,0,no
0.100719,0.090909,0.014568,0.111111,0.047619,0,0.083333,0.2,0.1,0,0.07438,0.057851,1,no
1,0.181818,0.189386,0.166667,0.22619,0.317073,0.125,0.2,0.992857,0,1,0.38292,1,no
0.057554,0.090909,0.007284,0.055556,0.02381,0,0.041667,0.2,0.057143,0,0.066116,0.066116,1,no
0.374101,0.090909,0.109261,0.111111,0.047619,0,0.125,0.2,0.371429,0,0.371901,0.143251,1,no
0.100719,0.090909,0.014568,0.111111,0.047619,0,0.083333,0.2,0.1,0,0.07438,0.057851,1,no
0.100719,0.090909,0.014568,0.111111,0.047619,0,0.083333,0.2,0.1,0,0.07438,0.057851,1,no
0.100719,0.090909,0.014568,0.111111,0.047619,0,0.083333,0.2,0.1,0,0.07438,0.057851,1,no
0.100719,0.090909,0.014568,0.111111,0.047619,0,0.083333,0.2,0.1,0,0.07438,0.057851,1,no
0.100719,0.090909,0.014568,0.111111,0.047619,0,0.083333,0.2,0.1,0,0.07438,0.057851,1,no
0.093525,0.090909,0.014568,0.111111,0.011905,0,0.041667,0.2,0.092857,0,0.107438,0.107438,0,no
0.071942,0.090909,0.007284,0.055556,0.011905,0,0.041667,0.2,0.071429,0,0.082645,0.082645,0,no
0.093525,0.090909,0.014568,0.111111,0.011905,0,0.083333,0.2,0.092857,0,0.066116,0.053719,1,no
0.071942,0.090909,0.007284,0.055556,0.011905,0,0.083333,0.2,0.071429,0,0.041322,0.041322,1,no
0.064748,0.090909,0.007284,0.055556,0.011905,0,0.083333,0.2,0.064286,0,0.066116,0.03719,1,no
0.093525,0.090909,0.014568,0.111111,0.011905,0,0.083333,0.2,0.092857,0,0.066116,0.053719,1,no
0.071942,0.090909,0.007284,0.055556,0.011905,0,0.083333,0.2,0.071429,0,0.041322,0.041322,1,no
0.093525,0.090909,0.014568,0.111111,0.011905,0,0.083333,0.2,0.092857,0,0.066116,0.053719,1,no
0.071942,0.090909,0.007284,0.055556,0.011905,0,0.083333,0.2,0.071429,0,0.041322,0.041322,1,no
0.093525,0.090909,0.014568,0.111111,0.011905,0,0.083333,0.2,0.092857,0,0.066116,0.053719,1,no
0.071942,0.090909,0.007284,0.055556,0.011905,0,0.083333,0.2,0.071429,0,0.041322,0.041322,1,no
0.093525,0.090909,0.014568,0.111111,0.011905,0,0.083333,0.2,0.092857,0,0.066116,0.053719,1,no
0.071942,0.090909,0.007284,0.055556,0.011905,0,0.083333,0.2,0.071429,0,0.041322,0.041322,1,no
0.064748,0.090909,0.007284,0.055556,0,0,0.083333,0.2,0.064286,0,0.066116,0.03719,1,no
0.064748,0.181818,0.007284,0.055556,0,0,0.083333,0.2,0.064286,0,0.057851,0.03719,1,no
0.064748,0.090909,0.007284,0.055556,0.011905,0,0.083333,0.2,0.064286,0,0.066116,0.03719,1,no
0.093525,0.090909,0.014568,0.111111,0.011905,0,0.083333,0.2,0.092857,0,0.066116,0.053719,1,no
0.071942,0.090909,0.007284,0.055556,0.011905,0,0.083333,0.2,0.071429,0,0.041322,0.041322,1,no
0.23741,0,0.065557,0.055556,0.107143,0.02439,0.125,0.4,0.242857,0.010309,0.247934,0.096419,1,no
0.093525,0,0.014568,0.111111,0.011905,0.073171,0.083333,0.2,0.092857,0,0.082645,0.053719,1,no
0.071942,0,0.007284,0.055556,0.011905,0.04878,0.041667,0.2,0.071429,0,0.082645,0.082645,1,no
0.223022,0,0.058273,0.111111,0.02381,0.02439,0.125,0.4,0.221429,0,0.107438,0.085399,1,no
0.057554,0.090909,0.007284,0.055556,0.011905,0.02439,0.041667,0.2,0.057143,0,0.066116,0.066116,1,no
0.057554,0.181818,0.007284,0.055556,0.011905,0.02439,0.041667,0.2,0.057143,0,0.066116,0.066116,1,no
0.201439,0.090909,0.058273,0.055556,0.095238,0,0.125,0.4,0.207143,0.010309,0.206612,0.082645,1,no
0.05036,0,0.007284,0.055556,0.02381,0.02439,0.083333,0.2,0.05,0,0.049587,0.028926,1,no
0.05036,0,0.007284,0.055556,0.02381,0.02439,0.083333,0.2,0.05,0,0.049587,0.028926,1,no
0.345324,0,0.072841,0.055556,0.154762,0.073171,0.125,0.4,0.342857,0,0.264463,0.132231,1,no
0.201439,0,0.014568,0.055556,0.142857,0,0.125,0.4,0.2,0,0.123967,0.077135,1,no
0.071942,0,0.007284,0.055556,0.02381,0,0.083333,0.2,0.071429,0,0.041322,0.041322,1,no
0.071942,0,0.007284,0.055556,0.02381,0,0.041667,0.2,0.071429,0,0.082645,0.082645,0,no
0.05036,0,0.007284,0.055556,0.011905,0,0.083333,0.2,0.05,0,0.033058,0.028926,1,no
0.05036,0,0.007284,0.055556,0.071429,0,0.041667,0.2,0.05,0,0.057851,0.057851,1,no
0.05036,0,0.007284,0.055556,0.011905,0,0.041667,0.2,0.05,0,0.057851,0.057851,1,no
0.05036,0,0.007284,0.055556,0.011905,0,0.041667,0.2,0.05,0,0.057851,0.057851,0,no
0.05036,0,0.007284,0.055556,0.071429,0,0.041667,0.2,0.05,0,0.057851,0.057851,0,no
0.05036,0,0.007284,0.055556,0.011905,0,0.041667,0.2,0.05,0,0.057851,0.057851,0,no
0.071942,0,0.007284,0.055556,0.011905,0.04878,0.083333,0.2,0.071429,0,0.057851,0.041322,1,no
0.158273,0,0.050989,0.111111,0.011905,0,0.125,0.4,0.157143,0,0.115702,0.060606,1,no
0.043165,0,0.007284,0.055556,0,0,0.083333,0.4,0.042857,0,0.041322,0.024793,1,no
0.640288,0.181818,0.116545,0.166667,0.107143,0.195122,0.125,0.4,0.635714,0,0.586777,0.245179,1,no
0.057554,0.090909,0.007284,0.055556,0.02381,0,0.041667,0.2,0.057143,0,0.066116,0.066116,1,no
0.215827,0.090909,0.065557,0.055556,0.035714,0,0.083333,0.4,0.214286,0,0.22314,0.123967,1,no
0.100719,0.090909,0.014568,0.111111,0.047619,0,0.083333,0.2,0.1,0,0.07438,0.057851,1,no
0.100719,0.090909,0.014568,0.111111,0.047619,0,0.041667,0.2,0.1,0,0.115702,0.115702,0,no
0.093525,0.090909,0.014568,0.111111,0.011905,0,0.083333,0.2,0.092857,0,0.066116,0.053719,1,no
0.071942,0.090909,0.007284,0.055556,0.011905,0,0.083333,0.2,0.071429,0,0.041322,0.041322,1,no
0.064748,0.090909,0.007284,0.055556,0.011905,0,0.083333,0.2,0.064286,0,0.066116,0.03719,1,no
0.093525,0.090909,0.014568,0.111111,0.011905,0,0.041667,0.2,0.092857,0,0.107438,0.107438,0,no
0.071942,0.090909,0.007284,0.055556,0.011905,0,0.041667,0.2,0.071429,0,0.082645,0.082645,0,no
0.064748,0.090909,0.007284,0.055556,0.011905,0,0.083333,0.2,0.064286,0,0.066116,0.03719,1,no
0.064748,0.090909,0.007284,0.055556,0,0,0.041667,0.2,0.064286,0,0.07438,0.07438,1,no
0.064748,0.090909,0.007284,0.055556,0,0,0.083333,0.2,0.064286,0,0.066116,0.03719,1,no
0.064748,0.090909,0.007284,0.055556,0,0,0.083333,0.2,0.064286,0,0.066116,0.03719,1,no
0.086331,0,0.014568,0.055556,0.02381,0.02439,0.083333,0.2,0.092857,0.010309,0.099174,0.057851,1,no
0.107914,0,0.021852,0.055556,0.02381,0.02439,0.083333,0.2,0.107143,0,0.066116,0.061983,1,no
0.057554,0.090909,0.007284,0.055556,0.011905,0.02439,0.041667,0.2,0.057143,0,0.066116,0.066116,1,no
0.057554,0.181818,0.007284,0.055556,0.011905,0.02439,0.041667,0.2,0.057143,0,0.066116,0.066116,1,no
0.05036,0.090909,0.007284,0.055556,0.011905,0,0.083333,0.2,0.057143,0.010309,0.057851,0.03719,1,no
0.05036,0,0.007284,0.055556,0.02381,0.02439,0.083333,0.2,0.05,0,0.049587,0.028926,1,no
0.05036,0,0.007284,0.055556,0.02381,0.02439,0.083333,0.2,0.05,0,0.049587,0.028926,1,no
0.115108,0,0.014568,0.055556,0.071429,0.073171,0.083333,0.2,0.114286,0,0.066116,0.066116,1,no
0.071942,0,0.007284,0.055556,0.02381,0,0.083333,0.2,0.071429,0,0.057851,0.041322,1,no
0.071942,0,0.007284,0.055556,0.02381,0,0.083333,0.2,0.071429,0,0.041322,0.041322,1,no
0.05036,0,0.007284,0.055556,0.011905,0,0.083333,0.2,0.05,0,0.033058,0.028926,1,no
0.05036,0,0.007284,0.055556,0.071429,0,0.041667,0.2,0.05,0,0.057851,0.057851,1,no
0.05036,0,0.007284,0.055556,0.011905,0,0.041667,0.2,0.05,0,0.057851,0.057851,1,no
0.064748,0,0.014568,0.055556,0.02381,0,0.083333,0.2,0.064286,0,0.049587,0.03719,1,no
0.035971,0,0.007284,0.055556,0,0,0.041667,0.2,0.035714,0,0.041322,0.041322,1,no
0.223022,0.181818,0.043704,0.166667,0.035714,0.073171,0.083333,0.2,0.221429,0,0.239669,0.128099,1,no
0.057554,0.090909,0.007284,0.055556,0.02381,0,0.041667,0.2,0.057143,0,0.066116,0.066116,1,no
0.064748,0.090909,0.014568,0.055556,0.035714,0,0.041667,0.2,0.064286,0,0.07438,0.07438,1,no
0.100719,0.090909,0.014568,0.111111,0.047619,0,0.083333,0.2,0.1,0,0.07438,0.057851,1,no
0.093525,0.090909,0.014568,0.111111,0.011905,0,0.083333,0.2,0.092857,0,0.066116,0.053719,1,no
0.071942,0.090909,0.007284,0.055556,0.011905,0,0.083333,0.2,0.071429,0,0.041322,0.041322,1,no
0.086331,0,0.014568,0.055556,0.02381,0.02439,0.041667,0.2,0.085714,0,0.099174,0.099174,0,no
0.107914,0,0.021852,0.055556,0.02381,0.02439,0.041667,0.2,0.107143,0,0.123967,0.123967,0,no
0.057554,0.090909,0.007284,0.055556,0.011905,0.02439,0.041667,0.2,0.057143,0,0.066116,0.066116,0,no
0.057554,0.181818,0.007284,0.055556,0.011905,0.02439,0.041667,0.2,0.057143,0,0.066116,0.066116,0,no
0.05036,0.090909,0.007284,0.055556,0.011905,0,0.041667,0.2,0.05,0,0.057851,0.057851,0,no
0.05036,0,0.007284,0.055556,0.02381,0.02439,0.041667,0.2,0.05,0,0.057851,0.057851,0,no
0.05036,0,0.007284,0.055556,0.02381,0.02439,0.041667,0.2,0.05,0,0.057851,0.057851,0,no
0.115108,0,0.014568,0.055556,0.071429,0.073171,0.041667,0.2,0.114286,0,0.132231,0.132231,0,no
0.071942,0,0.007284,0.055556,0.02381,0,0.041667,0.2,0.071429,0,0.082645,0.082645,0,no
0.071942,0,0.007284,0.055556,0.02381,0,0.041667,0.2,0.071429,0,0.082645,0.082645,0,no
0.05036,0,0.007284,0.055556,0.011905,0,0.041667,0.2,0.05,0,0.057851,0.057851,0,no
0.05036,0,0.007284,0.055556,0.071429,0,0.041667,0.2,0.05,0,0.057851,0.057851,0,no
0.05036,0,0.007284,0.055556,0.011905,0,0.041667,0.2,0.05,0,0.057851,0.057851,0,no
0.064748,0,0.014568,0.055556,0.02381,0,0.041667,0.2,0.064286,0,0.07438,0.07438,0,no
0.035971,0,0.007284,0.055556,0,0,0.041667,0.2,0.035714,0,0.041322,0.041322,0,no
0.223022,0.181818,0.043704,0.166667,0.035714,0.073171,0.041667,0.2,0.221429,0,0.256198,0.256198,0,no
0.057554,0.090909,0.007284,0.055556,0.02381,0,0.041667,0.2,0.057143,0,0.066116,0.066116,0,no
0.064748,0.090909,0.014568,0.055556,0.035714,0,0.041667,0.2,0.064286,0,0.07438,0.07438,0,no
0.100719,0.090909,0.014568,0.111111,0.047619,0,0.041667,0.2,0.1,0,0.115702,0.115702,0,no
0.093525,0.090909,0.014568,0.111111,0.011905,0,0.041667,0.2,0.092857,0,0.107438,0.107438,0,no
0.071942,0.090909,0.007284,0.055556,0.011905,0,0.041667,0.2,0.071429,0,0.082645,0.082645,0,no
0.107914,0,0.021852,0.055556,0.035714,0.02439,0.083333,0.2,0.114286,0.010309,0.123967,0.070248,1,no
0.107914,0,0.021852,0.055556,0.02381,0.02439,0.083333,0.2,0.107143,0,0.066116,0.061983,1,no
0.057554,0.090909,0.007284,0.055556,0.011905,0.02439,0.041667,0.2,0.057143,0,0.066116,0.066116,1,no
0.057554,0.181818,0.007284,0.055556,0.011905,0.02439,0.041667,0.2,0.057143,0,0.066116,0.066116,1,no
0.071942,0.090909,0.014568,0.055556,0.02381,0,0.083333,0.2,0.078571,0.010309,0.082645,0.049587,1,no
0.05036,0,0.007284,0.055556,0.02381,0.02439,0.083333,0.2,0.05,0,0.049587,0.028926,1,no
0.05036,0,0.007284,0.055556,0.02381,0.02439,0.083333,0.2,0.05,0,0.049587,0.028926,1,no
0.115108,0,0.014568,0.055556,0.083333,0.073171,0.083333,0.2,0.114286,0,0.066116,0.066116,1,no
0.064748,0,0.014568,0.055556,0.02381,0,0.083333,0.2,0.064286,0,0.049587,0.03719,1,no
0.028777,0,0.007284,0.055556,0.011905,0,0.041667,0.2,0.028571,0,0.033058,0.033058,1,no
0.23741,0.181818,0.043704,0.166667,0.011905,0.04878,0.083333,0.2,0.235714,0,0.239669,0.136364,1,no
0.057554,0.090909,0.007284,0.055556,0.02381,0,0.041667,0.2,0.057143,0,0.066116,0.066116,1,no
0.086331,0.090909,0.021852,0.055556,0.035714,0,0.041667,0.2,0.085714,0,0.099174,0.099174,1,no
0.064748,0.090909,0.007284,0.055556,0,0,0.083333,0.2,0.064286,0,0.066116,0.03719,1,no
0.129496,0,0.029136,0.055556,0.047619,0.02439,0.125,0.4,0.128571,0,0.099174,0.049587,0,no
0.093525,0,0.021852,0.111111,0.02381,0.02439,0.041667,0.2,0.092857,0,0.107438,0.107438,0,no
0.057554,0.090909,0.007284,0.055556,0.011905,0.02439,0.041667,0.2,0.057143,0,0.066116,0.066116,0,no
0.057554,0.181818,0.007284,0.055556,0.011905,0.02439,0.041667,0.2,0.057143,0,0.066116,0.066116,0,no
0.093525,0.090909,0.021852,0.055556,0.035714,0,0.125,0.4,0.092857,0,0.057851,0.035813,0,no
0.05036,0,0.007284,0.055556,0.02381,0.02439,0.041667,0.2,0.05,0,0.057851,0.057851,0,no
0.05036,0,0.007284,0.055556,0.02381,0.02439,0.041667,0.2,0.05,0,0.057851,0.057851,0,no
0.230216,0,0.043704,0.055556,0.095238,0.073171,0.125,0.4,0.228571,0,0.132231,0.088154,0,no
0.158273,0,0.021852,0.055556,0.071429,0,0.125,0.4,0.157143,0,0.082645,0.060606,0,no
0.071942,0,0.007284,0.055556,0.02381,0,0.041667,0.2,0.071429,0,0.082645,0.082645,0,no
0.071942,0,0.007284,0.055556,0.02381,0,0.041667,0.2,0.071429,0,0.082645,0.082645,0,no
0.071942,0,0.007284,0.055556,0.02381,0,0.041667,0.2,0.071429,0,0.082645,0.082645,0,no
0.05036,0,0.007284,0.055556,0.011905,0,0.041667,0.2,0.05,0,0.057851,0.057851,0,no
0.05036,0,0.007284,0.055556,0.071429,0,0.041667,0.2,0.05,0,0.057851,0.057851,0,no
0.05036,0,0.007284,0.055556,0.011905,0,0.041667,0.2,0.05,0,0.057851,0.057851,0,no
0.05036,0,0.007284,0.055556,0.011905,0,0.041667,0.2,0.05,0,0.057851,0.057851,0,no
0.05036,0,0.007284,0.055556,0.071429,0,0.041667,0.2,0.05,0,0.057851,0.057851,0,no
0.05036,0,0.007284,0.055556,0.011905,0,0.041667,0.2,0.05,0,0.057851,0.057851,0,no
0.05036,0,0.007284,0.055556,0.011905,0,0.041667,0.2,0.05,0,0.057851,0.057851,0,no
0.05036,0,0.007284,0.055556,0.071429,0,0.041667,0.2,0.05,0,0.057851,0.057851,0,no
0.05036,0,0.007284,0.055556,0.011905,0,0.041667,0.2,0.05,0,0.057851,0.057851,0,no
0.057554,0,0.014568,0.111111,0.011905,0,0.041667,0.2,0.057143,0,0.066116,0.066116,0,no
0.05036,0,0.007284,0.055556,0,0,0.125,0.4,0.05,0,0.041322,0.019284,0,no
0.366906,0.181818,0.072841,0.166667,0.083333,0.121951,0.125,0.4,0.364286,0,0.256198,0.140496,0,no
0.057554,0.090909,0.007284,0.055556,0.02381,0,0.041667,0.2,0.057143,0,0.066116,0.066116,0,no
0.107914,0.090909,0.029136,0.055556,0.035714,0,0.125,0.4,0.107143,0,0.07438,0.041322,0,no
0.100719,0.090909,0.014568,0.111111,0.047619,0,0.041667,0.2,0.1,0,0.115702,0.115702,0,no
0.100719,0.090909,0.014568,0.111111,0.047619,0,0.041667,0.2,0.1,0,0.115702,0.115702,0,no
0.100719,0.090909,0.014568,0.111111,0.047619,0,0.041667,0.2,0.1,0,0.115702,0.115702,0,no
0.093525,0.090909,0.014568,0.111111,0.011905,0,0.041667,0.2,0.092857,0,0.107438,0.107438,0,no
0.071942,0.090909,0.007284,0.055556,0.011905,0,0.041667,0.2,0.071429,0,0.082645,0.082645,0,no
0.093525,0.090909,0.014568,0.111111,0.011905,0,0.041667,0.2,0.092857,0,0.107438,0.107438,0,no
0.071942,0.090909,0.007284,0.055556,0.011905,0,0.041667,0.2,0.071429,0,0.082645,0.082645,0,no
0.093525,0.090909,0.014568,0.111111,0.011905,0,0.041667,0.2,0.092857,0,0.107438,0.107438,0,no
0.071942,0.090909,0.007284,0.055556,0.011905,0,0.041667,0.2,0.071429,0,0.082645,0.082645,0,no
0.086331,0,0.014568,0.055556,0.02381,0.02439,0.083333,0.2,0.092857,0.010309,0.099174,0.057851,1,no
0.079137,0,0.014568,0.055556,0.02381,0.02439,0.083333,0.2,0.078571,0,0.049587,0.045455,1,no
0.057554,0.090909,0.007284,0.055556,0.011905,0.02439,0.041667,0.2,0.057143,0,0.066116,0.066116,1,no
0.057554,0.181818,0.007284,0.055556,0.011905,0.02439,0.041667,0.2,0.057143,0,0.066116,0.066116,1,no
0.05036,0.090909,0.007284,0.055556,0.011905,0,0.083333,0.2,0.057143,0.010309,0.057851,0.03719,1,no
0.05036,0,0.007284,0.055556,0.02381,0.02439,0.083333,0.2,0.05,0,0.049587,0.028926,1,no
0.05036,0,0.007284,0.055556,0.02381,0.02439,0.083333,0.2,0.05,0,0.049587,0.028926,1,no
0.086331,0,0.007284,0.055556,0.071429,0.073171,0.083333,0.2,0.085714,0,0.066116,0.049587,1,no
0.043165,0,0.007284,0.055556,0.02381,0,0.083333,0.2,0.042857,0,0.024793,0.024793,1,no
0.028777,0,0.007284,0.055556,0.011905,0,0.041667,0.2,0.028571,0,0.033058,0.033058,1,no
0.194245,0.181818,0.03642,0.166667,0.011905,0.04878,0.083333,0.2,0.192857,0,0.198347,0.11157,1,no
0.057554,0.090909,0.007284,0.055556,0.02381,0,0.041667,0.2,0.057143,0,0.066116,0.066116,1,no
0.064748,0.090909,0.014568,0.055556,0.035714,0,0.041667,0.2,0.064286,0,0.07438,0.07438,1,no
0.064748,0.090909,0.007284,0.055556,0,0,0.083333,0.2,0.064286,0,0.066116,0.03719,1,no
0.043165,0.090909,0.007284,0.055556,0.011905,0,0.041667,0.2,0.042857,0,0.049587,0.049587,1,no
0.345324,0.090909,0.16025,0.055556,0,0,0.208333,0.2,0.342857,0,0.247934,0.079339,1,no
0.086331,0,0.014568,0.055556,0.02381,0.02439,0.083333,0.2,0.092857,0.010309,0.099174,0.057851,1,no
0.079137,0,0.014568,0.055556,0.02381,0.02439,0.083333,0.2,0.078571,0,0.049587,0.045455,1,no
0.057554,0.090909,0.007284,0.055556,0.011905,0.02439,0.041667,0.2,0.057143,0,0.066116,0.066116,1,no
0.057554,0.181818,0.007284,0.055556,0.011905,0.02439,0.041667,0.2,0.057143,0,0.066116,0.066116,1,no
0.05036,0.090909,0.007284,0.055556,0.011905,0,0.083333,0.2,0.057143,0.010309,0.057851,0.03719,1,no
0.05036,0,0.007284,0.055556,0.02381,0.02439,0.083333,0.2,0.05,0,0.049587,0.028926,1,no
0.05036,0,0.007284,0.055556,0.02381,0.02439,0.083333,0.2,0.05,0,0.049587,0.028926,1,no
0.086331,0,0.007284,0.055556,0.071429,0.073171,0.083333,0.2,0.085714,0,0.066116,0.049587,1,no
0.043165,0,0.007284,0.055556,0.02381,0,0.083333,0.2,0.042857,0,0.024793,0.024793,1,no
0.028777,0,0.007284,0.055556,0.011905,0,0.041667,0.2,0.028571,0,0.033058,0.033058,1,no
0.194245,0.181818,0.03642,0.166667,0.011905,0.04878,0.083333,0.2,0.192857,0,0.198347,0.11157,1,no
0.057554,0.090909,0.007284,0.055556,0.02381,0,0.041667,0.2,0.057143,0,0.066116,0.066116,1,no
0.064748,0.090909,0.014568,0.055556,0.035714,0,0.041667,0.2,0.064286,0,0.07438,0.07438,1,no
0.064748,0.090909,0.007284,0.055556,0,0,0.083333,0.2,0.064286,0,0.066116,0.03719,1,no
0.194245,0,0.050989,0.055556,0.083333,0.02439,0.208333,0.2,0.2,0.010309,0.14876,0.047934,1,no
0.079137,0,0.014568,0.055556,0.02381,0.02439,0.083333,0.2,0.078571,0,0.049587,0.045455,1,no
0.057554,0.090909,0.007284,0.055556,0.011905,0.02439,0.041667,0.2,0.057143,0,0.066116,0.066116,1,no
0.057554,0.181818,0.007284,0.055556,0.011905,0.02439,0.041667,0.2,0.057143,0,0.066116,0.066116,1,no
0.158273,0.090909,0.043704,0.055556,0.071429,0,0.208333,0.2,0.164286,0.010309,0.107438,0.039669,1,no
0.05036,0,0.007284,0.055556,0.02381,0.02439,0.083333,0.2,0.05,0,0.049587,0.028926,1,no
0.05036,0,0.007284,0.055556,0.02381,0.02439,0.083333,0.2,0.05,0,0.049587,0.028926,1,no
0.258993,0,0.050989,0.055556,0.130952,0.073171,0.166667,0.2,0.257143,0,0.132231,0.07438,1,no
0.143885,0,0.007284,0.055556,0.095238,0,0.166667,0.2,0.142857,0,0.057851,0.041322,1,no
0.071942,0,0.007284,0.055556,0.02381,0,0.041667,0.2,0.071429,0,0.082645,0.082645,0,no
0.05036,0,0.007284,0.055556,0.011905,0,0.041667,0.2,0.05,0,0.057851,0.057851,0,no
0.05036,0,0.007284,0.055556,0.071429,0,0.041667,0.2,0.05,0,0.057851,0.057851,0,no
0.05036,0,0.007284,0.055556,0.011905,0,0.041667,0.2,0.05,0,0.057851,0.057851,0,no
0.043165,0,0.007284,0.055556,0.02381,0,0.083333,0.2,0.042857,0,0.024793,0.024793,1,no
0.035971,0,0.007284,0.055556,0,0,0.083333,0.2,0.035714,0,0.033058,0.020661,1,no
0.482014,0.181818,0.087409,0.166667,0.059524,0.121951,0.208333,0.2,0.478571,0,0.330579,0.110744,1,no
0.057554,0.090909,0.007284,0.055556,0.02381,0,0.041667,0.2,0.057143,0,0.066116,0.066116,1,no
0.172662,0.090909,0.050989,0.055556,0.035714,0,0.166667,0.2,0.171429,0,0.123967,0.049587,1,no
0.100719,0.090909,0.014568,0.111111,0.047619,0,0.041667,0.2,0.1,0,0.115702,0.115702,0,no
0.064748,0.090909,0.007284,0.055556,0.011905,0,0.083333,0.2,0.064286,0,0.066116,0.03719,1,no
0.093525,0.090909,0.014568,0.111111,0.011905,0,0.041667,0.2,0.092857,0,0.107438,0.107438,0,no
0.071942,0.090909,0.007284,0.055556,0.011905,0,0.041667,0.2,0.071429,0,0.082645,0.082645,0,no
0.064748,0.090909,0.007284,0.055556,0,0,0.083333,0.2,0.064286,0,0.066116,0.03719,1,no
0.043165,0.090909,0.007284,0.055556,0.011905,0,0.041667,0.2,0.042857,0,0.049587,0.049587,1,no
0.086331,0.090909,0.029136,0.055556,0,0,0.041667,0.2,0.085714,0,0.099174,0.099174,1,no
0.086331,0,0.014568,0.055556,0.02381,0.02439,0.041667,0.2,0.085714,0,0.099174,0.099174,0,no
0.05036,0,0.007284,0.055556,0.02381,0.02439,0.041667,0.2,0.05,0,0.057851,0.057851,0,no
0.057554,0.090909,0.007284,0.055556,0.011905,0.02439,0.041667,0.2,0.057143,0,0.066116,0.066116,0,no
0.057554,0.181818,0.007284,0.055556,0.011905,0.02439,0.041667,0.2,0.057143,0,0.066116,0.066116,0,no
0.05036,0.090909,0.007284,0.055556,0.011905,0,0.041667,0.2,0.05,0,0.057851,0.057851,0,no
0.05036,0,0.007284,0.055556,0.02381,0.02439,0.041667,0.2,0.05,0,0.057851,0.057851,0,no
0.05036,0,0.007284,0.055556,0.02381,0.02439,0.041667,0.2,0.05,0,0.057851,0.057851,0,no
0.115108,0,0.014568,0.055556,0.071429,0.073171,0.041667,0.2,0.114286,0,0.132231,0.132231,0,no
0.071942,0,0.007284,0.055556,0.02381,0,0.041667,0.2,0.071429,0,0.082645,0.082645,0,no
0.071942,0,0.007284,0.055556,0.02381,0,0.041667,0.2,0.071429,0,0.082645,0.082645,0,no
0.05036,0,0.007284,0.055556,0.011905,0,0.041667,0.2,0.05,0,0.057851,0.057851,0,no
0.05036,0,0.007284,0.055556,0.071429,0,0.041667,0.2,0.05,0,0.057851,0.057851,0,no
0.05036,0,0.007284,0.055556,0.011905,0,0.041667,0.2,0.05,0,0.057851,0.057851,0,no
0.035971,0,0.007284,0.055556,0,0,0.041667,0.2,0.035714,0,0.041322,0.041322,0,no
0.223022,0.181818,0.043704,0.166667,0.035714,0.073171,0.041667,0.2,0.221429,0,0.256198,0.256198,0,no
0.057554,0.090909,0.007284,0.055556,0.02381,0,0.041667,0.2,0.057143,0,0.066116,0.066116,0,no
0.064748,0.090909,0.014568,0.055556,0.035714,0,0.041667,0.2,0.064286,0,0.07438,0.07438,0,no
0.100719,0.090909,0.014568,0.111111,0.047619,0,0.041667,0.2,0.1,0,0.115702,0.115702,0,no
0.093525,0.090909,0.014568,0.111111,0.011905,0,0.041667,0.2,0.092857,0,0.107438,0.107438,0,no
0.071942,0.090909,0.007284,0.055556,0.011905,0,0.041667,0.2,0.071429,0,0.082645,0.082645,0,no
0.107914,0,0.021852,0.055556,0.035714,0.02439,0.041667,0.2,0.107143,0,0.123967,0.123967,0,no
0.093525,0,0.021852,0.111111,0.02381,0.02439,0.041667,0.2,0.092857,0,0.107438,0.107438,0,no
0.057554,0.090909,0.007284,0.055556,0.011905,0.02439,0.041667,0.2,0.057143,0,0.066116,0.066116,0,no
0.057554,0.181818,0.007284,0.055556,0.011905,0.02439,0.041667,0.2,0.057143,0,0.066116,0.066116,0,no
0.071942,0.090909,0.014568,0.055556,0.02381,0,0.041667,0.2,0.071429,0,0.082645,0.082645,0,no
0.05036,0,0.007284,0.055556,0.02381,0.02439,0.041667,0.2,0.05,0,0.057851,0.057851,0,no
0.05036,0,0.007284,0.055556,0.02381,0.02439,0.041667,0.2,0.05,0,0.057851,0.057851,0,no
0.172662,0,0.029136,0.055556,0.083333,0.073171,0.041667,0.2,0.171429,0,0.198347,0.198347,0,no
0.115108,0,0.014568,0.055556,0.047619,0,0.041667,0.2,0.114286,0,0.132231,0.132231,0,no
0.071942,0,0.007284,0.055556,0.02381,0,0.041667,0.2,0.071429,0,0.082645,0.082645,0,no
0.071942,0,0.007284,0.055556,0.02381,0,0.041667,0.2,0.071429,0,0.082645,0.082645,0,no
0.05036,0,0.007284,0.055556,0.011905,0,0.041667,0.2,0.05,0,0.057851,0.057851,0,no
0.05036,0,0.007284,0.055556,0.071429,0,0.041667,0.2,0.05,0,0.057851,0.057851,0,no
0.05036,0,0.007284,0.055556,0.011905,0,0.041667,0.2,0.05,0,0.057851,0.057851,0,no
0.05036,0,0.007284,0.055556,0.011905,0,0.041667,0.2,0.05,0,0.057851,0.057851,0,no
0.05036,0,0.007284,0.055556,0.071429,0,0.041667,0.2,0.05,0,0.057851,0.057851,0,no
0.05036,0,0.007284,0.055556,0.011905,0,0.041667,0.2,0.05,0,0.057851,0.057851,0,no
0.057554,0,0.014568,0.111111,0.011905,0,0.041667,0.2,0.057143,0,0.066116,0.066116,0,no
0.043165,0,0.007284,0.055556,0,0,0.041667,0.2,0.042857,0,0.049587,0.049587,0,no
0.294964,0.181818,0.058273,0.166667,0.059524,0.097561,0.041667,0.2,0.292857,0,0.338843,0.338843,0,no
0.057554,0.090909,0.007284,0.055556,0.02381,0,0.041667,0.2,0.057143,0,0.066116,0.066116,0,no
0.086331,0.090909,0.021852,0.055556,0.035714,0,0.041667,0.2,0.085714,0,0.099174,0.099174,0,no
0.100719,0.090909,0.014568,0.111111,0.047619,0,0.041667,0.2,0.1,0,0.115702,0.115702,0,no
0.100719,0.090909,0.014568,0.111111,0.047619,0,0.041667,0.2,0.1,0,0.115702,0.115702,0,no
0.093525,0.090909,0.014568,0.111111,0.011905,0,0.041667,0.2,0.092857,0,0.107438,0.107438,0,no
0.071942,0.090909,0.007284,0.055556,0.011905,0,0.041667,0.2,0.071429,0,0.082645,0.082645,0,no
0.093525,0.090909,0.014568,0.111111,0.011905,0,0.041667,0.2,0.092857,0,0.107438,0.107438,0,no
0.071942,0.090909,0.007284,0.055556,0.011905,0,0.041667,0.2,0.071429,0,0.082645,0.082645,0,no
0.043165,0.090909,0.007284,0.055556,0.011905,0,0.041667,0.2,0.042857,0,0.049587,0.049587,0,no
0.071942,0.090909,0.021852,0.055556,0,0,0.041667,0.2,0.071429,0,0.082645,0.082645,0,no
0.086331,0,0.014568,0.055556,0.02381,0.02439,0.041667,0.2,0.085714,0,0.099174,0.099174,0,no
0.05036,0,0.007284,0.055556,0.02381,0.02439,0.041667,0.2,0.05,0,0.057851,0.057851,0,no
0.057554,0.090909,0.007284,0.055556,0.011905,0.02439,0.041667,0.2,0.057143,0,0.066116,0.066116,0,no
0.057554,0.181818,0.007284,0.055556,0.011905,0.02439,0.041667,0.2,0.057143,0,0.066116,0.066116,0,no
0.05036,0.090909,0.007284,0.055556,0.011905,0,0.041667,0.2,0.05,0,0.057851,0.057851,0,no
0.05036,0,0.007284,0.055556,0.02381,0.02439,0.041667,0.2,0.05,0,0.057851,0.057851,0,no
0.05036,0,0.007284,0.055556,0.02381,0.02439,0.041667,0.2,0.05,0,0.057851,0.057851,0,no
0.086331,0,0.007284,0.055556,0.071429,0.073171,0.041667,0.2,0.085714,0,0.099174,0.099174,0,no
0.028777,0,0.007284,0.055556,0.011905,0,0.041667,0.2,0.028571,0,0.033058,0.033058,0,no
0.23741,0.181818,0.043704,0.166667,0.035714,0.097561,0.041667,0.2,0.235714,0,0.272727,0.272727,0,no
0.057554,0.090909,0.007284,0.055556,0.02381,0,0.041667,0.2,0.057143,0,0.066116,0.066116,0,no
0.064748,0.090909,0.014568,0.055556,0.035714,0,0.041667,0.2,0.064286,0,0.07438,0.07438,0,no
0.064748,0.090909,0.007284,0.055556,0.011905,0,0.041667,0.2,0.064286,0,0.07438,0.07438,0,no
0.093525,0,0.014568,0.111111,0.011905,0.073171,0.041667,0.2,0.092857,0,0.107438,0.107438,0,no
0.071942,0,0.007284,0.055556,0.011905,0.04878,0.041667,0.2,0.071429,0,0.082645,0.082645,0,no
0.215827,0,0.058273,0.055556,0.095238,0.02439,0.291667,0.4,0.228571,0.020619,0.123967,0.040142,1,no
0.05036,0,0.007284,0.055556,0.02381,0.02439,0.083333,0.2,0.05,0,0.033058,0.028926,1,no
0.057554,0.090909,0.007284,0.055556,0.011905,0.02439,0.041667,0.2,0.057143,0,0.066116,0.066116,0,no
0.057554,0.181818,0.007284,0.055556,0.011905,0.02439,0.041667,0.2,0.057143,0,0.066116,0.066116,0,no
0.179856,0.090909,0.050989,0.055556,0.083333,0,0.291667,0.4,0.192857,0.020619,0.082645,0.034238,1,no
0.05036,0,0.007284,0.055556,0.02381,0.02439,0.083333,0.2,0.05,0,0.049587,0.028926,1,no
0.05036,0,0.007284,0.055556,0.02381,0.02439,0.083333,0.2,0.05,0,0.049587,0.028926,1,no
0.28777,0,0.058273,0.055556,0.142857,0.073171,0.291667,0.4,0.292857,0.010309,0.066116,0.049587,1,no
0.158273,0,0.007284,0.055556,0.107143,0,0.291667,0.4,0.164286,0.010309,0.057851,0.028335,1,no
0.071942,0,0.007284,0.055556,0.02381,0,0.083333,0.2,0.078571,0.010309,0.082645,0.049587,0,no
0.071942,0,0.007284,0.055556,0.011905,0.04878,0.041667,0.2,0.071429,0,0.082645,0.082645,0,no
0.05036,0,0.007284,0.055556,0.011905,0,0.041667,0.2,0.05,0,0.057851,0.057851,0,no
0.05036,0,0.007284,0.055556,0.071429,0,0.041667,0.2,0.05,0,0.057851,0.057851,0,no
0.05036,0,0.007284,0.055556,0.011905,0,0.041667,0.2,0.05,0,0.057851,0.057851,0,no
0.035971,0,0.007284,0.055556,0,0,0.083333,0.2,0.035714,0,0.033058,0.020661,1,no
0.52518,0.181818,0.094693,0.166667,0.059524,0.121951,0.291667,0.4,0.528571,0.010309,0.289256,0.088548,1,no
0.057554,0.090909,0.007284,0.055556,0.02381,0,0.041667,0.2,0.057143,0,0.066116,0.066116,0,no
0.194245,0.090909,0.058273,0.055556,0.035714,0,0.25,0.4,0.2,0.010309,0.099174,0.039945,1,no
0.100719,0.090909,0.014568,0.111111,0.047619,0,0.083333,0.2,0.107143,0.010309,0.115702,0.066116,0,no
0.064748,0.090909,0.007284,0.055556,0.011905,0,0.125,0.2,0.071429,0.010309,0.066116,0.030303,1,no
0.064748,0.090909,0.007284,0.055556,0,0,0.083333,0.2,0.071429,0.010309,0.07438,0.045455,0,no
0.093525,0.090909,0.014568,0.111111,0.011905,0,0.083333,0.2,0.1,0.010309,0.107438,0.061983,0,no
0.071942,0.090909,0.007284,0.055556,0.011905,0,0.083333,0.2,0.078571,0.010309,0.082645,0.049587,0,no
0.093525,0,0.014568,0.111111,0.011905,0.073171,0.041667,0.2,0.092857,0,0.107438,0.107438,0,no
0.071942,0,0.007284,0.055556,0.011905,0.04878,0.041667,0.2,0.071429,0,0.082645,0.082645,0,no
0.151079,0,0.03642,0.055556,0.059524,0.02439,0.166667,0.4,0.157143,0.010309,0.123967,0.047521,1,no
0.05036,0,0.007284,0.055556,0.02381,0.02439,0.041667,0.2,0.05,0,0.057851,0.057851,0,no
0.057554,0.090909,0.007284,0.055556,0.011905,0.02439,0.041667,0.2,0.057143,0,0.066116,0.066116,0,no
0.057554,0.181818,0.007284,0.055556,0.011905,0.02439,0.041667,0.2,0.057143,0,0.066116,0.066116,0,no
0.115108,0.090909,0.029136,0.055556,0.047619,0,0.166667,0.4,0.121429,0.010309,0.082645,0.03719,1,no
0.05036,0,0.007284,0.055556,0.02381,0.02439,0.041667,0.2,0.05,0,0.057851,0.057851,0,no
0.05036,0,0.007284,0.055556,0.02381,0.02439,0.041667,0.2,0.05,0,0.057851,0.057851,0,no
0.201439,0,0.03642,0.055556,0.107143,0.073171,0.166667,0.4,0.207143,0.010309,0.165289,0.061983,1,no
0.115108,0,0.007284,0.055556,0.059524,0,0.166667,0.4,0.121429,0.010309,0.099174,0.03719,1,no
0.071942,0,0.007284,0.055556,0.02381,0,0.041667,0.2,0.071429,0,0.082645,0.082645,0,no
0.071942,0,0.007284,0.055556,0.011905,0.04878,0.041667,0.2,0.071429,0,0.082645,0.082645,0,no
0.05036,0,0.007284,0.055556,0.011905,0,0.041667,0.2,0.05,0,0.057851,0.057851,0,no
0.05036,0,0.007284,0.055556,0.071429,0,0.041667,0.2,0.05,0,0.057851,0.057851,0,no
0.05036,0,0.007284,0.055556,0.011905,0,0.041667,0.2,0.05,0,0.057851,0.057851,0,no
0.035971,0,0.007284,0.055556,0,0,0.041667,0.2,0.035714,0,0.041322,0.041322,0,no
0.352518,0.181818,0.065557,0.166667,0.035714,0.073171,0.166667,0.4,0.357143,0.010309,0.305785,0.105372,1,no
0.057554,0.090909,0.007284,0.055556,0.02381,0,0.041667,0.2,0.057143,0,0.066116,0.066116,0,no
0.129496,0.090909,0.03642,0.055556,0.035714,0,0.166667,0.4,0.135714,0.010309,0.099174,0.041322,1,no
0.100719,0.090909,0.014568,0.111111,0.047619,0,0.041667,0.2,0.1,0,0.115702,0.115702,0,no
0.064748,0.090909,0.007284,0.055556,0,0,0.041667,0.2,0.064286,0,0.07438,0.07438,0,no
0.093525,0.090909,0.014568,0.111111,0.011905,0,0.041667,0.2,0.092857,0,0.107438,0.107438,0,no
0.071942,0.090909,0.007284,0.055556,0.011905,0,0.041667,0.2,0.071429,0,0.082645,0.082645,0,no
0.107914,0,0.021852,0.055556,0.035714,0.02439,0.125,0.2,0.114286,0.010309,0.099174,0.046832,1,no
0.107914,0,0.021852,0.055556,0.02381,0.02439,0.083333,0.2,0.107143,0,0.066116,0.061983,1,no
0.057554,0.090909,0.007284,0.055556,0.011905,0.02439,0.041667,0.2,0.057143,0,0.066116,0.066116,1,no
0.057554,0.181818,0.007284,0.055556,0.011905,0.02439,0.041667,0.2,0.057143,0,0.066116,0.066116,1,no
0.071942,0.090909,0.014568,0.055556,0.02381,0,0.125,0.2,0.078571,0.010309,0.057851,0.033058,1,no
0.05036,0,0.007284,0.055556,0.02381,0.02439,0.083333,0.2,0.05,0,0.049587,0.028926,1,no
0.05036,0,0.007284,0.055556,0.02381,0.02439,0.083333,0.2,0.05,0,0.049587,0.028926,1,no
0.143885,0,0.021852,0.055556,0.083333,0.073171,0.083333,0.2,0.142857,0,0.099174,0.082645,1,no
0.086331,0,0.007284,0.055556,0.035714,0,0.083333,0.2,0.085714,0,0.057851,0.049587,1,no
0.071942,0,0.007284,0.055556,0.02381,0,0.083333,0.2,0.071429,0,0.041322,0.041322,1,no
0.05036,0,0.007284,0.055556,0.011905,0,0.083333,0.2,0.05,0,0.033058,0.028926,1,no
0.05036,0,0.007284,0.055556,0.071429,0,0.041667,0.2,0.05,0,0.057851,0.057851,1,no
0.05036,0,0.007284,0.055556,0.011905,0,0.041667,0.2,0.05,0,0.057851,0.057851,1,no
0.064748,0,0.014568,0.055556,0.02381,0,0.083333,0.2,0.064286,0,0.049587,0.03719,1,no
0.035971,0,0.007284,0.055556,0,0,0.041667,0.2,0.035714,0,0.041322,0.041322,1,no
0.266187,0.181818,0.050989,0.166667,0.035714,0.073171,0.125,0.2,0.264286,0,0.239669,0.101928,1,no
0.057554,0.090909,0.007284,0.055556,0.02381,0,0.041667,0.2,0.057143,0,0.066116,0.066116,1,no
0.086331,0.090909,0.021852,0.055556,0.035714,0,0.083333,0.2,0.085714,0,0.07438,0.049587,1,no
0.100719,0.090909,0.014568,0.111111,0.047619,0,0.083333,0.2,0.1,0,0.07438,0.057851,1,no
0.093525,0.090909,0.014568,0.111111,0.011905,0,0.083333,0.2,0.092857,0,0.066116,0.053719,1,no
0.071942,0.090909,0.007284,0.055556,0.011905,0,0.083333,0.2,0.071429,0,0.041322,0.041322,1,no
0.086331,0,0.014568,0.055556,0.02381,0.02439,0.083333,0.2,0.092857,0.010309,0.099174,0.057851,1,no
0.079137,0,0.014568,0.055556,0.02381,0.02439,0.083333,0.2,0.078571,0,0.049587,0.045455,1,no
0.057554,0.090909,0.007284,0.055556,0.011905,0.02439,0.041667,0.2,0.057143,0,0.066116,0.066116,1,no
0.057554,0.181818,0.007284,0.055556,0.011905,0.02439,0.041667,0.2,0.057143,0,0.066116,0.066116,1,no
0.05036,0.090909,0.007284,0.055556,0.011905,0,0.083333,0.2,0.057143,0.010309,0.057851,0.03719,1,no
0.05036,0,0.007284,0.055556,0.02381,0.02439,0.083333,0.2,0.05,0,0.049587,0.028926,1,no
0.05036,0,0.007284,0.055556,0.02381,0.02439,0.083333,0.2,0.05,0,0.049587,0.028926,1,no
0.086331,0,0.007284,0.055556,0.071429,0.073171,0.083333,0.2,0.085714,0,0.066116,0.049587,1,no
0.043165,0,0.007284,0.055556,0.02381,0,0.083333,0.2,0.042857,0,0.024793,0.024793,1,no
0.028777,0,0.007284,0.055556,0.011905,0,0.041667,0.2,0.028571,0,0.033058,0.033058,1,no
0.194245,0.181818,0.03642,0.166667,0.011905,0.04878,0.083333,0.2,0.192857,0,0.198347,0.11157,1,no
0.057554,0.090909,0.007284,0.055556,0.02381,0,0.041667,0.2,0.057143,0,0.066116,0.066116,1,no
0.064748,0.090909,0.014568,0.055556,0.035714,0,0.041667,0.2,0.064286,0,0.07438,0.07438,1,no
0.064748,0.090909,0.007284,0.055556,0,0,0.083333,0.2,0.064286,0,0.066116,0.03719,1,no
0.107914,0.090909,0.014568,0.111111,0.011905,0.146341,0.041667,0.2,0.107143,0,0.123967,0.123967,0,no
0.05036,0.090909,0.007284,0.055556,0,0.04878,0.041667,0.2,0.05,0,0.057851,0.057851,0,no
0.100719,0.090909,0.014568,0.111111,0.011905,0.146341,0.041667,0.2,0.1,0,0.115702,0.115702,0,no
0.136691,0.181818,0.03642,0.111111,0,0.073171,0.041667,0.2,0.135714,0,0.157025,0.157025,0,no
0.100719,0.181818,0.029136,0.111111,0.011905,0.073171,0.041667,0.2,0.1,0,0.115702,0.115702,0,no
0.05036,0.090909,0.007284,0.055556,0,0.04878,0.041667,0.2,0.05,0,0.057851,0.057851,0,no
0.093525,0.090909,0.007284,0.055556,0,0.073171,0.041667,0.2,0.092857,0,0.107438,0.107438,0,no
0.115108,0.272727,0.029136,0.111111,0.011905,0.121951,0.041667,0.2,0.114286,0,0.132231,0.132231,0,no
0.05036,0.090909,0.007284,0.055556,0,0,0.041667,0.2,0.05,0,0.057851,0.057851,0,no
0.064748,0.090909,0.007284,0.055556,0,0.02439,0.041667,0.2,0.064286,0,0.07438,0.07438,0,no
0.071942,0.090909,0.014568,0.055556,0,0.02439,0.041667,0.2,0.071429,0,0.082645,0.082645,0,no
0.100719,0.090909,0.014568,0.055556,0,0.02439,0.041667,0.2,0.1,0,0.115702,0.115702,0,no
0.107914,0.181818,0.007284,0.055556,0.011905,0,0.166667,0.4,0.142857,0.051546,0.099174,0.051653,1,no
0.172662,0,0.029136,0.166667,0,0.243902,0.166667,0.4,0.178571,0.010309,0.157025,0.053719,1,no
0.158273,0.181818,0.014568,0.055556,0,0.02439,0.166667,0.2,0.164286,0.010309,0.107438,0.049587,0,no
0.496403,0.090909,0.087409,0.166667,0.02381,0.390244,0.125,0.2,0.492857,0,0.31405,0.190083,1,no
0.158273,0.090909,0.014568,0.055556,0,0.02439,0.083333,0.2,0.157143,0,0.099174,0.090909,0,no
0.158273,0.090909,0.014568,0.055556,0,0.073171,0.166667,0.2,0.214286,0.082474,0.165289,0.078512,0,no
0.158273,0.090909,0.014568,0.055556,0,0.02439,0.083333,0.2,0.157143,0,0.140496,0.090909,0,no
0.05036,0.181818,0.007284,0.055556,0,0.04878,0.083333,0.2,0.05,0,0.033058,0.028926,0,no
0.05036,0.181818,0.007284,0.055556,0,0,0.041667,0.2,0.05,0,0.057851,0.057851,0,no
0.05036,0.181818,0.007284,0.055556,0,0,0.041667,0.2,0.05,0,0.057851,0.057851,0,no
0.05036,0.181818,0.007284,0.055556,0,0,0.041667,0.2,0.05,0,0.057851,0.057851,0,no
0.05036,0.181818,0.007284,0.055556,0,0,0.041667,0.2,0.05,0,0.057851,0.057851,0,no
0.035971,0.090909,0.007284,0.055556,0,0,0.083333,0.2,0.035714,0,0.024793,0.020661,0,no
0.057554,0,0.014568,0.111111,0,0,0.041667,0.2,0.057143,0,0.066116,0.066116,0,no
0.100719,0.090909,0.014568,0.111111,0,0.097561,0.041667,0.2,0.1,0,0.115702,0.115702,0,no
0.194245,0,0.007284,0.055556,0,0,0.083333,0.2,0.192857,0,0.214876,0.11157,1,no
0.05036,0,0.007284,0.055556,0,0.02439,0.041667,0.2,0.05,0,0.057851,0.057851,0,no
0.338129,0.090909,0.050989,0.111111,0.011905,0.121951,0.166667,0.2,0.335714,0,0.363636,0.097107,1,no
0.107914,0,0.021852,0.111111,0.011905,0.02439,0.083333,0.2,0.114286,0.010309,0.123967,0.070248,1,no
0.057554,0.090909,0.007284,0.055556,0.011905,0,0.041667,0.2,0.057143,0,0.066116,0.066116,0,no
0.035971,0.090909,0.007284,0.055556,0,0,0.041667,0.2,0.035714,0,0.041322,0.041322,0,no
0.280576,0.090909,0.050989,0.166667,0,0.170732,0.125,0.4,0.3,0.030928,0.338843,0.123967,1,no
0.273381,0,0.043704,0.166667,0.02381,0.121951,0.125,0.2,0.735714,0.670103,0.719008,0.46281,1,no
0.064748,0,0.007284,0.055556,0,0.02439,0.041667,0.2,0.064286,0,0.07438,0.07438,0,no
0.100719,0.090909,0.014568,0.055556,0,0.04878,0.041667,0.2,0.1,0,0.115702,0.115702,0,no
0.172662,0.090909,0.021852,0.055556,0,0.170732,0.125,0.2,0.178571,0.010309,0.190083,0.071625,0,no
0.107914,0.090909,0.014568,0.055556,0,0.097561,0.041667,0.2,0.107143,0,0.123967,0.123967,0,no
0.093525,0.090909,0.007284,0,0,0.097561,0.125,0.2,0.107143,0.020619,0.107438,0.046832,0,no
0.107914,0.090909,0.021852,0.055556,0,0.02439,0.083333,0.2,0.164286,0.082474,0.190083,0.128099,1,no
0.079137,0.090909,0.014568,0.055556,0.011905,0.02439,0.083333,0.2,0.085714,0.010309,0.090909,0.053719,0,no
0.071942,0.090909,0.014568,0.055556,0,0,0.041667,0.2,0.071429,0,0.082645,0.082645,0,no
0.129496,0.090909,0.021852,0.055556,0,0.04878,0.041667,0.2,0.128571,0,0.14876,0.14876,1,no
0.107914,0.090909,0.021852,0.111111,0,0.073171,0.041667,0.2,0.107143,0,0.123967,0.123967,0,no
0.064748,0.090909,0.014568,0.111111,0,0.02439,0.041667,0.2,0.064286,0,0.07438,0.07438,0,no
0.064748,0.090909,0.007284,0.055556,0,0.02439,0.041667,0.2,0.064286,0,0.07438,0.07438,0,no
0.172662,0.090909,0.029136,0.166667,0,0.073171,0.041667,0.2,0.171429,0,0.198347,0.198347,0,no
0.043165,0.090909,0.007284,0.055556,0,0,0.041667,0.2,0.042857,0,0.049587,0.049587,0,no
0.165468,0.090909,0.029136,0.111111,0,0.121951,0.041667,0.2,0.164286,0,0.190083,0.190083,0,no
0.438849,0.090909,0.050989,0.166667,0.035714,0.317073,0.166667,0.4,0.485714,0.072165,0.545455,0.154959,1,no
0.05036,0.454545,0.007284,0.055556,0,0,0.083333,0.2,0.071429,0.030928,0.082645,0.053719,1,no
0.100719,0.090909,0.014568,0.055556,0,0.04878,0.041667,0.2,0.1,0,0.115702,0.115702,0,no
0.165468,0.090909,0.029136,0.111111,0.011905,0.02439,0.041667,0.2,0.164286,0,0.190083,0.190083,0,no
0.215827,0.090909,0.03642,0.166667,0,0.268293,0.083333,0.4,0.214286,0,0.239669,0.123967,1,no
0.071942,0.090909,0.021852,0.111111,0.011905,0,0.041667,0.2,0.071429,0,0.082645,0.082645,0,no
0.172662,0.090909,0.03642,0.166667,0,0.02439,0.041667,0.2,0.171429,0,0.198347,0.198347,0,no
0.05036,0,0.007284,0.055556,0,0.04878,0.083333,0.2,0.057143,0.010309,0.057851,0.03719,0,no
0.151079,0,0.029136,0.166667,0,0.097561,0.083333,0.2,0.15,0,0.132231,0.086777,0,no
0.316547,0.090909,0.058273,0.222222,0,0.121951,0.083333,0.2,0.314286,0,0.355372,0.181818,0,no
0.115108,0.090909,0.014568,0.055556,0,0.04878,0.041667,0.2,0.114286,0,0.132231,0.132231,0,no
0.122302,0.272727,0.021852,0.111111,0.011905,0.073171,0.083333,0.4,0.128571,0.010309,0.140496,0.078512,1,no
0.064748,0.363636,0.014568,0.111111,0.011905,0.02439,0.083333,0.4,0.064286,0,0.066116,0.03719,1,no
0.115108,0.272727,0.029136,0.166667,0.011905,0.073171,0.083333,0.2,0.114286,0,0.107438,0.066116,0,no
0.23741,0,0.058273,0.166667,0.011905,0.097561,0.083333,0.2,0.242857,0.010309,0.272727,0.144628,1,no
0.021583,0,0.007284,0,0,0,0.041667,0.2,0.021429,0,0.024793,0.024793,0,no
0.309353,0.090909,0.043704,0.222222,0.011905,0.170732,0.041667,0.2,0.307143,0,0.355372,0.355372,0,no
0.122302,0,0.029136,0.111111,0,0.097561,0.125,0.2,0.135714,0.020619,0.14876,0.057851,1,no
0.057554,0,0.007284,0.055556,0,0.02439,0.083333,0.2,0.15,0.134021,0.173554,0.140496,1,no
0.064748,0,0.007284,0.055556,0.02381,0.04878,0.083333,0.4,0.071429,0.010309,0.07438,0.045455,1,no
0.42446,0.090909,0.087409,0.277778,0,0.195122,0.041667,0.2,0.421429,0,0.487603,0.487603,1,no
0.129496,0,0.029136,0.111111,0,0.02439,0.041667,0.2,0.128571,0,0.14876,0.14876,0,no
0.079137,0.090909,0.007284,0.055556,0,0.02439,0.041667,0.2,0.078571,0,0.090909,0.090909,0,no
0.079137,0.090909,0.007284,0.055556,0,0.02439,0.041667,0.2,0.078571,0,0.090909,0.090909,0,no
0.302158,0.090909,0.043704,0.222222,0.011905,0.170732,0.041667,0.2,0.3,0,0.347107,0.347107,0,no
0.071942,0.181818,0.007284,0.055556,0.02381,0.02439,0.083333,0.4,0.078571,0.010309,0.082645,0.049587,1,no
0.107914,0.181818,0.021852,0.055556,0.011905,0.02439,0.083333,0.4,0.114286,0.010309,0.123967,0.070248,1,no
0.18705,0.090909,0.007284,0.055556,0,0.268293,0.166667,0.8,0.207143,0.030928,0.214876,0.066116,1,no
0.079137,0.090909,0.007284,0.055556,0,0.121951,0.083333,0.4,0.085714,0.010309,0.090909,0.053719,1,no
0.129496,0.090909,0.007284,0.055556,0,0.195122,0.083333,0.4,0.135714,0.010309,0.14876,0.082645,1,no
0.122302,0.181818,0.007284,0.055556,0,0.121951,0.041667,0.2,0.121429,0,0.140496,0.140496,0,no
0.05036,0.090909,0.007284,0.055556,0,0.02439,0.083333,0.4,0.078571,0.041237,0.090909,0.061983,1,no
0.05036,0,0.007284,0.055556,0,0,0.041667,0.2,0.05,0,0.057851,0.057851,0,no
0.05036,0,0.007284,0.055556,0,0,0.041667,0.2,0.05,0,0.057851,0.057851,0,no
0.071942,0,0.014568,0.111111,0.011905,0.04878,0.041667,0.2,0.071429,0,0.082645,0.082645,0,no
0.043165,0,0.007284,0.055556,0,0,0.041667,0.2,0.042857,0,0.049587,0.049587,0,no
0.043165,0,0.007284,0.055556,0,0,0.041667,0.2,0.042857,0,0.049587,0.049587,0,no
0.043165,0,0.007284,0.055556,0,0,0.041667,0.2,0.042857,0,0.049587,0.049587,0,no
0.05036,0,0.007284,0.055556,0.011905,0.02439,0.125,0.4,0.057143,0.010309,0.033058,0.024793,1,no
0.05036,0,0.007284,0.055556,0,0,0.041667,0.2,0.05,0,0.057851,0.057851,0,no
0.057554,0,0.007284,0.055556,0,0.02439,0.041667,0.2,0.057143,0,0.066116,0.066116,0,no
0.172662,0,0.058273,0.166667,0.02381,0.04878,0.125,0.6,0.171429,0,0.123967,0.066116,0,no
0.05036,0.090909,0.014568,0.055556,0.02381,0.02439,0.041667,0.2,0.05,0,0.057851,0.057851,0,no
0.100719,0.181818,0.014568,0.055556,0.011905,0.04878,0.041667,0.2,0.1,0,0.115702,0.115702,0,no
0.057554,0.090909,0.007284,0.055556,0,0.02439,0.041667,0.2,0.057143,0,0.066116,0.066116,0,no
0.086331,0.090909,0.014568,0.055556,0,0.02439,0.041667,0.2,0.085714,0,0.099174,0.099174,0,no
0.122302,0.272727,0.014568,0.055556,0,0.02439,0.041667,0.2,0.121429,0,0.140496,0.140496,0,no
0.05036,0.090909,0.007284,0.055556,0,0.02439,0.041667,0.2,0.05,0,0.057851,0.057851,0,no
0.05036,0.272727,0.007284,0.055556,0,0.02439,0.041667,0.2,0.05,0,0.057851,0.057851,0,no
0.122302,0.363636,0.029136,0.055556,0,0.04878,0.083333,0.4,0.121429,0,0.115702,0.070248,1,no
0.035971,0,0.007284,0.055556,0,0.02439,0.083333,0.4,0.042857,0.010309,0.049587,0.028926,1,no
0.035971,0,0.007284,0.055556,0,0.02439,0.083333,0.2,0.035714,0,0.024793,0.020661,1,no
0.035971,0,0.007284,0.055556,0,0.02439,0.083333,0.4,0.035714,0,0.024793,0.020661,0,no
0.035971,0,0.007284,0.055556,0,0.02439,0.083333,0.4,0.042857,0.010309,0.041322,0.028926,1,no
0.136691,0.727273,0.014568,0.111111,0,0,0.041667,0.2,0.135714,0,0.157025,0.157025,1,no
0.122302,0,0.014568,0.055556,0.011905,0,0.083333,0.2,0.121429,0,0.123967,0.070248,1,no
0.158273,0.090909,0.029136,0.055556,0.011905,0,0.083333,0.2,0.164286,0.010309,0.181818,0.099174,0,no
0.115108,0.181818,0.014568,0.055556,0,0.02439,0.25,0.4,0.135714,0.030928,0.115702,0.030303,1,no
0.064748,0,0.014568,0.055556,0.011905,0,0.083333,0.4,0.071429,0.010309,0.07438,0.045455,1,no
0.143885,0,0.014568,0.111111,0.035714,0.04878,0.25,0.6,0.157143,0.020619,0.07438,0.033058,1,no
0.043165,0.181818,0.007284,0.055556,0,0,0.083333,0.4,0.05,0.010309,0.049587,0.033058,0,no
0.107914,0,0.014568,0.055556,0,0.02439,0.166667,0.4,0.114286,0.010309,0.099174,0.035124,1,no
0.215827,0.090909,0.021852,0.111111,0,0.02439,0.125,0.2,0.214286,0,0.099174,0.082645,0,no
0.158273,0,0.014568,0.055556,0,0.073171,0.041667,0.2,0.157143,0,0.181818,0.181818,0,no
0.093525,0.090909,0.014568,0.055556,0,0,0.041667,0.2,0.092857,0,0.107438,0.107438,0,no
0.035971,0.090909,0.007284,0.055556,0,0,0.041667,0.2,0.035714,0,0.041322,0.041322,0,no
0.043165,0.090909,0.007284,0.055556,0,0,0.083333,0.2,0.05,0.010309,0.057851,0.033058,1,no
0.079137,0,0.014568,0.111111,0,0.04878,0.041667,0.2,0.078571,0,0.090909,0.090909,0,no
0.143885,0,0.029136,0.166667,0,0.02439,0.041667,0.2,0.142857,0,0.165289,0.165289,0,no
0.028777,0.181818,0.014568,0,0.011905,0.02439,0.041667,0.2,0.028571,0,0.033058,0.033058,0,no
0.05036,0,0.007284,0.055556,0,0.02439,0.166667,0.6,0.085714,0.051546,0.066116,0.035124,1,no
0.129496,0.181818,0.007284,0.055556,0,0,0.083333,0.4,0.128571,0,0.132231,0.07438,0,no
0.057554,0.181818,0.007284,0.055556,0,0,0.083333,0.4,0.057143,0,0.057851,0.033058,0,no
0.244604,0.181818,0.007284,0.055556,0,0.097561,0.041667,0.2,0.242857,0,0.280992,0.280992,0,no
0.064748,0.181818,0.007284,0.055556,0,0.02439,0.083333,0.4,0.064286,0,0.066116,0.03719,0,no
0.057554,0.181818,0.007284,0.055556,0,0.04878,0.041667,0.2,0.057143,0,0.066116,0.066116,0,no
0.158273,0.181818,0.007284,0.055556,0,0.073171,0.166667,0.6,0.171429,0.020619,0.14876,0.053719,1,no
0.647482,0.181818,0.058273,0.111111,0.047619,0.487805,0.416667,0.6,0.807143,0.237113,0.347107,0.112397,1,no
0.42446,0.181818,0.043704,0.111111,0.02381,0.341463,0.291667,0.2,0.578571,0.226804,0.380165,0.121606,1,no
0.035971,0.090909,0.007284,0.055556,0,0,0.041667,0.2,0.035714,0,0.041322,0.041322,0,no
0.107914,0.090909,0.021852,0.166667,0.011905,0.073171,0.125,0.4,0.107143,0,0.07438,0.041322,0,no
0.302158,0.272727,0.065557,0.277778,0.035714,0.121951,0.083333,0.2,0.3,0,0.22314,0.173554,0,no
0.107914,0.181818,0.029136,0.166667,0.02381,0.02439,0.083333,0.2,0.107143,0,0.082645,0.061983,0,no
0.05036,0.090909,0.007284,0.055556,0,0,0.041667,0.2,0.05,0,0.057851,0.057851,0,no
0.244604,0.181818,0.007284,0.055556,0,0.097561,0.166667,0.6,0.25,0.010309,0.165289,0.07438,1,no
0.05036,0.090909,0.007284,0.055556,0.011905,0.02439,0.041667,0.2,0.05,0,0.057851,0.057851,0,no
0.151079,0.181818,0.021852,0.055556,0.011905,0.121951,0.083333,0.4,0.157143,0.010309,0.173554,0.095041,1,no
0.158273,0.272727,0.029136,0.111111,0.02381,0.097561,0.041667,0.2,0.157143,0,0.181818,0.181818,1,no
0.251799,0.181818,0.050989,0.166667,0.02381,0.121951,0.083333,0.2,0.378571,0.185567,0.438017,0.293388,1,no
0.129496,0.181818,0.014568,0.055556,0,0.02439,0.041667,0.2,0.128571,0,0.14876,0.14876,0,no
0.330935,0,0.03642,0.111111,0,0.121951,0.041667,0.2,0.328571,0,0.380165,0.380165,0,no
0.208633,0.272727,0.043704,0.111111,0,0,0.041667,0.2,0.207143,0,0.239669,0.239669,0,no
0.079137,0.363636,0.014568,0.111111,0,0.02439,0.041667,0.2,0.078571,0,0.090909,0.090909,0,no
0.136691,0,0.029136,0.055556,0,0,0.041667,0.2,0.135714,0,0.157025,0.157025,0,no
0.100719,0,0.021852,0.111111,0,0,0.041667,0.2,0.1,0,0.115702,0.115702,1,no
0.143885,0.454545,0.021852,0.111111,0,0.04878,0.041667,0.2,0.142857,0,0.165289,0.165289,0,no
0.151079,0.454545,0.021852,0.166667,0.011905,0.02439,0.041667,0.2,0.15,0,0.173554,0.173554,0,no
0.251799,0.363636,0.03642,0.111111,0,0.146341,0.041667,0.2,0.25,0,0.289256,0.289256,0,no
0.107914,0.272727,0.007284,0.055556,0,0.073171,0.041667,0.2,0.107143,0,0.123967,0.123967,0,no
0.28777,0.545455,0.03642,0.111111,0,0.219512,0.041667,0.2,0.285714,0,0.330579,0.330579,0,no
0.071942,0.090909,0.014568,0.055556,0,0.02439,0.083333,0.4,0.078571,0.010309,0.082645,0.049587,1,no
0.165468,0.545455,0.029136,0.166667,0,0.04878,0.041667,0.2,0.164286,0,0.190083,0.190083,0,no
0.129496,0.090909,0.014568,0.055556,0,0.170732,0.041667,0.2,0.128571,0,0.14876,0.14876,0,no
0.208633,0.272727,0.03642,0.111111,0,0.121951,0.041667,0.2,0.207143,0,0.239669,0.239669,0,no
0.107914,0.272727,0.021852,0.166667,0.011905,0,0.041667,0.2,0.107143,0,0.123967,0.123967,0,no
0.093525,0.272727,0.021852,0.111111,0,0,0.041667,0.2,0.114286,0,0.132231,0.132231,0,no
0.115108,0.272727,0.029136,0.166667,0,0,0.041667,0.2,0.114286,0,0.132231,0.132231,0,no
0.057554,0.272727,0.007284,0.055556,0,0.02439,0.041667,0.2,0.057143,0,0.066116,0.066116,0,no
0.215827,0.272727,0.029136,0.111111,0,0.195122,0.041667,0.2,0.214286,0,0.247934,0.247934,0,no
0.151079,0.363636,0.021852,0.166667,0.011905,0,0.041667,0.2,0.15,0,0.173554,0.173554,0,no
0.18705,0.272727,0.029136,0.111111,0.011905,0.073171,0.083333,0.4,0.192857,0.010309,0.214876,0.115702,1,no
0.179856,0.454545,0.029136,0.222222,0,0.02439,0.083333,0.4,0.185714,0.010309,0.206612,0.11157,1,no
0.151079,0.272727,0.029136,0.111111,0.011905,0.073171,0.083333,0.4,0.157143,0.010309,0.173554,0.095041,1,no
0.115108,0.272727,0.021852,0.166667,0.011905,0,0.041667,0.2,0.114286,0,0.132231,0.132231,0,no
0.129496,0.272727,0.029136,0.222222,0,0,0.041667,0.2,0.128571,0,0.14876,0.14876,0,no
0.151079,0.363636,0.021852,0.166667,0.011905,0,0.041667,0.2,0.15,0,0.173554,0.173554,0,no
0.151079,0.454545,0.014568,0.055556,0,0.170732,0.041667,0.2,0.15,0,0.173554,0.173554,0,no
0.136691,0.272727,0.021852,0.111111,0,0.02439,0.041667,0.2,0.135714,0,0.157025,0.157025,0,no
0.172662,0.454545,0.029136,0.222222,0,0.02439,0.083333,0.4,0.178571,0.010309,0.198347,0.107438,1,no
0.100719,0.272727,0.021852,0.111111,0,0.02439,0.041667,0.2,0.1,0,0.115702,0.115702,0,no
0.115108,0.272727,0.021852,0.166667,0.011905,0,0.041667,0.2,0.114286,0,0.132231,0.132231,0,no
0.122302,0.272727,0.029136,0.222222,0,0,0.041667,0.2,0.121429,0,0.140496,0.140496,0,no
0.035971,0,0.007284,0.055556,0,0,0.041667,0.2,0.035714,0,0.041322,0.041322,0,no
0.079137,0.181818,0.021852,0.055556,0.011905,0,0.041667,0.2,0.078571,0,0.090909,0.090909,1,no
0.18705,0,0.014568,0.055556,0,0.073171,0.041667,0.2,0.185714,0,0.214876,0.214876,0,no
0.057554,0.272727,0.007284,0.055556,0,0,0.041667,0.2,0.057143,0,0.066116,0.066116,0,no
0.136691,0.454545,0.021852,0.166667,0,0.02439,0.083333,0.2,0.142857,0.010309,0.157025,0.086777,0,no
0.244604,0.454545,0.050989,0.222222,0,0.04878,0.083333,0.4,0.25,0.010309,0.280992,0.14876,1,no
0.208633,0.363636,0.029136,0.055556,0,0.073171,0.083333,0.2,0.214286,0.010309,0.239669,0.128099,0,no
0.438849,0.272727,0.072841,0.111111,0.02381,0.268293,0.125,0.2,0.45,0.020619,0.504132,0.179063,0,no
0.244604,0.545455,0.050989,0.222222,0,0.04878,0.083333,0.4,0.25,0.010309,0.280992,0.14876,1,no
0.395683,0.363636,0.072841,0.111111,0.02381,0.243902,0.125,0.2,0.407143,0.020619,0.454545,0.162534,0,no
0.028777,0.090909,0.007284,0.055556,0.011905,0,0.041667,0.2,0.028571,0,0.033058,0.033058,0,no
0.194245,0.454545,0.03642,0.055556,0,0.073171,0.125,0.2,0.207143,0.020619,0.22314,0.085399,0,no
0.172662,0.454545,0.029136,0.055556,0,0.073171,0.125,0.2,0.185714,0.020619,0.198347,0.077135,0,no
0.122302,0.363636,0.029136,0.222222,0,0.02439,0.166667,0.4,0.135714,0.020619,0.115702,0.043388,1,no
0.100719,0.363636,0.021852,0.166667,0,0.02439,0.125,0.2,0.114286,0.020619,0.115702,0.049587,0,no
0.122302,0.272727,0.029136,0.222222,0,0.02439,0.125,0.4,0.128571,0.010309,0.115702,0.052342,1,no
0.136691,0.363636,0.014568,0.111111,0,0.04878,0.083333,0.4,0.142857,0.010309,0.157025,0.086777,1,no
0.230216,0.363636,0.043704,0.166667,0,0.04878,0.125,0.4,0.242857,0.020619,0.264463,0.099174,1,no
0.18705,0.272727,0.021852,0.055556,0.02381,0.097561,0.083333,0.4,0.192857,0.010309,0.214876,0.115702,1,no
0.215827,0.454545,0.03642,0.166667,0,0.04878,0.166667,0.6,0.235714,0.030928,0.247934,0.07438,1,no
0.143885,0.454545,0.021852,0.055556,0.02381,0.073171,0.083333,0.4,0.15,0.010309,0.165289,0.090909,1,no
0.115108,0.363636,0.021852,0.166667,0,0.02439,0.083333,0.4,0.121429,0.010309,0.132231,0.07438,1,no
0.093525,0.363636,0.014568,0.111111,0,0.02439,0.041667,0.2,0.092857,0,0.107438,0.107438,0,no
0.129496,0.272727,0.029136,0.166667,0,0.02439,0.083333,0.4,0.135714,0.010309,0.14876,0.082645,1,no
0.143885,0.363636,0.014568,0.055556,0.011905,0.073171,0.041667,0.2,0.142857,0,0.165289,0.165289,0,no
0.208633,0.363636,0.03642,0.166667,0,0.073171,0.125,0.4,0.221429,0.020619,0.239669,0.090909,1,no
0.086331,0.454545,0.007284,0.055556,0,0.04878,0.041667,0.2,0.085714,0,0.099174,0.099174,0,no
0.129496,0.272727,0.014568,0.055556,0,0.04878,0.041667,0.2,0.128571,0,0.14876,0.14876,0,no
0.230216,0.454545,0.03642,0.166667,0,0.097561,0.125,0.4,0.242857,0.020619,0.264463,0.099174,1,no
0.086331,0.454545,0.014568,0.055556,0,0.02439,0.041667,0.2,0.085714,0,0.099174,0.099174,0,no
0.115108,0.363636,0.021852,0.166667,0,0.02439,0.083333,0.4,0.121429,0.010309,0.132231,0.07438,1,no
0.086331,0.363636,0.014568,0.055556,0,0.02439,0.041667,0.2,0.085714,0,0.099174,0.099174,0,no
0.100719,0.272727,0.021852,0.166667,0,0.02439,0.083333,0.4,0.107143,0.010309,0.115702,0.066116,1,no
0.093525,0.272727,0.014568,0,0.011905,0.097561,0.041667,0.2,0.092857,0,0.107438,0.107438,0,no
0.043165,0,0.007284,0.055556,0,0,0.041667,0.2,0.042857,0,0.049587,0.049587,0,no
0.151079,0.090909,0.021852,0.111111,0,0.073171,0.125,0.4,0.157143,0.010309,0.157025,0.063361,0,no
0.05036,0.272727,0.007284,0.055556,0,0,0.041667,0.2,0.05,0,0.057851,0.057851,0,no
0.151079,0,0.029136,0.222222,0,0.02439,0.083333,0.4,0.15,0,0.115702,0.086777,0,no
0.122302,0,0.021852,0.111111,0.011905,0.02439,0.125,0.6,0.128571,0.010309,0.07438,0.052342,1,no
0.251799,0.090909,0.050989,0.111111,0.02381,0.195122,0.125,0.6,0.257143,0.010309,0.181818,0.101928,1,no
0.143885,0.090909,0.021852,0.111111,0,0.02439,0.041667,0.2,0.142857,0,0.165289,0.165289,0,no
0.208633,0,0.043704,0.111111,0.02381,0,0.208333,0.4,0.25,0.061856,0.198347,0.067769,1,no
0.28777,0,0.021852,0.111111,0,0.121951,0.291667,0.4,0.3,0.020619,0.297521,0.051948,1,no
0.151079,0,0.03642,0.111111,0.011905,0,0.041667,0.2,0.15,0,0.173554,0.173554,0,no
0.215827,0,0.014568,0.111111,0,0.073171,0.375,0.6,0.228571,0.020619,0.198347,0.031221,1,no
0.035971,0.090909,0.007284,0.055556,0,0,0.083333,0.4,0.035714,0,0.024793,0.020661,1,no
0.086331,0,0.007284,0.055556,0,0.02439,0.041667,0.2,0.085714,0,0.099174,0.099174,0,no
0.043165,0,0.007284,0.055556,0,0.02439,0.041667,0.2,0.042857,0,0.049587,0.049587,0,no
0.057554,0.545455,0.007284,0,0,0,0.041667,0.2,0.057143,0,0.066116,0.066116,0,no
0.079137,0,0.021852,0.111111,0,0.073171,0.041667,0.2,0.078571,0,0.090909,0.090909,0,no
0.179856,0.090909,0.043704,0.166667,0,0.02439,0.083333,0.4,0.178571,0,0.173554,0.103306,1,no
0.100719,0.181818,0.014568,0.111111,0,0,0.125,0.4,0.121429,0.030928,0.132231,0.055096,1,no
0.035971,0.181818,0.007284,0.055556,0,0,0.041667,0.2,0.035714,0,0.041322,0.041322,0,no
0.071942,0.181818,0.007284,0.055556,0,0.04878,0.083333,0.4,0.085714,0.020619,0.099174,0.057851,0,no
0.115108,0.181818,0.014568,0.055556,0,0.097561,0.083333,0.4,0.114286,0,0.123967,0.066116,0,no
0.057554,0.090909,0.007284,0.055556,0,0,0.083333,0.4,0.071429,0.020619,0.082645,0.049587,0,no
0.05036,0.090909,0.007284,0.055556,0,0.02439,0.041667,0.2,0.05,0,0.057851,0.057851,0,no
0.280576,0.272727,0.021852,0.055556,0.047619,0.073171,0.041667,0.2,0.278571,0,0.322314,0.322314,1,no
0.582734,0.090909,0.087409,0.166667,0.047619,0.292683,0.083333,0.2,0.585714,0.010309,0.669421,0.342975,1,no
0.05036,0.090909,0.007284,0.055556,0,0.02439,0.041667,0.2,0.05,0,0.057851,0.057851,0,no
0.057554,0.090909,0.007284,0.055556,0,0.02439,0.041667,0.2,0.057143,0,0.066116,0.066116,0,no
0.294964,0.636364,0.03642,0.055556,0.02381,0.121951,0.125,0.4,0.3,0.010309,0.330579,0.118457,1,no
0.194245,0.272727,0.029136,0.111111,0.047619,0.04878,0.041667,0.2,0.192857,0,0.22314,0.22314,0,no
0.05036,0,0.007284,0.055556,0,0,0.041667,0.2,0.05,0,0.057851,0.057851,0,no
0.129496,0.181818,0.007284,0.055556,0.02381,0.02439,0.041667,0.2,0.128571,0,0.14876,0.14876,1,no
0.28777,0.363636,0.03642,0.111111,0.035714,0.097561,0.083333,0.2,0.292857,0.010309,0.330579,0.173554,1,no
0.079137,0.181818,0.007284,0.055556,0.011905,0.04878,0.041667,0.2,0.078571,0,0.090909,0.090909,0,no
0.251799,0.272727,0.03642,0.055556,0.02381,0.097561,0.083333,0.2,0.25,0,0.280992,0.144628,1,no
0.266187,0.181818,0.043704,0.111111,0.035714,0.170732,0.041667,0.2,0.264286,0,0.305785,0.305785,1,no
0.093525,0.181818,0.014568,0.111111,0,0.04878,0.125,0.2,0.171429,0.113402,0.190083,0.096419,1,no
0.23741,0.272727,0.043704,0.166667,0.02381,0.121951,0.041667,0.2,0.235714,0,0.272727,0.272727,1,no
0.388489,0.363636,0.043704,0.111111,0.047619,0.219512,0.083333,0.2,0.385714,0,0.413223,0.22314,1,no
0.143885,0,0.014568,0.055556,0,0,0.125,0.4,0.242857,0.14433,0.272727,0.132231,1,no
0.05036,0.181818,0.007284,0.055556,0,0,0.083333,0.2,0.057143,0.010309,0.057851,0.03719,1,no
0.18705,0.272727,0.03642,0.111111,0.035714,0.121951,0.166667,0.4,0.357143,0.010309,0.330579,0.105372,1,no
0.352518,0.272727,0.043704,0.111111,0.047619,0.219512,0.166667,0.4,0.357143,0.010309,0.330579,0.105372,1,no
0.223022,0.363636,0.029136,0.111111,0.02381,0.170732,0.166667,0.4,0.228571,0.010309,0.181818,0.068182,1,no
0.172662,0.090909,0.014568,0.055556,0.02381,0.121951,0.083333,0.2,0.171429,0,0.190083,0.099174,1,no
0.064748,0,0.007284,0.055556,0.011905,0.02439,0.041667,0.2,0.064286,0,0.07438,0.07438,0,no
0.122302,0.272727,0.014568,0.055556,0.02381,0.073171,0.083333,0.2,0.121429,0,0.132231,0.070248,1,no
0.151079,0,0.029136,0.111111,0,0.121951,0.083333,0.2,0.185714,0.051546,0.214876,0.128099,1,no
0.52518,0.272727,0.080125,0.111111,0.071429,0.170732,0.291667,0.6,0.557143,0.051546,0.545455,0.097993,1,no
0.057554,0,0.014568,0.055556,0,0,0.083333,0.4,0.064286,0.010309,0.066116,0.041322,1,no
0.093525,0.090909,0.014568,0.111111,0,0.04878,0.083333,0.4,0.1,0.010309,0.107438,0.061983,1,no
0.079137,0.272727,0.007284,0.055556,0.02381,0.02439,0.041667,0.2,0.078571,0,0.090909,0.090909,0,no
0.28777,0.363636,0.043704,0.111111,0.035714,0.097561,0.25,0.6,0.321429,0.051546,0.322314,0.068871,1,no
0.100719,0,0.029136,0.111111,0,0.04878,0.041667,0.2,0.1,0,0.115702,0.115702,0,no
0.043165,0,0.007284,0.055556,0,0.02439,0.041667,0.2,0.042857,0,0.049587,0.049587,0,no
0.323741,0,0.043704,0.166667,0,0.243902,0.125,0.2,0.328571,0.010309,0.297521,0.129477,1,no
0.05036,0.181818,0.007284,0.055556,0,0.02439,0.041667,0.2,0.05,0,0.057851,0.057851,0,no
0.122302,0.090909,0.050989,0.111111,0.071429,0.02439,0.041667,0.2,0.121429,0,0.140496,0.140496,0,no
0.05036,0,0.007284,0,0,0.04878,0.041667,0.2,0.05,0,0.057851,0.057851,0,no
0.05036,0.181818,0.007284,0.055556,0,0,0.041667,0.2,0.05,0,0.057851,0.057851,0,no
0.043165,0,0.007284,0.055556,0,0,0.041667,0.2,0.042857,0,0.049587,0.049587,0,no
0.05036,0.090909,0.014568,0.111111,0,0.02439,0.083333,0.4,0.05,0,0.049587,0.028926,0,no
0.093525,0.181818,0.021852,0.111111,0.011905,0.02439,0.125,0.6,0.107143,0.020619,0.115702,0.046832,0,no
0.086331,0,0.021852,0.055556,0.02381,0,0.041667,0.2,0.085714,0,0.099174,0.099174,0,no
0.115108,0.181818,0.014568,0.111111,0,0.073171,0.041667,0.2,0.114286,0,0.132231,0.132231,0,no
0.215827,0.181818,0.043704,0.166667,0.059524,0.097561,0.125,0.6,0.214286,0,0.173554,0.082645,1,no
0.129496,0.181818,0.021852,0.166667,0,0.04878,0.083333,0.4,0.128571,0,0.07438,0.07438,1,no
0.086331,0.090909,0.014568,0.055556,0,0.04878,0.041667,0.2,0.085714,0,0.099174,0.099174,0,no
0.129496,0,0.029136,0.166667,0.011905,0.02439,0.041667,0.2,0.128571,0,0.14876,0.14876,0,no
0.338129,0.090909,0.043704,0.166667,0.047619,0.243902,0.083333,0.4,0.342857,0.010309,0.38843,0.202479,0,no
0.546763,0.636364,0.094693,0.277778,0.047619,0.268293,0.083333,0.4,0.542857,0,0.561983,0.31405,1,no
0.057554,0,0.007284,0.055556,0,0,0.041667,0.2,0.057143,0,0.066116,0.066116,0,no
0.057554,0,0.007284,0.055556,0,0,0.041667,0.2,0.057143,0,0.066116,0.066116,1,no
0.057554,0.272727,0.007284,0.055556,0,0.02439,0.041667,0.2,0.057143,0,0.066116,0.066116,0,no
0.100719,0.272727,0.021852,0.111111,0,0.02439,0.041667,0.2,0.1,0,0.115702,0.115702,0,no
0.172662,0.272727,0.021852,0.111111,0.011905,0.097561,0.208333,0.8,0.214286,0.061856,0.123967,0.059504,1,no
0.093525,0.181818,0.007284,0.055556,0.011905,0.073171,0.041667,0.2,0.092857,0,0.107438,0.107438,1,no
0.107914,0.090909,0.029136,0.166667,0,0.04878,0.041667,0.2,0.107143,0,0.123967,0.123967,1,no
0.093525,0.090909,0.007284,0.055556,0,0.097561,0.041667,0.2,0.092857,0,0.107438,0.107438,0,no
0.179856,0.272727,0.029136,0.111111,0.011905,0.195122,0.125,0.6,0.192857,0.020619,0.206612,0.07989,1,no
0.122302,0.181818,0.014568,0.055556,0.011905,0,0.083333,0.2,0.121429,0,0.123967,0.070248,1,no
0.064748,0.090909,0.007284,0.055556,0,0,0.083333,0.2,0.071429,0.010309,0.07438,0.045455,1,no
0.172662,0.363636,0.029136,0.055556,0,0.097561,0.125,0.4,0.207143,0.051546,0.140496,0.093664,1,no
0.057554,0,0.007284,0.055556,0,0,0.083333,0.4,0.057143,0,0.041322,0.033058,1,no
0.064748,0,0.014568,0.111111,0,0,0.041667,0.2,0.064286,0,0.07438,0.07438,0,no
0.079137,0.090909,0.014568,0.055556,0,0.04878,0.041667,0.2,0.078571,0,0.090909,0.090909,0,no
0.151079,0,0.021852,0.055556,0,0.121951,0.083333,0.4,0.164286,0.020619,0.190083,0.103306,0,no
0.043165,0.090909,0.007284,0.055556,0,0.02439,0.083333,0.4,0.05,0.010309,0.049587,0.033058,1,no
0.100719,0.181818,0.014568,0.055556,0.011905,0.04878,0.083333,0.4,0.107143,0.010309,0.115702,0.066116,1,no
0.035971,0.181818,0.007284,0.055556,0,0,0.041667,0.2,0.035714,0,0.041322,0.041322,0,no
0.115108,0,0.014568,0.055556,0,0.073171,0.083333,0.4,0.114286,0,0.066116,0.066116,1,no
0.05036,0.090909,0.007284,0.055556,0.011905,0.02439,0.041667,0.2,0.05,0,0.057851,0.057851,0,no
0.071942,0.090909,0.014568,0.055556,0,0.04878,0.041667,0.2,0.071429,0,0.082645,0.082645,0,no
0.064748,0.272727,0.014568,0.055556,0,0.02439,0.041667,0.2,0.064286,0,0.07438,0.07438,0,no
0.071942,0.181818,0.014568,0.111111,0,0.073171,0.041667,0.2,0.071429,0,0.082645,0.082645,0,no
0.115108,0.181818,0.021852,0.055556,0,0.04878,0.041667,0.2,0.114286,0,0.132231,0.132231,0,no
0.158273,0.090909,0.029136,0.111111,0.02381,0.097561,0.083333,0.4,0.164286,0.010309,0.181818,0.099174,1,no
0.136691,0.181818,0.007284,0.055556,0,0.04878,0.041667,0.2,0.135714,0,0.157025,0.157025,0,no
0.086331,0.181818,0.014568,0.055556,0,0.02439,0.041667,0.2,0.085714,0,0.099174,0.099174,0,no
0.122302,0.181818,0.007284,0.055556,0,0.02439,0.041667,0.2,0.121429,0,0.140496,0.140496,0,no
0.294964,0.181818,0.03642,0.055556,0,0.146341,0.166667,0.6,0.307143,0.020619,0.31405,0.092975,1,no
0.093525,0.454545,0.007284,0.055556,0,0.04878,0.041667,0.2,0.092857,0,0.107438,0.107438,0,no
0.043165,0.090909,0.007284,0.055556,0,0,0.041667,0.2,0.042857,0,0.049587,0.049587,0,no
0.143885,0.181818,0.021852,0.055556,0,0.04878,0.083333,0.4,0.15,0.010309,0.165289,0.090909,1,no
0.179856,0.181818,0.014568,0.055556,0,0.073171,0.083333,0.4,0.178571,0,0.198347,0.103306,1,no
0.064748,0.181818,0.007284,0.055556,0,0,0.041667,0.2,0.064286,0,0.07438,0.07438,0,no
0.151079,0.181818,0.007284,0.055556,0,0.04878,0.041667,0.2,0.15,0,0.173554,0.173554,0,no
0.143885,0.090909,0.007284,0.055556,0.011905,0.04878,0.083333,0.4,0.142857,0,0.099174,0.082645,1,no
0.086331,0.454545,0.014568,0.055556,0.011905,0.02439,0.125,0.6,0.092857,0.010309,0.066116,0.038567,1,no
0.47482,0.454545,0.094693,0.166667,0.130952,0.02439,0.166667,0.4,0.485714,0.020619,0.520661,0.144628,1,no
0.107914,0.272727,0.021852,0.055556,0.011905,0.073171,0.208333,0.8,0.435714,0.474227,0.479339,0.17686,1,no
0.266187,0.090909,0.043704,0.222222,0.047619,0.073171,0.125,0.6,0.271429,0.010309,0.181818,0.107438,1,no
0.093525,0.181818,0.014568,0.055556,0,0.02439,0.083333,0.4,0.1,0.010309,0.107438,0.061983,1,no
0.115108,0.272727,0.014568,0.055556,0,0.02439,0.083333,0.4,0.121429,0.010309,0.132231,0.07438,1,no
0.043165,0,0.007284,0.055556,0,0.02439,0.125,0.6,0.05,0.010309,0.041322,0.022039,1,no
0.057554,0,0.007284,0.055556,0,0.02439,0.125,0.6,0.15,0.010309,0.115702,0.060606,1,no
0.064748,0,0.021852,0.055556,0.011905,0.073171,0.125,0.6,0.15,0.010309,0.115702,0.060606,1,no
0.143885,0,0.029136,0.222222,0.011905,0.073171,0.125,0.6,0.15,0.010309,0.115702,0.060606,1,no
0.028777,0.181818,0.007284,0.055556,0.02381,0,0.125,0.6,0.042857,0.020619,0.033058,0.022039,1,no
0.028777,0.181818,0.007284,0.055556,0.011905,0,0.125,0.6,0.042857,0.020619,0.033058,0.022039,1,no
0.057554,0.181818,0.014568,0.055556,0.02381,0,0.083333,0.4,0.064286,0.010309,0.066116,0.041322,1,no
0.273381,0.181818,0.058273,0.111111,0.095238,0,0.166667,0.4,0.285714,0.020619,0.289256,0.086777,1,no
0.136691,0.454545,0.021852,0.055556,0.035714,0,0.125,0.4,0.15,0.020619,0.157025,0.063361,1,no
0.035971,0.181818,0.007284,0.055556,0.02381,0,0.083333,0.4,0.042857,0.010309,0.041322,0.028926,1,no
0.035971,0.181818,0.007284,0.055556,0.011905,0,0.083333,0.2,0.042857,0.010309,0.041322,0.028926,0,no
0.352518,0,0.050989,0.166667,0,0.195122,0.125,0.4,0.407143,0.082474,0.46281,0.179063,1,no
0.086331,0.090909,0.007284,0.055556,0,0.04878,0.041667,0.2,0.085714,0,0.099174,0.099174,0,no
0.071942,0.454545,0.007284,0.055556,0,0,0.041667,0.2,0.071429,0,0.082645,0.082645,0,no
0.035971,0.090909,0.014568,0.111111,0.02381,0.02439,0.041667,0.2,0.035714,0,0.041322,0.041322,0,no
0.043165,0.363636,0.007284,0.055556,0,0.04878,0.041667,0.2,0.042857,0,0.049587,0.049587,0,no
0.021583,0.090909,0.007284,0.055556,0.011905,0.02439,0.041667,0.2,0.021429,0,0.024793,0.024793,0,no
0.158273,0,0.014568,0.111111,0,0.073171,0.125,0.4,0.164286,0.010309,0.157025,0.066116,1,no
0.143885,0.090909,0.029136,0.111111,0,0.073171,0.083333,0.2,0.15,0.010309,0.165289,0.090909,0,no
0.251799,0.454545,0.014568,0.055556,0,0.04878,0.083333,0.2,0.25,0,0.206612,0.144628,0,no
0.251799,0.454545,0.014568,0.055556,0,0.04878,0.083333,0.2,0.25,0,0.206612,0.144628,0,no
0.115108,0.272727,0.021852,0.166667,0,0.097561,0.041667,0.2,0.114286,0,0.132231,0.132231,0,no
0.122302,0.181818,0.007284,0.055556,0,0,0.041667,0.2,0.121429,0,0.140496,0.140496,0,no
0.122302,0.181818,0.007284,0.055556,0,0,0.041667,0.2,0.121429,0,0.140496,0.140496,0,no
0.244604,0,0.014568,0.055556,0.02381,0.02439,0.166667,0.6,0.271429,0.041237,0.297521,0.086777,1,no
0.151079,0.181818,0.007284,0.055556,0.02381,0.02439,0.125,0.6,0.178571,0.041237,0.198347,0.07989,0,no
0.23741,0,0.03642,0.111111,0,0.04878,0.166667,0.4,0.242857,0.010309,0.165289,0.072314,1,no
0.179856,0,0.050989,0.166667,0.071429,0.170732,0.25,0.6,0.185714,0.010309,0.14876,0.03719,1,no
0.258993,0,0.043704,0.166667,0.02381,0.073171,0.208333,0.4,0.307143,0.072165,0.181818,0.082645,1,no
0.129496,0,0.03642,0.166667,0,0.04878,0.208333,0.4,0.178571,0.072165,0.157025,0.052893,1,no
0.697842,0,0.072841,0.166667,0.047619,0.268293,0.375,0.6,0.764286,0.103093,0.454545,0.107438,1,no
0.230216,0.181818,0.007284,0.055556,0.047619,0.02439,0.041667,0.2,0.228571,0,0.264463,0.264463,0,no
0.05036,0.181818,0.007284,0.055556,0,0,0.333333,0.6,0.292857,0.350515,0.206612,0.077479,1,no
0.179856,0,0.021852,0.055556,0.011905,0.02439,0.25,0.6,0.2,0.030928,0.198347,0.0427,1,no
0.05036,0.181818,0.007284,0.055556,0.011905,0,0.041667,0.2,0.05,0,0.057851,0.057851,0,no
0.057554,0.090909,0.007284,0.055556,0,0.02439,0.041667,0.2,0.057143,0,0.066116,0.066116,0,no
0.05036,0.090909,0.007284,0.055556,0.011905,0,0.083333,0.4,0.057143,0.010309,0.057851,0.03719,0,no
0.064748,0.090909,0.014568,0.055556,0.011905,0.02439,0.125,0.4,0.064286,0,0.033058,0.024793,1,no
0.093525,0.363636,0.014568,0.055556,0,0.04878,0.083333,0.4,0.092857,0,0.066116,0.053719,1,no
0.057554,0.272727,0.007284,0.055556,0,0.02439,0.083333,0.4,0.064286,0.010309,0.066116,0.041322,1,no
0.093525,0.272727,0.007284,0.055556,0,0.02439,0.083333,0.2,0.092857,0,0.099174,0.053719,1,no
0.086331,0.181818,0.014568,0.055556,0,0.02439,0.083333,0.4,0.085714,0,0.066116,0.049587,1,no
0.057554,0,0.007284,0.055556,0,0.02439,0.041667,0.2,0.057143,0,0.066116,0.066116,1,no
0.374101,0.090909,0.094693,0.277778,0,0.170732,0.166667,0.4,0.378571,0.010309,0.330579,0.11157,1,no
0.115108,0.363636,0.007284,0.055556,0,0,0.041667,0.2,0.114286,0,0.132231,0.132231,0,no
0.122302,0.272727,0.007284,0.055556,0,0.073171,0.125,0.2,0.121429,0,0.107438,0.046832,0,no
0.057554,0,0.007284,0.055556,0,0,0.041667,0.2,0.057143,0,0.066116,0.066116,0,no
0.057554,0.181818,0.007284,0.055556,0,0.073171,0.083333,0.2,0.057143,0,0.057851,0.033058,0,no
0.05036,0.181818,0.007284,0.055556,0,0,0.041667,0.2,0.05,0,0.057851,0.057851,0,no
0.086331,0.181818,0.007284,0.055556,0,0.02439,0.083333,0.4,0.085714,0,0.049587,0.049587,0,no
0.258993,0.272727,0.014568,0.055556,0.047619,0.097561,0.208333,0.6,0.335714,0.113402,0.289256,0.095868,1,no
0.035971,0.272727,0.007284,0.055556,0.011905,0.02439,0.083333,0.4,0.042857,0.010309,0.041322,0.028926,0,no
0.107914,0.181818,0.007284,0.055556,0.02381,0,0.041667,0.2,0.107143,0,0.123967,0.123967,0,no
0.194245,0.272727,0.021852,0.111111,0.011905,0.146341,0.041667,0.2,0.192857,0,0.22314,0.22314,0,no
0.05036,0.181818,0.007284,0.055556,0,0.02439,0.083333,0.2,0.05,0,0.033058,0.028926,0,no
0.043165,0.181818,0.007284,0.055556,0.011905,0,0.083333,0.2,0.042857,0.030928,0.049587,0.03719,0,no
0.086331,0.181818,0.007284,0.055556,0,0,0.125,0.6,0.164286,0.113402,0.173554,0.093664,0,no
0.071942,0,0.014568,0.111111,0,0.02439,0.083333,0.4,0.071429,0,0.057851,0.041322,0,no
0.043165,0.090909,0.007284,0.055556,0.011905,0,0.041667,0.2,0.042857,0,0.049587,0.049587,0,no
0.158273,0.090909,0.03642,0.111111,0,0.02439,0.041667,0.2,0.157143,0,0.181818,0.181818,0,no
0.043165,0,0.007284,0.055556,0,0,0.041667,0.2,0.042857,0,0.049587,0.049587,0,no
0.215827,0.090909,0.03642,0.111111,0.02381,0.146341,0.041667,0.2,0.214286,0,0.247934,0.247934,0,no
0.021583,0.090909,0.014568,0,0.011905,0,0.041667,0.2,0.021429,0,0.024793,0.024793,0,no
0.043165,0.090909,0.007284,0.055556,0.011905,0,0.041667,0.2,0.042857,0,0.049587,0.049587,0,no
0.158273,0.090909,0.029136,0.111111,0.02381,0.097561,0.041667,0.2,0.157143,0,0.181818,0.181818,0,no
0.28777,0.363636,0.007284,0.055556,0.011905,0.073171,0.083333,0.2,0.292857,0.010309,0.330579,0.173554,0,no
0.323741,0.272727,0.029136,0.055556,0.071429,0.02439,0.083333,0.2,0.321429,0,0.363636,0.18595,0,no
0.086331,0.363636,0.014568,0.055556,0,0.02439,0.083333,0.2,0.085714,0,0.090909,0.049587,0,no
0.057554,0,0.007284,0.055556,0.011905,0,0.041667,0.2,0.057143,0,0.066116,0.066116,0,no
0.244604,0.181818,0.029136,0.055556,0.059524,0.02439,0.041667,0.2,0.242857,0,0.280992,0.280992,0,no
0.064748,0.181818,0.007284,0.055556,0.02381,0,0.041667,0.2,0.064286,0,0.07438,0.07438,0,no
0.129496,0.090909,0.007284,0.055556,0.011905,0,0.041667,0.2,0.128571,0,0.14876,0.14876,0,no
0.129496,0.090909,0.007284,0.055556,0,0,0.041667,0.2,0.128571,0,0.14876,0.14876,0,no
0.352518,0,0.03642,0.111111,0,0.04878,0.083333,0.2,0.357143,0.010309,0.404959,0.210744,1,no
0.136691,0.181818,0.007284,0.055556,0,0,0.041667,0.2,0.135714,0,0.157025,0.157025,0,no
0.057554,0.181818,0.007284,0.055556,0,0,0.041667,0.2,0.057143,0,0.066116,0.066116,0,no
0.28777,0.181818,0.03642,0.111111,0,0.04878,0.083333,0.2,0.292857,0.010309,0.330579,0.173554,1,no
0.05036,0.181818,0.007284,0.055556,0,0,0.041667,0.2,0.05,0,0.057851,0.057851,0,no
0.057554,0.181818,0.007284,0.055556,0,0,0.041667,0.2,0.057143,0,0.066116,0.066116,0,no
0.057554,0.181818,0.007284,0.055556,0,0,0.041667,0.2,0.057143,0,0.066116,0.066116,0,no
0.064748,0.272727,0.007284,0.055556,0,0.04878,0.041667,0.2,0.064286,0,0.07438,0.07438,0,no
0.223022,0.272727,0.021852,0.111111,0,0.146341,0.041667,0.2,0.221429,0,0.256198,0.256198,0,no
0.057554,0.363636,0.007284,0.055556,0,0.02439,0.083333,0.4,0.057143,0,0.057851,0.033058,0,no
0.093525,0.181818,0.007284,0.055556,0,0.02439,0.041667,0.2,0.092857,0,0.107438,0.107438,0,no
0.309353,0.272727,0.050989,0.166667,0.047619,0.219512,0.125,0.6,0.328571,0.030928,0.371901,0.134986,1,no
0.302158,0.181818,0.043704,0.111111,0,0.195122,0.041667,0.2,0.3,0,0.347107,0.347107,0,no
0.129496,0.272727,0.021852,0.166667,0,0,0.041667,0.2,0.128571,0,0.14876,0.14876,0,no
0.129496,0.363636,0.007284,0.055556,0,0.02439,0.041667,0.2,0.128571,0,0.14876,0.14876,0,no
0.302158,0.272727,0.029136,0.111111,0.011905,0.073171,0.083333,0.4,0.307143,0.010309,0.347107,0.181818,1,no
0.064748,0,0.014568,0.055556,0.011905,0,0.041667,0.2,0.064286,0,0.07438,0.07438,0,no
0.057554,0.181818,0.007284,0.055556,0,0.02439,0.041667,0.2,0.057143,0,0.066116,0.066116,0,no
0.057554,0.363636,0.007284,0.055556,0,0.02439,0.083333,0.2,0.264286,0,0.239669,0.152893,0,no
0.266187,0.363636,0.043704,0.111111,0,0.195122,0.083333,0.2,0.264286,0,0.239669,0.152893,0,no
0.151079,0.454545,0.029136,0.111111,0,0.04878,0.041667,0.2,0.15,0,0.173554,0.173554,0,no
0.223022,0.454545,0.043704,0.166667,0.035714,0.073171,0.125,0.6,0.242857,0.030928,0.272727,0.101928,1,no
0.093525,0.363636,0.021852,0.166667,0,0,0.041667,0.2,0.092857,0,0.107438,0.107438,0,no
0.258993,0.363636,0.029136,0.111111,0.011905,0.04878,0.041667,0.2,0.257143,0,0.297521,0.297521,0,no
0.071942,0.363636,0.007284,0.055556,0,0,0.041667,0.2,0.071429,0,0.082645,0.082645,0,no
0.064748,0.272727,0.007284,0.055556,0.011905,0.02439,0.041667,0.2,0.064286,0,0.07438,0.07438,0,no
0.035971,0.363636,0.007284,0.055556,0,0,0.041667,0.2,0.035714,0,0.041322,0.041322,0,no
0.179856,0,0.014568,0.055556,0,0,0.041667,0.2,0.178571,0,0.206612,0.206612,0,no
0.043165,0,0.007284,0.055556,0,0,0.041667,0.2,0.042857,0,0.049587,0.049587,0,no
0.057554,0.181818,0.007284,0.055556,0,0,0.041667,0.2,0.057143,0,0.066116,0.066116,0,no
0.18705,0.090909,0.058273,0.222222,0,0,0.083333,0.2,0.185714,0,0.206612,0.107438,0,no
0.280576,0.272727,0.007284,0.055556,0,0.073171,0.166667,0.4,0.314286,0.051546,0.347107,0.10124,1,no
0.309353,0.272727,0.03642,0.111111,0.035714,0.121951,0.166667,0.6,0.314286,0.010309,0.280992,0.092975,1,no
0.086331,0.363636,0.014568,0.055556,0,0.02439,0.083333,0.4,0.085714,0,0.090909,0.049587,0,no
0.057554,0,0.007284,0.055556,0,0,0.083333,0.2,0.071429,0.020619,0.082645,0.049587,1,no
0.266187,0.454545,0.03642,0.111111,0.035714,0.121951,0.125,0.6,0.271429,0.010309,0.239669,0.107438,1,no
0.057554,0.272727,0.007284,0.055556,0,0.02439,0.041667,0.2,0.057143,0,0.066116,0.066116,0,no
0.129496,0,0.007284,0.055556,0.011905,0,0.083333,0.4,0.128571,0,0.115702,0.07438,0,no
0.158273,0,0.029136,0.111111,0,0.02439,0.125,0.6,0.171429,0.020619,0.181818,0.071625,1,no
0.043165,0,0.007284,0.055556,0.02381,0,0.041667,0.2,0.042857,0,0.049587,0.049587,0,no
0.294964,0,0.043704,0.166667,0.02381,0.097561,0.125,0.6,0.3,0.010309,0.297521,0.118457,1,no
0.057554,0.181818,0.007284,0.055556,0,0,0.041667,0.2,0.057143,0,0.066116,0.066116,0,no
0.258993,0.454545,0.043704,0.166667,0.02381,0.097561,0.125,0.6,0.264286,0.010309,0.256198,0.104683,1,no
0.057554,0.272727,0.007284,0.055556,0,0.02439,0.041667,0.2,0.057143,0,0.066116,0.066116,0,no
0.100719,0.363636,0.021852,0.111111,0,0.02439,0.083333,0.4,0.107143,0.010309,0.115702,0.066116,0,no
0.05036,0.363636,0.007284,0.055556,0.011905,0,0.041667,0.2,0.05,0,0.057851,0.057851,0,no
0.05036,0.272727,0.007284,0.055556,0.011905,0,0.041667,0.2,0.05,0,0.057851,0.057851,0,no
0.05036,0.272727,0.007284,0.055556,0.011905,0,0.041667,0.2,0.05,0,0.057851,0.057851,0,no
0.05036,0.272727,0.007284,0.055556,0.011905,0,0.041667,0.2,0.05,0,0.057851,0.057851,0,no
0.05036,0.363636,0.007284,0.055556,0.011905,0,0.041667,0.2,0.05,0,0.057851,0.057851,0,no
0.05036,0.454545,0.007284,0.055556,0.011905,0,0.041667,0.2,0.05,0,0.057851,0.057851,0,no
0.05036,0.363636,0.007284,0.055556,0.011905,0,0.041667,0.2,0.05,0,0.057851,0.057851,0,no
0.05036,0.454545,0.007284,0.055556,0.011905,0,0.041667,0.2,0.05,0,0.057851,0.057851,0,no
0.05036,0.363636,0.007284,0.055556,0.011905,0,0.041667,0.2,0.05,0,0.057851,0.057851,0,no
0.05036,0.363636,0.007284,0.055556,0.011905,0,0.041667,0.2,0.05,0,0.057851,0.057851,0,no
0.05036,0.272727,0.007284,0.055556,0.011905,0,0.041667,0.2,0.05,0,0.057851,0.057851,0,no
0.158273,0.454545,0.014568,0.055556,0.011905,0.02439,0.083333,0.4,0.164286,0.010309,0.181818,0.099174,1,no
0.151079,0.636364,0.014568,0.055556,0,0,0.041667,0.2,0.15,0,0.173554,0.173554,0,no
0.115108,0.363636,0.014568,0.055556,0,0,0.041667,0.2,0.114286,0,0.132231,0.132231,0,no
0.05036,0.363636,0.007284,0.055556,0,0,0.041667,0.2,0.05,0,0.057851,0.057851,0,no
