LOC,NumParameters,NumBranches,NestingDepth,NumCodeSmells,NumLocalVariables,NumRevisions,NumAuthors,TotalStmtAdded,TotalStmtDeleted,MaxChurn,AvgChurn,HasFixHistory,Buggy
0.021583,0,0,0,0,0,0.041667,0.2,0.021429,0,0.024793,0.024793,0,no
0.028777,0.090909,0,0,0,0.02439,0.041667,0.2,0.028571,0,0.033058,0.033058,0,no
0.021583,0,0,0,0.011905,0,0.083333,0.2,0.028571,0.010309,0.024793,0.020661,0,no
0.021583,0,0,0,0,0,0.041667,0.2,0.021429,0,0.024793,0.024793,0,no
0.021583,0,0,0,0,0,0.041667,0.2,0.021429,0,0.024793,0.024793,0,no
0.021583,0,0,0,0,0,0.041667,0.2,0.021429,0,0.024793,0.024793,0,no
0.021583,0.090909,0,0,0,0,0.041667,0.2,0.021429,0,0.024793,0.024793,0,no
0.028777,0,0,0,0.011905,0,0.041667,0.2,0.028571,0,0.033058,0.033058,0,no
0.028777,0.181818,0,0,0,0,0.083333,0.4,0.035714,0.010309,0.033058,0.024793,0,no
0.021583,0,0,0,0,0,0.041667,0.2,0.021429,0,0.024793,0.024793,0,no
0.028777,0,0,0,0.011905,0,0.041667,0.2,0.028571,0,0.033058,0.033058,0,no
0.05036,0.363636,0,0,0,0,0.041667,0.2,0.05,0,0.057851,0.057851,0,no
0.043165,0.272727,0,0,0,0,0.041667,0.2,0.042857,0,0.049587,0.049587,0,no
0.043165,0.272727,0,0,0,0,0.041667,0.2,0.042857,0,0.049587,0.049587,0,no
0.035971,0.181818,0,0,0,0.04878,0.125,0.2,0.064286,0.041237,0.066116,0.035813,0,no
0.057554,0.363636,0,0,0,0.04878,0.125,0.4,0.078571,0.030928,0.082645,0.038567,0,no
0.021583,0.090909,0,0,0,0,0.083333,0.4,0.028571,0.010309,0.024793,0.020661,1,no
0.021583,0,0,0,0,0,0.041667,0.2,0.021429,0,0.024793,0.024793,1,no
0.021583,0,0,0,0,0,0.041667,0.2,0.021429,0,0.024793,0.024793,0,no
0.223022,0,0,0,0,0,0.125,0.2,0.221429,0,0.165289,0.085399,0,no
0.021583,0,0,0,0,0,0.041667,0.2,0.021429,0,0.024793,0.024793,0,no
0.021583,0,0,0,0,0,0.125,0.4,0.035714,0.020619,0.024793,0.019284,0,no
0.021583,0,0,0,0,0,0.041667,0.2,0.021429,0,0.024793,0.024793,0,no
0.021583,0,0,0,0,0,0,0,0,0,0,0,0,no
0.035971,0.181818,0,0,0,0.02439,0.125,0.4,0.007143,0.072165,0.033058,0.022039,1,no
0.021583,0,0,0,0,0,0.208333,0.6,0.042857,0.154639,0.115702,0.034711,1,no
0.021583,0,0,0,0,0,0.041667,0.2,0.021429,0,0.024793,0.024793,0,no
0.021583,0.090909,0,0,0,0,0.041667,0.2,0.021429,0,0.024793,0.024793,1,no
0.021583,0,0,0,0,0,0.041667,0.2,0.021429,0,0.024793,0.024793,1,no
0.021583,0.181818,0,0,0,0,0.041667,0.2,0.021429,0,0.024793,0.024793,1,no
0.021583,0,0,0,0,0,0.041667,0.2,0.021429,0,0.024793,0.024793,1,no
0.021583,0,0,0,0,0,0.041667,0.2,0.021429,0,0.024793,0.024793,1,no
0.021583,0,0,0,0,0,0.041667,0.2,0.021429,0,0.024793,0.024793,0,no
0.014388,0.090909,0,0,0,0,0.041667,0.2,0.014286,0,0.016529,0.016529,0,no
0.021583,0.090909,0,0,0,0,0.041667,0.2,0.021429,0,0.024793,0.024793,0,no
0.014388,0.090909,0,0,0,0,0.041667,0.2,0.014286,0,0.016529,0.016529,0,no
0.021583,0.090909,0,0,0,0,0.041667,0.2,0.021429,0,0.024793,0.024793,0,no
0.021583,0.090909,0,0,0,0,0.041667,0.2,0.021429,0,0.024793,0.024793,0,no
0.028777,0,0,0,0,0,0.041667,0.2,0.028571,0,0.033058,0.033058,0,no
0.021583,0.090909,0,0,0,0,0.041667,0.2,0.021429,0,0.024793,0.024793,1,no
0.028777,0,0,0,0,0,0.041667,0.2,0.028571,0,0.033058,0.033058,1,no
0.021583,0,0,0,0,0,0.041667,0.2,0.021429,0,0.024793,0.024793,1,no
0.021583,0,0,0,0,0,0.041667,0.2,0.021429,0,0.024793,0.024793,1,no
0.035971,0.090909,0,0,0,0,0.041667,0.2,0.035714,0,0.041322,0.041322,1,no
0.021583,0,0,0,0,0,0,0,0,0,0,0,0,no
0.021583,0,0,0,0,0,0.041667,0.2,0.021429,0,0.024793,0.024793,1,no
0.035971,0.272727,0,0,0,0,0.041667,0.2,0.035714,0,0.041322,0.041322,1,no
0.021583,0.181818,0,0,0,0,0.041667,0.2,0,0.020619,0.016529,0.016529,1,no
0.021583,0,0,0,0,0,0,0,0,0,0,0,0,no
0.021583,0,0,0,0,0,0,0,0,0,0,0,0,no
0.028777,0.090909,0,0,0,0,0.041667,0.2,0.007143,0,0.008264,0.008264,1,no
0.021583,0,0,0,0,0,0,0,0,0,0,0,0,no
0.021583,0.090909,0,0,0,0,0.041667,0.2,0.021429,0,0.024793,0.024793,0,no
0.021583,0,0,0,0,0,0.041667,0.2,0.021429,0,0.024793,0.024793,0,no
0.021583,0,0,0,0,0,0.083333,0.4,0.028571,0.010309,0.024793,0.020661,0,no
0.021583,0,0,0,0,0,0.041667,0.2,0.021429,0,0.024793,0.024793,0,no
0.021583,0.181818,0,0,0,0,0.041667,0.2,0.021429,0,0.024793,0.024793,0,no
0.021583,0.090909,0,0,0,0,0.041667,0.2,0.021429,0,0.024793,0.024793,0,no
0.028777,0.181818,0,0,0.011905,0,0.041667,0.2,0.028571,0,0.033058,0.033058,0,no
0,0,0,0,0.011905,0,0.041667,0.2,0,0,0,0,0,no
0.028777,0,0,0,0,0.02439,0.125,0.4,0.042857,0.020619,0.041322,0.022039,1,no
0.035971,0.090909,0,0,0,0.02439,0.041667,0.2,0.035714,0,0.041322,0.041322,0,no
0.028777,0.181818,0,0,0,0,0.041667,0.2,0.028571,0,0.033058,0.033058,0,no
0.093525,0.181818,0,0,0,0,0.041667,0.2,0.092857,0,0.107438,0.107438,0,no
0.021583,0.181818,0,0,0,0,0.083333,0.4,0.028571,0.010309,0.033058,0.020661,1,no
0.064748,0.090909,0,0,0.011905,0,0.083333,0.4,0.071429,0.010309,0.07438,0.045455,0,yes
0.021583,0.090909,0,0,0,0,0.041667,0.2,0.021429,0,0.024793,0.024793,0,no
0.021583,0.272727,0,0,0,0,0.041667,0.2,0.021429,0,0.024793,0.024793,0,no
0.035971,0,0,0,0,0,0.041667,0.2,0.035714,0,0.041322,0.041322,0,no
0.021583,0,0,0,0,0,0.041667,0.2,0.021429,0,0.024793,0.024793,0,no
0.021583,0,0,0,0,0,0.041667,0.2,0.021429,0,0.024793,0.024793,0,no
0.021583,0,0,0,0,0,0.041667,0.2,0.021429,0,0.024793,0.024793,0,no
0.035971,0,0,0,0,0,0.041667,0.2,0.035714,0,0.041322,0.041322,0,no
0.021583,0,0,0,0,0,0.041667,0.2,0.021429,0,0.024793,0.024793,0,no
0.021583,0,0,0,0,0,0.041667,0.2,0.021429,0,0.024793,0.024793,0,no
0.021583,0,0,0,0,0,0.041667,0.2,0.021429,0,0.024793,0.024793,0,no
0,0,0,0,0.011905,0,0.041667,0.2,0,0,0,0,0,no
0,0.090909,0,0,0.011905,0,0.041667,0.2,0,0,0,0,0,no
0.021583,0,0,0,0,0,0.041667,0.2,0.021429,0,0.024793,0.024793,0,no
0.021583,0,0,0,0,0,0.041667,0.2,0.021429,0,0.024793,0.024793,0,no
0.021583,0,0,0,0,0,0.041667,0.2,0.021429,0,0.024793,0.024793,0,no
0.021583,0,0,0,0,0,0.041667,0.2,0.021429,0,0.024793,0.024793,0,no
0.021583,0,0,0,0,0,0.041667,0.2,0.021429,0,0.024793,0.024793,0,no
0.021583,0,0,0,0,0,0.041667,0.2,0.021429,0,0.024793,0.024793,0,no
0.021583,0,0,0,0,0,0.041667,0.2,0.021429,0,0.024793,0.024793,0,no
0.021583,0,0,0,0,0,0.041667,0.2,0.021429,0,0.024793,0.024793,0,no
0.028777,0.090909,0,0,0,0,0.041667,0.2,0.028571,0,0.033058,0.033058,0,no
0.028777,0,0,0,0,0,0.041667,0.2,0.028571,0,0.033058,0.033058,0,no
0.021583,0,0,0,0,0,0.041667,0.2,0.021429,0,0.024793,0.024793,0,no
0.021583,0,0,0,0,0,0.041667,0.2,0.021429,0,0.024793,0.024793,0,no
0.021583,0,0,0,0,0,0.041667,0.2,0.021429,0,0.024793,0.024793,0,no
0.028777,0,0,0,0,0,0.041667,0.2,0.028571,0,0.033058,0.033058,0,no
0.021583,0,0,0,0,0,0.041667,0.2,0.021429,0,0.024793,0.024793,0,no
0.021583,0,0,0,0,0,0.041667,0.2,0.021429,0,0.024793,0.024793,0,no
0.021583,0,0,0,0,0,0.041667,0.2,0.021429,0,0.024793,0.024793,0,no
0.043165,0,0,0,0,0,0.083333,0.4,0.042857,0,0.033058,0.024793,0,no
0.021583,0,0,0,0,0,0.083333,0.4,0.028571,0.010309,0.024793,0.020661,0,no
0.021583,0,0,0,0,0,0.041667,0.2,0.021429,0,0.024793,0.024793,0,no
0.021583,0,0,0,0,0,0.083333,0.4,0.028571,0.010309,0.024793,0.020661,0,no
0.028777,0,0,0,0,0,0.041667,0.2,0.028571,0,0.033058,0.033058,0,no
0.021583,0,0,0,0,0,0.041667,0.2,0.021429,0,0.024793,0.024793,0,no
0.021583,0,0,0,0,0,0.041667,0.2,0.021429,0,0.024793,0.024793,0,no
0.021583,0,0,0,0,0,0.041667,0.2,0.021429,0,0.024793,0.024793,0,no
0.021583,0,0,0,0,0,0.041667,0.2,0.021429,0,0.024793,0.024793,0,no
0.021583,0,0,0,0,0,0.041667,0.2,0.021429,0,0.024793,0.024793,0,no
0.021583,0,0,0,0,0,0.041667,0.2,0.021429,0,0.024793,0.024793,0,no
0.021583,0,0,0,0,0,0.041667,0.2,0.021429,0,0.024793,0.024793,0,no
0.035971,0,0,0,0,0,0.041667,0.2,0.035714,0,0.041322,0.041322,0,no
0.021583,0,0,0,0,0,0.041667,0.2,0.021429,0,0.024793,0.024793,0,no
0.021583,0,0,0,0,0,0.041667,0.2,0.021429,0,0.024793,0.024793,0,no
0.021583,0,0,0,0,0,0.041667,0.2,0.021429,0,0.024793,0.024793,0,no
0.021583,0.090909,0,0,0,0,0.041667,0.2,0.021429,0,0.024793,0.024793,0,no
0,0,0,0,0,0,0.041667,0.2,0,0,0,0,0,no
0,0,0,0,0,0,0.041667,0.2,0,0,0,0,0,no
0,0,0,0,0,0,0.041667,0.2,0,0,0,0,0,no
0.035971,0,0,0,0,0.02439,0.041667,0.2,0.035714,0,0.041322,0.041322,0,no
0,0.090909,0,0,0,0,0.041667,0.2,0,0,0,0,0,no
0.028777,0,0,0,0,0,0.041667,0.2,0.028571,0,0.033058,0.033058,0,no
0.021583,0,0,0,0,0,0.041667,0.2,0.021429,0,0.024793,0.024793,0,no
0.021583,0,0,0,0,0,0.041667,0.2,0.021429,0,0.024793,0.024793,0,no
0.021583,0,0,0,0,0,0.083333,0.2,0.028571,0.010309,0.024793,0.020661,0,no
0.028777,0,0,0,0,0,0.041667,0.2,0.028571,0,0.033058,0.033058,0,no
0.021583,0,0,0,0,0,0.041667,0.2,0.021429,0,0.024793,0.024793,0,no
0.021583,0,0,0,0,0,0.041667,0.2,0.021429,0,0.024793,0.024793,0,no
0.021583,0,0,0,0,0,0.083333,0.2,0.028571,0.010309,0.024793,0.020661,0,no
0.021583,0.090909,0,0,0,0,0.041667,0.2,0.021429,0,0.024793,0.024793,0,no
0.021583,0,0,0,0,0,0.041667,0.2,0.021429,0,0.024793,0.024793,0,no
0.021583,0,0,0,0,0,0.041667,0.2,0.021429,0,0.024793,0.024793,0,no
0.021583,0,0,0,0,0,0.041667,0.2,0.021429,0,0.024793,0.024793,0,no
0.021583,0,0,0,0,0,0.041667,0.2,0.021429,0,0.024793,0.024793,0,no
0.021583,0,0,0,0,0,0.041667,0.2,0.021429,0,0.024793,0.024793,0,no
0.05036,0,0,0,0,0,0.041667,0.2,0.05,0,0.057851,0.057851,0,no
0.021583,0,0,0,0,0,0.041667,0.2,0.021429,0,0.024793,0.024793,0,no
0.021583,0,0,0,0,0,0.041667,0.2,0.021429,0,0.024793,0.024793,0,no
0.021583,0,0,0,0,0,0.041667,0.2,0.021429,0,0.024793,0.024793,0,no
0.021583,0,0,0,0,0,0.041667,0.2,0.021429,0,0.024793,0.024793,0,no
0.021583,0,0,0,0,0,0.041667,0.2,0.021429,0,0.024793,0.024793,0,no
0.021583,0,0,0,0,0,0.041667,0.2,0.021429,0,0.024793,0.024793,0,no
0.021583,0,0,0,0,0,0.041667,0.2,0.021429,0,0.024793,0.024793,0,no
0.028777,0.181818,0,0,0,0,0.041667,0.2,0.028571,0,0.033058,0.033058,0,no
0.028777,0.090909,0,0,0,0,0.083333,0.2,0.035714,0.010309,0.033058,0.024793,0,no
0.021583,0.181818,0,0,0.011905,0,0.041667,0.2,0.021429,0,0.024793,0.024793,0,no
0.021583,0.181818,0,0,0,0,0.041667,0.2,0.021429,0,0.024793,0.024793,0,no
0.021583,0.181818,0,0,0,0,0.041667,0.2,0,0.030928,0.024793,0.024793,0,no
0.057554,0.272727,0,0,0,0,0.041667,0.2,0.057143,0,0.066116,0.066116,0,no
0.028777,0,0,0,0,0,0.041667,0.2,0.028571,0,0.033058,0.033058,0,no
0.035971,0.090909,0,0,0,0.02439,0.083333,0.4,0.057143,0.030928,0.066116,0.045455,0,no
0.021583,0,0,0,0,0,0.041667,0.2,0.021429,0,0.024793,0.024793,0,no
0.021583,0,0,0,0,0,0,0,0,0,0,0,0,no
0.021583,0.090909,0,0,0,0,0.041667,0.2,0.021429,0,0.024793,0.024793,0,no
0.021583,0,0,0,0,0,0.041667,0.2,0.021429,0,0.024793,0.024793,0,no
0.021583,0,0,0,0,0,0.041667,0.2,0.021429,0,0.024793,0.024793,0,no
0.043165,0.181818,0,0,0,0,0.041667,0.2,0.042857,0,0.049587,0.049587,0,no
0.028777,0,0,0,0,0,0.041667,0.2,0.028571,0,0.033058,0.033058,0,no
0,0,0,0,0.011905,0,0.041667,0.2,0,0,0,0,0,no
0,0.181818,0,0,0.011905,0,0.041667,0.2,0,0,0,0,0,no
0,0,0,0,0.011905,0,0.041667,0.2,0,0,0,0,0,no
0.021583,0.090909,0,0,0,0,0.041667,0.2,0.021429,0,0.024793,0.024793,0,no
0.021583,0.090909,0,0,0,0,0.041667,0.2,0.021429,0,0.024793,0.024793,0,no
0.014388,0,0,0,0,0,0.041667,0.2,0.014286,0,0.016529,0.016529,1,no
0.028777,0.090909,0,0,0,0.02439,0.208333,0.4,0.05,0.030928,0.024793,0.016529,1,no
0.064748,0.090909,0,0.055556,0,0.04878,0.166667,0.6,0.078571,0.020619,0.041322,0.02686,1,no
0.093525,0.181818,0,0.055556,0,0.121951,0.125,0.4,0.1,0.010309,0.066116,0.041322,1,no
0.021583,0.090909,0,0,0,0,0.041667,0.2,0.021429,0,0.024793,0.024793,0,no
0.035971,0,0,0,0,0.02439,0.041667,0.2,0.035714,0,0.041322,0.041322,0,no
0.021583,0,0,0,0,0,0.041667,0.2,0.021429,0,0.024793,0.024793,0,no
0.028777,0.181818,0,0,0,0,0.041667,0.2,0.028571,0,0.033058,0.033058,0,no
0.021583,0,0,0,0,0,0.041667,0.2,0.021429,0,0.024793,0.024793,0,no
0.021583,0,0,0,0,0,0.041667,0.2,0.021429,0,0.024793,0.024793,0,no
0.021583,0,0,0,0,0,0.041667,0.2,0.021429,0,0.024793,0.024793,0,no
0.021583,0.272727,0,0,0,0,0.041667,0.2,0.021429,0,0.024793,0.024793,0,no
0.043165,0.454545,0,0,0,0,0.041667,0.2,0.042857,0,0.049587,0.049587,0,no
0.021583,0.090909,0,0,0.011905,0,0.041667,0.2,0.021429,0,0.024793,0.024793,0,no
0.021583,0,0,0,0,0,0.041667,0.2,0.021429,0,0.024793,0.024793,0,no
0.021583,0,0,0,0,0,0.041667,0.2,0.021429,0,0.024793,0.024793,0,no
0.021583,0,0,0,0,0,0.041667,0.2,0.021429,0,0.024793,0.024793,0,no
0.021583,0,0,0,0,0,0.041667,0.2,0.021429,0,0.024793,0.024793,0,no
0.021583,0,0,0,0.011905,0,0.041667,0.2,0.021429,0,0.024793,0.024793,0,no
0.021583,0,0,0,0,0,0.041667,0.2,0.021429,0,0.024793,0.024793,0,no
0.021583,0.181818,0,0,0,0,0.125,0.4,0.121429,0.14433,0.132231,0.085399,1,no
0.021583,0.181818,0,0,0,0,0.208333,0.2,0.042857,0.164948,0.107438,0.036364,1,no
0.021583,0,0,0,0,0,0.041667,0.2,0.021429,0,0.024793,0.024793,0,no
0.028777,0,0,0,0,0,0.041667,0.2,0,0.010309,0.008264,0.008264,0,no
0.021583,0,0,0,0,0,0.083333,0.2,0.028571,0.010309,0.024793,0.020661,0,no
0.021583,0.090909,0,0,0,0,0.041667,0.2,0.021429,0,0.024793,0.024793,0,no
0.021583,0,0,0,0,0,0.041667,0.2,0.021429,0,0.024793,0.024793,0,no
0.028777,0,0,0,0,0,0.083333,0.2,0.028571,0,0.024793,0.016529,0,no
0.021583,0.090909,0,0,0,0,0.041667,0.2,0.021429,0,0.024793,0.024793,1,no
0.028777,0.181818,0,0,0,0.02439,0.041667,0.2,0.028571,0,0.033058,0.033058,0,no
0.021583,0.090909,0,0,0,0,0.041667,0.2,0.021429,0,0.024793,0.024793,0,no
0.021583,0,0,0,0,0,0.041667,0.2,0.021429,0,0.024793,0.024793,0,no
0.021583,0.090909,0,0,0,0,0.041667,0.2,0.021429,0,0.024793,0.024793,1,no
0.014388,0,0,0,0,0,0.041667,0.2,0.014286,0,0.016529,0.016529,0,no
0.014388,0.090909,0,0,0,0,0.041667,0.2,0.014286,0,0.016529,0.016529,0,no
0.014388,0.090909,0,0,0,0,0.041667,0.2,0.014286,0,0.016529,0.016529,0,no
0.014388,0.090909,0,0,0,0,0.041667,0.2,0.014286,0,0.016529,0.016529,0,no
0.014388,0,0,0,0,0,0.041667,0.2,0.014286,0,0.016529,0.016529,0,no
0.021583,0,0,0,0,0,0.041667,0.2,0.021429,0,0.024793,0.024793,0,no
0.028777,0.363636,0,0,0,0,0.041667,0.2,0.028571,0,0.033058,0.033058,0,no
0.021583,0,0,0,0,0,0.041667,0.2,0.021429,0,0.024793,0.024793,0,no
0,0,0,0,0.011905,0,0.041667,0.2,0,0,0,0,0,no
0,0.090909,0,0,0.011905,0,0.041667,0.2,0,0,0,0,0,no
0,0.272727,0,0,0.011905,0,0.041667,0.2,0,0,0,0,0,no
0.028777,0.090909,0,0,0,0,0.041667,0.2,0.028571,0,0.033058,0.033058,0,no
0.028777,0,0,0,0,0,0.041667,0.2,0.028571,0,0.033058,0.033058,0,no
0.021583,0,0,0,0,0,0.041667,0.2,0.021429,0,0.024793,0.024793,0,no
0.064748,0.181818,0,0,0,0,0.041667,0.2,0.064286,0,0.07438,0.07438,0,no
0.071942,0.090909,0,0.055556,0,0,0.041667,0.2,0.071429,0,0.082645,0.082645,0,no
0.021583,0.090909,0,0,0,0,0.041667,0.2,0.021429,0,0.024793,0.024793,0,no
0.021583,0,0,0,0,0,0.041667,0.2,0.021429,0,0.024793,0.024793,0,no
0.021583,0,0,0,0,0,0.041667,0.2,0.021429,0,0.024793,0.024793,0,no
0.021583,0,0,0,0,0,0.041667,0.2,0.021429,0,0.024793,0.024793,0,no
0.021583,0,0,0,0,0,0.041667,0.2,0.021429,0,0.024793,0.024793,0,no
0.028777,0.090909,0,0,0,0,0.041667,0.2,0.028571,0,0.033058,0.033058,0,no
0.021583,0.090909,0,0,0,0,0.041667,0.2,0.021429,0,0.024793,0.024793,0,no
0.021583,0.090909,0,0,0.011905,0,0.041667,0.2,0.021429,0,0.024793,0.024793,0,no
0.021583,0.181818,0,0,0,0,0.041667,0.2,0.021429,0,0.024793,0.024793,0,no
0.028777,0.181818,0,0,0,0,0.041667,0.2,0.028571,0,0.033058,0.033058,0,no
0.021583,0,0,0,0,0,0.041667,0.2,0.021429,0,0.024793,0.024793,0,no
0.035971,0.181818,0,0,0,0,0.083333,0.2,0.035714,0,0.033058,0.020661,1,no
0.021583,0,0,0,0,0,0.041667,0.2,0.021429,0,0.024793,0.024793,1,no
0.021583,0,0,0,0,0,0.041667,0.2,0.021429,0,0.024793,0.024793,0,no
0.028777,0,0,0,0,0,0.041667,0.2,0.028571,0,0.033058,0.033058,1,no
0.021583,0,0,0,0,0,0.041667,0.2,0.021429,0,0.024793,0.024793,0,no
0.021583,0,0,0,0,0,0.083333,0.4,0.028571,0.010309,0.024793,0.020661,1,no
0.028777,0,0,0,0,0,0.041667,0.2,0.028571,0,0.033058,0.033058,1,no
0.021583,0.090909,0,0,0,0,0.041667,0.2,0.021429,0,0.024793,0.024793,0,no
0.021583,0.181818,0,0,0,0,0.041667,0.2,0,0.082474,0.066116,0.066116,1,no
0.021583,0,0,0,0,0,0.041667,0.2,0.007143,0.010309,0.016529,0.016529,0,no
0.079137,0,0,0,0,0.02439,0.083333,0.2,0.078571,0,0.082645,0.045455,1,no
0.028777,0.090909,0,0,0,0.02439,0.041667,0.2,0.028571,0,0.033058,0.033058,0,no
0.021583,0.181818,0,0,0,0,0.083333,0.4,0.042857,0.030928,0.049587,0.03719,1,no
0,0.090909,0,0,0.011905,0,0.041667,0.2,0,0,0,0,0,no
0,0.090909,0,0,0.02381,0,0.041667,0.2,0,0,0,0,0,no
0.021583,0,0,0,0,0,0.166667,0.4,0.1,0.113402,0.099174,0.051653,0,no
0.05036,0.181818,0,0,0,0.04878,0.125,0.6,0.085714,0.051546,0.090909,0.046832,1,no
0.028777,0,0,0,0,0,0.041667,0.2,0.028571,0,0.033058,0.033058,1,no
0.035971,0,0,0,0,0,0.041667,0.2,0.035714,0,0.041322,0.041322,1,no
0.021583,0.090909,0,0,0,0,0.041667,0.2,0.021429,0,0.024793,0.024793,0,no
0.035971,0.090909,0,0,0,0,0.041667,0.2,0.035714,0,0.041322,0.041322,1,no
0.021583,0.090909,0,0,0,0,0.041667,0.2,0.021429,0,0.024793,0.024793,1,no
0.021583,0,0,0,0,0,0.041667,0.2,0.021429,0,0.024793,0.024793,1,no
0.035971,0,0,0,0,0.02439,0.041667,0.2,0.035714,0,0.041322,0.041322,1,no
0.021583,0.090909,0,0,0,0,0.041667,0.2,0.021429,0,0.024793,0.024793,1,no
0.021583,0.090909,0,0,0,0,0.041667,0.2,0.021429,0,0.024793,0.024793,1,no
0.021583,0.272727,0,0,0,0,0.041667,0.2,0.021429,0,0.024793,0.024793,0,no
0.035971,0.272727,0,0,0,0,0.041667,0.2,0.035714,0,0.041322,0.041322,1,no
0,0.181818,0,0,0,0,0.041667,0.2,0,0,0,0,0,no
0,0.090909,0,0,0,0,0.041667,0.2,0,0,0,0,0,no
0.021583,0.090909,0,0,0,0,0.041667,0.2,0.021429,0,0.024793,0.024793,0,no
0.021583,0,0,0,0,0,0.041667,0.2,0.021429,0,0.024793,0.024793,0,no
0.021583,0.090909,0,0,0,0,0.083333,0.4,0.142857,0.175258,0.165289,0.152893,0,no
0.021583,0,0,0,0,0,0.083333,0.4,0.028571,0.010309,0.024793,0.020661,0,no
0.021583,0,0,0,0,0,0.041667,0.2,0.021429,0,0.024793,0.024793,0,no
0.021583,0,0,0,0,0,0.041667,0.2,0.021429,0,0.024793,0.024793,0,no
0.028777,0,0,0,0,0,0.041667,0.2,0.028571,0,0.033058,0.033058,0,no
0.021583,0,0,0,0,0,0.041667,0.2,0.021429,0,0.024793,0.024793,0,no
0.021583,0.090909,0,0,0,0,0.041667,0.2,0.021429,0,0.024793,0.024793,0,no
0.021583,0.090909,0,0,0,0,0.041667,0.2,0.021429,0,0.024793,0.024793,0,no
0.021583,0.090909,0,0,0,0,0.041667,0.2,0.021429,0,0.024793,0.024793,0,no
0.021583,0.090909,0,0,0,0,0.041667,0.2,0.021429,0,0.024793,0.024793,0,no
0.071942,0.454545,0,0,0,0,0.041667,0.2,0.071429,0,0.082645,0.082645,0,no
0.021583,0.090909,0,0,0,0,0.041667,0.2,0.021429,0,0.024793,0.024793,0,no
0.179856,0,0,0,0,0,0.166667,0.4,0.185714,0.010309,0.140496,0.055785,0,no
0.086331,0.090909,0,0,0,0.073171,0.041667,0.2,0.085714,0,0.099174,0.099174,0,no
0.035971,0.181818,0,0,0,0.04878,0.041667,0.2,0.035714,0,0.041322,0.041322,0,no
0.021583,0,0,0,0,0,0.041667,0.2,0.021429,0,0.024793,0.024793,0,no
0.021583,0,0,0,0,0,0.041667,0.2,0.021429,0,0.024793,0.024793,0,no
0.028777,0.181818,0,0,0,0.02439,0.041667,0.2,0.028571,0,0.033058,0.033058,0,no
0.021583,0.181818,0,0,0,0,0.041667,0.2,0.021429,0,0.024793,0.024793,0,no
0.014388,0,0,0,0,0,0.041667,0.2,0.014286,0,0.016529,0.016529,0,no
0.014388,0.090909,0,0,0,0,0.041667,0.2,0.014286,0,0.016529,0.016529,0,no
0.014388,0.090909,0,0,0,0,0.041667,0.2,0.014286,0,0.016529,0.016529,0,no
0.014388,0.090909,0,0,0,0,0.041667,0.2,0.014286,0,0.016529,0.016529,0,no
0.014388,0.090909,0,0,0,0,0.041667,0.2,0.014286,0,0.016529,0.016529,0,no
0.014388,0.090909,0,0,0,0,0.041667,0.2,0.014286,0,0.016529,0.016529,0,no
0.014388,0,0,0,0,0,0.041667,0.2,0.014286,0,0.016529,0.016529,0,no
0.021583,0.363636,0,0,0,0,0.083333,0.4,0.05,0.041237,0.057851,0.045455,1,no
0.05036,0.090909,0,0,0,0.04878,0.083333,0.2,0.064286,0.020619,0.07438,0.045455,0,no
0.021583,0,0,0,0,0,0.041667,0.2,0.021429,0,0.024793,0.024793,0,no
0.215827,0,0,0,0,0,0.083333,0.2,0.214286,0,0.181818,0.123967,0,no
0.021583,0.090909,0,0,0,0,0.041667,0.2,0.021429,0,0.024793,0.024793,1,no
0.021583,0.090909,0,0,0,0,0.041667,0.2,0.021429,0,0.024793,0.024793,0,no
0.021583,0,0,0,0,0,0.041667,0.2,0.021429,0,0.024793,0.024793,0,no
0.021583,0.272727,0,0,0,0,0.041667,0.2,0.021429,0,0.024793,0.024793,0,no
0.035971,0.363636,0,0,0,0.02439,0.041667,0.2,0.035714,0,0.041322,0.041322,0,no
0.021583,0.090909,0,0,0,0,0.041667,0.2,0.021429,0,0.024793,0.024793,0,no
0.021583,0.090909,0,0,0,0,0.041667,0.2,0.021429,0,0.024793,0.024793,1,no
0.021583,0.181818,0,0,0,0,0.041667,0.2,0.021429,0,0.024793,0.024793,0,no
0.021583,0,0,0,0,0,0.041667,0.2,0.021429,0,0.024793,0.024793,0,no
0.021583,0,0,0,0,0,0.083333,0.2,0.028571,0.010309,0.024793,0.020661,0,no
0.021583,0.090909,0,0,0,0,0.083333,0.2,0.028571,0.010309,0.024793,0.020661,0,no
0.014388,0.090909,0,0,0,0,0.041667,0.2,0.014286,0,0.016529,0.016529,0,no
0.021583,0.090909,0,0,0,0,0.083333,0.2,0.028571,0.010309,0.024793,0.020661,0,no
0.021583,0.090909,0,0,0,0,0.041667,0.2,0.021429,0,0.024793,0.024793,0,no
0.021583,0.090909,0,0,0,0,0.041667,0.2,0.021429,0,0.024793,0.024793,0,no
0.014388,0,0,0,0,0,0.041667,0.2,0.014286,0,0.016529,0.016529,0,no
0.021583,0,0,0,0,0,0.041667,0.2,0.021429,0,0.024793,0.024793,0,no
0.136691,0.181818,0,0,0.011905,0,0.25,0.4,0.157143,0.030928,0.082645,0.034435,0,no
0.021583,0,0,0,0,0,0.041667,0.2,0.021429,0,0.024793,0.024793,0,no
0.021583,0,0,0,0,0,0.041667,0.2,0.021429,0,0.024793,0.024793,0,no
0.043165,0.272727,0,0,0,0.04878,0.083333,0.2,0.05,0.010309,0.049587,0.033058,0,no
0.021583,0,0,0,0,0,0.041667,0.2,0.021429,0,0.024793,0.024793,0,no
0.064748,0.545455,0,0,0.011905,0,0.083333,0.2,0.064286,0,0.066116,0.03719,0,no
0.035971,0.181818,0,0,0,0,0.041667,0.2,0.035714,0,0.041322,0.041322,0,no
0.035971,0,0,0,0,0,0.041667,0.2,0.035714,0,0.041322,0.041322,0,no
0,0.090909,0,0,0.011905,0,0.041667,0.2,0,0,0,0,0,no
0.021583,0.090909,0,0,0,0,0.041667,0.2,0.021429,0,0.024793,0.024793,0,no
0,0.272727,0,0,0.011905,0,0.041667,0.2,0,0,0,0,0,no
0.021583,0.181818,0,0,0,0,0.083333,0.4,0.028571,0.010309,0.033058,0.020661,0,no
0.021583,0,0,0,0,0,0.041667,0.2,0.021429,0,0.024793,0.024793,0,no
0.021583,0,0,0,0,0,0.083333,0.4,0.028571,0.010309,0.024793,0.020661,0,no
0.021583,0.181818,0,0,0,0,0.041667,0.2,0.021429,0,0.024793,0.024793,0,no
0.021583,0,0,0,0,0,0.083333,0.2,0.057143,0,0.041322,0.033058,0,no
0.021583,0.090909,0,0,0,0,0.041667,0.2,0.021429,0,0.024793,0.024793,0,no
0.021583,0,0,0,0,0,0.041667,0.2,0.021429,0,0.024793,0.024793,0,no
0.021583,0,0,0,0,0,0.041667,0.2,0.021429,0,0.024793,0.024793,0,no
0.057554,0.545455,0,0,0,0,0.041667,0.2,0.057143,0,0.066116,0.066116,0,no
0.021583,0.181818,0,0,0,0,0.125,0.4,0.035714,0.020619,0.024793,0.019284,0,no
0.021583,0.363636,0,0,0,0,0.041667,0.2,0.021429,0,0.024793,0.024793,0,no
0.021583,0.636364,0,0,0,0,0.041667,0.2,0.021429,0,0.024793,0.024793,0,no
0.021583,0.454545,0,0,0,0,0.083333,0.4,0.028571,0.010309,0.024793,0.020661,0,no
0.021583,0,0,0,0,0,0.041667,0.2,0.021429,0,0.024793,0.024793,0,no
0.021583,0,0,0,0,0,0.041667,0.2,0.021429,0,0.024793,0.024793,0,no
0.021583,0.090909,0,0,0,0,0.041667,0.2,0.021429,0,0.024793,0.024793,0,no
0,0.090909,0,0,0.011905,0,0.041667,0.2,0,0,0,0,0,no
0,0.090909,0,0,0.011905,0,0.041667,0.2,0,0,0,0,0,no
0,0.090909,0,0,0.011905,0,0.041667,0.2,0,0,0,0,0,no
0,0.090909,0,0,0.011905,0,0.041667,0.2,0,0,0,0,0,no
0,0.090909,0,0,0,0,0.125,0.2,0.014286,0.257732,0.190083,0.07438,1,no
0,0.090909,0,0,0,0,0.166667,0.2,0.014286,1,0.545455,0.204545,1,no
0,0.181818,0,0,0,0,0.125,0.2,0.014286,0.216495,0.157025,0.063361,1,no
0,0,0,0,0,0,0.041667,0.2,0,0,0,0,0,no
0,0.090909,0,0,0,0,0.083333,0.2,0.007143,0.216495,0.165289,0.090909,0,no
0,0.090909,0,0,0,0,0.041667,0.2,0,0,0,0,1,no
0,0.090909,0,0,0,0,0.041667,0.2,0,0,0,0,0,no
0,0.272727,0,0,0,0,0.083333,0.2,0.007143,0.185567,0.140496,0.078512,0,no
0,0.090909,0,0,0,0,0.041667,0.2,0,0,0,0,0,no
0,0.090909,0,0,0,0,0.041667,0.2,0,0,0,0,1,no
0,0.181818,0,0,0,0,0.041667,0.2,0,0,0,0,0,no
0.043165,0.272727,0,0,0,0,0.083333,0.2,0.114286,0.103093,0.132231,0.107438,0,no
0.021583,0,0,0,0,0,0.125,0.4,0.078571,0.082474,0.066116,0.052342,1,no
0.035971,0.090909,0,0,0,0,0.291667,0.6,0.271429,0.340206,0.247934,0.083825,1,no
0.021583,0.090909,0,0,0,0,0.25,0.4,0.342857,0.463918,0.355372,0.128099,1,no
0.021583,0.181818,0,0,0,0,0.125,0.4,0.135714,0.164948,0.157025,0.096419,1,no
0.021583,0,0,0,0,0,0.041667,0.2,0.021429,0,0.024793,0.024793,0,no
0.021583,0,0,0,0,0,0.041667,0.2,0.021429,0,0.024793,0.024793,0,no
0.230216,0,0,0,0,0,0.166667,0.4,0.3,0.103093,0.330579,0.107438,0,no
0.035971,0.090909,0,0,0.011905,0.04878,0.083333,0.4,0.364286,0.474227,0.421488,0.400826,0,no
0.021583,0,0,0,0,0,0.041667,0.2,0.021429,0,0.024793,0.024793,0,no
0.021583,0.090909,0,0,0,0,0.125,0.6,0.1,0.113402,0.115702,0.068871,1,no
0.021583,0.090909,0,0,0,0,0.083333,0.4,0.085714,0.092784,0.099174,0.086777,0,no
0.021583,0.272727,0,0,0,0,0.166667,0.6,0.121429,0.14433,0.140496,0.06405,1,no
0.021583,0.090909,0,0,0,0,0.125,0.4,0.142857,0.175258,0.165289,0.101928,1,no
0.021583,0.090909,0,0,0,0,0.125,0.6,0.1,0.113402,0.115702,0.068871,1,no
0.021583,0.181818,0,0,0,0,0.125,0.4,0.071429,0.072165,0.057851,0.046832,1,no
0.021583,0,0,0,0,0,0.041667,0.2,0.021429,0,0.024793,0.024793,0,no
0.021583,0,0,0,0,0,0.041667,0.2,0.021429,0,0.024793,0.024793,0,no
0.021583,0,0,0,0,0,0.041667,0.2,0.021429,0,0.024793,0.024793,0,no
0.021583,0,0,0,0,0,0.041667,0.2,0.021429,0,0.024793,0.024793,0,no
0.021583,0,0,0,0,0,0.041667,0.2,0.021429,0,0.024793,0.024793,0,no
0.021583,0,0,0,0,0,0.041667,0.2,0.021429,0,0.024793,0.024793,0,no
0.021583,0,0,0,0,0,0.041667,0.2,0.021429,0,0.024793,0.024793,0,no
0,0,0,0,0.011905,0,0.041667,0.2,0,0,0,0,0,no
0,0,0,0,0.011905,0,0.041667,0.2,0,0,0,0,0,no
0,0,0,0,0.011905,0,0.041667,0.2,0,0,0,0,0,no
0,0,0,0,0.011905,0,0.041667,0.2,0,0,0,0,0,no
0,0,0,0,0.011905,0,0.041667,0.2,0,0,0,0,0,no
0,0.090909,0,0,0,0,0.041667,0.2,0,0.113402,0.090909,0.090909,0,no
0,0.090909,0,0,0,0,0.083333,0.2,0.114286,0.164948,0.132231,0.132231,1,no
0.035971,0.272727,0,0,0,0.02439,0.041667,0.2,0.035714,0,0.041322,0.041322,0,no
0,0,0,0,0,0,0.083333,0.2,0.021429,0.030928,0.024793,0.024793,0,no
0,0,0,0,0,0,0.083333,0.2,0.021429,0.030928,0.024793,0.024793,0,no
0,0.090909,0,0,0,0,0.208333,0.2,0.042857,0.463918,0.264463,0.084298,1,no
0,0,0,0,0,0,0.083333,0.2,0.021429,0.030928,0.024793,0.024793,0,no
0.035971,0.272727,0,0,0,0,0.041667,0.2,0.035714,0,0.041322,0.041322,0,no
0.021583,0,0,0,0,0,0.041667,0.2,0.021429,0,0.024793,0.024793,0,no
0.021583,0,0,0,0,0,0.083333,0.2,0.028571,0.010309,0.024793,0.020661,1,no
0.021583,0.090909,0,0,0,0,0.083333,0.2,0.078571,0.082474,0.090909,0.078512,0,no
0.021583,0,0,0,0,0,0.083333,0.2,0.028571,0.010309,0.024793,0.020661,1,no
0.021583,0.181818,0,0,0,0,0.041667,0.2,0.021429,0,0.024793,0.024793,0,no
0.028777,0.090909,0,0,0,0,0.041667,0.2,0.028571,0,0.033058,0.033058,0,no
0.028777,0.090909,0,0,0,0,0.041667,0.2,0.028571,0,0.033058,0.033058,0,no
0.028777,0,0,0,0,0,0.041667,0.2,0.028571,0,0.033058,0.033058,0,no
0.057554,0.181818,0,0,0,0,0.083333,0.2,0.064286,0.010309,0.066116,0.041322,0,no
0.021583,0,0,0,0,0,0.041667,0.2,0.021429,0,0.024793,0.024793,0,no
0.021583,0,0,0,0,0,0.041667,0.2,0.021429,0,0.024793,0.024793,0,no
0.021583,0,0,0,0,0,0.041667,0.2,0.021429,0,0.024793,0.024793,1,no
0.021583,0.090909,0,0,0,0,0.041667,0.2,0.021429,0,0.024793,0.024793,0,no
0.021583,0,0,0,0,0,0.083333,0.2,0.028571,0.010309,0.033058,0.020661,1,no
0.028777,0,0,0,0,0,0.041667,0.2,0.028571,0,0.033058,0.033058,0,no
0,0,0,0,0,0,0.041667,0.2,0,0,0,0,0,no
0,0.090909,0,0,0,0,0.041667,0.2,0,0,0,0,0,no
0,0.090909,0,0,0,0,0.041667,0.2,0,0,0,0,0,no
0,0.090909,0,0,0,0,0.041667,0.2,0,0,0,0,0,no
0,0.090909,0,0,0,0,0.041667,0.2,0,0,0,0,0,no
0,0.090909,0,0,0,0,0.041667,0.2,0,0,0,0,0,no
0,0,0,0,0,0,0.041667,0.2,0,0,0,0,0,no
0.028777,0.090909,0,0,0,0,0.083333,0.4,0.028571,0,0.024793,0.016529,0,no
0.021583,0.090909,0,0,0,0,0.041667,0.2,0.021429,0,0.024793,0.024793,0,no
0.021583,0.181818,0,0,0,0,0.083333,0.2,0.035714,0.020619,0.041322,0.028926,0,no
0.021583,0,0,0,0,0,0.041667,0.2,0.021429,0,0.024793,0.024793,0,no
0.021583,0,0,0,0,0,0.041667,0.2,0.007143,0.010309,0.016529,0.016529,0,no
0.021583,0,0,0,0,0,0.041667,0.2,0.021429,0,0.024793,0.024793,0,no
0.021583,0,0,0,0,0,0.041667,0.2,0.021429,0,0.024793,0.024793,0,no
0.021583,0,0,0,0,0,0.041667,0.2,0.007143,0.010309,0.016529,0.016529,0,no
0.021583,0,0,0,0,0,0.041667,0.2,0.021429,0,0.024793,0.024793,0,no
0.028777,0.090909,0,0,0,0,0,0,0,0,0,0,0,no
0.035971,0,0,0,0,0,0,0,0,0,0,0,0,no
0.021583,0,0,0,0,0,0.041667,0.2,0.007143,0.010309,0.016529,0.016529,0,no
0.021583,0,0,0,0,0,0,0,0,0,0,0,0,no
0.021583,0,0,0,0,0,0.041667,0.2,0.007143,0.010309,0.016529,0.016529,0,no
0.021583,0,0,0,0,0,0,0,0,0,0,0,0,no
0.05036,0,0,0,0,0,0.041667,0.2,0.007143,0,0.008264,0.008264,0,no
0,0.090909,0,0,0,0,0.041667,0.2,0,0,0,0,0,no
0,0.090909,0,0,0,0,0.041667,0.2,0,0,0,0,0,no
0,0,0,0,0,0,0.041667,0.2,0,0,0,0,0,no
0,0.181818,0,0,0,0,0.041667,0.2,0,0,0,0,0,no
0,0,0,0,0,0,0.041667,0.2,0,0,0,0,0,no
0,0.090909,0,0,0,0,0.041667,0.2,0,0,0,0,1,no
0,0.090909,0,0,0,0,0.041667,0.2,0,0,0,0,0,no
0,0.090909,0,0,0,0,0.041667,0.2,0,0,0,0,0,no
0,0.090909,0,0,0,0,0.041667,0.2,0,0,0,0,1,no
0,0.181818,0,0,0,0,0.041667,0.2,0,0,0,0,0,no
0,0,0,0,0,0,0.041667,0.2,0,0,0,0,0,no
0,0,0,0,0,0,0.041667,0.2,0,0,0,0,0,no
0.021583,0,0,0,0,0,0.041667,0.2,0.021429,0,0.024793,0.024793,0,no
0.021583,0.090909,0,0,0,0,0.083333,0.2,0.028571,0.010309,0.024793,0.020661,0,no
0.021583,0.181818,0,0,0,0,0.041667,0.2,0.021429,0,0.024793,0.024793,0,no
0.021583,0,0,0,0,0,0.041667,0.2,0.021429,0,0.024793,0.024793,0,no
0.021583,0,0,0,0,0,0.041667,0.2,0.021429,0,0.024793,0.024793,0,no
0.028777,0.090909,0,0,0,0,0.041667,0.2,0.028571,0,0.033058,0.033058,0,no
0.028777,0.181818,0,0,0,0,0.041667,0.2,0.028571,0,0.033058,0.033058,0,no
0.035971,0,0,0,0,0.02439,0.041667,0.2,0.035714,0,0.041322,0.041322,0,no
0.028777,0.090909,0,0,0,0,0.041667,0.2,0.028571,0,0.033058,0.033058,0,no
0.014388,0.090909,0,0,0,0,0,0,0,0,0,0,0,no
0.014388,0,0,0,0,0,0,0,0,0,0,0,0,no
0.021583,0.272727,0,0,0,0,0,0,0,0,0,0,0,no
0.021583,0.272727,0,0,0,0,0,0,0,0,0,0,0,no
0.021583,0,0,0,0,0,0,0,0,0,0,0,0,no
0.021583,0.090909,0,0,0,0,0,0,0,0,0,0,0,no
0.021583,0.090909,0,0,0,0,0,0,0,0,0,0,0,no
0.021583,0.181818,0,0,0,0,0,0,0,0,0,0,0,no
0.021583,0.272727,0,0,0,0,0,0,0,0,0,0,0,no
0.021583,0,0,0,0,0,0,0,0,0,0,0,0,no
0.021583,0.272727,0,0,0,0,0,0,0,0,0,0,0,no
0.021583,0.272727,0,0,0,0,0,0,0,0,0,0,0,no
0.021583,0.090909,0,0,0,0,0,0,0,0,0,0,0,no
0.021583,0.272727,0,0,0,0,0,0,0,0,0,0,0,no
0.021583,0.090909,0,0,0,0,0,0,0,0,0,0,0,no
0.021583,0.181818,0,0,0,0,0,0,0,0,0,0,0,no
0.021583,0.272727,0,0,0,0,0,0,0,0,0,0,0,no
0.021583,0.090909,0,0,0,0,0.125,0.2,0.035714,0.020619,0.024793,0.019284,0,no
0.021583,0.181818,0,0,0,0,0.041667,0.2,0.021429,0,0.024793,0.024793,0,no
0.021583,0,0,0,0,0,0.041667,0.2,0.021429,0,0.024793,0.024793,0,no
0.014388,0,0,0,0,0,0.041667,0.2,0.014286,0,0.016529,0.016529,0,no
0.021583,0.090909,0,0,0,0,0.041667,0.2,0.021429,0,0.024793,0.024793,0,no
0.028777,0.181818,0,0,0,0,0.041667,0.2,0.028571,0,0.033058,0.033058,0,no
0.028777,0.181818,0,0,0,0,0.041667,0.2,0.028571,0,0.033058,0.033058,0,no
0.035971,0.090909,0,0,0,0,0.041667,0.2,0.035714,0,0.041322,0.041322,0,no
0.021583,0.090909,0,0,0,0,0.041667,0.2,0.021429,0,0.024793,0.024793,0,no
0.021583,0.090909,0,0,0,0,0.041667,0.2,0.021429,0,0.024793,0.024793,0,no
0.021583,0,0,0,0,0,0.041667,0.2,0.021429,0,0.024793,0.024793,0,no
0.028777,0.181818,0,0,0,0,0.041667,0.2,0.028571,0,0.033058,0.033058,0,no
0.021583,0,0,0,0,0,0.041667,0.2,0.021429,0,0.024793,0.024793,0,no
0.021583,0,0,0,0,0,0.041667,0.2,0.021429,0,0.024793,0.024793,0,no
0.021583,0,0,0,0,0,0.041667,0.2,0.021429,0,0.024793,0.024793,0,no
0,0.272727,0,0,0.011905,0,0.041667,0.2,0,0,0,0,0,no
0.035971,0.454545,0,0,0,0,0.041667,0.2,0.035714,0,0.041322,0.041322,0,no
0.05036,0.090909,0,0,0,0.04878,0.041667,0.2,0.05,0,0.057851,0.057851,0,no
0.028777,0,0,0,0,0,0.041667,0.2,0.028571,0,0.033058,0.033058,0,no
0.021583,0.272727,0,0,0,0,0.041667,0.2,0.021429,0,0.024793,0.024793,0,no
0.064748,0.363636,0,0,0,0.02439,0.083333,0.4,0.064286,0,0.066116,0.03719,1,no
0.043165,0,0,0,0.011905,0,0.041667,0.2,0.042857,0,0.049587,0.049587,0,no
0.035971,0,0,0,0,0,0.041667,0.2,0.035714,0,0.041322,0.041322,0,no
0,0.363636,0,0,0,0,0,0,0,0,0,0,0,no
0,0.272727,0,0,0,0,0,0,0,0,0,0,0,no
0,0.272727,0,0,0,0,0,0,0,0,0,0,0,no
0,0.181818,0,0,0,0,0,0,0,0,0,0,0,no
0,0.272727,0,0,0,0,0.041667,0.2,0,0,0,0,0,no
0,0.272727,0,0,0.011905,0,0,0,0,0,0,0,0,no
0,0.363636,0,0,0,0,0,0,0,0,0,0,0,no
0,0.272727,0,0,0,0,0.041667,0.2,0,0,0,0,0,no
0,0.181818,0,0,0,0,0,0,0,0,0,0,0,no
0.136691,0.090909,0,0,0,0.04878,0.541667,0.6,0.221429,0.123711,0.099174,0.027336,1,no
0.028777,0.181818,0,0,0,0,0.083333,0.4,0.035714,0.010309,0.033058,0.024793,0,no
0.021583,0.272727,0,0,0,0,0.458333,0.6,0.164286,0.206186,0.14876,0.032307,1,no
0.021583,0.090909,0,0,0,0,0.041667,0.2,0,0.092784,0.07438,0.07438,0,no
0.021583,0.545455,0,0,0,0,0.125,0.6,0.057143,0.082474,0.057851,0.044077,1,no
0.021583,0.181818,0,0,0,0,0,0,0,0,0,0,0,no
0.021583,0.363636,0,0,0,0,0.083333,0.2,0.007143,0.092784,0.066116,0.041322,0,no
0.021583,0.090909,0,0,0,0,0.041667,0.2,0.021429,0,0.024793,0.024793,0,no
0.021583,0,0,0,0,0,0.041667,0.2,0.021429,0,0.024793,0.024793,0,no
0.021583,0,0,0,0,0,0,0,0,0,0,0,0,no
0.021583,0,0,0,0,0,0.041667,0.2,0.021429,0,0.024793,0.024793,0,no
0.021583,0,0,0,0,0,0.041667,0.2,0.021429,0,0.024793,0.024793,0,no
0.021583,0,0,0,0,0,0.041667,0.2,0.021429,0,0.024793,0.024793,0,no
0.021583,0,0,0,0,0,0.041667,0.2,0.021429,0,0.024793,0.024793,1,no
0.021583,0,0,0,0,0,0.041667,0.2,0.021429,0,0.024793,0.024793,0,no
0.021583,0,0,0,0,0,0.041667,0.2,0.021429,0,0.024793,0.024793,0,no
0.021583,0,0,0,0,0,0.041667,0.2,0.021429,0,0.024793,0.024793,0,no
0.021583,0,0,0,0,0,0,0,0,0,0,0,0,no
0.05036,0.090909,0,0,0.011905,0,0.041667,0.2,0.05,0,0.057851,0.057851,0,no
0.035971,0.272727,0,0,0,0,0.041667,0.2,0.035714,0,0.041322,0.041322,0,no
0.021583,0.090909,0,0,0,0,0.041667,0.2,0.021429,0,0.024793,0.024793,0,no
0.028777,0.090909,0,0,0,0,0.041667,0.2,0.028571,0,0.033058,0.033058,0,no
0.028777,0.090909,0,0,0,0,0.041667,0.2,0.028571,0,0.033058,0.033058,0,no
0.028777,0.090909,0,0,0,0,0.041667,0.2,0.028571,0,0.033058,0.033058,0,no
0.043165,0.272727,0,0,0,0.02439,0.041667,0.2,0.042857,0,0.049587,0.049587,0,no
0.035971,0.181818,0,0,0,0.02439,0.041667,0.2,0.035714,0,0.041322,0.041322,0,no
0.05036,0.272727,0,0,0,0.02439,0.083333,0.4,0.057143,0.010309,0.057851,0.03719,0,no
0.043165,0.090909,0,0,0,0,0.041667,0.2,0.042857,0,0.049587,0.049587,0,no
0.05036,0.090909,0,0,0,0.02439,0.291667,0.4,0.15,0.14433,0.107438,0.041322,1,no
0.021583,0.090909,0,0,0,0,0.083333,0.2,0.078571,0.082474,0.090909,0.078512,0,no
0.021583,0.272727,0,0,0,0,0.041667,0.2,0.021429,0,0.024793,0.024793,0,no
0.021583,0.272727,0,0,0,0,0.041667,0.2,0.021429,0,0.024793,0.024793,0,no
0.021583,0.363636,0,0,0,0,0.041667,0.2,0.021429,0,0.024793,0.024793,0,no
0.028777,0,0,0,0,0,0.041667,0.2,0.028571,0,0.033058,0.033058,0,no
0.136691,0.454545,0,0,0.011905,0.04878,0.083333,0.4,0.142857,0.010309,0.157025,0.086777,0,no
0.021583,0,0,0,0,0,0.083333,0.4,0.028571,0.010309,0.033058,0.020661,1,no
0.021583,0.090909,0,0,0,0,0.041667,0.2,0.021429,0,0.024793,0.024793,0,no
0.021583,0,0,0,0,0,0.041667,0.2,0.021429,0,0.024793,0.024793,1,no
0.021583,0.090909,0,0,0,0,0.041667,0.2,0.021429,0,0.024793,0.024793,1,no
0.021583,0,0,0,0,0,0.041667,0.2,0.021429,0,0.024793,0.024793,0,no
0.021583,0.181818,0,0,0,0,0.041667,0.2,0.021429,0,0.024793,0.024793,1,no
0.064748,0.181818,0,0,0.02381,0.02439,0.083333,0.4,0.064286,0,0.066116,0.03719,1,no
0.021583,0.090909,0,0,0,0,0.041667,0.2,0.021429,0,0.024793,0.024793,1,no
0.021583,0.272727,0,0,0,0,0.083333,0.2,0.028571,0.010309,0.024793,0.020661,1,no
0.021583,0.090909,0,0,0,0,0.041667,0.2,0.021429,0,0.024793,0.024793,0,no
0.028777,0.272727,0,0,0,0,0.083333,0.2,0.057143,0.041237,0.066116,0.049587,0,no
0.028777,0,0,0,0,0,0.083333,0.4,0.028571,0,0.024793,0.016529,1,no
0.05036,0.363636,0,0,0,0,0.041667,0.2,0.05,0,0.057851,0.057851,0,no
0.021583,0,0,0,0,0,0.083333,0.4,0.028571,0.010309,0.024793,0.020661,1,no
0.021583,0.181818,0,0,0.011905,0,0.041667,0.2,0.021429,0,0.024793,0.024793,0,no
0.021583,0.090909,0,0,0,0,0,0,0,0,0,0,0,no
0.021583,0,0,0,0,0,0,0,0,0,0,0,0,no
0.021583,0.090909,0,0,0,0,0.041667,0.2,0.007143,0.010309,0.016529,0.016529,1,no
0.028777,0.181818,0,0,0,0.02439,0.083333,0.4,0.035714,0.010309,0.033058,0.024793,0,no
0.021583,0,0,0,0,0,0,0,0,0,0,0,0,no
0.021583,0,0,0,0.011905,0,0.041667,0.2,0.021429,0,0.024793,0.024793,0,no
0.021583,0.090909,0,0,0,0,0.041667,0.2,0.021429,0,0.024793,0.024793,0,no
0.021583,0,0,0,0,0,0.041667,0.2,0.021429,0,0.024793,0.024793,0,no
0.021583,0.090909,0,0,0,0,0.041667,0.2,0.021429,0,0.024793,0.024793,0,no
0,0,0,0,0,0,0.041667,0.2,0,0,0,0,1,no
0.021583,0.090909,0,0,0,0,0,0,0,0,0,0,0,no
0.021583,0,0,0,0,0,0,0,0,0,0,0,0,no
0.05036,0,0,0,0,0.04878,0.041667,0.2,0.007143,0.010309,0.016529,0.016529,0,no
0.021583,0.272727,0,0,0,0,0.041667,0.2,0.007143,0.010309,0.016529,0.016529,0,no
0.021583,0,0,0,0,0,0.041667,0.2,0.021429,0,0.024793,0.024793,0,no
0.021583,0.090909,0,0,0,0,0.041667,0.2,0.021429,0,0.024793,0.024793,0,no
0.057554,0.181818,0,0,0,0.02439,0.083333,0.4,0.064286,0.010309,0.066116,0.041322,0,no
0.028777,0.181818,0,0,0,0.02439,0.041667,0.2,0.028571,0,0.033058,0.033058,0,no
0.014388,0,0,0,0,0,0.041667,0.2,0.014286,0,0.016529,0.016529,0,no
0.028777,0.090909,0,0,0,0,0,0,0,0,0,0,0,no
0.122302,0.545455,0,0,0,0.073171,0.041667,0.2,0.121429,0,0.140496,0.140496,0,no
0,0,0,0,0,0,0,0,0,0,0,0,0,no
0,0,0,0,0,0,0,0,0,0,0,0,0,no
0.021583,0.090909,0,0,0,0,0,0,0,0,0,0,0,no
0,0.272727,0,0,0,0,0,0,0,0,0,0,0,no
0.021583,0.090909,0,0,0,0,0.041667,0.2,0.007143,0.010309,0.016529,0.016529,1,no
0.021583,0.181818,0,0,0,0,0,0,0,0,0,0,0,no
0.035971,0.181818,0,0,0,0,0,0,0,0,0,0,0,no
0.057554,0.090909,0,0,0,0.04878,0.083333,0.2,0.014286,0.020619,0.016529,0.016529,1,no
0.028777,0.181818,0,0,0,0,0.041667,0.2,0.028571,0,0.033058,0.033058,0,no
0,0,0,0,0.011905,0,0.041667,0.2,0,0,0,0,0,no
0,0,0,0,0.011905,0,0.041667,0.2,0,0,0,0,1,no
0,0.090909,0,0,0.011905,0,0.041667,0.2,0,0,0,0,0,no
0,0.181818,0,0,0.011905,0,0.041667,0.2,0,0,0,0,0,no
0,0.090909,0,0,0.011905,0,0.041667,0.2,0,0,0,0,0,no
0,0.090909,0,0,0.011905,0,0.041667,0.2,0,0,0,0,0,no
0,0.090909,0,0,0.011905,0,0.041667,0.2,0,0,0,0,1,no
0,0.090909,0,0,0.011905,0,0.041667,0.2,0,0,0,0,0,no
0,0.272727,0,0,0.02381,0,0.041667,0.2,0,0,0,0,0,no
0,0.181818,0,0,0.011905,0,0.041667,0.2,0,0,0,0,0,no
0,0.181818,0,0,0.011905,0,0.041667,0.2,0,0,0,0,0,no
0,0,0,0,0.011905,0,0.041667,0.2,0,0,0,0,0,no
0.021583,0.090909,0,0,0,0,0.041667,0.2,0.021429,0,0.024793,0.024793,0,no
0.028777,0.181818,0,0,0,0,0.041667,0.2,0.028571,0,0.033058,0.033058,0,no
0.035971,0.181818,0,0,0,0,0.041667,0.2,0.035714,0,0.041322,0.041322,0,no
0.035971,0.272727,0,0,0,0,0.041667,0.2,0.035714,0,0.041322,0.041322,0,no
0.071942,0.727273,0,0,0,0,0.083333,0.4,0.071429,0,0.066116,0.041322,0,no
0.064748,0.363636,0,0,0,0,0.083333,0.4,0.021429,0,0.016529,0.012397,1,no
0.021583,0,0,0,0,0,0.125,0.4,0.021429,0.030928,0.016529,0.016529,1,no
0.028777,0.181818,0,0,0,0,0,0,0,0,0,0,0,no
0.021583,0,0,0,0,0,0,0,0,0,0,0,0,no
0.021583,0,0,0,0,0,0,0,0,0,0,0,0,no
0.021583,0,0,0,0,0,0,0,0,0,0,0,0,no
0.021583,0,0,0,0,0,0,0,0,0,0,0,0,no
0.071942,0.363636,0,0,0,0.02439,0.083333,0.4,0.078571,0.010309,0.082645,0.049587,0,no
0.021583,0,0,0,0,0,0.041667,0.2,0.021429,0,0.024793,0.024793,0,no
0.021583,0,0,0,0,0,0.041667,0.2,0.021429,0,0.024793,0.024793,0,no
0.021583,0,0,0,0,0,0.041667,0.2,0.021429,0,0.024793,0.024793,0,no
0.021583,0,0,0,0,0,0.041667,0.2,0.021429,0,0.024793,0.024793,0,no
0.021583,0,0,0,0,0,0.041667,0.2,0.021429,0,0.024793,0.024793,0,no
0.021583,0,0,0,0,0,0.041667,0.2,0.021429,0,0.024793,0.024793,0,no
0.021583,0,0,0,0,0,0.041667,0.2,0.021429,0,0.024793,0.024793,0,no
0.021583,0,0,0,0,0,0.083333,0.2,0.028571,0.010309,0.024793,0.020661,0,no
0.021583,0.090909,0,0,0,0,0.041667,0.2,0.021429,0,0.024793,0.024793,0,no
0.035971,0.363636,0,0,0.011905,0.02439,0.041667,0.2,0.035714,0,0.041322,0.041322,0,no
0.05036,0.454545,0,0,0,0.04878,0.041667,0.2,0.05,0,0.057851,0.057851,0,no
0.05036,0.454545,0,0,0,0,0.041667,0.2,0.05,0,0.057851,0.057851,0,no
0.05036,0.454545,0,0,0,0,0.041667,0.2,0.05,0,0.057851,0.057851,0,no
0.021583,0.090909,0,0,0,0,0.125,0.4,0.014286,0.072165,0.041322,0.024793,1,no
0.028777,0.090909,0,0,0,0,0,0,0,0,0,0,0,no
0.021583,0.272727,0,0,0,0,0.041667,0.2,0,0.268041,0.214876,0.214876,0,no
0.028777,0.454545,0,0,0.011905,0.02439,0.125,0.4,0.264286,0.340206,0.272727,0.192837,1,no
0.021583,0.181818,0,0,0,0,0.041667,0.2,0.007143,0.010309,0.016529,0.016529,0,no
0.028777,0.454545,0,0,0.011905,0.02439,0.041667,0.2,0.028571,0,0.033058,0.033058,0,no
0.021583,0.090909,0,0,0,0,0.083333,0.2,0.007143,0.041237,0.033058,0.020661,1,no
0.021583,0,0,0,0,0,0,0,0,0,0,0,0,no
0.021583,0,0,0,0,0,0,0,0,0,0,0,0,no
0.021583,0,0,0,0,0,0,0,0,0,0,0,0,no
0.021583,0,0,0,0,0,0,0,0,0,0,0,0,no
0.021583,0,0,0,0,0,0,0,0,0,0,0,0,no
0.021583,0,0,0,0,0,0.041667,0.2,0.007143,0.010309,0.016529,0.016529,0,no
0.021583,0,0,0,0,0,0,0,0,0,0,0,0,no
0.021583,0,0,0,0,0,0,0,0,0,0,0,0,no
0.021583,0.090909,0,0,0,0,0.166667,0.4,0.142857,0.175258,0.14876,0.076446,1,no
0.028777,0.090909,0,0,0,0,0.083333,0.4,0.042857,0.020619,0.049587,0.033058,0,no
0.021583,0,0,0,0,0,0.041667,0.2,0.021429,0,0.024793,0.024793,0,no
0.021583,0,0,0,0,0,0.041667,0.2,0.021429,0,0.024793,0.024793,0,no
0.028777,0,0,0,0,0.02439,0.083333,0.4,0.035714,0.010309,0.033058,0.024793,1,no
0.021583,0,0,0,0,0,0.041667,0.2,0.021429,0,0.024793,0.024793,1,no
0.028777,0.090909,0,0,0,0,0.083333,0.2,0.028571,0,0.024793,0.016529,1,no
0.035971,0.272727,0,0,0.011905,0,0.041667,0.2,0.035714,0,0.041322,0.041322,0,no
0.021583,0,0,0,0,0,0.125,0.4,0.035714,0.020619,0.024793,0.019284,1,no
0.021583,0,0,0,0,0,0.041667,0.2,0.021429,0,0.024793,0.024793,0,no
0.021583,0,0,0,0,0,0.041667,0.2,0.021429,0,0.024793,0.024793,0,no
0.021583,0,0,0,0.011905,0,0.125,0.4,0.035714,0.020619,0.024793,0.019284,1,no
0.021583,0.090909,0,0,0,0,0.041667,0.2,0.021429,0,0.024793,0.024793,0,no
0.021583,0.090909,0,0,0,0,0.041667,0.2,0.021429,0,0.024793,0.024793,0,no
0.035971,0.181818,0,0,0,0,0.083333,0.2,0.035714,0,0.033058,0.020661,1,no
0.043165,0.363636,0,0,0,0.02439,0.083333,0.2,0.042857,0,0.041322,0.024793,1,no
0.057554,0.272727,0,0,0.011905,0.02439,0.041667,0.2,0.057143,0,0.066116,0.066116,0,no
0.064748,0.363636,0,0,0.011905,0.02439,0.041667,0.2,0.064286,0,0.07438,0.07438,0,no
0.057554,0.272727,0,0,0.011905,0.02439,0.041667,0.2,0.057143,0,0.066116,0.066116,0,no
0.028777,0,0,0,0,0,0.083333,0.4,0.014286,0.010309,0.016529,0.012397,0,no
0.035971,0.181818,0,0,0.011905,0,0,0,0,0,0,0,0,no
0.028777,0.090909,0,0,0,0,0.041667,0.2,0.007143,0,0.008264,0.008264,1,no
0.021583,0,0,0,0,0,0.041667,0.2,0.021429,0,0.024793,0.024793,0,no
0.021583,0.090909,0,0,0.011905,0,0,0,0,0,0,0,0,no
0.021583,0,0,0,0,0,0.041667,0.2,0.021429,0,0.024793,0.024793,1,no
0.021583,0,0,0,0,0,0,0,0,0,0,0,0,no
0.021583,0,0,0,0,0,0.041667,0.2,0.021429,0,0.024793,0.024793,1,no
0.021583,0,0,0,0,0,0.041667,0.2,0.021429,0,0.024793,0.024793,1,no
0.021583,0,0,0,0,0,0.041667,0.2,0.021429,0,0.024793,0.024793,0,no
0.021583,0,0,0,0,0,0.041667,0.2,0.021429,0,0.024793,0.024793,1,no
0.021583,0,0,0,0,0,0.041667,0.2,0.021429,0,0.024793,0.024793,0,no
0.021583,0,0,0,0,0,0.041667,0.2,0.021429,0,0.024793,0.024793,0,no
0.021583,0,0,0,0,0,0.041667,0.2,0.021429,0,0.024793,0.024793,0,no
0.021583,0,0,0,0,0,0.083333,0.2,0.014286,0.020619,0.016529,0.016529,1,no
0.021583,0,0,0,0,0,0.083333,0.2,0.028571,0.010309,0.024793,0.020661,1,no
0.021583,0,0,0,0,0,0.083333,0.2,0.028571,0.010309,0.024793,0.020661,1,no
0.021583,0.090909,0,0,0,0,0.041667,0.2,0.021429,0,0.024793,0.024793,1,no
0.021583,0.090909,0,0,0,0,0.041667,0.2,0.021429,0,0.024793,0.024793,1,no
0.021583,0.090909,0,0,0,0,0.041667,0.2,0.021429,0,0.024793,0.024793,1,no
0.021583,0.090909,0,0,0,0,0.041667,0.2,0.021429,0,0.024793,0.024793,0,no
0.035971,0,0,0,0,0.02439,0.041667,0.2,0.035714,0,0.041322,0.041322,1,no
0.057554,0.545455,0,0,0,0,0.083333,0.4,0.064286,0.010309,0.07438,0.041322,0,no
0.064748,0.363636,0,0,0,0,0.041667,0.2,0.064286,0,0.07438,0.07438,0,no
0.035971,0,0,0,0,0,0.125,0.4,0.028571,0.020619,0.016529,0.016529,1,no
0.028777,0,0,0,0,0,0.041667,0.2,0.028571,0,0.033058,0.033058,0,no
0.057554,0.181818,0,0,0,0,0.083333,0.2,0.028571,0.010309,0.024793,0.020661,1,no
0.021583,0.545455,0,0,0,0,0.041667,0.2,0.021429,0,0.024793,0.024793,1,no
0.021583,0,0,0,0,0,0.041667,0.2,0.021429,0,0.024793,0.024793,1,no
0.028777,0.181818,0,0,0,0,0.041667,0.2,0,0.030928,0.024793,0.024793,0,no
0.043165,0.181818,0,0,0,0.02439,0.041667,0.2,0.007143,0.010309,0.016529,0.016529,1,no
0.021583,0,0,0,0,0,0,0,0,0,0,0,0,no
0.021583,0,0,0,0,0,0.041667,0.2,0.007143,0.010309,0.016529,0.016529,0,no
0.021583,0.272727,0,0,0,0,0.041667,0.2,0.007143,0.010309,0.016529,0.016529,0,no
0.100719,0.545455,0,0,0.011905,0,0.166667,0.6,0.114286,0.020619,0.107438,0.03719,1,no
0.021583,0,0,0,0,0,0.041667,0.2,0.021429,0,0.024793,0.024793,1,no
0.021583,0,0,0,0,0,0,0,0,0,0,0,0,no
0.021583,0,0,0,0,0,0,0,0,0,0,0,0,no
0.028777,0.181818,0,0,0,0,0.041667,0.2,0.028571,0,0.033058,0.033058,0,no
0.021583,0,0,0,0,0,0,0,0,0,0,0,0,no
0.05036,0.272727,0,0,0.011905,0,0.166667,0.2,0.071429,0.030928,0.033058,0.02686,1,no
0.021583,0,0,0,0,0,0.041667,0.2,0.021429,0,0.024793,0.024793,0,no
0.021583,0,0,0,0,0,0.083333,0.2,0.042857,0,0.024793,0.024793,1,no
0.021583,0,0,0,0,0,0.041667,0.2,0.021429,0,0.024793,0.024793,0,no
0.028777,0.181818,0,0,0,0,0.041667,0.2,0.028571,0,0.033058,0.033058,0,no
0.035971,0,0,0,0,0,0.083333,0.4,0.042857,0.010309,0.041322,0.028926,0,no
0.021583,0.090909,0,0,0,0,0.041667,0.2,0.021429,0,0.024793,0.024793,0,no
0.021583,0.090909,0,0,0,0,0.041667,0.2,0.021429,0,0.024793,0.024793,0,no
0.014388,0,0,0,0,0,0.041667,0.2,0.014286,0,0.016529,0.016529,0,no
0.035971,0.181818,0,0,0,0,0.041667,0.2,0.035714,0,0.041322,0.041322,0,no
0.021583,0,0,0,0,0,0.041667,0.2,0.021429,0,0.024793,0.024793,0,no
0.021583,0,0,0,0,0,0.041667,0.2,0.021429,0,0.024793,0.024793,0,no
0.021583,0,0,0,0,0,0.041667,0.2,0.021429,0,0.024793,0.024793,0,no
0.021583,0,0,0,0,0,0.041667,0.2,0.021429,0,0.024793,0.024793,0,no
0.021583,0,0,0,0,0,0.041667,0.2,0.021429,0,0.024793,0.024793,0,no
0.021583,0,0,0,0,0,0.041667,0.2,0.021429,0,0.024793,0.024793,0,no
0.021583,0.090909,0,0,0,0,0.041667,0.2,0.021429,0,0.024793,0.024793,0,no
0.021583,0.090909,0,0,0,0,0.041667,0.2,0.021429,0,0.024793,0.024793,0,no
0.021583,0.090909,0,0,0,0,0.041667,0.2,0.021429,0,0.024793,0.024793,0,no
0.021583,0,0,0,0,0,0.041667,0.2,0.021429,0,0.024793,0.024793,0,no
0.014388,0,0,0,0,0,0.041667,0.2,0.014286,0,0.016529,0.016529,0,no
0,0.090909,0,0,0.011905,0,0.041667,0.2,0,0,0,0,0,no
0,0,0,0,0.02381,0,0.041667,0.2,0,0,0,0,0,no
0.014388,0.090909,0,0,0,0,0.041667,0.2,0.014286,0,0.016529,0.016529,0,no
0.021583,0,0,0,0,0,0.041667,0.2,0.021429,0,0.024793,0.024793,0,no
0,0.181818,0,0,0,0,0.041667,0.2,0,0,0,0,0,no
0.043165,0.181818,0,0,0,0,0.041667,0.2,0.042857,0,0.049587,0.049587,0,no
0.021583,0,0,0,0,0,0.041667,0.2,0.021429,0,0.024793,0.024793,0,no
0.028777,0.090909,0,0,0,0,0.041667,0.2,0.028571,0,0.033058,0.033058,0,no
0.021583,0.181818,0,0,0,0,0.041667,0.2,0.021429,0,0.024793,0.024793,0,no
0.05036,0.181818,0,0,0,0,0.166667,0.4,0.071429,0.030928,0.057851,0.02686,1,no
0,0.181818,0,0,0.011905,0,0.041667,0.2,0,0,0,0,1,no
0.021583,0.090909,0,0,0,0,0.083333,0.2,0.028571,0.010309,0.024793,0.020661,1,no
0.028777,0.272727,0,0,0.011905,0,0.041667,0.2,0.028571,0,0.033058,0.033058,0,no
0.021583,0.272727,0,0,0,0,0.041667,0.2,0.021429,0,0.024793,0.024793,0,no
0.028777,0.454545,0,0,0.011905,0,0.083333,0.4,0.035714,0.010309,0.033058,0.024793,1,no
0.028777,0.181818,0,0,0,0,0.083333,0.2,0.028571,0,0.024793,0.016529,1,no
0.021583,0,0,0,0,0,0.083333,0.2,0.021429,0,0.016529,0.012397,1,no
0.021583,0,0,0,0,0,0.041667,0.2,0.021429,0,0.024793,0.024793,1,no
0.021583,0.090909,0,0,0,0,0.041667,0.2,0.021429,0,0.024793,0.024793,1,no
0.035971,0.272727,0,0,0,0,0.041667,0.2,0.035714,0,0.041322,0.041322,0,no
0.086331,0,0,0,0,0.02439,0.041667,0.2,0.085714,0,0.099174,0.099174,0,no
0.021583,0,0,0,0,0,0.041667,0.2,0.021429,0,0.024793,0.024793,1,no
0.021583,0.181818,0,0,0,0,0.083333,0.2,0.028571,0.010309,0.024793,0.020661,0,no
0.028777,0.090909,0,0,0,0,0.041667,0.2,0.028571,0,0.033058,0.033058,0,no
0.021583,0.090909,0,0,0,0,0.041667,0.2,0.021429,0,0.024793,0.024793,0,no
0.028777,0,0,0,0,0,0.041667,0.2,0.028571,0,0.033058,0.033058,1,no
0.028777,0,0,0,0,0,0,0,0,0,0,0,0,no
0.021583,0,0,0,0,0,0,0,0,0,0,0,0,no
0.021583,0,0,0,0,0,0,0,0,0,0,0,0,no
0.021583,0,0,0,0,0,0,0,0,0,0,0,0,no
0.028777,0,0,0,0,0,0,0,0,0,0,0,0,no
0.021583,0.090909,0,0,0,0,0,0,0,0,0,0,0,no
0.021583,0.090909,0,0,0,0,0,0,0,0,0,0,0,no
0.021583,0.090909,0,0,0,0,0,0,0,0,0,0,0,no
0.021583,0,0,0,0,0,0,0,0,0,0,0,0,no
0.043165,0.272727,0,0,0,0,0.041667,0.2,0.042857,0,0.049587,0.049587,0,no
0.028777,0,0,0,0,0,0.041667,0.2,0.028571,0,0.033058,0.033058,0,no
0.021583,0,0,0,0,0,0.041667,0.2,0.021429,0,0.024793,0.024793,0,no
0.021583,0,0,0,0,0,0.041667,0.2,0.021429,0,0.024793,0.024793,1,no
0.021583,0,0,0,0,0,0.041667,0.2,0.021429,0,0.024793,0.024793,0,no
0.021583,0,0,0,0,0,0.041667,0.2,0.021429,0,0.024793,0.024793,0,no
0.021583,0,0,0,0,0,0.041667,0.2,0.021429,0,0.024793,0.024793,0,no
0.021583,0,0,0,0,0,0.041667,0.2,0.021429,0,0.024793,0.024793,1,no
0.021583,0,0,0,0,0,0.041667,0.2,0.021429,0,0.024793,0.024793,1,no
0.021583,0.090909,0,0,0,0,0.041667,0.2,0.021429,0,0.024793,0.024793,0,no
0.021583,0.090909,0,0,0,0,0.041667,0.2,0.021429,0,0.024793,0.024793,0,no
0.028777,0.090909,0,0,0,0.02439,0.041667,0.2,0.028571,0,0.033058,0.033058,0,no
0.021583,0.090909,0,0,0,0,0.041667,0.2,0.021429,0,0.024793,0.024793,0,no
0.021583,0.090909,0,0,0,0,0.041667,0.2,0.021429,0,0.024793,0.024793,0,no
0.021583,0.090909,0,0,0,0,0.041667,0.2,0.021429,0,0.024793,0.024793,1,no
0.021583,0.090909,0,0,0,0,0.041667,0.2,0.021429,0,0.024793,0.024793,0,no
0.021583,0.090909,0,0,0,0,0.041667,0.2,0.021429,0,0.024793,0.024793,0,no
0.021583,0.090909,0,0,0,0,0.041667,0.2,0.021429,0,0.024793,0.024793,0,no
0.021583,0.090909,0,0,0,0,0.041667,0.2,0.021429,0,0.024793,0.024793,1,no
0.021583,0,0,0,0,0,0.041667,0.2,0.021429,0,0.024793,0.024793,0,no
0.028777,0.090909,0,0,0,0,0.041667,0.2,0.028571,0,0.033058,0.033058,0,no
0.021583,0,0,0,0,0,0.041667,0.2,0.021429,0,0.024793,0.024793,1,no
0.021583,0,0,0,0,0,0.041667,0.2,0.021429,0,0.024793,0.024793,0,no
0.021583,0,0,0,0,0,0.083333,0.4,0.028571,0.010309,0.024793,0.020661,1,no
0.021583,0,0,0,0,0,0.041667,0.2,0.021429,0,0.024793,0.024793,0,no
0.021583,0,0,0,0,0,0.041667,0.2,0.021429,0,0.024793,0.024793,0,no
0.021583,0,0,0,0,0,0.041667,0.2,0.021429,0,0.024793,0.024793,0,no
0.021583,0,0,0,0,0,0.041667,0.2,0.021429,0,0.024793,0.024793,1,no
0.021583,0,0,0,0,0,0.041667,0.2,0.021429,0,0.024793,0.024793,0,no
0.021583,0,0,0,0,0,0.041667,0.2,0.021429,0,0.024793,0.024793,0,no
0.021583,0,0,0,0,0,0.041667,0.2,0.021429,0,0.024793,0.024793,1,no
0.021583,0,0,0,0,0,0.041667,0.2,0.021429,0,0.024793,0.024793,0,no
0.021583,0,0,0,0,0,0.083333,0.2,0.042857,0,0.024793,0.024793,1,no
0.021583,0,0,0,0,0,0.041667,0.2,0.021429,0,0.024793,0.024793,0,no
0.021583,0,0,0,0,0,0.083333,0.4,0.028571,0.010309,0.024793,0.020661,1,no
0.021583,0,0,0,0,0,0.041667,0.2,0.021429,0,0.024793,0.024793,0,no
0.028777,0.090909,0,0,0,0,0.041667,0.2,0.028571,0,0.033058,0.033058,1,no
0.028777,0.090909,0,0,0,0,0.083333,0.2,0.035714,0.010309,0.033058,0.024793,1,no
0.028777,0.090909,0,0,0,0,0.125,0.4,0.042857,0.020619,0.033058,0.022039,1,no
0.028777,0.090909,0,0,0,0,0.083333,0.2,0.035714,0.010309,0.033058,0.024793,1,no
0.028777,0.090909,0,0,0,0,0.041667,0.2,0.028571,0,0.033058,0.033058,0,no
0.028777,0.090909,0,0,0,0,0.041667,0.2,0.028571,0,0.033058,0.033058,0,no
0.028777,0.090909,0,0,0,0,0.041667,0.2,0.028571,0,0.033058,0.033058,1,no
0.028777,0.090909,0,0,0,0,0.041667,0.2,0.028571,0,0.033058,0.033058,0,no
0.028777,0.090909,0,0,0,0,0.041667,0.2,0.028571,0,0.033058,0.033058,0,no
0.028777,0.090909,0,0,0,0,0.041667,0.2,0.028571,0,0.033058,0.033058,1,no
0.028777,0.090909,0,0,0,0,0.041667,0.2,0.028571,0,0.033058,0.033058,0,no
0.028777,0.090909,0,0,0,0,0.083333,0.2,0.057143,0,0.033058,0.033058,1,no
0.028777,0.090909,0,0,0,0,0.083333,0.2,0.035714,0.010309,0.033058,0.024793,1,no
0.028777,0.090909,0,0,0,0,0.041667,0.2,0.028571,0,0.033058,0.033058,1,no
0.028777,0.090909,0,0,0,0,0.083333,0.2,0.035714,0.010309,0.033058,0.024793,1,no
0.028777,0.090909,0,0,0,0,0.125,0.2,0.042857,0.020619,0.033058,0.022039,1,no
0,0,0,0,0.011905,0,0.041667,0.2,0,0,0,0,0,no
0,0.090909,0,0,0.011905,0,0.041667,0.2,0,0,0,0,0,no
0.021583,0,0,0,0,0,0.041667,0.2,0.021429,0,0.024793,0.024793,0,no
0.028777,0.090909,0,0,0,0,0.041667,0.2,0.028571,0,0.033058,0.033058,0,no
0.021583,0,0,0,0,0,0.041667,0.2,0.021429,0,0.024793,0.024793,0,no
0.021583,0,0,0,0,0,0.083333,0.4,0.028571,0.010309,0.024793,0.020661,0,no
0.021583,0,0,0,0,0,0.083333,0.2,0.028571,0.010309,0.024793,0.020661,1,no
0.021583,0,0,0,0,0,0.041667,0.2,0.021429,0,0.024793,0.024793,0,no
0.021583,0,0,0,0,0,0.041667,0.2,0.021429,0,0.024793,0.024793,1,no
0.021583,0,0,0,0,0,0.041667,0.2,0.021429,0,0.024793,0.024793,1,no
0.021583,0,0,0,0,0,0.041667,0.2,0.021429,0,0.024793,0.024793,0,no
0.021583,0,0,0,0,0,0.041667,0.2,0.021429,0,0.024793,0.024793,0,no
0.021583,0,0,0,0,0,0.041667,0.2,0.021429,0,0.024793,0.024793,0,no
0.021583,0,0,0,0,0,0.041667,0.2,0.021429,0,0.024793,0.024793,0,no
0.021583,0,0,0,0,0,0.041667,0.2,0.021429,0,0.024793,0.024793,0,no
0.021583,0,0,0,0,0,0.041667,0.2,0.021429,0,0.024793,0.024793,0,no
0.021583,0,0,0,0,0,0.041667,0.2,0.021429,0,0.024793,0.024793,0,no
0.021583,0,0,0,0,0,0.041667,0.2,0.021429,0,0.024793,0.024793,0,no
0.021583,0,0,0,0,0,0.041667,0.2,0.021429,0,0.024793,0.024793,0,no
0.021583,0,0,0,0,0,0.041667,0.2,0.021429,0,0.024793,0.024793,0,no
0.021583,0,0,0,0,0,0.041667,0.2,0.021429,0,0.024793,0.024793,0,no
0.021583,0,0,0,0,0,0.041667,0.2,0.021429,0,0.024793,0.024793,0,no
0.021583,0,0,0,0,0,0.041667,0.2,0.021429,0,0.024793,0.024793,0,no
0.021583,0,0,0,0,0,0.041667,0.2,0.021429,0,0.024793,0.024793,0,no
0.021583,0,0,0,0,0,0.041667,0.2,0.021429,0,0.024793,0.024793,0,no
0.021583,0,0,0,0,0,0.041667,0.2,0.021429,0,0.024793,0.024793,0,no
0.021583,0,0,0,0,0,0.041667,0.2,0.021429,0,0.024793,0.024793,0,no
0.021583,0,0,0,0,0,0.041667,0.2,0.021429,0,0.024793,0.024793,0,no
0.021583,0,0,0,0,0,0.041667,0.2,0.021429,0,0.024793,0.024793,0,no
0.021583,0,0,0,0,0,0.041667,0.2,0.021429,0,0.024793,0.024793,0,no
0.021583,0,0,0,0,0,0.041667,0.2,0.021429,0,0.024793,0.024793,0,no
0.021583,0,0,0,0,0,0.041667,0.2,0.021429,0,0.024793,0.024793,0,no
0.021583,0,0,0,0,0,0.041667,0.2,0.021429,0,0.024793,0.024793,0,no
0.021583,0,0,0,0,0,0.041667,0.2,0.021429,0,0.024793,0.024793,0,no
0.021583,0,0,0,0,0,0.041667,0.2,0.021429,0,0.024793,0.024793,0,no
0.021583,0,0,0,0,0,0.041667,0.2,0.021429,0,0.024793,0.024793,0,no
0.021583,0,0,0,0,0,0.041667,0.2,0.021429,0,0.024793,0.024793,0,no
0.021583,0,0,0,0,0,0.041667,0.2,0.021429,0,0.024793,0.024793,0,no
0.021583,0,0,0,0,0,0.041667,0.2,0.021429,0,0.024793,0.024793,0,no
0.021583,0,0,0,0,0,0.041667,0.2,0.021429,0,0.024793,0.024793,0,no
0.021583,0,0,0,0,0,0.041667,0.2,0.021429,0,0.024793,0.024793,0,no
0.021583,0,0,0,0,0,0.041667,0.2,0.021429,0,0.024793,0.024793,0,no
0.021583,0,0,0,0,0,0.041667,0.2,0.021429,0,0.024793,0.024793,0,no
0.021583,0,0,0,0,0,0.041667,0.2,0.021429,0,0.024793,0.024793,0,no
0.021583,0,0,0,0,0,0.041667,0.2,0.021429,0,0.024793,0.024793,0,no
0.021583,0,0,0,0,0,0.041667,0.2,0.021429,0,0.024793,0.024793,0,no
0.021583,0,0,0,0,0,0.041667,0.2,0.021429,0,0.024793,0.024793,0,no
0.021583,0,0,0,0,0,0.041667,0.2,0.021429,0,0.024793,0.024793,0,no
0.021583,0,0,0,0,0,0.041667,0.2,0.021429,0,0.024793,0.024793,0,no
0.021583,0,0,0,0,0,0.041667,0.2,0.021429,0,0.024793,0.024793,0,no
0.021583,0,0,0,0,0,0.041667,0.2,0.021429,0,0.024793,0.024793,0,no
0.021583,0,0,0,0,0,0.041667,0.2,0.021429,0,0.024793,0.024793,0,no
0.021583,0,0,0,0,0,0.041667,0.2,0.021429,0,0.024793,0.024793,0,no
0.021583,0,0,0,0,0,0.041667,0.2,0.021429,0,0.024793,0.024793,0,no
0.021583,0,0,0,0,0,0.041667,0.2,0.021429,0,0.024793,0.024793,0,no
0.028777,0.090909,0,0,0,0,0.041667,0.2,0.028571,0,0.033058,0.033058,0,no
0.021583,0.090909,0,0,0,0,0.041667,0.2,0.021429,0,0.024793,0.024793,0,no
0.021583,0.090909,0,0,0,0,0.041667,0.2,0.021429,0,0.024793,0.024793,0,no
0.028777,0.090909,0,0,0,0,0.041667,0.2,0.028571,0,0.033058,0.033058,0,no
0.028777,0.090909,0,0,0,0,0.083333,0.2,0.035714,0.010309,0.033058,0.024793,1,no
0.028777,0.090909,0,0,0,0,0.041667,0.2,0.028571,0,0.033058,0.033058,1,no
0.028777,0.090909,0,0,0,0,0.041667,0.2,0.028571,0,0.033058,0.033058,1,no
0.028777,0.090909,0,0,0,0,0.041667,0.2,0.028571,0,0.033058,0.033058,0,no
0.028777,0.090909,0,0,0,0,0.041667,0.2,0.028571,0,0.033058,0.033058,0,no
0.028777,0.090909,0,0,0,0,0.041667,0.2,0.028571,0,0.033058,0.033058,0,no
0.028777,0.090909,0,0,0,0,0.041667,0.2,0.028571,0,0.033058,0.033058,0,no
0.028777,0.090909,0,0,0,0,0.083333,0.2,0.035714,0.010309,0.033058,0.024793,1,no
0.028777,0.090909,0,0,0,0,0.083333,0.2,0.035714,0.010309,0.033058,0.024793,1,no
0.028777,0.090909,0,0,0,0,0.083333,0.2,0.035714,0.010309,0.033058,0.024793,1,no
0.028777,0.090909,0,0,0,0,0.041667,0.2,0.028571,0,0.033058,0.033058,0,no
0.028777,0.090909,0,0,0,0,0.041667,0.2,0.028571,0,0.033058,0.033058,0,no
0.028777,0.090909,0,0,0,0,0.041667,0.2,0.028571,0,0.033058,0.033058,0,no
0.028777,0.090909,0,0,0,0,0.041667,0.2,0.028571,0,0.033058,0.033058,0,no
0.028777,0.090909,0,0,0,0,0.083333,0.2,0.035714,0.010309,0.033058,0.024793,1,no
0.028777,0.090909,0,0,0,0,0.041667,0.2,0.028571,0,0.033058,0.033058,0,no
0.028777,0.090909,0,0,0,0,0.041667,0.2,0.028571,0,0.033058,0.033058,0,no
0.028777,0.090909,0,0,0,0,0.083333,0.2,0.057143,0,0.033058,0.033058,1,no
0.028777,0.090909,0,0,0,0,0.041667,0.2,0.028571,0,0.033058,0.033058,0,no
0.028777,0.090909,0,0,0,0,0.041667,0.2,0.028571,0,0.033058,0.033058,0,no
0.028777,0.090909,0,0,0,0,0.041667,0.2,0.028571,0,0.033058,0.033058,0,no
0.028777,0.090909,0,0,0,0,0.083333,0.2,0.035714,0.010309,0.033058,0.024793,1,no
0.028777,0.090909,0,0,0,0,0.041667,0.2,0.028571,0,0.033058,0.033058,0,no
0.028777,0.090909,0,0,0,0,0.041667,0.2,0.028571,0,0.033058,0.033058,0,no
0.028777,0.090909,0,0,0,0,0.041667,0.2,0.028571,0,0.033058,0.033058,0,no
0.028777,0.090909,0,0,0,0,0.041667,0.2,0.028571,0,0.033058,0.033058,0,no
0.028777,0.090909,0,0,0,0,0.041667,0.2,0.028571,0,0.033058,0.033058,0,no
0.028777,0.090909,0,0,0,0,0.041667,0.2,0.028571,0,0.033058,0.033058,0,no
0.028777,0.090909,0,0,0,0,0.041667,0.2,0.028571,0,0.033058,0.033058,1,no
0.021583,0.090909,0,0,0,0,0.041667,0.2,0.021429,0,0.024793,0.024793,0,no
0.028777,0.090909,0,0,0,0,0.041667,0.2,0.028571,0,0.033058,0.033058,1,no
0.028777,0.090909,0,0,0,0,0.041667,0.2,0.028571,0,0.033058,0.033058,1,no
0.028777,0.090909,0,0,0,0,0.041667,0.2,0.028571,0,0.033058,0.033058,0,no
0.028777,0.090909,0,0,0,0,0.041667,0.2,0.028571,0,0.033058,0.033058,0,no
0.028777,0.090909,0,0,0,0,0.083333,0.2,0.035714,0.010309,0.033058,0.024793,1,no
0.028777,0.090909,0,0,0,0,0.041667,0.2,0.028571,0,0.033058,0.033058,0,no
0.028777,0.090909,0,0,0,0,0.041667,0.2,0.028571,0,0.033058,0.033058,0,no
0.028777,0.090909,0,0,0,0,0.041667,0.2,0.028571,0,0.033058,0.033058,0,no
0.028777,0.090909,0,0,0,0,0.041667,0.2,0.028571,0,0.033058,0.033058,0,no
0.021583,0.090909,0,0,0,0,0.041667,0.2,0.021429,0,0.024793,0.024793,0,no
0.028777,0.090909,0,0,0,0,0.041667,0.2,0.028571,0,0.033058,0.033058,0,no
0.028777,0.090909,0,0,0,0,0.083333,0.2,0.035714,0.010309,0.033058,0.024793,1,no
0.028777,0.090909,0,0,0,0,0.125,0.2,0.042857,0.020619,0.033058,0.022039,1,no
0.021583,0,0,0,0,0,0.041667,0.2,0.021429,0,0.024793,0.024793,0,no
0.021583,0,0,0,0,0,0.041667,0.2,0.021429,0,0.024793,0.024793,0,no
0.064748,0.181818,0,0,0,0.02439,0.125,0.4,0.071429,0.010309,0.049587,0.030303,1,no
0,0.090909,0,0,0,0,0.041667,0.2,0,0,0,0,0,no
0,0.090909,0,0,0,0,0.041667,0.2,0,0,0,0,0,no
0.021583,0.181818,0,0,0,0,0.083333,0.2,0.2,0.257732,0.231405,0.219008,1,no
0.021583,0.090909,0,0,0,0,0.041667,0.2,0.021429,0,0.024793,0.024793,1,no
0.021583,0.090909,0,0,0,0,0.041667,0.2,0.021429,0,0.024793,0.024793,0,no
0.021583,0.090909,0,0,0,0,0.041667,0.2,0.021429,0,0.024793,0.024793,0,no
0.021583,0.181818,0,0,0,0,0.041667,0.2,0.021429,0,0.024793,0.024793,0,no
0.021583,0.090909,0,0,0,0,0.041667,0.2,0.021429,0,0.024793,0.024793,0,no
0.021583,0.181818,0,0,0,0,0.041667,0.2,0.021429,0,0.024793,0.024793,0,no
0.021583,0.181818,0,0,0,0,0.041667,0.2,0.021429,0,0.024793,0.024793,0,no
0.028777,0.090909,0,0,0,0,0.041667,0.2,0.028571,0,0.033058,0.033058,0,no
0.021583,0,0,0,0,0,0.041667,0.2,0.021429,0,0.024793,0.024793,0,no
0.021583,0,0,0,0,0,0.041667,0.2,0.021429,0,0.024793,0.024793,0,no
0.028777,0.181818,0,0,0,0,0.125,0.6,0.042857,0.020619,0.033058,0.022039,0,no
0.021583,0.454545,0,0,0,0,0.041667,0.2,0.021429,0,0.024793,0.024793,1,no
0.035971,0.090909,0,0,0,0.02439,0.041667,0.2,0.035714,0,0.041322,0.041322,1,no
0.028777,0,0,0,0,0,0.083333,0.4,0.028571,0,0.024793,0.016529,1,no
0.021583,0,0,0,0,0,0.041667,0.2,0.021429,0,0.024793,0.024793,0,no
0.021583,0,0,0,0,0,0.041667,0.2,0.021429,0,0.024793,0.024793,0,no
0.021583,0,0,0,0,0,0.041667,0.2,0.021429,0,0.024793,0.024793,0,no
0.014388,0,0,0,0,0,0.041667,0.2,0.014286,0,0.016529,0.016529,0,no
0.028777,0.181818,0,0,0,0,0.166667,0.4,0.064286,0.051546,0.066116,0.028926,1,no
0.021583,0.181818,0,0,0,0,0.041667,0.2,0.021429,0,0.024793,0.024793,1,no
0.021583,0.090909,0,0,0,0,0.083333,0.4,0.078571,0.082474,0.090909,0.078512,1,no
0.021583,0.090909,0,0,0,0,0.125,0.6,0.05,0.041237,0.049587,0.030303,1,no
0.021583,0,0,0,0,0,0.041667,0.2,0.021429,0,0.024793,0.024793,0,no
0.021583,0.181818,0,0,0,0,0.041667,0.2,0.021429,0,0.024793,0.024793,1,no
0.021583,0.090909,0,0,0,0,0.041667,0.2,0.021429,0,0.024793,0.024793,1,no
0.028777,0.181818,0,0,0,0.02439,0.041667,0.2,0.028571,0,0.033058,0.033058,1,no
0.021583,0.090909,0,0,0,0,0.041667,0.2,0.021429,0,0.024793,0.024793,1,no
0.021583,0,0,0,0.011905,0,0.041667,0.2,0.021429,0,0.024793,0.024793,1,no
0.028777,0,0,0,0,0,0.125,0.4,0.1,0.103093,0.107438,0.066116,1,no
0.021583,0,0,0,0,0,0.041667,0.2,0.021429,0,0.024793,0.024793,0,no
0.021583,0,0,0,0,0,0.041667,0.2,0.021429,0,0.024793,0.024793,0,no
0.021583,0,0,0,0,0,0.041667,0.2,0.021429,0,0.024793,0.024793,0,no
0.014388,0,0,0,0,0,0.041667,0.2,0.014286,0,0.016529,0.016529,0,no
0.021583,0.181818,0,0,0,0,0.083333,0.2,0.028571,0.010309,0.033058,0.020661,1,no
0.035971,0.272727,0,0,0,0,0.041667,0.2,0.035714,0,0.041322,0.041322,0,no
0.028777,0.181818,0,0,0,0.02439,0.083333,0.4,0.035714,0.010309,0.033058,0.024793,0,no
0.021583,0,0,0,0,0,0.041667,0.2,0.021429,0,0.024793,0.024793,0,no
0.021583,0,0,0,0,0,0.041667,0.2,0.021429,0,0.024793,0.024793,0,no
0.021583,0,0,0,0,0,0.083333,0.2,0.028571,0.010309,0.024793,0.020661,1,no
0.021583,0,0,0,0,0,0.041667,0.2,0.021429,0,0.024793,0.024793,1,no
0.021583,0,0,0,0,0,0.083333,0.2,0.028571,0.010309,0.024793,0.020661,0,no
0.035971,0,0,0,0,0.02439,0.125,0.4,0.064286,0.041237,0.066116,0.035813,1,no
0.028777,0.181818,0,0,0,0.02439,0.083333,0.4,0.035714,0.010309,0.033058,0.024793,1,no
0.035971,0,0,0,0,0.02439,0.083333,0.2,0.042857,0.010309,0.041322,0.028926,1,no
0,0.454545,0,0,0.011905,0,0.041667,0.2,0,0,0,0,1,no
0,0.181818,0,0,0.011905,0,0.041667,0.2,0,0,0,0,0,no
0,0,0,0,0.011905,0,0.041667,0.2,0,0,0,0,0,no
0,0.181818,0,0,0.011905,0,0.041667,0.2,0,0,0,0,0,no
0,0.181818,0,0,0.011905,0,0.041667,0.2,0,0,0,0,1,no
0,0.272727,0,0,0.011905,0,0.041667,0.2,0,0,0,0,0,no
0,0.181818,0,0,0.011905,0,0.041667,0.2,0,0,0,0,1,no
0,0.272727,0,0,0.011905,0,0.041667,0.2,0,0,0,0,0,no
0.021583,0.090909,0,0,0,0,0.083333,0.4,0.028571,0.010309,0.024793,0.020661,1,no
0.021583,0,0,0,0,0,0.083333,0.4,0.028571,0.010309,0.024793,0.020661,1,no
0.021583,0,0,0,0,0,0.041667,0.2,0.021429,0,0.024793,0.024793,0,no
0.021583,0,0,0,0,0,0.041667,0.2,0.021429,0,0.024793,0.024793,1,no
0.021583,0,0,0,0,0,0.083333,0.4,0.028571,0.010309,0.024793,0.020661,1,no
0,0,0,0,0.011905,0,0.041667,0.2,0,0,0,0,0,no
0,0,0,0,0.011905,0,0.041667,0.2,0,0,0,0,0,no
0,0,0,0,0,0,0.041667,0.2,0,0,0,0,0,no
0,0.272727,0,0,0.011905,0,0.041667,0.2,0,0,0,0,0,no
0,0,0,0,0,0,0.041667,0.2,0,0,0,0,0,no
0,0,0,0,0,0,0.041667,0.2,0,0,0,0,0,no
0,0,0,0,0,0,0.041667,0.2,0,0,0,0,0,no
0,0,0,0,0,0,0.041667,0.2,0,0,0,0,0,no
0,0,0,0,0,0,0.041667,0.2,0,0,0,0,0,no
0,0,0,0,0,0,0.041667,0.2,0,0,0,0,0,no
0,0,0,0,0,0,0.041667,0.2,0,0,0,0,0,no
0,0,0,0,0,0,0.041667,0.2,0,0,0,0,0,no
0,0,0,0,0,0,0.041667,0.2,0,0,0,0,0,no
0,0.090909,0,0,0,0,0.041667,0.2,0,0,0,0,0,no
0,0.181818,0,0,0,0,0.041667,0.2,0,0,0,0,0,no
0,0.090909,0,0,0,0,0.041667,0.2,0,0,0,0,0,no
0,0,0,0,0,0,0.041667,0.2,0,0,0,0,0,no
0,0.090909,0,0,0,0,0.041667,0.2,0,0,0,0,0,no
0.021583,0,0,0,0,0,0.041667,0.2,0.021429,0,0.024793,0.024793,0,no
0.021583,0,0,0,0,0,0.041667,0.2,0.021429,0,0.024793,0.024793,0,no
0.021583,0,0,0,0,0,0.041667,0.2,0.021429,0,0.024793,0.024793,0,no
0.021583,0,0,0,0,0,0.041667,0.2,0.021429,0,0.024793,0.024793,0,no
0.021583,0.090909,0,0,0,0,0.041667,0.2,0.021429,0,0.024793,0.024793,0,no
0.021583,0,0,0,0.011905,0,0.041667,0.2,0.021429,0,0.024793,0.024793,0,no
0.057554,0.545455,0,0,0,0,0.041667,0.2,0.057143,0,0.066116,0.066116,0,no
0.021583,0,0,0,0,0,0.041667,0.2,0.021429,0,0.024793,0.024793,0,no
0.021583,0,0,0,0,0,0.041667,0.2,0.021429,0,0.024793,0.024793,0,no
0.021583,0.090909,0,0,0,0,0.041667,0.2,0.021429,0,0.024793,0.024793,0,no
0.043165,0.181818,0,0,0.011905,0,0.041667,0.2,0.042857,0,0.049587,0.049587,0,no
0.021583,0,0,0,0,0,0.041667,0.2,0.021429,0,0.024793,0.024793,0,no
0.021583,0,0,0,0,0,0.041667,0.2,0.021429,0,0.024793,0.024793,0,no
0.05036,0.090909,0,0,0,0.073171,0.041667,0.2,0.05,0,0.057851,0.057851,0,no
0.05036,0.181818,0,0,0,0.097561,0.041667,0.2,0.05,0,0.057851,0.057851,0,no
0.021583,0.181818,0,0,0,0,0.041667,0.2,0.021429,0,0.024793,0.024793,0,no
0.021583,0.090909,0,0,0,0,0.083333,0.2,0.028571,0.010309,0.024793,0.020661,0,no
0.028777,0,0,0,0,0,0.041667,0.2,0.028571,0,0.033058,0.033058,0,no
0.021583,0,0,0,0,0,0.041667,0.2,0.021429,0,0.024793,0.024793,0,no
0.014388,0.090909,0,0,0,0,0.125,0.2,0.05,0.020619,0.041322,0.024793,0,no
0.028777,0.181818,0,0,0,0,0.041667,0.2,0.028571,0,0.033058,0.033058,0,no
0.021583,0,0,0,0,0,0.041667,0.2,0.021429,0,0.024793,0.024793,0,no
0.021583,0,0,0,0,0,0.041667,0.2,0.021429,0,0.024793,0.024793,0,no
0.021583,0.090909,0,0,0,0,0.041667,0.2,0.021429,0,0.024793,0.024793,0,no
0.021583,0,0,0,0,0,0.041667,0.2,0.021429,0,0.024793,0.024793,0,no
0.028777,0.090909,0,0,0,0,0.041667,0.2,0.028571,0,0.033058,0.033058,0,no
0.021583,0,0,0,0,0,0.041667,0.2,0.021429,0,0.024793,0.024793,0,no
0.014388,0,0,0,0,0,0.041667,0.2,0.014286,0,0.016529,0.016529,0,no
0.021583,0.090909,0,0,0,0,0.041667,0.2,0.021429,0,0.024793,0.024793,0,no
0.021583,0.090909,0,0,0,0,0.041667,0.2,0.021429,0,0.024793,0.024793,0,no
0.021583,0,0,0,0,0,0.041667,0.2,0.021429,0,0.024793,0.024793,0,no
0.021583,0,0,0,0,0,0.041667,0.2,0.021429,0,0.024793,0.024793,0,no
0.014388,0.181818,0,0,0,0,0.041667,0.2,0.014286,0,0.016529,0.016529,0,no
0.021583,0,0,0,0,0,0.041667,0.2,0.021429,0,0.024793,0.024793,0,no
0.035971,0.272727,0,0,0,0,0.041667,0.2,0.035714,0,0.041322,0.041322,1,no
0.014388,0,0,0,0,0,0.041667,0.2,0.014286,0,0.016529,0.016529,0,no
0.021583,0,0,0,0,0,0.041667,0.2,0.021429,0,0.024793,0.024793,0,no
0.057554,0.181818,0,0,0.011905,0.04878,0.125,0.4,0.057143,0,0.041322,0.022039,0,no
0.014388,0,0,0,0,0,0.041667,0.2,0.014286,0,0.016529,0.016529,0,no
0.021583,0.090909,0,0,0,0,0.041667,0.2,0.021429,0,0.024793,0.024793,0,no
0.057554,0.272727,0,0,0,0,0.041667,0.2,0.057143,0,0.066116,0.066116,0,no
0.079137,0.363636,0,0,0,0,0.041667,0.2,0.078571,0,0.090909,0.090909,0,no
0.057554,0.363636,0,0,0,0,0.041667,0.2,0.057143,0,0.066116,0.066116,0,no
0.021583,0,0,0,0,0,0.041667,0.2,0.021429,0,0.024793,0.024793,0,no
0.021583,0.181818,0,0,0,0,0.041667,0.2,0.021429,0,0.024793,0.024793,0,no
0.021583,0.272727,0,0,0,0,0.041667,0.2,0.021429,0,0.024793,0.024793,0,no
0.021583,0.636364,0,0,0,0,0.041667,0.2,0.021429,0,0.024793,0.024793,0,no
0.064748,0.727273,0,0,0,0.02439,0.041667,0.2,0.064286,0,0.07438,0.07438,0,no
0.021583,0,0,0,0,0,0.041667,0.2,0.028571,0,0.033058,0.033058,0,no
0.043165,0,0,0,0,0,0.041667,0.2,0.028571,0,0.033058,0.033058,0,no
0.021583,0,0,0,0,0,0.041667,0.2,0.028571,0,0.033058,0.033058,0,no
0.028777,0,0,0,0,0.02439,0.041667,0.2,0.028571,0,0.033058,0.033058,0,no
0.021583,0.090909,0,0,0,0,0.041667,0.2,0.021429,0,0.024793,0.024793,0,no
0.021583,0.090909,0,0,0,0,0.041667,0.2,0.021429,0,0.024793,0.024793,0,no
0.021583,0,0,0,0,0,0.041667,0.2,0.021429,0,0.024793,0.024793,0,no
0.028777,0,0,0,0,0,0.041667,0.2,0.028571,0,0.033058,0.033058,0,no
0.021583,0,0,0,0,0,0.041667,0.2,0.021429,0,0.024793,0.024793,0,no
0.028777,0.181818,0,0,0,0,0.041667,0.2,0.028571,0,0.033058,0.033058,0,no
0.028777,0.181818,0,0,0,0,0.041667,0.2,0.028571,0,0.033058,0.033058,0,no
0.028777,0.272727,0,0,0,0,0.041667,0.2,0.028571,0,0.033058,0.033058,0,no
0.021583,0.090909,0,0,0,0,0.041667,0.2,0.021429,0,0.024793,0.024793,0,no
0.021583,0.181818,0,0,0,0,0.041667,0.2,0.021429,0,0.024793,0.024793,0,no
0.021583,0,0,0,0,0,0.041667,0.2,0.021429,0,0.024793,0.024793,0,no
0.021583,0.090909,0,0,0,0,0.041667,0.2,0.021429,0,0.024793,0.024793,0,no
0.021583,0.181818,0,0,0,0,0.041667,0.2,0.021429,0,0.024793,0.024793,0,no
0.028777,0.181818,0,0,0.011905,0,0.041667,0.2,0.028571,0,0.033058,0.033058,0,no
0.021583,0.090909,0,0,0,0,0.041667,0.2,0.021429,0,0.024793,0.024793,0,no
0.021583,0,0,0,0,0,0.041667,0.2,0.021429,0,0.024793,0.024793,0,no
0.021583,0,0,0,0,0,0.041667,0.2,0.021429,0,0.024793,0.024793,0,no
0.021583,0.090909,0,0,0,0,0.041667,0.2,0.021429,0,0.024793,0.024793,0,no
0.021583,0.181818,0,0,0,0,0.041667,0.2,0.021429,0,0.024793,0.024793,0,no
0.021583,0.090909,0,0,0,0,0.041667,0.2,0.021429,0,0.024793,0.024793,0,no
0.021583,0.181818,0,0,0,0,0.041667,0.2,0.021429,0,0.024793,0.024793,0,no
0.021583,0.090909,0,0,0,0,0.041667,0.2,0.021429,0,0.024793,0.024793,0,no
0.021583,0.181818,0,0,0,0,0.041667,0.2,0.021429,0,0.024793,0.024793,0,no
0.021583,0.090909,0,0,0,0,0.041667,0.2,0.021429,0,0.024793,0.024793,0,no
0.021583,0.181818,0,0,0,0,0.041667,0.2,0.021429,0,0.024793,0.024793,0,no
0.021583,0.090909,0,0,0,0,0.041667,0.2,0.021429,0,0.024793,0.024793,0,no
0.021583,0.181818,0,0,0,0,0.041667,0.2,0.021429,0,0.024793,0.024793,0,no
0.021583,0.090909,0,0,0,0,0.041667,0.2,0.021429,0,0.024793,0.024793,0,no
0.021583,0.181818,0,0,0,0,0.041667,0.2,0.021429,0,0.024793,0.024793,0,no
0.021583,0.090909,0,0,0,0,0.041667,0.2,0.021429,0,0.024793,0.024793,0,no
0.021583,0.181818,0,0,0,0,0.041667,0.2,0.021429,0,0.024793,0.024793,0,no
0.028777,0.181818,0,0,0,0,0.041667,0.2,0.028571,0,0.033058,0.033058,0,no
0.021583,0,0,0,0,0,0.041667,0.2,0.021429,0,0.024793,0.024793,0,no
0.021583,0,0,0,0,0,0.041667,0.2,0.021429,0,0.024793,0.024793,0,no
0,0,0,0,0.011905,0,0.041667,0.2,0,0,0,0,0,no
0,0.090909,0,0,0.011905,0,0.041667,0.2,0,0,0,0,0,no
0,0.090909,0,0,0.011905,0,0.041667,0.2,0,0,0,0,0,no
0,0,0,0,0.011905,0,0.041667,0.2,0,0,0,0,0,no
0,0,0,0,0.011905,0,0.041667,0.2,0,0,0,0,0,no
0,0.181818,0,0,0.011905,0,0.041667,0.2,0,0,0,0,0,no
0,0.272727,0,0,0.011905,0,0.041667,0.2,0,0,0,0,0,no
0,0.272727,0,0,0.011905,0,0.041667,0.2,0,0,0,0,0,no
0,0,0,0,0.011905,0,0.041667,0.2,0,0,0,0,0,no
0,0.090909,0,0,0.011905,0,0.041667,0.2,0,0,0,0,0,no
0.021583,0.272727,0,0,0,0,0.041667,0.2,0.021429,0,0.024793,0.024793,0,no
0.014388,0,0,0,0,0,0.041667,0.2,0.014286,0,0.016529,0.016529,0,no
0.021583,0,0,0,0,0,0.041667,0.2,0.021429,0,0.024793,0.024793,0,no
0.021583,0.090909,0,0,0,0,0.041667,0.2,0.021429,0,0.024793,0.024793,0,no
0.021583,0.090909,0,0,0,0,0.041667,0.2,0.021429,0,0.024793,0.024793,0,no
0.021583,0.181818,0,0,0,0,0.041667,0.2,0.021429,0,0.024793,0.024793,0,no
0.021583,0.090909,0,0,0,0,0.041667,0.2,0.021429,0,0.024793,0.024793,0,no
0,0.636364,0,0,0.011905,0,0.041667,0.2,0,0,0,0,0,no
0,0.727273,0,0,0.011905,0,0.041667,0.2,0,0,0,0,0,no
0,0,0,0,0.011905,0,0.041667,0.2,0,0,0,0,0,no
0,0.272727,0,0,0.011905,0,0.041667,0.2,0,0,0,0,0,no
0,0.363636,0,0,0.011905,0,0.041667,0.2,0,0,0,0,0,no
0,0.363636,0,0,0.011905,0,0.041667,0.2,0,0,0,0,0,no
0,0,0,0,0.011905,0,0.041667,0.2,0,0,0,0,0,no
0,0.181818,0,0,0.011905,0,0.041667,0.2,0,0,0,0,0,no
0,0.272727,0,0,0.011905,0,0.041667,0.2,0,0,0,0,0,no
0,0.454545,0,0,0.011905,0,0.041667,0.2,0,0,0,0,0,no
0,0.363636,0,0,0.011905,0,0.041667,0.2,0,0,0,0,0,no
0.028777,0.181818,0,0,0,0,0.041667,0.2,0.028571,0,0.033058,0.033058,0,no
0.021583,0,0,0,0,0,0.041667,0.2,0.021429,0,0.024793,0.024793,0,no
0.021583,0,0,0,0,0,0.041667,0.2,0.021429,0,0.024793,0.024793,0,no
0.021583,0.090909,0,0,0,0,0.041667,0.2,0.021429,0,0.024793,0.024793,0,no
0.021583,0.090909,0,0,0,0,0.041667,0.2,0.021429,0,0.024793,0.024793,0,no
0.021583,0.090909,0,0,0,0,0.041667,0.2,0.021429,0,0.024793,0.024793,0,no
0.035971,0.272727,0,0,0,0,0.041667,0.2,0.035714,0,0.041322,0.041322,0,no
0,0.090909,0,0,0.011905,0,0.041667,0.2,0,0,0,0,0,no
0.021583,0,0,0,0,0,0.041667,0.2,0.021429,0,0.024793,0.024793,0,no
0.021583,0.090909,0,0,0,0,0.041667,0.2,0.021429,0,0.024793,0.024793,0,no
0.028777,0,0,0,0,0,0.041667,0.2,0.028571,0,0.033058,0.033058,0,no
0.021583,0.090909,0,0,0,0,0.041667,0.2,0.021429,0,0.024793,0.024793,0,no
0.021583,0,0,0,0,0,0.041667,0.2,0.021429,0,0.024793,0.024793,0,no
0.021583,0,0,0,0,0,0.041667,0.2,0.021429,0,0.024793,0.024793,0,no
0.028777,0.181818,0,0,0,0,0.041667,0.2,0.028571,0,0.033058,0.033058,0,no
0.014388,0,0,0,0.011905,0,0.041667,0.2,0.014286,0,0.016529,0.016529,0,no
0.021583,0.090909,0,0,0,0,0.041667,0.2,0.021429,0,0.024793,0.024793,0,no
0.021583,0,0,0,0,0,0.041667,0.2,0.021429,0,0.024793,0.024793,0,no
0.021583,0,0,0,0.011905,0,0.041667,0.2,0.021429,0,0.024793,0.024793,0,no
0.021583,0.090909,0,0,0,0,0.041667,0.2,0.021429,0,0.024793,0.024793,0,no
0.021583,0,0,0,0,0,0.041667,0.2,0.021429,0,0.024793,0.024793,0,no
0.021583,0,0,0,0,0,0.041667,0.2,0.021429,0,0.024793,0.024793,0,no
0.021583,0.090909,0,0,0,0,0.041667,0.2,0.021429,0,0.024793,0.024793,0,no
0.035971,0.181818,0,0,0,0,0.041667,0.2,0.035714,0,0.041322,0.041322,0,no
0.021583,0,0,0,0,0,0.041667,0.2,0.021429,0,0.024793,0.024793,0,no
0.021583,0,0,0,0,0,0.041667,0.2,0.021429,0,0.024793,0.024793,0,no
0.021583,0,0,0,0,0,0.041667,0.2,0.021429,0,0.024793,0.024793,0,no
0.021583,0,0,0,0,0,0.041667,0.2,0.021429,0,0.024793,0.024793,0,no
0.035971,0,0,0,0,0.02439,0.041667,0.2,0.035714,0,0.041322,0.041322,0,no
0.021583,0.090909,0,0,0,0,0.041667,0.2,0.021429,0,0.024793,0.024793,0,no
0.028777,0,0,0,0.011905,0.02439,0.041667,0.2,0.028571,0,0.033058,0.033058,0,no
0.021583,0,0,0,0,0,0.041667,0.2,0.021429,0,0.024793,0.024793,0,no
0.021583,0,0,0,0,0,0.041667,0.2,0.021429,0,0.024793,0.024793,0,no
0.021583,0,0,0,0,0,0.041667,0.2,0.021429,0,0.024793,0.024793,0,no
0,0,0,0,0.011905,0,0.041667,0.2,0,0,0,0,0,no
0,0.090909,0,0,0.011905,0,0.041667,0.2,0,0,0,0,0,no
0.021583,0,0,0,0,0,0.041667,0.2,0.021429,0,0.024793,0.024793,0,no
0.028777,0.090909,0,0,0,0.02439,0.041667,0.2,0.028571,0,0.033058,0.033058,0,no
0.028777,0.090909,0,0,0,0.02439,0.041667,0.2,0.028571,0,0.033058,0.033058,0,no
0.021583,0.090909,0,0,0,0,0.041667,0.2,0.021429,0,0.024793,0.024793,0,no
0.057554,0,0,0.055556,0,0,0.041667,0.2,0.057143,0,0.066116,0.066116,0,no
0.057554,0,0,0.055556,0,0,0.041667,0.2,0.057143,0,0.066116,0.066116,0,no
0.021583,0.090909,0,0,0,0,0.041667,0.2,0.021429,0,0.024793,0.024793,0,no
0.021583,0,0,0,0,0,0.041667,0.2,0.021429,0,0.024793,0.024793,0,no
0.021583,0.181818,0,0,0,0,0.041667,0.2,0.021429,0,0.024793,0.024793,0,no
0.021583,0.181818,0,0,0,0,0.041667,0.2,0.021429,0,0.024793,0.024793,0,no
0.043165,0.272727,0,0,0,0.02439,0.041667,0.2,0.042857,0,0.049587,0.049587,0,no
0.021583,0.090909,0,0,0,0,0.041667,0.2,0.021429,0,0.024793,0.024793,0,no
0.021583,0.181818,0,0,0,0,0.041667,0.2,0.021429,0,0.024793,0.024793,0,no
0.021583,0.363636,0,0,0,0,0.041667,0.2,0.021429,0,0.024793,0.024793,0,no
0.021583,0,0,0,0,0,0.041667,0.2,0.021429,0,0.024793,0.024793,0,no
0.021583,0.090909,0,0,0,0,0.041667,0.2,0.021429,0,0.024793,0.024793,0,no
0.021583,0,0,0,0,0,0.041667,0.2,0.021429,0,0.024793,0.024793,0,no
0.021583,0,0,0,0,0,0.041667,0.2,0.021429,0,0.024793,0.024793,0,no
0.021583,0,0,0,0,0,0.041667,0.2,0.021429,0,0.024793,0.024793,0,no
0.021583,0.090909,0,0,0.011905,0,0.041667,0.2,0.021429,0,0.024793,0.024793,0,no
0.021583,0,0,0,0,0,0.041667,0.2,0.021429,0,0.024793,0.024793,0,no
0.021583,0.090909,0,0,0,0,0.041667,0.2,0.021429,0,0.024793,0.024793,0,no
0.021583,0.090909,0,0,0,0,0.041667,0.2,0.021429,0,0.024793,0.024793,0,no
0,0,0,0,0.011905,0,0.041667,0.2,0,0,0,0,0,no
0,0,0,0,0.011905,0,0.041667,0.2,0,0,0,0,0,no
0,0,0,0,0.011905,0,0.041667,0.2,0,0,0,0,0,no
0,0,0,0,0.011905,0,0.041667,0.2,0,0,0,0,0,no
0,0.090909,0,0,0.011905,0,0.041667,0.2,0,0,0,0,0,no
0,0.090909,0,0,0.011905,0,0.041667,0.2,0,0,0,0,0,no
0,0.090909,0,0,0.011905,0,0.041667,0.2,0,0,0,0,0,no
0.014388,0,0,0,0.011905,0,0.041667,0.2,0.014286,0,0.016529,0.016529,0,no
0.021583,0.181818,0,0,0,0,0.041667,0.2,0.021429,0,0.024793,0.024793,0,no
0.035971,0.363636,0,0,0,0,0.041667,0.2,0.035714,0,0.041322,0.041322,0,no
0.021583,0,0,0,0,0,0.041667,0.2,0.021429,0,0.024793,0.024793,0,no
0.021583,0,0,0,0,0,0.041667,0.2,0.021429,0,0.024793,0.024793,0,no
0.021583,0,0,0,0,0,0.041667,0.2,0.021429,0,0.024793,0.024793,0,no
0.021583,0,0,0,0,0,0.041667,0.2,0.021429,0,0.024793,0.024793,0,no
0.021583,0.090909,0,0,0,0,0.041667,0.2,0.021429,0,0.024793,0.024793,0,no
0.021583,0.090909,0,0,0,0,0.041667,0.2,0.021429,0,0.024793,0.024793,0,no
0.021583,0.090909,0,0,0,0,0.041667,0.2,0.021429,0,0.024793,0.024793,0,no
0.021583,0.090909,0,0,0,0,0.041667,0.2,0.021429,0,0.024793,0.024793,0,no
0.021583,0,0,0,0,0,0.041667,0.2,0.021429,0,0.024793,0.024793,0,no
0.021583,0,0,0,0,0,0.041667,0.2,0.021429,0,0.024793,0.024793,0,no
0.028777,0.090909,0,0,0,0,0.041667,0.2,0.028571,0,0.033058,0.033058,0,no
0.021583,0,0,0,0,0,0.041667,0.2,0.021429,0,0.024793,0.024793,0,no
0.021583,0,0,0,0,0,0.041667,0.2,0.021429,0,0.024793,0.024793,0,no
0.028777,0.090909,0,0,0,0,0.041667,0.2,0.028571,0,0.033058,0.033058,0,no
0.021583,0,0,0,0,0,0.041667,0.2,0.021429,0,0.024793,0.024793,0,no
0.014388,0,0,0,0.011905,0,0.041667,0.2,0.014286,0,0.016529,0.016529,0,no
0.021583,0,0,0,0,0,0.041667,0.2,0.021429,0,0.024793,0.024793,0,no
0.014388,0,0,0,0,0,0.041667,0.2,0.014286,0,0.016529,0.016529,0,no
0,0,0,0,0.011905,0,0.041667,0.2,0,0,0,0,0,no
0,0.181818,0,0,0.011905,0,0.041667,0.2,0,0,0,0,0,no
0.021583,0,0,0,0,0,0.041667,0.2,0.021429,0,0.024793,0.024793,0,no
0.021583,0.090909,0,0,0,0,0.041667,0.2,0.021429,0,0.024793,0.024793,0,no
0.021583,0.181818,0,0,0,0,0.041667,0.2,0.021429,0,0.024793,0.024793,0,no
0.021583,0,0,0,0,0,0.041667,0.2,0.021429,0,0.024793,0.024793,0,no
0.021583,0,0,0,0,0,0.041667,0.2,0.021429,0,0.024793,0.024793,0,no
0.021583,0,0,0,0,0,0.041667,0.2,0.021429,0,0.024793,0.024793,0,no
0.021583,0,0,0,0,0,0.041667,0.2,0.021429,0,0.024793,0.024793,0,no
0.021583,0,0,0,0,0,0.041667,0.2,0.021429,0,0.024793,0.024793,0,no
0.021583,0,0,0,0,0,0.041667,0.2,0.021429,0,0.024793,0.024793,0,no
0.014388,0,0,0,0.011905,0,0.041667,0.2,0.014286,0,0.016529,0.016529,0,no
0.057554,0.090909,0,0,0,0,0.041667,0.2,0.057143,0,0.066116,0.066116,0,no
0.021583,0,0,0,0,0,0.041667,0.2,0.021429,0,0.024793,0.024793,0,no
0.021583,0.272727,0,0,0,0,0.125,0.6,0.05,0.041237,0.041322,0.030303,1,no
0.071942,0.363636,0,0,0,0,0.083333,0.4,0.071429,0,0.066116,0.041322,0,no
0.021583,0.090909,0,0,0,0,0.041667,0.2,0.021429,0,0.024793,0.024793,0,no
0.021583,0,0,0,0,0,0.041667,0.2,0.021429,0,0.024793,0.024793,0,no
0.021583,0,0,0,0,0,0.041667,0.2,0.021429,0,0.024793,0.024793,1,no
0.021583,0,0,0,0,0,0.041667,0.2,0.021429,0,0.024793,0.024793,1,no
0.021583,0,0,0,0,0,0.041667,0.2,0.021429,0,0.024793,0.024793,1,no
0.028777,0,0,0,0,0,0,0,0,0,0,0,0,no
0.028777,0,0,0,0,0,0,0,0,0,0,0,0,no
0.021583,0,0,0,0,0,0,0,0,0,0,0,0,no
0.021583,0,0,0,0,0,0.041667,0.2,0.021429,0,0.024793,0.024793,0,no
0.057554,0.090909,0,0,0,0.04878,0.041667,0.2,0.057143,0,0.066116,0.066116,1,no
0.05036,0,0,0,0,0,0.041667,0.2,0.05,0,0.057851,0.057851,0,no
0.043165,0,0,0,0,0,0.083333,0.4,0.042857,0,0.041322,0.024793,0,no
0.021583,0,0,0,0,0,0.125,0.4,0.078571,0.082474,0.090909,0.052342,1,no
0.043165,0,0,0,0,0,0.041667,0.2,0.042857,0,0.049587,0.049587,0,no
0.021583,0,0,0,0,0,0.041667,0.2,0.021429,0,0.024793,0.024793,0,no
0.028777,0,0,0,0,0,0.041667,0.2,0.028571,0,0.033058,0.033058,0,no
0.021583,0.181818,0,0,0,0,0.041667,0.2,0.021429,0,0.024793,0.024793,1,no
0.028777,0.545455,0,0,0,0,0.041667,0.2,0.028571,0,0.033058,0.033058,0,no
0.021583,0,0,0,0,0,0.041667,0.2,0.021429,0,0.024793,0.024793,0,no
0.021583,0,0,0,0,0,0.041667,0.2,0.021429,0,0.024793,0.024793,0,no
0.021583,0,0,0,0,0,0.041667,0.2,0.021429,0,0.024793,0.024793,0,no
0.021583,0.363636,0,0,0,0,0.041667,0.2,0.021429,0,0.024793,0.024793,0,no
0.035971,0.272727,0,0,0,0,0.041667,0.2,0.035714,0,0.041322,0.041322,0,no
0.021583,0,0,0,0,0,0.041667,0.2,0.021429,0,0.024793,0.024793,0,no
0.021583,0,0,0,0,0,0.041667,0.2,0.021429,0,0.024793,0.024793,0,no
0.021583,0,0,0,0,0,0.041667,0.2,0.021429,0,0.024793,0.024793,0,no
0.021583,0.363636,0,0,0,0,0.041667,0.2,0.021429,0,0.024793,0.024793,0,no
0.021583,0.454545,0,0,0,0,0.041667,0.2,0.021429,0,0.024793,0.024793,0,no
0.021583,0,0,0,0,0,0.041667,0.2,0.021429,0,0.024793,0.024793,0,no
0.028777,0.363636,0,0,0,0,0.041667,0.2,0.028571,0,0.033058,0.033058,0,no
0.028777,0.454545,0,0,0,0,0.041667,0.2,0.028571,0,0.033058,0.033058,0,no
0.021583,0,0,0,0,0,0.041667,0.2,0.021429,0,0.024793,0.024793,0,no
0.021583,0,0,0,0,0,0.041667,0.2,0.021429,0,0.024793,0.024793,0,no
0.021583,0.454545,0,0,0,0,0.041667,0.2,0.021429,0,0.024793,0.024793,0,no
0.057554,0.545455,0,0,0,0,0.041667,0.2,0.057143,0,0.066116,0.066116,0,no
0.021583,0,0,0,0,0,0.041667,0.2,0.021429,0,0.024793,0.024793,0,no
0.021583,0,0,0,0,0,0.041667,0.2,0.021429,0,0.024793,0.024793,0,no
0.021583,0,0,0,0,0,0.041667,0.2,0.021429,0,0.024793,0.024793,0,no
0.028777,0,0,0,0,0,0.041667,0.2,0.028571,0,0.033058,0.033058,0,no
0.021583,0,0,0,0,0,0.041667,0.2,0.021429,0,0.024793,0.024793,0,no
0.021583,0,0,0,0,0,0.041667,0.2,0.021429,0,0.024793,0.024793,0,no
0.021583,0,0,0,0,0,0.041667,0.2,0.021429,0,0.024793,0.024793,0,no
0.021583,0,0,0,0,0,0.041667,0.2,0.021429,0,0.024793,0.024793,0,no
0.05036,0.454545,0,0,0,0,0.041667,0.2,0.05,0,0.057851,0.057851,0,no
0.021583,0,0,0,0,0,0.041667,0.2,0.021429,0,0.024793,0.024793,0,no
0.021583,0,0,0,0,0,0.041667,0.2,0.021429,0,0.024793,0.024793,0,no
0.021583,0,0,0,0,0,0.041667,0.2,0.021429,0,0.024793,0.024793,0,no
0.021583,0,0,0,0,0,0.041667,0.2,0.021429,0,0.024793,0.024793,0,no
0.021583,0,0,0,0,0,0.041667,0.2,0.021429,0,0.024793,0.024793,0,no
0.021583,0,0,0,0,0,0.083333,0.4,0.028571,0.010309,0.024793,0.020661,0,no
0.028777,0.272727,0,0,0.011905,0,0.041667,0.2,0.028571,0,0.033058,0.033058,0,no
0.021583,0.181818,0,0,0,0,0.041667,0.2,0.021429,0,0.024793,0.024793,0,no
0.021583,0.181818,0,0,0,0,0.041667,0.2,0.021429,0,0.024793,0.024793,0,no
0.021583,0.181818,0,0,0,0,0.041667,0.2,0.021429,0,0.024793,0.024793,0,no
0.021583,0,0,0,0,0,0.041667,0.2,0.021429,0,0.024793,0.024793,0,no
0.021583,0,0,0,0,0,0.041667,0.2,0.021429,0,0.024793,0.024793,0,no
0.021583,0,0,0,0,0,0.083333,0.4,0.05,0.041237,0.057851,0.045455,0,no
0.021583,0,0,0,0,0,0.041667,0.2,0.021429,0,0.024793,0.024793,0,no
0.021583,0,0,0,0,0,0.041667,0.2,0.021429,0,0.024793,0.024793,0,no
0.021583,0,0,0,0,0,0.041667,0.2,0.021429,0,0.024793,0.024793,0,no
0.021583,0,0,0,0,0,0.041667,0.2,0.021429,0,0.024793,0.024793,0,no
0.021583,0.090909,0,0,0,0,0.041667,0.2,0.021429,0,0.024793,0.024793,0,no
0.028777,0,0,0,0,0.02439,0.041667,0.2,0.028571,0,0.033058,0.033058,0,no
0.028777,0,0,0,0.011905,0,0.083333,0.4,0.028571,0,0.024793,0.016529,1,no
0.028777,0,0,0,0.011905,0,0.083333,0.4,0.028571,0,0.024793,0.016529,1,no
0.028777,0,0,0,0,0,0.041667,0.2,0.028571,0,0.033058,0.033058,0,no
0.028777,0.090909,0,0,0,0,0.041667,0.2,0.028571,0,0.033058,0.033058,0,no
0.035971,0.181818,0,0,0,0,0.041667,0.2,0.035714,0,0.041322,0.041322,0,no
0.021583,0,0,0,0,0,0.083333,0.2,0.028571,0.010309,0.024793,0.020661,0,no
0.021583,0,0,0,0,0,0.041667,0.2,0.021429,0,0.024793,0.024793,0,no
0.021583,0,0,0,0,0,0.041667,0.2,0.021429,0,0.024793,0.024793,0,no
0.021583,0,0,0,0,0,0.041667,0.2,0.021429,0,0.024793,0.024793,0,no
0.021583,0,0,0,0,0,0.083333,0.2,0.028571,0.010309,0.024793,0.020661,0,no
0.021583,0,0,0,0,0,0.041667,0.2,0.021429,0,0.024793,0.024793,0,no
0,0,0,0,0.011905,0,0.041667,0.2,0,0,0,0,0,no
0,0,0,0,0.011905,0,0.041667,0.2,0,0,0,0,0,no
0,0,0,0,0.011905,0,0.041667,0.2,0,0,0,0,0,no
0,0,0,0,0.011905,0,0.041667,0.2,0,0,0,0,0,no
0,0,0,0,0.011905,0,0.041667,0.2,0,0,0,0,0,no
0,0.181818,0,0,0,0,0,0,0,0,0,0,0,no
0,0.181818,0,0,0,0,0.041667,0.2,0,0,0,0,1,no
0,0.181818,0,0,0.011905,0,0.041667,0.2,0,0,0,0,1,no
0,0.454545,0,0,0,0,0,0,0,0,0,0,0,no
0,0.454545,0,0,0,0,0.041667,0.2,0,0,0,0,0,no
0.014388,0,0,0,0,0,0.041667,0.2,0.014286,0,0.016529,0.016529,1,no
0.021583,0,0,0,0,0,0.041667,0.2,0.021429,0,0.024793,0.024793,1,no
0.014388,0.090909,0,0,0.011905,0,0.041667,0.2,0.014286,0,0.016529,0.016529,1,no
0.129496,0.090909,0,0,0.25,0,0.291667,0.4,0.142857,0.020619,0.066116,0.025974,1,no
0.021583,0.090909,0,0,0,0,0.041667,0.2,0.021429,0,0.024793,0.024793,0,no
0.014388,0.090909,0,0,0.011905,0,0.041667,0.2,0.014286,0,0.016529,0.016529,0,no
0.021583,0,0,0,0,0,0.041667,0.2,0.021429,0,0.024793,0.024793,0,no
0.021583,0,0,0,0,0,0.041667,0.2,0.021429,0,0.024793,0.024793,0,no
0.021583,0,0,0,0.02381,0,0.041667,0.2,0.021429,0,0.024793,0.024793,0,no
0.021583,0,0,0,0.011905,0,0.041667,0.2,0.021429,0,0.024793,0.024793,0,no
0.021583,0,0,0,0,0,0.041667,0.2,0.021429,0,0.024793,0.024793,0,no
0.021583,0,0,0,0.011905,0,0.041667,0.2,0.021429,0,0.024793,0.024793,0,no
0.021583,0,0,0,0,0,0.041667,0.2,0.021429,0,0.024793,0.024793,0,no
0.021583,0.090909,0,0,0.011905,0,0.041667,0.2,0.021429,0,0.024793,0.024793,0,no
0.021583,0,0,0,0,0,0.041667,0.2,0.021429,0,0.024793,0.024793,0,no
0.028777,0.090909,0,0,0.02381,0.02439,0.041667,0.2,0.028571,0,0.033058,0.033058,0,no
0.021583,0.090909,0,0,0.011905,0,0.041667,0.2,0.021429,0,0.024793,0.024793,0,no
0.021583,0.181818,0,0,0.011905,0,0.041667,0.2,0.021429,0,0.024793,0.024793,0,no
0.021583,0.090909,0,0,0.011905,0,0.041667,0.2,0.021429,0,0.024793,0.024793,0,no
0.021583,0.181818,0,0,0.011905,0,0.041667,0.2,0.021429,0,0.024793,0.024793,0,no
0.021583,0.090909,0,0,0.011905,0,0.041667,0.2,0.021429,0,0.024793,0.024793,0,no
0.021583,0.181818,0,0,0.011905,0,0.041667,0.2,0.021429,0,0.024793,0.024793,0,no
0.021583,0.090909,0,0,0.011905,0,0.041667,0.2,0.021429,0,0.024793,0.024793,0,no
0.021583,0.181818,0,0,0.011905,0,0.041667,0.2,0.021429,0,0.024793,0.024793,0,no
0.021583,0,0,0,0,0,0.041667,0.2,0.021429,0,0.024793,0.024793,0,no
0.021583,0,0,0,0.02381,0,0.041667,0.2,0.021429,0,0.024793,0.024793,0,no
0.021583,0,0,0,0,0,0.041667,0.2,0.021429,0,0.024793,0.024793,0,no
0.028777,0.090909,0,0,0,0,0.041667,0.2,0.028571,0,0.033058,0.033058,0,no
0.043165,0,0,0,0.011905,0,0.041667,0.2,0.042857,0,0.049587,0.049587,0,no
0.043165,0,0,0,0.011905,0,0.041667,0.2,0.042857,0,0.049587,0.049587,0,no
0.021583,0,0,0,0.011905,0,0.041667,0.2,0.021429,0,0.024793,0.024793,0,no
0.021583,0,0,0,0,0,0.041667,0.2,0.021429,0,0.024793,0.024793,0,no
0.021583,0,0,0,0.02381,0,0.041667,0.2,0.021429,0,0.024793,0.024793,0,no
0.021583,0,0,0,0.02381,0,0.041667,0.2,0.021429,0,0.024793,0.024793,0,no
0.021583,0,0,0,0.011905,0,0.041667,0.2,0.021429,0,0.024793,0.024793,0,no
0.021583,0,0,0,0.011905,0,0.041667,0.2,0.021429,0,0.024793,0.024793,0,no
0.021583,0,0,0,0.011905,0,0.041667,0.2,0.021429,0,0.024793,0.024793,0,no
0.021583,0,0,0,0.011905,0,0.041667,0.2,0.021429,0,0.024793,0.024793,0,no
0.035971,0.090909,0,0,0,0,0.041667,0.2,0.035714,0,0.041322,0.041322,0,no
0,0,0,0,0,0,0.041667,0.2,0,0,0,0,0,no
0,0,0,0,0,0,0.041667,0.2,0,0,0,0,0,no
0.021583,0.090909,0,0,0,0,0.041667,0.2,0.021429,0,0.024793,0.024793,0,no
0.014388,0.090909,0,0,0.011905,0,0.041667,0.2,0.014286,0,0.016529,0.016529,0,no
0.021583,0,0,0,0,0,0.041667,0.2,0.021429,0,0.024793,0.024793,0,no
0.021583,0,0,0,0,0,0.041667,0.2,0.021429,0,0.024793,0.024793,0,no
0.021583,0,0,0,0.02381,0,0.041667,0.2,0.021429,0,0.024793,0.024793,0,no
0.021583,0,0,0,0.011905,0,0.041667,0.2,0.021429,0,0.024793,0.024793,0,no
0.021583,0,0,0,0.011905,0,0.041667,0.2,0.021429,0,0.024793,0.024793,0,no
0.021583,0,0,0,0.011905,0,0.041667,0.2,0.021429,0,0.024793,0.024793,0,no
0.021583,0,0,0,0.011905,0,0.041667,0.2,0.021429,0,0.024793,0.024793,0,no
0.043165,0,0,0,0,0,0.041667,0.2,0.042857,0,0.049587,0.049587,0,no
0.021583,0,0,0,0.011905,0,0.041667,0.2,0.021429,0,0.024793,0.024793,0,no
0.021583,0,0,0,0,0,0.041667,0.2,0.021429,0,0.024793,0.024793,0,no
0.021583,0.090909,0,0,0.011905,0,0.041667,0.2,0.021429,0,0.024793,0.024793,0,no
0.021583,0,0,0,0,0,0.041667,0.2,0.021429,0,0.024793,0.024793,0,no
0.028777,0.090909,0,0,0.02381,0.02439,0.041667,0.2,0.028571,0,0.033058,0.033058,0,no
0.021583,0.090909,0,0,0.011905,0,0.041667,0.2,0.021429,0,0.024793,0.024793,0,no
0.021583,0.181818,0,0,0.011905,0,0.041667,0.2,0.021429,0,0.024793,0.024793,0,no
0.021583,0.090909,0,0,0.011905,0,0.041667,0.2,0.021429,0,0.024793,0.024793,0,no
0.021583,0.181818,0,0,0.011905,0,0.041667,0.2,0.021429,0,0.024793,0.024793,0,no
0.021583,0.090909,0,0,0.011905,0,0.041667,0.2,0.021429,0,0.024793,0.024793,0,no
0.021583,0.181818,0,0,0.011905,0,0.041667,0.2,0.021429,0,0.024793,0.024793,0,no
0.021583,0.090909,0,0,0.011905,0,0.041667,0.2,0.021429,0,0.024793,0.024793,0,no
0.021583,0.181818,0,0,0.011905,0,0.041667,0.2,0.021429,0,0.024793,0.024793,0,no
0.021583,0,0,0,0,0,0.041667,0.2,0.021429,0,0.024793,0.024793,0,no
0.021583,0,0,0,0.02381,0,0.041667,0.2,0.021429,0,0.024793,0.024793,0,no
0.021583,0,0,0,0,0,0.041667,0.2,0.021429,0,0.024793,0.024793,0,no
0.028777,0.090909,0,0,0,0,0.041667,0.2,0.028571,0,0.033058,0.033058,0,no
0.086331,0,0,0,0.047619,0,0.041667,0.2,0.085714,0,0.099174,0.099174,0,no
0.043165,0,0,0,0.011905,0,0.041667,0.2,0.042857,0,0.049587,0.049587,0,no
0.043165,0,0,0,0.011905,0,0.041667,0.2,0.042857,0,0.049587,0.049587,0,no
0.043165,0,0,0,0.011905,0,0.041667,0.2,0.042857,0,0.049587,0.049587,0,no
0.043165,0,0,0,0.011905,0,0.041667,0.2,0.042857,0,0.049587,0.049587,0,no
0.021583,0,0,0,0.011905,0,0.041667,0.2,0.021429,0,0.024793,0.024793,0,no
0.021583,0,0,0,0,0,0.041667,0.2,0.021429,0,0.024793,0.024793,0,no
0.021583,0,0,0,0.02381,0,0.041667,0.2,0.021429,0,0.024793,0.024793,0,no
0.021583,0,0,0,0.02381,0,0.041667,0.2,0.021429,0,0.024793,0.024793,0,no
0.021583,0,0,0,0.011905,0,0.041667,0.2,0.021429,0,0.024793,0.024793,0,no
0.021583,0,0,0,0.011905,0,0.041667,0.2,0.021429,0,0.024793,0.024793,0,no
0.021583,0,0,0,0.011905,0,0.041667,0.2,0.021429,0,0.024793,0.024793,0,no
0.021583,0,0,0,0.011905,0,0.041667,0.2,0.021429,0,0.024793,0.024793,0,no
0.021583,0,0,0,0.011905,0,0.041667,0.2,0.021429,0,0.024793,0.024793,0,no
0.021583,0,0,0,0.011905,0,0.041667,0.2,0.021429,0,0.024793,0.024793,0,no
0.035971,0.090909,0,0,0,0,0.041667,0.2,0.035714,0,0.041322,0.041322,0,no
0.035971,0.090909,0,0,0,0,0.041667,0.2,0.035714,0,0.041322,0.041322,0,no
0.035971,0.090909,0,0,0,0,0.041667,0.2,0.035714,0,0.041322,0.041322,0,no
0.035971,0.090909,0,0,0,0,0.041667,0.2,0.035714,0,0.041322,0.041322,0,no
0,0,0,0,0,0,0.041667,0.2,0,0,0,0,0,no
0,0,0,0,0,0,0.041667,0.2,0,0,0,0,0,no
0,0,0,0,0,0,0.041667,0.2,0,0,0,0,0,no
0,0,0,0,0,0,0.041667,0.2,0,0,0,0,0,no
0,0,0,0,0,0,0.041667,0.2,0,0,0,0,0,no
0,0,0,0,0,0,0.041667,0.2,0,0,0,0,0,no
0,0,0,0,0,0,0.041667,0.2,0,0,0,0,0,no
0,0,0,0,0,0,0.041667,0.2,0,0,0,0,0,no
0.021583,0.090909,0,0,0,0,0.041667,0.2,0.021429,0,0.024793,0.024793,1,no
0.014388,0.090909,0,0,0.011905,0,0.041667,0.2,0.014286,0,0.016529,0.016529,1,no
0.021583,0,0,0,0,0,0.041667,0.2,0.021429,0,0.024793,0.024793,0,no
0.021583,0,0,0,0,0,0.041667,0.2,0.021429,0,0.024793,0.024793,1,no
0.021583,0,0,0,0,0,0.041667,0.2,0.021429,0,0.024793,0.024793,1,no
0.021583,0,0,0,0.02381,0,0.041667,0.2,0.021429,0,0.024793,0.024793,1,no
0.021583,0,0,0,0.011905,0,0.041667,0.2,0.021429,0,0.024793,0.024793,0,no
0.021583,0,0,0,0,0,0.041667,0.2,0.021429,0,0.024793,0.024793,1,no
0.021583,0,0,0,0,0,0.041667,0.2,0.021429,0,0.024793,0.024793,1,no
0.021583,0,0,0,0,0,0.041667,0.2,0.021429,0,0.024793,0.024793,1,no
0.021583,0,0,0,0,0,0.041667,0.2,0.021429,0,0.024793,0.024793,0,no
0.021583,0,0,0,0,0,0.041667,0.2,0.021429,0,0.024793,0.024793,1,no
0.021583,0.090909,0,0,0.011905,0,0.041667,0.2,0.021429,0,0.024793,0.024793,1,no
0.021583,0,0,0,0,0,0.041667,0.2,0.021429,0,0.024793,0.024793,1,no
0.021583,0,0,0,0.011905,0,0.041667,0.2,0.021429,0,0.024793,0.024793,1,no
0.021583,0.090909,0,0,0.011905,0,0.041667,0.2,0.021429,0,0.024793,0.024793,1,no
0.021583,0,0,0,0.011905,0,0.041667,0.2,0.021429,0,0.024793,0.024793,1,no
0.021583,0,0,0,0.011905,0,0.041667,0.2,0.021429,0,0.024793,0.024793,1,no
0.021583,0,0,0,0.011905,0,0.041667,0.2,0.021429,0,0.024793,0.024793,0,no
0.021583,0,0,0,0.011905,0,0.041667,0.2,0.021429,0,0.024793,0.024793,0,no
0.021583,0,0,0,0.011905,0,0.041667,0.2,0.021429,0,0.024793,0.024793,1,no
0.021583,0,0,0,0.011905,0,0.041667,0.2,0.021429,0,0.024793,0.024793,1,no
0.021583,0,0,0,0.011905,0,0.041667,0.2,0.021429,0,0.024793,0.024793,1,no
0.021583,0,0,0,0.011905,0,0.041667,0.2,0.021429,0,0.024793,0.024793,0,no
0.021583,0,0,0,0.011905,0,0.041667,0.2,0.021429,0,0.024793,0.024793,1,no
0.021583,0,0,0,0.011905,0,0.041667,0.2,0.021429,0,0.024793,0.024793,1,no
0.079137,0,0,0,0.02381,0,0.125,0.4,0.078571,0,0.066116,0.030303,1,no
0.021583,0,0,0,0.011905,0,0.041667,0.2,0.021429,0,0.024793,0.024793,1,no
0.021583,0,0,0,0,0,0.041667,0.2,0.021429,0,0.024793,0.024793,1,no
0.021583,0.090909,0,0,0.011905,0,0.041667,0.2,0.021429,0,0.024793,0.024793,1,no
0.021583,0,0,0,0,0,0.041667,0.2,0.021429,0,0.024793,0.024793,1,no
0.028777,0.090909,0,0,0.02381,0.02439,0.041667,0.2,0.028571,0,0.033058,0.033058,1,no
0.021583,0.090909,0,0,0.011905,0,0.041667,0.2,0.021429,0,0.024793,0.024793,1,no
0.021583,0.181818,0,0,0.011905,0,0.041667,0.2,0.021429,0,0.024793,0.024793,1,no
0.021583,0.090909,0,0,0.011905,0,0.041667,0.2,0.021429,0,0.024793,0.024793,1,no
0.021583,0.181818,0,0,0.011905,0,0.041667,0.2,0.021429,0,0.024793,0.024793,1,no
0.021583,0.090909,0,0,0.011905,0,0.041667,0.2,0.021429,0,0.024793,0.024793,1,no
0.021583,0.181818,0,0,0.011905,0,0.041667,0.2,0.021429,0,0.024793,0.024793,1,no
0.021583,0.090909,0,0,0.011905,0,0.041667,0.2,0.021429,0,0.024793,0.024793,1,no
0.021583,0.181818,0,0,0.011905,0,0.041667,0.2,0.021429,0,0.024793,0.024793,1,no
0.021583,0,0,0,0,0,0.041667,0.2,0.021429,0,0.024793,0.024793,1,no
0.021583,0,0,0,0.02381,0,0.041667,0.2,0.021429,0,0.024793,0.024793,1,no
0.021583,0,0,0,0,0,0.041667,0.2,0.021429,0,0.024793,0.024793,1,no
0.028777,0.090909,0,0,0,0,0.041667,0.2,0.028571,0,0.033058,0.033058,1,no
0.021583,0,0,0,0.02381,0,0.041667,0.2,0.021429,0,0.024793,0.024793,1,no
0.021583,0.090909,0,0,0.02381,0,0.041667,0.2,0.021429,0,0.024793,0.024793,1,no
0.043165,0,0,0,0.011905,0,0.041667,0.2,0.042857,0,0.049587,0.049587,0,no
0.043165,0,0,0,0.02381,0,0.041667,0.2,0.042857,0,0.049587,0.049587,0,no
0.043165,0,0,0,0.011905,0,0.041667,0.2,0.042857,0,0.049587,0.049587,1,no
0.043165,0,0,0,0.011905,0,0.041667,0.2,0.042857,0,0.049587,0.049587,1,no
0.043165,0,0,0,0.011905,0,0.041667,0.2,0.042857,0,0.049587,0.049587,1,no
0.043165,0,0,0,0.011905,0,0.041667,0.2,0.042857,0,0.049587,0.049587,0,no
0.043165,0,0,0,0.011905,0,0.041667,0.2,0.042857,0,0.049587,0.049587,1,no
0.043165,0,0,0,0.02381,0,0.041667,0.2,0.042857,0,0.049587,0.049587,1,no
0.021583,0,0,0,0.011905,0,0.041667,0.2,0.021429,0,0.024793,0.024793,1,no
0.021583,0,0,0,0,0,0.041667,0.2,0.021429,0,0.024793,0.024793,1,no
0.021583,0,0,0,0,0,0.041667,0.2,0.021429,0,0.024793,0.024793,0,no
0.021583,0,0,0,0.02381,0,0.041667,0.2,0.021429,0,0.024793,0.024793,1,no
0.021583,0,0,0,0.02381,0,0.041667,0.2,0.021429,0,0.024793,0.024793,1,no
0.021583,0,0,0,0.011905,0,0.041667,0.2,0.021429,0,0.024793,0.024793,1,no
0.021583,0,0,0,0.011905,0,0.041667,0.2,0.021429,0,0.024793,0.024793,0,no
0.021583,0,0,0,0,0,0.041667,0.2,0.021429,0,0.024793,0.024793,1,no
0.021583,0,0,0,0,0,0.041667,0.2,0.021429,0,0.024793,0.024793,1,no
0.021583,0,0,0,0,0,0.041667,0.2,0.021429,0,0.024793,0.024793,1,no
0.021583,0,0,0,0,0,0.041667,0.2,0.021429,0,0.024793,0.024793,0,no
0.021583,0,0,0,0,0,0.041667,0.2,0.021429,0,0.024793,0.024793,1,no
0.021583,0.090909,0,0,0.011905,0,0.041667,0.2,0.021429,0,0.024793,0.024793,1,no
0.021583,0,0,0,0.011905,0,0.041667,0.2,0.021429,0,0.024793,0.024793,1,no
0.021583,0,0,0,0.011905,0,0.041667,0.2,0.021429,0,0.024793,0.024793,1,no
0.021583,0,0,0,0.011905,0,0.041667,0.2,0.021429,0,0.024793,0.024793,0,no
0.021583,0,0,0,0.011905,0,0.041667,0.2,0.021429,0,0.024793,0.024793,0,no
0.021583,0,0,0,0.011905,0,0.041667,0.2,0.021429,0,0.024793,0.024793,1,no
0.021583,0,0,0,0.011905,0,0.041667,0.2,0.021429,0,0.024793,0.024793,1,no
0.021583,0,0,0,0.011905,0,0.041667,0.2,0.021429,0,0.024793,0.024793,1,no
0.021583,0,0,0,0.011905,0,0.041667,0.2,0.021429,0,0.024793,0.024793,0,no
0.021583,0,0,0,0.011905,0,0.041667,0.2,0.021429,0,0.024793,0.024793,1,no
0.021583,0,0,0,0.011905,0,0.041667,0.2,0.021429,0,0.024793,0.024793,1,no
0.021583,0,0,0,0.011905,0,0.041667,0.2,0.021429,0,0.024793,0.024793,1,no
0.043165,0.090909,0,0,0,0,0.041667,0.2,0.042857,0,0.049587,0.049587,0,no
0.043165,0.090909,0,0,0,0,0.041667,0.2,0.042857,0,0.049587,0.049587,1,no
0.043165,0.090909,0,0,0,0,0.041667,0.2,0.042857,0,0.049587,0.049587,1,no
0.043165,0.090909,0,0,0,0,0.041667,0.2,0.042857,0,0.049587,0.049587,1,no
0.043165,0.090909,0,0,0,0,0.041667,0.2,0.042857,0,0.049587,0.049587,1,no
0.028777,0.181818,0,0,0.011905,0,0.041667,0.2,0.028571,0,0.033058,0.033058,0,no
0.021583,0,0,0,0.011905,0,0.041667,0.2,0.021429,0,0.024793,0.024793,0,no
0.021583,0,0,0,0,0,0.041667,0.2,0.021429,0,0.024793,0.024793,0,no
0.021583,0,0,0,0,0,0.041667,0.2,0.021429,0,0.024793,0.024793,0,no
0.021583,0,0,0,0,0,0.041667,0.2,0.021429,0,0.024793,0.024793,0,no
0.021583,0,0,0,0,0,0.041667,0.2,0.021429,0,0.024793,0.024793,0,no
0.021583,0.090909,0,0,0,0,0.041667,0.2,0.021429,0,0.024793,0.024793,0,no
0.021583,0.090909,0,0,0,0,0.041667,0.2,0.021429,0,0.024793,0.024793,1,no
0.014388,0.090909,0,0,0.011905,0,0.041667,0.2,0.014286,0,0.016529,0.016529,1,no
0.021583,0,0,0,0,0,0.041667,0.2,0.021429,0,0.024793,0.024793,1,no
0.021583,0,0,0,0,0,0.041667,0.2,0.021429,0,0.024793,0.024793,1,no
0.021583,0,0,0,0.02381,0,0.041667,0.2,0.021429,0,0.024793,0.024793,1,no
0.021583,0.090909,0,0,0,0,0.041667,0.2,0.021429,0,0.024793,0.024793,1,no
0.021583,0,0,0,0,0,0.041667,0.2,0.021429,0,0.024793,0.024793,1,no
0.021583,0,0,0,0,0,0.041667,0.2,0.021429,0,0.024793,0.024793,1,no
0.021583,0,0,0,0,0,0.041667,0.2,0.021429,0,0.024793,0.024793,1,no
0.021583,0,0,0,0.011905,0,0.041667,0.2,0.021429,0,0.024793,0.024793,1,no
0.028777,0,0,0,0,0,0.041667,0.2,0.028571,0,0.033058,0.033058,1,no
0.021583,0,0,0,0.011905,0,0.041667,0.2,0.021429,0,0.024793,0.024793,1,no
0.021583,0,0,0,0,0,0.041667,0.2,0.021429,0,0.024793,0.024793,1,no
0.021583,0.090909,0,0,0.011905,0,0.041667,0.2,0.021429,0,0.024793,0.024793,1,no
0.021583,0,0,0,0,0,0.041667,0.2,0.021429,0,0.024793,0.024793,1,no
0.028777,0.090909,0,0,0.02381,0.02439,0.041667,0.2,0.028571,0,0.033058,0.033058,1,no
0.021583,0.090909,0,0,0.011905,0,0.041667,0.2,0.021429,0,0.024793,0.024793,1,no
0.021583,0.181818,0,0,0.011905,0,0.041667,0.2,0.021429,0,0.024793,0.024793,1,no
0.021583,0.090909,0,0,0.011905,0,0.041667,0.2,0.021429,0,0.024793,0.024793,1,no
0.021583,0.181818,0,0,0.011905,0,0.041667,0.2,0.021429,0,0.024793,0.024793,1,no
0.021583,0.090909,0,0,0.011905,0,0.041667,0.2,0.021429,0,0.024793,0.024793,1,no
0.021583,0.181818,0,0,0.011905,0,0.041667,0.2,0.021429,0,0.024793,0.024793,1,no
0.021583,0.090909,0,0,0.011905,0,0.041667,0.2,0.021429,0,0.024793,0.024793,1,no
0.021583,0.181818,0,0,0.011905,0,0.041667,0.2,0.021429,0,0.024793,0.024793,1,no
0.021583,0,0,0,0,0,0.041667,0.2,0.021429,0,0.024793,0.024793,1,no
0.021583,0,0,0,0.02381,0,0.041667,0.2,0.021429,0,0.024793,0.024793,1,no
0.021583,0,0,0,0,0,0.041667,0.2,0.021429,0,0.024793,0.024793,1,no
0.028777,0.090909,0,0,0,0,0.041667,0.2,0.028571,0,0.033058,0.033058,1,no
0.043165,0.090909,0,0,0.011905,0,0.041667,0.2,0.042857,0,0.049587,0.049587,1,no
0.035971,0.090909,0,0,0,0,0.041667,0.2,0.035714,0,0.041322,0.041322,1,no
0.057554,0,0,0,0.02381,0,0.041667,0.2,0.057143,0,0.066116,0.066116,1,no
0.043165,0,0,0,0.011905,0,0.041667,0.2,0.042857,0,0.049587,0.049587,1,no
0.043165,0,0,0,0.011905,0,0.041667,0.2,0.042857,0,0.049587,0.049587,1,no
0.021583,0,0,0,0.011905,0,0.041667,0.2,0.021429,0,0.024793,0.024793,1,no
0.021583,0,0,0,0,0,0.041667,0.2,0.021429,0,0.024793,0.024793,1,no
0.021583,0,0,0,0.02381,0,0.041667,0.2,0.021429,0,0.024793,0.024793,1,no
0.021583,0,0,0,0.02381,0,0.041667,0.2,0.021429,0,0.024793,0.024793,1,no
0.021583,0,0,0,0.011905,0,0.041667,0.2,0.021429,0,0.024793,0.024793,1,no
0.021583,0.090909,0,0,0,0,0.041667,0.2,0.021429,0,0.024793,0.024793,1,no
0.021583,0,0,0,0,0,0.041667,0.2,0.021429,0,0.024793,0.024793,1,no
0.021583,0,0,0,0,0,0.041667,0.2,0.021429,0,0.024793,0.024793,1,no
0.021583,0,0,0,0,0,0.041667,0.2,0.021429,0,0.024793,0.024793,1,no
0.021583,0,0,0,0.011905,0,0.041667,0.2,0.021429,0,0.024793,0.024793,1,no
0.021583,0,0,0,0.011905,0,0.041667,0.2,0.021429,0,0.024793,0.024793,1,no
0.043165,0.090909,0,0,0,0,0.041667,0.2,0.042857,0,0.049587,0.049587,1,no
0,0.090909,0,0,0,0,0.041667,0.2,0,0,0,0,1,no
0,0,0,0,0,0,0.041667,0.2,0,0,0,0,1,no
0,0,0,0,0,0,0.041667,0.2,0,0,0,0,1,no
0,0,0,0,0,0,0.041667,0.2,0,0,0,0,1,no
0,0,0,0,0,0,0.041667,0.2,0,0,0,0,1,no
0.028777,0.181818,0,0,0.011905,0,0.041667,0.2,0.028571,0,0.033058,0.033058,1,no
0.021583,0,0,0,0.011905,0,0.041667,0.2,0.021429,0,0.024793,0.024793,1,no
0.021583,0,0,0,0,0,0.041667,0.2,0.021429,0,0.024793,0.024793,1,no
0.021583,0,0,0,0,0,0.041667,0.2,0.021429,0,0.024793,0.024793,1,no
0.021583,0,0,0,0,0,0.041667,0.2,0.021429,0,0.024793,0.024793,1,no
0.021583,0,0,0,0,0,0.041667,0.2,0.021429,0,0.024793,0.024793,1,no
0.021583,0.090909,0,0,0,0,0.041667,0.2,0.021429,0,0.024793,0.024793,1,no
0,0,0,0,0,0,0.041667,0.2,0,0,0,0,0,no
0,0,0,0,0.011905,0,0.041667,0.2,0,0,0,0,0,no
0,0,0,0,0,0,0.041667,0.2,0,0,0,0,1,no
0,0,0,0,0,0,0.041667,0.2,0,0,0,0,1,no
0,0,0,0,0,0,0.041667,0.2,0,0,0,0,1,no
0,0,0,0,0,0,0.041667,0.2,0,0,0,0,0,no
0,0,0,0,0,0,0.041667,0.2,0,0,0,0,1,no
0,0.090909,0,0,0.011905,0,0.041667,0.2,0,0,0,0,1,no
0,0,0,0,0,0,0.041667,0.2,0,0,0,0,1,no
0,0,0,0,0.011905,0,0.041667,0.2,0,0,0,0,1,no
0,0.090909,0,0,0.011905,0,0.041667,0.2,0,0,0,0,1,no
0,0,0,0,0.011905,0,0.041667,0.2,0,0,0,0,1,no
0,0,0,0,0.011905,0,0.041667,0.2,0,0,0,0,1,no
0,0,0,0,0,0,0.041667,0.2,0,0,0,0,0,no
0,0,0,0,0,0,0.041667,0.2,0,0,0,0,0,no
0,0,0,0,0,0,0.041667,0.2,0,0,0,0,1,no
0,0,0,0,0,0,0.041667,0.2,0,0,0,0,1,no
0,0,0,0,0,0,0.041667,0.2,0,0,0,0,1,no
0,0,0,0,0,0,0.041667,0.2,0,0,0,0,0,no
0,0,0,0,0,0,0.041667,0.2,0,0,0,0,1,no
0,0,0,0,0,0,0.041667,0.2,0,0,0,0,1,no
0.021583,0.090909,0,0,0,0,0.041667,0.2,0.021429,0,0.024793,0.024793,0,no
0.014388,0.090909,0,0,0.011905,0,0.041667,0.2,0.014286,0,0.016529,0.016529,0,no
0.021583,0,0,0,0,0,0.041667,0.2,0.021429,0,0.024793,0.024793,0,no
0.021583,0,0,0,0,0,0.041667,0.2,0.021429,0,0.024793,0.024793,0,no
0.021583,0,0,0,0.02381,0,0.041667,0.2,0.021429,0,0.024793,0.024793,0,no
0.021583,0,0,0,0,0,0.041667,0.2,0.021429,0,0.024793,0.024793,0,no
0.021583,0,0,0,0.011905,0,0.041667,0.2,0.021429,0,0.024793,0.024793,0,no
0.021583,0,0,0,0.011905,0,0.041667,0.2,0.021429,0,0.024793,0.024793,0,no
0.028777,0,0,0,0,0,0.041667,0.2,0.028571,0,0.033058,0.033058,0,no
0.021583,0,0,0,0.011905,0,0.041667,0.2,0.021429,0,0.024793,0.024793,0,no
0.021583,0,0,0,0,0,0.041667,0.2,0.021429,0,0.024793,0.024793,0,no
0.021583,0.090909,0,0,0.011905,0,0.041667,0.2,0.021429,0,0.024793,0.024793,0,no
0.021583,0,0,0,0,0,0.041667,0.2,0.021429,0,0.024793,0.024793,0,no
0.028777,0.090909,0,0,0.02381,0.02439,0.041667,0.2,0.028571,0,0.033058,0.033058,0,no
0.021583,0.090909,0,0,0.011905,0,0.041667,0.2,0.021429,0,0.024793,0.024793,0,no
0.021583,0.181818,0,0,0.011905,0,0.041667,0.2,0.021429,0,0.024793,0.024793,0,no
0.021583,0.090909,0,0,0.011905,0,0.041667,0.2,0.021429,0,0.024793,0.024793,0,no
0.021583,0.181818,0,0,0.011905,0,0.041667,0.2,0.021429,0,0.024793,0.024793,0,no
0.021583,0.090909,0,0,0.011905,0,0.041667,0.2,0.021429,0,0.024793,0.024793,0,no
0.021583,0.181818,0,0,0.011905,0,0.041667,0.2,0.021429,0,0.024793,0.024793,0,no
0.021583,0.090909,0,0,0.011905,0,0.041667,0.2,0.021429,0,0.024793,0.024793,0,no
0.021583,0.181818,0,0,0.011905,0,0.041667,0.2,0.021429,0,0.024793,0.024793,0,no
0.021583,0,0,0,0,0,0.041667,0.2,0.021429,0,0.024793,0.024793,0,no
0.021583,0,0,0,0.02381,0,0.041667,0.2,0.021429,0,0.024793,0.024793,0,no
0.021583,0,0,0,0,0,0.041667,0.2,0.021429,0,0.024793,0.024793,0,no
0.028777,0.090909,0,0,0,0,0.041667,0.2,0.028571,0,0.033058,0.033058,0,no
0.057554,0,0,0,0.02381,0,0.041667,0.2,0.057143,0,0.066116,0.066116,0,no
0.043165,0,0,0,0.011905,0,0.041667,0.2,0.042857,0,0.049587,0.049587,0,no
0.043165,0,0,0,0.011905,0,0.041667,0.2,0.042857,0,0.049587,0.049587,0,no
0.021583,0,0,0,0.011905,0,0.041667,0.2,0.021429,0,0.024793,0.024793,0,no
0.021583,0,0,0,0,0,0.041667,0.2,0.021429,0,0.024793,0.024793,0,no
0.021583,0,0,0,0.02381,0,0.041667,0.2,0.021429,0,0.024793,0.024793,0,no
0.021583,0,0,0,0.02381,0,0.041667,0.2,0.021429,0,0.024793,0.024793,0,no
0.021583,0,0,0,0.011905,0,0.041667,0.2,0.021429,0,0.024793,0.024793,0,no
0.021583,0,0,0,0,0,0.041667,0.2,0.021429,0,0.024793,0.024793,0,no
0.021583,0,0,0,0.011905,0,0.041667,0.2,0.021429,0,0.024793,0.024793,0,no
0.021583,0,0,0,0.011905,0,0.041667,0.2,0.021429,0,0.024793,0.024793,0,no
0.021583,0,0,0,0.011905,0,0.041667,0.2,0.021429,0,0.024793,0.024793,0,no
0.035971,0.090909,0,0,0,0,0.041667,0.2,0.035714,0,0.041322,0.041322,0,no
0.043165,0.090909,0,0,0,0,0.041667,0.2,0.042857,0,0.049587,0.049587,0,no
0,0,0,0,0,0,0.041667,0.2,0,0,0,0,0,no
0,0,0,0,0,0,0.041667,0.2,0,0,0,0,0,no
0,0,0,0,0,0,0.041667,0.2,0,0,0,0,0,no
0,0,0,0,0,0,0.041667,0.2,0,0,0,0,0,no
0.021583,0.090909,0,0,0,0,0.041667,0.2,0.021429,0,0.024793,0.024793,0,no
0.014388,0.090909,0,0,0.011905,0,0.041667,0.2,0.014286,0,0.016529,0.016529,0,no
0.021583,0,0,0,0,0,0.041667,0.2,0.021429,0,0.024793,0.024793,0,no
0.021583,0,0,0,0,0,0.041667,0.2,0.021429,0,0.024793,0.024793,0,no
0.021583,0,0,0,0.02381,0,0.041667,0.2,0.021429,0,0.024793,0.024793,0,no
0.021583,0,0,0,0.011905,0,0.041667,0.2,0.021429,0,0.024793,0.024793,0,no
0.021583,0,0,0,0,0,0.041667,0.2,0.021429,0,0.024793,0.024793,0,no
0.021583,0,0,0,0.011905,0,0.041667,0.2,0.021429,0,0.024793,0.024793,0,no
0.021583,0,0,0,0,0,0.041667,0.2,0.021429,0,0.024793,0.024793,0,no
0.021583,0.090909,0,0,0.011905,0,0.041667,0.2,0.021429,0,0.024793,0.024793,0,no
0.021583,0,0,0,0,0,0.041667,0.2,0.021429,0,0.024793,0.024793,0,no
0.028777,0.090909,0,0,0.02381,0.02439,0.041667,0.2,0.028571,0,0.033058,0.033058,0,no
0.021583,0.090909,0,0,0.011905,0,0.041667,0.2,0.021429,0,0.024793,0.024793,0,no
0.021583,0.181818,0,0,0.011905,0,0.041667,0.2,0.021429,0,0.024793,0.024793,0,no
0.021583,0.090909,0,0,0.011905,0,0.041667,0.2,0.021429,0,0.024793,0.024793,0,no
0.021583,0.181818,0,0,0.011905,0,0.041667,0.2,0.021429,0,0.024793,0.024793,0,no
0.021583,0.090909,0,0,0.011905,0,0.041667,0.2,0.021429,0,0.024793,0.024793,0,no
0.021583,0.181818,0,0,0.011905,0,0.041667,0.2,0.021429,0,0.024793,0.024793,0,no
0.021583,0.090909,0,0,0.011905,0,0.041667,0.2,0.021429,0,0.024793,0.024793,0,no
0.021583,0.181818,0,0,0.011905,0,0.041667,0.2,0.021429,0,0.024793,0.024793,0,no
0.021583,0,0,0,0,0,0.041667,0.2,0.021429,0,0.024793,0.024793,0,no
0.021583,0,0,0,0.02381,0,0.041667,0.2,0.021429,0,0.024793,0.024793,0,no
0.021583,0,0,0,0,0,0.041667,0.2,0.021429,0,0.024793,0.024793,0,no
0.028777,0.090909,0,0,0,0,0.041667,0.2,0.028571,0,0.033058,0.033058,0,no
0.043165,0,0,0,0.011905,0,0.041667,0.2,0.042857,0,0.049587,0.049587,0,no
0.043165,0,0,0,0.011905,0,0.041667,0.2,0.042857,0,0.049587,0.049587,0,no
0.021583,0,0,0,0.011905,0,0.041667,0.2,0.021429,0,0.024793,0.024793,0,no
0.021583,0,0,0,0,0,0.041667,0.2,0.021429,0,0.024793,0.024793,0,no
0.021583,0,0,0,0.02381,0,0.041667,0.2,0.021429,0,0.024793,0.024793,0,no
0.021583,0,0,0,0.02381,0,0.041667,0.2,0.021429,0,0.024793,0.024793,0,no
0.021583,0,0,0,0.011905,0,0.041667,0.2,0.021429,0,0.024793,0.024793,0,no
0.021583,0,0,0,0.011905,0,0.041667,0.2,0.021429,0,0.024793,0.024793,0,no
0.021583,0,0,0,0.011905,0,0.041667,0.2,0.021429,0,0.024793,0.024793,0,no
0.021583,0,0,0,0.011905,0,0.041667,0.2,0.021429,0,0.024793,0.024793,0,no
0.035971,0.090909,0,0,0,0,0.041667,0.2,0.035714,0,0.041322,0.041322,0,no
0,0,0,0,0,0,0.041667,0.2,0,0,0,0,0,no
0,0,0,0,0,0,0.041667,0.2,0,0,0,0,0,no
0.021583,0.090909,0,0,0,0,0.041667,0.2,0.021429,0,0.024793,0.024793,0,no
0.014388,0.090909,0,0,0.011905,0,0.041667,0.2,0.014286,0,0.016529,0.016529,0,no
0.021583,0,0,0,0,0,0.041667,0.2,0.021429,0,0.024793,0.024793,0,no
0.021583,0,0,0,0,0,0.041667,0.2,0.021429,0,0.024793,0.024793,0,no
0.021583,0,0,0,0.02381,0,0.041667,0.2,0.021429,0,0.024793,0.024793,0,no
0.021583,0.090909,0,0,0,0,0.041667,0.2,0.021429,0,0.024793,0.024793,0,no
0.021583,0,0,0,0,0,0.041667,0.2,0.021429,0,0.024793,0.024793,0,no
0.021583,0,0,0,0,0,0.041667,0.2,0.021429,0,0.024793,0.024793,0,no
0.021583,0,0,0,0,0,0.041667,0.2,0.021429,0,0.024793,0.024793,0,no
0.021583,0,0,0,0.011905,0,0.041667,0.2,0.021429,0,0.024793,0.024793,0,no
0.021583,0,0,0,0,0,0.041667,0.2,0.021429,0,0.024793,0.024793,0,no
0.021583,0.090909,0,0,0.011905,0,0.041667,0.2,0.021429,0,0.024793,0.024793,0,no
0.021583,0,0,0,0,0,0.041667,0.2,0.021429,0,0.024793,0.024793,0,no
0.028777,0.090909,0,0,0.02381,0.02439,0.041667,0.2,0.028571,0,0.033058,0.033058,0,no
0.021583,0.090909,0,0,0.011905,0,0.041667,0.2,0.021429,0,0.024793,0.024793,0,no
0.021583,0.181818,0,0,0.011905,0,0.041667,0.2,0.021429,0,0.024793,0.024793,0,no
0.021583,0.090909,0,0,0.011905,0,0.041667,0.2,0.021429,0,0.024793,0.024793,0,no
0.021583,0.181818,0,0,0.011905,0,0.041667,0.2,0.021429,0,0.024793,0.024793,0,no
0.021583,0.090909,0,0,0.011905,0,0.041667,0.2,0.021429,0,0.024793,0.024793,0,no
0.021583,0.181818,0,0,0.011905,0,0.041667,0.2,0.021429,0,0.024793,0.024793,0,no
0.021583,0.090909,0,0,0.011905,0,0.041667,0.2,0.021429,0,0.024793,0.024793,0,no
0.021583,0.181818,0,0,0.011905,0,0.041667,0.2,0.021429,0,0.024793,0.024793,0,no
0.021583,0,0,0,0,0,0.041667,0.2,0.021429,0,0.024793,0.024793,0,no
0.021583,0,0,0,0.02381,0,0.041667,0.2,0.021429,0,0.024793,0.024793,0,no
0.021583,0,0,0,0,0,0.041667,0.2,0.021429,0,0.024793,0.024793,0,no
0.028777,0.090909,0,0,0,0,0.041667,0.2,0.028571,0,0.033058,0.033058,0,no
0.043165,0.090909,0,0,0.011905,0,0.041667,0.2,0.042857,0,0.049587,0.049587,0,no
0.035971,0.090909,0,0,0,0,0.041667,0.2,0.035714,0,0.041322,0.041322,0,no
0.043165,0,0,0,0.011905,0,0.041667,0.2,0.042857,0,0.049587,0.049587,0,no
0.043165,0,0,0,0.011905,0,0.041667,0.2,0.042857,0,0.049587,0.049587,0,no
0.021583,0,0,0,0.011905,0,0.041667,0.2,0.021429,0,0.024793,0.024793,0,no
0.021583,0,0,0,0,0,0.041667,0.2,0.021429,0,0.024793,0.024793,0,no
0.021583,0,0,0,0.02381,0,0.041667,0.2,0.021429,0,0.024793,0.024793,0,no
0.021583,0,0,0,0.02381,0,0.041667,0.2,0.021429,0,0.024793,0.024793,0,no
0.021583,0,0,0,0.011905,0,0.041667,0.2,0.021429,0,0.024793,0.024793,0,no
0.021583,0.090909,0,0,0,0,0.041667,0.2,0.021429,0,0.024793,0.024793,0,no
0.021583,0,0,0,0,0,0.041667,0.2,0.021429,0,0.024793,0.024793,0,no
0.021583,0,0,0,0,0,0.041667,0.2,0.021429,0,0.024793,0.024793,0,no
0.021583,0,0,0,0.011905,0,0.041667,0.2,0.021429,0,0.024793,0.024793,0,no
0.021583,0,0,0,0.011905,0,0.041667,0.2,0.021429,0,0.024793,0.024793,0,no
0,0.090909,0,0,0,0,0.041667,0.2,0,0,0,0,0,no
0,0,0,0,0,0,0.041667,0.2,0,0,0,0,0,no
0,0,0,0,0,0,0.041667,0.2,0,0,0,0,0,no
0.014388,0.181818,0,0,0,0,0.041667,0.2,0.014286,0,0.016529,0.016529,0,no
0,0.090909,0,0,0,0,0.041667,0.2,0,0,0,0,0,no
0,0,0,0,0,0,0.041667,0.2,0,0,0,0,0,no
0,0,0,0,0,0,0.041667,0.2,0,0,0,0,0,no
0,0.090909,0,0,0,0,0.041667,0.2,0,0,0,0,0,no
0.021583,0.090909,0,0,0,0,0.083333,0.4,0.028571,0.010309,0.024793,0.020661,0,no
0.021583,0.181818,0,0,0,0,0.083333,0.4,0.028571,0.010309,0.024793,0.020661,0,no
0.014388,0,0,0,0.011905,0,0,0,0,0,0,0,0,no
0.021583,0,0,0,0,0,0,0,0,0,0,0,0,no
0.021583,0,0,0,0,0,0,0,0,0,0,0,0,no
0.021583,0,0,0,0,0,0,0,0,0,0,0,0,no
0.021583,0,0,0,0,0,0,0,0,0,0,0,0,no
0.021583,0,0,0,0,0,0,0,0,0,0,0,0,no
0.021583,0,0,0,0,0,0,0,0,0,0,0,0,no
0.028777,0,0,0,0,0,0,0,0,0,0,0,0,no
0.021583,0,0,0,0,0,0,0,0,0,0,0,0,no
0.021583,0,0,0,0,0,0,0,0,0,0,0,0,no
0.05036,0,0,0,0,0.02439,0.041667,0.2,0,0.051546,0.041322,0.041322,1,no
0.093525,0.272727,0,0,0,0.02439,0.125,0.4,0.1,0.010309,0.107438,0.041322,1,no
0.021583,0,0,0,0,0,0.041667,0.2,0.021429,0,0.024793,0.024793,1,no
0.021583,0,0,0,0,0,0.041667,0.2,0.021429,0,0.024793,0.024793,0,no
0.021583,0,0,0,0,0,0.083333,0.2,0.028571,0.010309,0.024793,0.020661,0,no
0.028777,0.272727,0,0,0,0,0.041667,0.2,0.028571,0,0.033058,0.033058,0,no
0.035971,0,0,0,0,0,0.125,0.2,0.164286,0,0.132231,0.063361,1,no
0.035971,0.090909,0,0,0,0.02439,0.041667,0.2,0.035714,0,0.041322,0.041322,0,no
0.028777,0.181818,0,0,0,0,0.041667,0.2,0.028571,0,0.033058,0.033058,0,no
0.100719,0.272727,0,0,0,0,0.083333,0.2,0.107143,0.010309,0.115702,0.066116,0,no
0.021583,0,0,0,0,0,0.041667,0.2,0.021429,0,0.024793,0.024793,0,no
0.021583,0.090909,0,0,0,0,0.041667,0.2,0.021429,0,0.024793,0.024793,0,no
0.028777,0,0,0,0,0,0.041667,0.2,0.028571,0,0.033058,0.033058,0,no
0.021583,0.090909,0,0,0,0,0.041667,0.2,0.021429,0,0.024793,0.024793,0,no
0.028777,0.090909,0,0,0,0.02439,0.041667,0.2,0.028571,0,0.033058,0.033058,0,no
0.021583,0,0,0,0,0,0.041667,0.2,0.021429,0,0.024793,0.024793,0,no
0.021583,0,0,0,0,0,0.041667,0.2,0.021429,0,0.024793,0.024793,0,no
0.021583,0,0,0,0,0,0.041667,0.2,0.021429,0,0.024793,0.024793,0,no
0.021583,0,0,0,0,0,0.041667,0.2,0.021429,0,0.024793,0.024793,0,no
0.028777,0,0,0,0,0.02439,0.041667,0.2,0.028571,0,0.033058,0.033058,0,no
0.021583,0,0,0,0,0,0.041667,0.2,0.021429,0,0.024793,0.024793,0,no
0.043165,0,0,0,0,0,0.125,0.2,0.05,0.010309,0.041322,0.022039,0,no
0.028777,0,0,0,0,0,0.041667,0.2,0.028571,0,0.033058,0.033058,0,no
0.035971,0.090909,0,0,0,0,0.041667,0.2,0.035714,0,0.041322,0.041322,0,no
0.021583,0.090909,0,0,0,0,0.041667,0.2,0.021429,0,0.024793,0.024793,0,no
0.028777,0.272727,0,0,0,0,0.041667,0.2,0.028571,0,0.033058,0.033058,0,no
0.028777,0,0,0,0,0,0.041667,0.2,0.028571,0,0.033058,0.033058,0,no
0.028777,0.181818,0,0,0,0,0.041667,0.2,0.028571,0,0.033058,0.033058,0,no
0.021583,0.090909,0,0,0,0,0.041667,0.2,0.021429,0,0.024793,0.024793,0,no
0.021583,0.181818,0,0,0,0,0.041667,0.2,0.021429,0,0.024793,0.024793,0,no
0.021583,0.090909,0,0,0,0,0.041667,0.2,0.021429,0,0.024793,0.024793,0,no
0.021583,0.181818,0,0,0,0,0.041667,0.2,0.021429,0,0.024793,0.024793,0,no
0.021583,0.090909,0,0,0,0,0.041667,0.2,0.021429,0,0.024793,0.024793,0,no
0.021583,0.181818,0,0,0,0,0.041667,0.2,0.021429,0,0.024793,0.024793,0,no
0.021583,0.090909,0,0,0,0,0.041667,0.2,0.021429,0,0.024793,0.024793,0,no
0.021583,0.181818,0,0,0,0,0.041667,0.2,0.021429,0,0.024793,0.024793,0,no
0.093525,0.272727,0,0,0,0.02439,0.041667,0.2,0.092857,0,0.107438,0.107438,0,no
0.043165,0.090909,0,0,0.011905,0.04878,0.041667,0.2,0.042857,0,0.049587,0.049587,0,no
0.021583,0,0,0,0,0,0.083333,0.4,0.028571,0.010309,0.024793,0.020661,0,no
0.021583,0,0,0,0,0,0.041667,0.2,0.021429,0,0.024793,0.024793,0,no
0.028777,0.181818,0,0,0,0,0.041667,0.2,0.028571,0,0.033058,0.033058,0,no
0.028777,0,0,0,0,0,0.041667,0.2,0.028571,0,0.033058,0.033058,0,no
0.057554,0.090909,0,0,0,0,0,0,0,0,0,0,0,no
0.057554,0.181818,0,0,0,0,0,0,0,0,0,0,0,no
0.014388,0,0,0,0,0,0,0,0,0,0,0,0,no
0.035971,0.090909,0,0,0,0,0,0,0,0,0,0,0,no
0.035971,0.181818,0,0,0,0,0,0,0,0,0,0,0,no
0.021583,0,0,0,0,0,0,0,0,0,0,0,0,no
0.035971,0.090909,0,0,0,0.02439,0,0,0,0,0,0,0,no
0.014388,0,0,0,0.011905,0,0.041667,0.2,0.014286,0,0.016529,0.016529,0,no
0.028777,0.090909,0,0,0,0,0.041667,0.2,0.028571,0,0.033058,0.033058,0,no
0.043165,0.090909,0,0,0,0.02439,0.041667,0.2,0.042857,0,0.049587,0.049587,0,no
0.035971,0.181818,0,0,0,0,0.041667,0.2,0.035714,0,0.041322,0.041322,0,no
0.035971,0.181818,0,0,0,0,0.041667,0.2,0.035714,0,0.041322,0.041322,0,no
0.021583,0.090909,0,0,0,0,0.041667,0.2,0.021429,0,0.024793,0.024793,0,no
0.021583,0.090909,0,0,0,0,0.041667,0.2,0.021429,0,0.024793,0.024793,0,no
0.021583,0.090909,0,0,0,0,0.041667,0.2,0.021429,0,0.024793,0.024793,0,no
0.021583,0.090909,0,0,0,0,0.041667,0.2,0.021429,0,0.024793,0.024793,0,no
0,0.090909,0,0,0,0,0.041667,0.2,0,0,0,0,0,no
0,0.090909,0,0,0,0,0.041667,0.2,0,0,0,0,0,no
0.021583,0.090909,0,0,0,0,0.041667,0.2,0.021429,0,0.024793,0.024793,0,no
0.021583,0,0,0,0,0,0.041667,0.2,0.021429,0,0.024793,0.024793,0,no
0.021583,0.272727,0,0,0,0,0.041667,0.2,0.021429,0,0.024793,0.024793,0,no
0.021583,0.272727,0,0,0,0,0.041667,0.2,0.021429,0,0.024793,0.024793,0,no
0.021583,0,0,0,0,0,0.041667,0.2,0.021429,0,0.024793,0.024793,0,no
0.021583,0,0,0,0,0,0.041667,0.2,0.021429,0,0.024793,0.024793,0,no
0.043165,0.090909,0,0,0,0.02439,0.041667,0.2,0.042857,0,0.049587,0.049587,0,no
0.071942,0.181818,0,0,0,0.04878,0.041667,0.2,0.071429,0,0.082645,0.082645,0,no
0.05036,0.181818,0,0,0,0.02439,0.041667,0.2,0.05,0,0.057851,0.057851,0,no
0.021583,0.090909,0,0,0,0,0.041667,0.2,0.021429,0,0.024793,0.024793,0,no
0.021583,0,0,0,0,0,0.041667,0.2,0.021429,0,0.024793,0.024793,0,no
0.043165,0.090909,0,0,0,0.02439,0.041667,0.2,0.042857,0,0.049587,0.049587,0,no
0.093525,0.181818,0,0,0,0.073171,0.041667,0.2,0.092857,0,0.107438,0.107438,0,no
0.05036,0.181818,0,0,0,0.02439,0.041667,0.2,0.05,0,0.057851,0.057851,0,no
0,0.272727,0,0,0,0,0.041667,0.2,0,0,0,0,0,no
0,0,0,0,0,0,0.041667,0.2,0,0,0,0,0,no
0,0.090909,0,0,0,0,0.041667,0.2,0,0,0,0,0,no
0,0.181818,0,0,0,0,0.041667,0.2,0,0,0,0,0,no
0,0.181818,0,0,0,0,0.041667,0.2,0,0,0,0,0,no
0.057554,0,0,0,0,0,0.041667,0.2,0.057143,0,0.066116,0.066116,0,no
0.021583,0,0,0,0,0,0.041667,0.2,0.021429,0,0.024793,0.024793,0,no
0.021583,0,0,0,0,0,0.041667,0.2,0,0.030928,0.024793,0.024793,0,no
0.035971,0.090909,0,0,0.011905,0,0,0,0,0,0,0,0,no
0.021583,0,0,0,0,0,0,0,0,0,0,0,0,no
0.021583,0,0,0,0,0,0,0,0,0,0,0,0,no
0.021583,0.090909,0,0,0,0,0.041667,0.2,0.021429,0,0.024793,0.024793,0,no
0.021583,0,0,0,0,0,0.041667,0.2,0.021429,0,0.024793,0.024793,1,no
0.021583,0,0,0,0,0,0.041667,0.2,0.021429,0,0.024793,0.024793,0,no
0.014388,0,0,0,0,0,0.041667,0.2,0.014286,0,0.016529,0.016529,0,no
0,0.363636,0,0,0.011905,0,0.041667,0.2,0,0,0,0,0,no
0.021583,0.090909,0,0,0,0,0,0,0,0,0,0,0,no
0.021583,0.181818,0,0,0,0,0,0,0,0,0,0,0,no
0.021583,0,0,0,0,0,0.041667,0.2,0.021429,0,0.024793,0.024793,0,no
0.028777,0.181818,0,0,0,0,0.041667,0.2,0.028571,0,0.033058,0.033058,1,no
0,0.181818,0,0,0,0,0.041667,0.2,0,0,0,0,1,no
0.021583,0,0,0,0,0,0.041667,0.2,0.021429,0,0.024793,0.024793,1,no
0,0,0,0,0,0,0,0,0,0,0,0,0,no
0.021583,0,0,0,0,0,0.041667,0.2,0.021429,0,0.024793,0.024793,0,no
0.021583,0.181818,0,0,0,0,0.041667,0.2,0.021429,0,0.024793,0.024793,0,no
0.021583,0.181818,0,0,0,0,0.041667,0.2,0.021429,0,0.024793,0.024793,0,no
0.035971,0.272727,0,0,0,0.02439,0.041667,0.2,0.035714,0,0.041322,0.041322,0,no
0.021583,0.090909,0,0,0,0,0.041667,0.2,0.021429,0,0.024793,0.024793,0,no
0,0,0,0,0,0,0.041667,0.2,0,0,0,0,0,no
0.021583,0,0,0,0,0,0.041667,0.2,0.021429,0,0.024793,0.024793,0,no
0.021583,0,0,0,0,0,0.041667,0.2,0.021429,0,0.024793,0.024793,0,no
0.043165,0.272727,0,0,0,0.04878,0.041667,0.2,0.042857,0,0.049587,0.049587,0,no
0.021583,0,0,0,0,0,0.041667,0.2,0.021429,0,0.024793,0.024793,0,no
0.021583,0,0,0,0,0,0.041667,0.2,0.021429,0,0.024793,0.024793,0,no
0,0.090909,0,0,0,0,0.041667,0.2,0,0,0,0,0,no
0.021583,0.090909,0,0,0,0,0.041667,0.2,0.021429,0,0.024793,0.024793,0,no
0.021583,0,0,0,0,0,0.041667,0.2,0.021429,0,0.024793,0.024793,0,no
0.021583,0.090909,0,0,0,0,0.041667,0.2,0.021429,0,0.024793,0.024793,0,no
0.028777,0.181818,0,0,0,0,0.041667,0.2,0.028571,0,0.033058,0.033058,0,no
0.021583,0,0,0,0,0,0.041667,0.2,0.021429,0,0.024793,0.024793,0,no
0.021583,0.090909,0,0,0,0,0.041667,0.2,0.021429,0,0.024793,0.024793,0,no
0.021583,0.181818,0,0,0,0,0.041667,0.2,0.021429,0,0.024793,0.024793,0,no
0.021583,0.272727,0,0,0,0,0.041667,0.2,0.021429,0,0.024793,0.024793,0,no
0.021583,0,0,0,0,0,0.041667,0.2,0.021429,0,0.024793,0.024793,0,no
0.021583,0,0,0,0,0,0.041667,0.2,0.021429,0,0.024793,0.024793,0,no
0.021583,0.090909,0,0,0,0,0.041667,0.2,0.021429,0,0.024793,0.024793,0,no
0.035971,0,0,0,0,0,0,0,0,0,0,0,0,no
0.057554,0.090909,0,0.055556,0,0,0,0,0,0,0,0,0,no
0.057554,0.181818,0,0.055556,0,0,0,0,0,0,0,0,0,no
0.071942,0.090909,0,0.055556,0,0,0,0,0,0,0,0,0,no
0.021583,0.090909,0,0,0,0,0.041667,0.2,0.021429,0,0.024793,0.024793,0,no
0.043165,0.090909,0,0,0,0.04878,0.041667,0.2,0.042857,0,0.049587,0.049587,0,no
0.021583,0.090909,0,0,0,0,0,0,0,0,0,0,0,no
0,0.090909,0,0,0.011905,0,0.041667,0.2,0,0,0,0,0,no
0,0.090909,0,0,0.011905,0,0.041667,0.2,0,0,0,0,0,no
0.021583,0.090909,0,0,0,0,0.041667,0.2,0.021429,0,0.024793,0.024793,0,no
0.028777,0.363636,0,0,0,0,0.041667,0.2,0.028571,0,0.033058,0.033058,1,no
0.021583,0.090909,0,0,0,0,0.041667,0.2,0.021429,0,0.024793,0.024793,0,no
0.028777,0.090909,0,0,0,0.02439,0.041667,0.2,0.028571,0,0.033058,0.033058,0,no
0.021583,0.090909,0,0,0,0,0.041667,0.2,0.021429,0,0.024793,0.024793,0,no
0.021583,0.090909,0,0,0,0,0.041667,0.2,0.021429,0,0.024793,0.024793,0,no
0,0.090909,0,0,0.011905,0,0.041667,0.2,0,0,0,0,0,no
0.028777,0.181818,0,0,0,0,0.041667,0.2,0.028571,0,0.033058,0.033058,0,no
0.021583,0,0,0,0,0,0.041667,0.2,0.021429,0,0.024793,0.024793,0,no
0.021583,0,0,0,0,0,0.041667,0.2,0.021429,0,0.024793,0.024793,0,no
0.021583,0.090909,0,0,0,0,0.041667,0.2,0.021429,0,0.024793,0.024793,0,no
0.021583,0.090909,0,0,0,0,0.041667,0.2,0.021429,0,0.024793,0.024793,0,no
0.021583,0.090909,0,0,0,0,0.041667,0.2,0.021429,0,0.024793,0.024793,1,no
0.021583,0,0,0,0,0,0.041667,0.2,0.021429,0,0.024793,0.024793,1,no
0.021583,0,0,0,0,0,0.041667,0.2,0.021429,0,0.024793,0.024793,1,no
0.028777,0.090909,0,0,0,0,0.083333,0.4,0.035714,0.010309,0.033058,0.024793,1,no
0.028777,0.181818,0,0,0,0,0.041667,0.2,0.028571,0,0.033058,0.033058,0,no
0.014388,0,0,0,0,0,0.041667,0.2,0.014286,0,0.016529,0.016529,0,no
0.021583,0.090909,0,0,0,0,0.041667,0.2,0.021429,0,0.024793,0.024793,0,no
0.021583,0.090909,0,0,0,0,0.041667,0.2,0.021429,0,0.024793,0.024793,0,no
0.028777,0.181818,0,0,0,0,0.041667,0.2,0.028571,0,0.033058,0.033058,0,no
0.18705,0.090909,0,0,0,0.04878,0.041667,0.2,0.185714,0,0.214876,0.214876,0,no
0.035971,0.090909,0,0,0,0.04878,0.041667,0.2,0.035714,0,0.041322,0.041322,0,no
0.071942,0.181818,0,0,0,0.02439,0.041667,0.2,0.071429,0,0.082645,0.082645,0,no
0.021583,0.090909,0,0,0,0,0.041667,0.2,0.021429,0,0.024793,0.024793,0,no
0.028777,0,0,0,0,0.02439,0.041667,0.2,0.028571,0,0.033058,0.033058,0,no
0.021583,0,0,0,0,0,0.041667,0.2,0.021429,0,0.024793,0.024793,0,no
0.021583,0,0,0,0,0,0.041667,0.2,0.021429,0,0.024793,0.024793,0,no
0.021583,0,0,0,0,0,0.041667,0.2,0.021429,0,0.024793,0.024793,0,no
0.021583,0,0,0,0,0,0.041667,0.2,0.021429,0,0.024793,0.024793,0,no
0.021583,0.090909,0,0,0,0,0.041667,0.2,0.021429,0,0.024793,0.024793,0,no
0.021583,0.090909,0,0,0,0,0.041667,0.2,0.021429,0,0.024793,0.024793,0,no
0.021583,0,0,0,0,0,0.041667,0.2,0.021429,0,0.024793,0.024793,0,no
0.021583,0,0,0,0,0,0.041667,0.2,0.021429,0,0.024793,0.024793,0,no
0.021583,0,0,0,0,0,0.041667,0.2,0.021429,0,0.024793,0.024793,0,no
0.021583,0,0,0,0,0,0.041667,0.2,0.021429,0,0.024793,0.024793,0,no
0.05036,0.181818,0,0,0,0,0.041667,0.2,0.05,0,0.057851,0.057851,0,no
0.043165,0,0,0,0,0,0.041667,0.2,0.042857,0,0.049587,0.049587,0,no
0.028777,0.090909,0,0,0,0,0.041667,0.2,0.028571,0,0.033058,0.033058,0,no
0.028777,0.090909,0,0,0,0,0.041667,0.2,0.028571,0,0.033058,0.033058,0,no
0.021583,0.090909,0,0,0,0,0.041667,0.2,0.021429,0,0.024793,0.024793,0,no
0.028777,0,0,0,0.011905,0.02439,0.041667,0.2,0.028571,0,0.033058,0.033058,0,no
0.021583,0.090909,0,0,0,0,0.041667,0.2,0.021429,0,0.024793,0.024793,0,no
0.028777,0.181818,0,0,0,0,0.041667,0.2,0.028571,0,0.033058,0.033058,0,no
0.021583,0.090909,0,0,0,0,0.041667,0.2,0.021429,0,0.024793,0.024793,0,no
0.021583,0.090909,0,0,0,0,0.041667,0.2,0.021429,0,0.024793,0.024793,0,no
0.021583,0.090909,0,0,0,0,0.041667,0.2,0.021429,0,0.024793,0.024793,0,no
0.064748,0.181818,0,0,0,0.02439,0.041667,0.2,0.064286,0,0.07438,0.07438,0,no
0.021583,0.090909,0,0,0,0,0.041667,0.2,0.021429,0,0.024793,0.024793,0,no
0.021583,0,0,0,0,0,0.041667,0.2,0.021429,0,0.024793,0.024793,0,no
0.035971,0.090909,0,0,0,0,0.041667,0.2,0.035714,0,0.041322,0.041322,0,no
0.021583,0.090909,0,0,0,0,0.041667,0.2,0.021429,0,0.024793,0.024793,0,no
0.021583,0,0,0,0,0,0.041667,0.2,0.021429,0,0.024793,0.024793,0,no
0.021583,0,0,0,0,0,0.041667,0.2,0.021429,0,0.024793,0.024793,0,no
0.021583,0,0,0,0,0,0.041667,0.2,0.021429,0,0.024793,0.024793,0,no
0.021583,0,0,0,0,0,0.041667,0.2,0.021429,0,0.024793,0.024793,0,no
0.028777,0,0,0,0,0,0.041667,0.2,0.028571,0,0.033058,0.033058,0,no
0.035971,0.090909,0,0,0,0,0.041667,0.2,0.035714,0,0.041322,0.041322,0,no
0.122302,0,0,0,0,0.073171,0.041667,0.2,0.121429,0,0.140496,0.140496,0,no
0.021583,0,0,0,0,0,0.041667,0.2,0.021429,0,0.024793,0.024793,0,no
0.021583,0.090909,0,0,0,0,0.041667,0.2,0.021429,0,0.024793,0.024793,0,no
0.014388,0,0,0,0,0,0.041667,0.2,0.014286,0,0.016529,0.016529,0,no
0.021583,0.090909,0,0,0,0,0.041667,0.2,0.021429,0,0.024793,0.024793,0,no
0.021583,0.090909,0,0,0,0,0.041667,0.2,0.021429,0,0.024793,0.024793,0,no
0.021583,0.090909,0,0,0,0,0.041667,0.2,0.021429,0,0.024793,0.024793,0,no
0.021583,0.090909,0,0,0,0,0.041667,0.2,0.021429,0,0.024793,0.024793,0,no
0.021583,0.090909,0,0,0,0,0.041667,0.2,0.021429,0,0.024793,0.024793,0,no
0.021583,0.090909,0,0,0.011905,0,0.041667,0.2,0.021429,0,0.024793,0.024793,0,no
0.057554,0.181818,0,0,0,0,0.041667,0.2,0.057143,0,0.066116,0.066116,0,no
0.021583,0,0,0,0,0,0.041667,0.2,0.021429,0,0.024793,0.024793,0,no
0.021583,0.090909,0,0,0,0,0.041667,0.2,0.021429,0,0.024793,0.024793,0,no
0,0.090909,0,0,0.011905,0,0.041667,0.2,0,0,0,0,0,no
0,0,0,0,0.011905,0,0.041667,0.2,0,0,0,0,0,no
0,0,0,0,0.011905,0,0.041667,0.2,0,0,0,0,0,no
0,0,0,0,0.011905,0,0.041667,0.2,0,0,0,0,0,no
0,0,0,0,0.011905,0,0.041667,0.2,0,0,0,0,0,no
0,0,0,0,0.011905,0,0.041667,0.2,0,0,0,0,0,no
0,0,0,0,0.011905,0,0.041667,0.2,0,0,0,0,0,no
0.021583,0.090909,0,0,0,0,0.041667,0.2,0.021429,0,0.024793,0.024793,0,no
0.021583,0.090909,0,0,0,0,0.041667,0.2,0.021429,0,0.024793,0.024793,0,no
0.014388,0.181818,0,0,0,0,0.041667,0.2,0.014286,0,0.016529,0.016529,0,no
0.021583,0.090909,0,0,0,0,0.041667,0.2,0.021429,0,0.024793,0.024793,0,no
0.014388,0.090909,0,0,0,0,0.041667,0.2,0.014286,0,0.016529,0.016529,0,no
0.014388,0,0,0,0,0,0.041667,0.2,0.014286,0,0.016529,0.016529,0,no
0.014388,0,0,0,0,0,0.041667,0.2,0.014286,0,0.016529,0.016529,0,no
0.021583,0,0,0,0,0,0.041667,0.2,0.021429,0,0.024793,0.024793,0,no
0.014388,0,0,0,0,0,0.041667,0.2,0.014286,0,0.016529,0.016529,0,no
0.014388,0,0,0,0,0,0.041667,0.2,0.014286,0,0.016529,0.016529,0,no
0.014388,0.090909,0,0,0,0,0.041667,0.2,0.014286,0,0.016529,0.016529,0,no
0.014388,0.090909,0,0,0,0,0.041667,0.2,0.014286,0,0.016529,0.016529,0,no
0.021583,0,0,0,0,0,0.041667,0.2,0.021429,0,0.024793,0.024793,0,no
0.021583,0.090909,0,0,0,0,0.041667,0.2,0.021429,0,0.024793,0.024793,0,no
0.014388,0.090909,0,0,0,0,0.041667,0.2,0.014286,0,0.016529,0.016529,0,no
0.014388,0,0,0,0,0,0.041667,0.2,0.014286,0,0.016529,0.016529,0,no
0.043165,0.363636,0,0,0,0,0.041667,0.2,0.042857,0,0.049587,0.049587,0,no
0.021583,0,0,0,0,0,0.041667,0.2,0.021429,0,0.024793,0.024793,0,no
0.021583,0,0,0,0,0,0.041667,0.2,0.021429,0,0.024793,0.024793,0,no
0.021583,0,0,0,0,0,0.041667,0.2,0.021429,0,0.024793,0.024793,0,no
0.021583,0,0,0,0,0,0.041667,0.2,0.021429,0,0.024793,0.024793,0,no
0.021583,0,0,0,0,0,0.041667,0.2,0.021429,0,0.024793,0.024793,0,no
0.021583,0,0,0,0,0,0.041667,0.2,0.021429,0,0.024793,0.024793,0,no
0.021583,0,0,0,0,0,0.041667,0.2,0.021429,0,0.024793,0.024793,0,no
0.021583,0,0,0,0,0,0.041667,0.2,0.021429,0,0.024793,0.024793,0,no
0.021583,0,0,0,0,0,0.041667,0.2,0.021429,0,0.024793,0.024793,0,no
0,0,0,0,0.011905,0,0.041667,0.2,0,0,0,0,0,no
0,0.090909,0,0,0.011905,0,0.041667,0.2,0,0,0,0,0,no
0,0.090909,0,0,0.011905,0,0.041667,0.2,0,0,0,0,0,no
0,0,0,0,0.011905,0,0.041667,0.2,0,0,0,0,0,no
0.021583,0,0,0,0,0,0.041667,0.2,0.021429,0,0.024793,0.024793,0,no
0,0.090909,0,0,0.011905,0,0.041667,0.2,0,0,0,0,0,no
0,0.090909,0,0,0.011905,0,0.041667,0.2,0,0,0,0,0,no
0,0.181818,0,0,0.011905,0,0.041667,0.2,0,0,0,0,0,no
0,0.090909,0,0,0.011905,0,0.041667,0.2,0,0,0,0,0,no
0,0.090909,0,0,0.011905,0,0.041667,0.2,0,0,0,0,0,no
0,0.090909,0,0,0.011905,0,0.041667,0.2,0,0,0,0,0,no
0,0,0,0,0.011905,0,0.041667,0.2,0,0,0,0,0,no
0.028777,0,0,0,0,0,0.041667,0.2,0.028571,0,0.033058,0.033058,0,no
0.028777,0.181818,0,0,0,0,0.041667,0.2,0.028571,0,0.033058,0.033058,0,no
0.021583,0.363636,0,0,0,0,0.041667,0.2,0.021429,0,0.024793,0.024793,0,no
0.021583,0.363636,0,0,0,0,0.041667,0.2,0.021429,0,0.024793,0.024793,0,no
0.021583,0.363636,0,0,0,0,0.041667,0.2,0.021429,0,0.024793,0.024793,0,no
0.021583,0.454545,0,0,0,0,0.041667,0.2,0.021429,0,0.024793,0.024793,0,no
0,0.090909,0,0,0,0,0.041667,0.2,0,0,0,0,0,no
0.021583,0.181818,0,0,0,0,0.041667,0.2,0.021429,0,0.024793,0.024793,0,no
0,0.272727,0,0,0,0,0.041667,0.2,0,0,0,0,0,no
0,0,0,0,0,0,0.041667,0.2,0,0,0,0,0,no
0,0.181818,0,0,0,0,0.041667,0.2,0,0,0,0,0,no
0,0,0,0,0,0,0.041667,0.2,0,0,0,0,0,no
0.021583,0,0,0,0,0,0.041667,0.2,0.021429,0,0.024793,0.024793,0,no
0.021583,0,0,0,0,0,0.041667,0.2,0.021429,0,0.024793,0.024793,0,no
0.021583,0,0,0,0,0,0.041667,0.2,0.021429,0,0.024793,0.024793,0,no
0.021583,0,0,0,0,0,0.041667,0.2,0.021429,0,0.024793,0.024793,0,no
0.021583,0,0,0,0,0,0.041667,0.2,0.021429,0,0.024793,0.024793,0,no
0.021583,0,0,0,0,0,0.041667,0.2,0.021429,0,0.024793,0.024793,0,no
0.035971,0.090909,0,0,0,0,0.041667,0.2,0.035714,0,0.041322,0.041322,0,no
0.021583,0.090909,0,0,0,0,0.041667,0.2,0.021429,0,0.024793,0.024793,0,no
0.021583,0,0,0,0,0,0.041667,0.2,0.021429,0,0.024793,0.024793,0,no
0.021583,0,0,0,0,0,0.041667,0.2,0.021429,0,0.024793,0.024793,0,no
0.021583,0,0,0,0,0,0.041667,0.2,0.021429,0,0.024793,0.024793,0,no
0.021583,0,0,0,0,0,0.041667,0.2,0.021429,0,0.024793,0.024793,0,no
0.021583,0,0,0,0,0,0.041667,0.2,0.021429,0,0.024793,0.024793,0,no
0.021583,0,0,0,0,0,0.041667,0.2,0.021429,0,0.024793,0.024793,0,no
0.021583,0,0,0,0,0,0.041667,0.2,0.021429,0,0.024793,0.024793,0,no
0.021583,0,0,0,0,0,0.041667,0.2,0.021429,0,0.024793,0.024793,0,no
0.021583,0.090909,0,0,0.011905,0,0.041667,0.2,0.021429,0,0.024793,0.024793,0,no
0.021583,0.090909,0,0,0,0,0.041667,0.2,0.021429,0,0.024793,0.024793,0,no
0.071942,0.181818,0,0,0,0.02439,0.041667,0.2,0.071429,0,0.082645,0.082645,0,no
0.021583,0,0,0,0,0,0.041667,0.2,0.021429,0,0.024793,0.024793,0,no
0.021583,0.090909,0,0,0,0,0.041667,0.2,0.021429,0,0.024793,0.024793,0,no
0.021583,0.090909,0,0,0,0,0.041667,0.2,0.021429,0,0.024793,0.024793,0,no
0.021583,0,0,0,0,0,0.041667,0.2,0.021429,0,0.024793,0.024793,0,no
0.021583,0.090909,0,0,0,0,0.041667,0.2,0.021429,0,0.024793,0.024793,0,no
0.021583,0,0,0,0,0,0.041667,0.2,0.021429,0,0.024793,0.024793,0,no
0.021583,0,0,0,0,0,0.041667,0.2,0.021429,0,0.024793,0.024793,0,no
0.021583,0.181818,0,0,0,0,0.041667,0.2,0.021429,0,0.024793,0.024793,0,no
0.021583,0.090909,0,0,0,0,0.041667,0.2,0.021429,0,0.024793,0.024793,0,no
0.021583,0.090909,0,0,0,0,0.041667,0.2,0.021429,0,0.024793,0.024793,0,no
0.021583,0,0,0,0,0,0.041667,0.2,0.021429,0,0.024793,0.024793,0,no
0.021583,0,0,0,0,0,0.041667,0.2,0.021429,0,0.024793,0.024793,0,no
0.028777,0.090909,0,0,0,0.02439,0.041667,0.2,0.028571,0,0.033058,0.033058,0,no
0.071942,0.181818,0,0,0,0.02439,0.041667,0.2,0.071429,0,0.082645,0.082645,0,no
0.021583,0.090909,0,0,0,0,0.041667,0.2,0.021429,0,0.024793,0.024793,0,no
0.021583,0,0,0,0,0,0.041667,0.2,0.021429,0,0.024793,0.024793,0,no
0.021583,0.090909,0,0,0,0,0.041667,0.2,0.021429,0,0.024793,0.024793,0,no
0.021583,0.090909,0,0,0,0,0.041667,0.2,0.021429,0,0.024793,0.024793,0,no
0.021583,0,0,0,0,0,0.041667,0.2,0.021429,0,0.024793,0.024793,0,no
0.021583,0,0,0,0,0,0.041667,0.2,0.021429,0,0.024793,0.024793,0,no
0.021583,0.090909,0,0,0,0,0.041667,0.2,0.021429,0,0.024793,0.024793,0,no
0.021583,0.090909,0,0,0,0,0.041667,0.2,0.021429,0,0.024793,0.024793,0,no
0.021583,0,0,0,0,0,0.041667,0.2,0.021429,0,0.024793,0.024793,0,no
0.021583,0,0,0,0,0,0.041667,0.2,0.021429,0,0.024793,0.024793,0,no
0.021583,0.090909,0,0,0,0,0.041667,0.2,0.021429,0,0.024793,0.024793,0,no
0.028777,0.090909,0,0,0,0.02439,0.041667,0.2,0.028571,0,0.033058,0.033058,0,no
0,0.090909,0,0,0.011905,0,0.041667,0.2,0,0,0,0,0,no
0,0,0,0,0.011905,0,0.041667,0.2,0,0,0,0,0,no
0,0.090909,0,0,0.011905,0,0.041667,0.2,0,0,0,0,0,no
0,0.181818,0,0,0.011905,0,0.041667,0.2,0,0,0,0,0,no
0,0.181818,0,0,0.011905,0,0.041667,0.2,0,0,0,0,0,no
0,0.363636,0,0,0.011905,0,0.041667,0.2,0,0,0,0,0,no
0,0.090909,0,0,0.011905,0,0.041667,0.2,0,0,0,0,0,no
0,0.181818,0,0,0.011905,0,0.041667,0.2,0,0,0,0,0,no
0,0.272727,0,0,0.011905,0,0.041667,0.2,0,0,0,0,0,no
0,0.090909,0,0,0.011905,0,0.041667,0.2,0,0,0,0,0,no
0,0,0,0,0.011905,0,0.041667,0.2,0,0,0,0,0,no
0,0,0,0,0.011905,0,0.041667,0.2,0,0,0,0,0,no
0,0.090909,0,0,0.011905,0,0.041667,0.2,0,0,0,0,0,no
0,0.090909,0,0,0.011905,0,0.041667,0.2,0,0,0,0,0,no
0,0.272727,0,0,0.011905,0,0.041667,0.2,0,0,0,0,0,no
0,0.272727,0,0,0.011905,0,0.041667,0.2,0,0,0,0,0,no
0,0.090909,0,0,0.011905,0,0.041667,0.2,0,0,0,0,0,no
0,0.090909,0,0,0.011905,0,0.041667,0.2,0,0,0,0,0,no
0,0.090909,0,0,0.011905,0,0.041667,0.2,0,0,0,0,0,no
0,0.090909,0,0,0.011905,0,0.041667,0.2,0,0,0,0,0,no
0,0.181818,0,0,0.011905,0,0.041667,0.2,0,0,0,0,0,no
0,0.090909,0,0,0.011905,0,0.041667,0.2,0,0,0,0,0,no
0,0,0,0,0.011905,0,0.041667,0.2,0,0,0,0,0,no
0,0.181818,0,0,0.011905,0,0.041667,0.2,0,0,0,0,0,no
0,0.181818,0,0,0.011905,0,0.041667,0.2,0,0,0,0,0,no
0,0,0,0,0.011905,0,0.041667,0.2,0,0,0,0,0,no
0,0.181818,0,0,0.011905,0,0.041667,0.2,0,0,0,0,0,no
0,0.181818,0,0,0.011905,0,0.041667,0.2,0,0,0,0,0,no
0,0.181818,0,0,0.011905,0,0.041667,0.2,0,0,0,0,0,no
0,0.181818,0,0,0.011905,0,0.041667,0.2,0,0,0,0,0,no
0.021583,0.090909,0,0,0,0,0.041667,0.2,0.021429,0,0.024793,0.024793,0,no
0.021583,0,0,0,0,0,0.041667,0.2,0.021429,0,0.024793,0.024793,0,no
0.021583,0.090909,0,0,0,0,0.041667,0.2,0.021429,0,0.024793,0.024793,0,no
0.021583,0,0,0,0,0,0.041667,0.2,0.021429,0,0.024793,0.024793,0,no
0.021583,0.090909,0,0,0,0,0.041667,0.2,0.021429,0,0.024793,0.024793,0,no
0.086331,0.090909,0,0,0,0,0.041667,0.2,0.085714,0,0.099174,0.099174,0,no
0.086331,0.090909,0,0,0,0,0.041667,0.2,0.085714,0,0.099174,0.099174,0,no
0.021583,0.090909,0,0,0,0,0.041667,0.2,0.021429,0,0.024793,0.024793,0,no
0.021583,0.181818,0,0,0,0,0.041667,0.2,0.021429,0,0.024793,0.024793,0,no
0.021583,0.090909,0,0,0,0,0.041667,0.2,0.021429,0,0.024793,0.024793,0,no
0.071942,0.090909,0,0,0,0.04878,0.041667,0.2,0.071429,0,0.082645,0.082645,0,no
0.021583,0,0,0,0,0,0.041667,0.2,0.021429,0,0.024793,0.024793,0,no
0.043165,0.272727,0,0,0,0.02439,0.041667,0.2,0.042857,0,0.049587,0.049587,0,no
0.035971,0.090909,0,0,0,0,0.041667,0.2,0.035714,0,0.041322,0.041322,0,no
0.021583,0.090909,0,0,0,0,0.041667,0.2,0.021429,0,0.024793,0.024793,0,no
0.021583,0.090909,0,0,0,0,0.041667,0.2,0.021429,0,0.024793,0.024793,0,no
0.021583,0,0,0,0,0,0.041667,0.2,0.021429,0,0.024793,0.024793,0,no
0.021583,0,0,0,0,0,0.041667,0.2,0.021429,0,0.024793,0.024793,0,no
0.021583,0,0,0,0,0,0.041667,0.2,0.021429,0,0.024793,0.024793,0,no
0.021583,0,0,0,0,0,0.041667,0.2,0.021429,0,0.024793,0.024793,0,no
0.021583,0,0,0,0,0,0.041667,0.2,0.021429,0,0.024793,0.024793,0,no
0.021583,0.181818,0,0,0,0,0.041667,0.2,0.021429,0,0.024793,0.024793,0,no
0.021583,0.181818,0,0,0,0,0.041667,0.2,0.021429,0,0.024793,0.024793,0,no
0.021583,0,0,0,0,0,0.041667,0.2,0.021429,0,0.024793,0.024793,0,no
0.021583,0.090909,0,0,0,0,0.041667,0.2,0.021429,0,0.024793,0.024793,0,no
0.021583,0.090909,0,0,0,0,0.041667,0.2,0.021429,0,0.024793,0.024793,0,no
0.021583,0.090909,0,0,0,0,0.041667,0.2,0.021429,0,0.024793,0.024793,0,no
0.021583,0.181818,0,0,0,0,0.041667,0.2,0.021429,0,0.024793,0.024793,0,no
0.021583,0.090909,0,0,0,0,0.041667,0.2,0.021429,0,0.024793,0.024793,0,no
0.021583,0.181818,0,0,0,0,0.041667,0.2,0.021429,0,0.024793,0.024793,0,no
0.057554,0,0,0,0,0.02439,0.041667,0.2,0.057143,0,0.066116,0.066116,0,no
0.021583,0.181818,0,0,0,0,0.041667,0.2,0.021429,0,0.024793,0.024793,0,no
0.021583,0.181818,0,0,0,0,0.041667,0.2,0.021429,0,0.024793,0.024793,0,no
0.014388,0,0,0,0,0,0.041667,0.2,0.014286,0,0.016529,0.016529,0,no
0.021583,0.090909,0,0,0,0,0.041667,0.2,0.021429,0,0.024793,0.024793,0,no
0.021583,0.090909,0,0,0,0,0.041667,0.2,0.021429,0,0.024793,0.024793,0,no
0.021583,0.181818,0,0,0,0,0.041667,0.2,0.021429,0,0.024793,0.024793,0,no
0.021583,0,0,0,0,0,0.041667,0.2,0.021429,0,0.024793,0.024793,0,no
0.021583,0,0,0,0,0,0.041667,0.2,0.021429,0,0.024793,0.024793,0,no
0.021583,0,0,0,0,0,0.041667,0.2,0.021429,0,0.024793,0.024793,0,no
0.021583,0,0,0,0,0,0.041667,0.2,0.021429,0,0.024793,0.024793,0,no
0.021583,0,0,0,0,0,0.041667,0.2,0.021429,0,0.024793,0.024793,0,no
0.035971,0,0,0,0,0.02439,0.041667,0.2,0.035714,0,0.041322,0.041322,0,no
0.021583,0,0,0,0,0,0.041667,0.2,0.021429,0,0.024793,0.024793,0,no
0.021583,0,0,0,0,0,0.041667,0.2,0.021429,0,0.024793,0.024793,0,no
0.057554,0,0,0,0,0.02439,0.041667,0.2,0.057143,0,0.066116,0.066116,0,no
0.035971,0.272727,0,0,0,0,0.041667,0.2,0.035714,0,0.041322,0.041322,0,no
0.064748,0,0,0,0,0.02439,0.041667,0.2,0.064286,0,0.07438,0.07438,0,no
0,0,0,0,0.011905,0,0.041667,0.2,0,0,0,0,0,no
0,0,0,0,0.011905,0,0.041667,0.2,0,0,0,0,0,no
0.021583,0.090909,0,0,0,0,0.041667,0.2,0.021429,0,0.024793,0.024793,0,no
0.043165,0,0,0,0,0.02439,0.041667,0.2,0.042857,0,0.049587,0.049587,0,no
0.021583,0,0,0,0,0,0.041667,0.2,0.021429,0,0.024793,0.024793,0,no
0.021583,0,0,0,0,0,0.041667,0.2,0.021429,0,0.024793,0.024793,0,no
0.021583,0.181818,0,0,0,0,0.041667,0.2,0.021429,0,0.024793,0.024793,0,no
0.021583,0.181818,0,0,0,0,0.041667,0.2,0.021429,0,0.024793,0.024793,0,no
0.035971,0,0,0,0,0.02439,0.041667,0.2,0.035714,0,0.041322,0.041322,0,no
0.021583,0,0,0,0,0,0.041667,0.2,0.021429,0,0.024793,0.024793,0,no
0.021583,0,0,0,0,0,0.041667,0.2,0.021429,0,0.024793,0.024793,0,no
0.057554,0,0,0,0,0.02439,0.041667,0.2,0.057143,0,0.066116,0.066116,0,no
0,0,0,0,0.011905,0,0.041667,0.2,0,0,0,0,0,no
0,0,0,0,0.011905,0,0.041667,0.2,0,0,0,0,0,no
0,0,0,0,0.011905,0,0.041667,0.2,0,0,0,0,0,no
0.035971,0.181818,0,0,0,0,0.041667,0.2,0.035714,0,0.041322,0.041322,0,no
0.035971,0.181818,0,0,0,0,0.041667,0.2,0.035714,0,0.041322,0.041322,0,no
0.021583,0,0,0,0,0,0.041667,0.2,0.021429,0,0.024793,0.024793,0,no
0.064748,0,0,0,0,0.02439,0.041667,0.2,0.064286,0,0.07438,0.07438,0,no
0.035971,0.272727,0,0,0,0,0.041667,0.2,0.035714,0,0.041322,0.041322,0,no
0.021583,0,0,0,0,0,0.041667,0.2,0.021429,0,0.024793,0.024793,0,no
0.014388,0,0,0,0,0,0.041667,0.2,0.014286,0,0.016529,0.016529,0,no
0.064748,0,0,0,0,0.02439,0.041667,0.2,0.064286,0,0.07438,0.07438,0,no
0.028777,0.181818,0,0,0,0,0.041667,0.2,0.028571,0,0.033058,0.033058,0,no
0.021583,0,0,0,0,0,0.041667,0.2,0.021429,0,0.024793,0.024793,0,no
0.021583,0,0,0,0,0,0.041667,0.2,0.021429,0,0.024793,0.024793,0,no
0.021583,0,0,0,0,0,0.041667,0.2,0.021429,0,0.024793,0.024793,0,no
0.021583,0,0,0,0,0,0.041667,0.2,0.021429,0,0.024793,0.024793,0,no
0.021583,0,0,0,0,0,0.041667,0.2,0.021429,0,0.024793,0.024793,0,no
0.021583,0,0,0,0,0,0.041667,0.2,0.021429,0,0.024793,0.024793,0,no
0.021583,0,0,0,0,0,0.041667,0.2,0.021429,0,0.024793,0.024793,0,no
0.021583,0.090909,0,0,0,0,0.041667,0.2,0.021429,0,0.024793,0.024793,0,no
0.05036,0,0,0,0,0.02439,0.041667,0.2,0.05,0,0.057851,0.057851,0,no
0.035971,0.272727,0,0,0,0,0.041667,0.2,0.035714,0,0.041322,0.041322,0,no
0.021583,0,0,0,0,0,0.041667,0.2,0.021429,0,0.024793,0.024793,0,no
0.021583,0,0,0,0,0,0.041667,0.2,0.021429,0,0.024793,0.024793,0,no
0.021583,0,0,0,0,0,0.041667,0.2,0.021429,0,0.024793,0.024793,0,no
0.021583,0,0,0,0,0,0.041667,0.2,0.021429,0,0.024793,0.024793,0,no
0.021583,0.090909,0,0,0.011905,0,0.041667,0.2,0.021429,0,0.024793,0.024793,0,no
0.021583,0.090909,0,0,0,0,0.041667,0.2,0.021429,0,0.024793,0.024793,0,no
0.021583,0.090909,0,0,0,0,0.041667,0.2,0.021429,0,0.024793,0.024793,0,no
0.028777,0.090909,0,0,0,0,0.041667,0.2,0.028571,0,0.033058,0.033058,0,no
0.043165,0.545455,0,0,0,0,0.041667,0.2,0.042857,0,0.049587,0.049587,0,no
0.043165,0,0,0,0,0,0.041667,0.2,0.042857,0,0.049587,0.049587,0,no
0.021583,0.272727,0,0,0,0,0.041667,0.2,0.021429,0,0.024793,0.024793,0,no
0.021583,0,0,0,0,0,0.041667,0.2,0.021429,0,0.024793,0.024793,0,no
0.021583,0,0,0,0,0,0.041667,0.2,0.021429,0,0.024793,0.024793,0,no
0.028777,0.090909,0,0,0,0,0.041667,0.2,0.028571,0,0.033058,0.033058,0,no
0.021583,0,0,0,0,0,0.041667,0.2,0.021429,0,0.024793,0.024793,0,no
0.035971,0,0,0,0,0.02439,0.041667,0.2,0.035714,0,0.041322,0.041322,0,no
0.021583,0,0,0,0,0,0.041667,0.2,0.021429,0,0.024793,0.024793,0,no
0.021583,0,0,0,0,0,0.041667,0.2,0.021429,0,0.024793,0.024793,0,no
0.021583,0.090909,0,0,0,0,0.041667,0.2,0.021429,0,0.024793,0.024793,0,no
0.021583,0,0,0,0,0,0.041667,0.2,0.021429,0,0.024793,0.024793,0,no
0.021583,0,0,0,0,0,0.041667,0.2,0.021429,0,0.024793,0.024793,0,no
0.021583,0,0,0,0,0,0.041667,0.2,0.021429,0,0.024793,0.024793,0,no
0.021583,0,0,0,0,0,0.041667,0.2,0.021429,0,0.024793,0.024793,0,no
0.021583,0,0,0,0,0,0.041667,0.2,0.021429,0,0.024793,0.024793,0,no
0.021583,0,0,0,0,0,0.041667,0.2,0.021429,0,0.024793,0.024793,0,no
0.021583,0,0,0,0,0,0.041667,0.2,0.021429,0,0.024793,0.024793,0,no
0.021583,0,0,0,0,0,0.041667,0.2,0.021429,0,0.024793,0.024793,0,no
0.021583,0,0,0,0,0,0.041667,0.2,0.021429,0,0.024793,0.024793,0,no
0.028777,0,0,0,0,0,0.041667,0.2,0.028571,0,0.033058,0.033058,0,no
0.035971,0.090909,0,0,0,0,0.041667,0.2,0.035714,0,0.041322,0.041322,0,no
0.028777,0,0,0,0,0,0.041667,0.2,0.028571,0,0.033058,0.033058,0,no
0.021583,0.090909,0,0,0,0,0.041667,0.2,0.021429,0,0.024793,0.024793,0,no
0.021583,0.090909,0,0,0,0,0.041667,0.2,0.021429,0,0.024793,0.024793,0,no
0.021583,0.090909,0,0,0,0,0.041667,0.2,0.021429,0,0.024793,0.024793,0,no
0.021583,0.272727,0,0,0,0,0.041667,0.2,0.021429,0,0.024793,0.024793,0,no
0.021583,0.090909,0,0,0,0,0.041667,0.2,0.021429,0,0.024793,0.024793,0,no
0.021583,0.090909,0,0,0,0,0.041667,0.2,0.021429,0,0.024793,0.024793,0,no
0.021583,0.090909,0,0,0,0,0.041667,0.2,0.021429,0,0.024793,0.024793,0,no
0.021583,0.090909,0,0,0,0,0.041667,0.2,0.021429,0,0.024793,0.024793,0,no
0.021583,0.090909,0,0,0,0,0.041667,0.2,0.021429,0,0.024793,0.024793,0,no
0.021583,0.090909,0,0,0,0,0.041667,0.2,0.021429,0,0.024793,0.024793,0,no
0.021583,0.090909,0,0,0,0,0.041667,0.2,0.021429,0,0.024793,0.024793,0,no
0.028777,0.090909,0,0,0,0,0.041667,0.2,0.028571,0,0.033058,0.033058,0,no
0.035971,0.363636,0,0,0,0,0.041667,0.2,0.035714,0,0.041322,0.041322,0,no
0.035971,0,0,0,0,0,0.041667,0.2,0.035714,0,0.041322,0.041322,0,no
0.021583,0.272727,0,0,0,0,0.041667,0.2,0.021429,0,0.024793,0.024793,0,no
0.021583,0.090909,0,0,0,0,0.041667,0.2,0.021429,0,0.024793,0.024793,0,no
0.021583,0.090909,0,0,0,0,0.041667,0.2,0.021429,0,0.024793,0.024793,0,no
0.021583,0.090909,0,0,0,0,0.041667,0.2,0.021429,0,0.024793,0.024793,0,no
0.021583,0.090909,0,0,0,0,0.041667,0.2,0.021429,0,0.024793,0.024793,0,no
0.021583,0.090909,0,0,0,0,0.041667,0.2,0.021429,0,0.024793,0.024793,0,no
0.021583,0.090909,0,0,0,0,0.041667,0.2,0.021429,0,0.024793,0.024793,0,no
0.021583,0.090909,0,0,0,0,0.041667,0.2,0.021429,0,0.024793,0.024793,0,no
0.021583,0,0,0,0,0,0.041667,0.2,0.021429,0,0.024793,0.024793,0,no
0.021583,0.090909,0,0,0,0,0.041667,0.2,0.021429,0,0.024793,0.024793,0,no
0.021583,0,0,0,0,0,0.041667,0.2,0.021429,0,0.024793,0.024793,0,no
0.021583,0.090909,0,0,0,0,0.041667,0.2,0.021429,0,0.024793,0.024793,0,no
0.021583,0.090909,0,0,0,0,0.041667,0.2,0.021429,0,0.024793,0.024793,0,no
0.021583,0.090909,0,0,0,0,0.041667,0.2,0.021429,0,0.024793,0.024793,0,no
0.021583,0,0,0,0,0,0.041667,0.2,0.021429,0,0.024793,0.024793,0,no
0.021583,0.090909,0,0,0,0,0.041667,0.2,0.021429,0,0.024793,0.024793,0,no
0.05036,0.090909,0,0,0,0,0.041667,0.2,0.05,0,0.057851,0.057851,0,no
0.021583,0,0,0,0,0,0.041667,0.2,0.021429,0,0.024793,0.024793,0,no
0.014388,0,0,0,0,0,0.041667,0.2,0.014286,0,0.016529,0.016529,0,no
0.028777,0,0,0,0,0,0.041667,0.2,0.028571,0,0.033058,0.033058,0,no
0.021583,0,0,0,0,0,0.041667,0.2,0.021429,0,0.024793,0.024793,0,no
0.021583,0.181818,0,0,0,0,0.041667,0.2,0.021429,0,0.024793,0.024793,0,no
0.028777,0.090909,0,0,0,0,0.041667,0.2,0.028571,0,0.033058,0.033058,0,no
0.021583,0.181818,0,0,0,0,0.041667,0.2,0.021429,0,0.024793,0.024793,0,no
0.028777,0.090909,0,0,0,0,0.041667,0.2,0.028571,0,0.033058,0.033058,0,no
0.021583,0.181818,0,0,0,0,0.041667,0.2,0.021429,0,0.024793,0.024793,0,no
0.028777,0.090909,0,0,0,0,0.041667,0.2,0.028571,0,0.033058,0.033058,0,no
0.021583,0.181818,0,0,0,0,0.041667,0.2,0.021429,0,0.024793,0.024793,0,no
0.028777,0.090909,0,0,0,0,0.041667,0.2,0.028571,0,0.033058,0.033058,0,no
0.021583,0.181818,0,0,0,0,0.041667,0.2,0.021429,0,0.024793,0.024793,0,no
0.028777,0.090909,0,0,0,0,0.041667,0.2,0.028571,0,0.033058,0.033058,0,no
0.021583,0,0,0,0,0,0.041667,0.2,0.021429,0,0.024793,0.024793,0,no
0.021583,0,0,0,0,0,0.041667,0.2,0.021429,0,0.024793,0.024793,0,no
0.021583,0,0,0,0,0,0.041667,0.2,0.021429,0,0.024793,0.024793,0,no
0.021583,0,0,0,0,0,0.041667,0.2,0.021429,0,0.024793,0.024793,0,no
0.021583,0,0,0,0,0,0.041667,0.2,0.021429,0,0.024793,0.024793,0,no
0.021583,0,0,0,0,0,0.041667,0.2,0.021429,0,0.024793,0.024793,0,no
0.021583,0,0,0,0,0,0.041667,0.2,0.021429,0,0.024793,0.024793,0,no
0.021583,0,0,0,0,0,0.041667,0.2,0.021429,0,0.024793,0.024793,0,no
0.021583,0,0,0,0,0,0.041667,0.2,0.021429,0,0.024793,0.024793,0,no
0.021583,0,0,0,0,0,0.041667,0.2,0.021429,0,0.024793,0.024793,0,no
0.021583,0,0,0,0,0,0.041667,0.2,0.021429,0,0.024793,0.024793,0,no
0.021583,0.181818,0,0,0,0,0.041667,0.2,0.021429,0,0.024793,0.024793,0,no
0.028777,0.090909,0,0,0,0,0.041667,0.2,0.028571,0,0.033058,0.033058,0,no
0.028777,0.090909,0,0,0,0,0.041667,0.2,0.028571,0,0.033058,0.033058,0,no
0.021583,0,0,0,0,0,0.041667,0.2,0.021429,0,0.024793,0.024793,0,no
0.021583,0,0,0,0,0,0.041667,0.2,0.021429,0,0.024793,0.024793,0,no
0.021583,0.181818,0,0,0,0,0.041667,0.2,0.021429,0,0.024793,0.024793,0,no
0.028777,0.090909,0,0,0,0,0.041667,0.2,0.028571,0,0.033058,0.033058,0,no
0.021583,0,0,0,0,0,0.041667,0.2,0.021429,0,0.024793,0.024793,0,no
0.021583,0.181818,0,0,0,0,0.041667,0.2,0.021429,0,0.024793,0.024793,0,no
0.028777,0.090909,0,0,0,0,0.041667,0.2,0.028571,0,0.033058,0.033058,0,no
0.021583,0,0,0,0,0,0.041667,0.2,0.021429,0,0.024793,0.024793,0,no
0.021583,0,0,0,0,0,0.041667,0.2,0.021429,0,0.024793,0.024793,0,no
0.014388,0,0,0,0,0,0.041667,0.2,0.014286,0,0.016529,0.016529,0,no
0.021583,0.090909,0,0,0,0,0.041667,0.2,0.021429,0,0.024793,0.024793,0,no
0.035971,0.090909,0,0,0,0,0.041667,0.2,0.035714,0,0.041322,0.041322,0,no
0.035971,0.090909,0,0,0,0,0.041667,0.2,0.035714,0,0.041322,0.041322,0,no
0.028777,0.090909,0,0,0,0,0.041667,0.2,0.028571,0,0.033058,0.033058,0,no
0.028777,0.090909,0,0,0,0,0.041667,0.2,0.028571,0,0.033058,0.033058,0,no
0.158273,0,0,0,0,0.02439,0.041667,0.2,0.157143,0,0.181818,0.181818,0,no
0.035971,0.363636,0,0,0,0.02439,0.041667,0.2,0.035714,0,0.041322,0.041322,0,no
0.021583,0.090909,0,0,0,0,0.041667,0.2,0.021429,0,0.024793,0.024793,0,no
0.021583,0.090909,0,0,0.011905,0,0.041667,0.2,0.021429,0,0.024793,0.024793,0,no
0.021583,0,0,0,0,0,0.041667,0.2,0.021429,0,0.024793,0.024793,0,no
0.035971,0.363636,0,0,0,0,0.041667,0.2,0.035714,0,0.041322,0.041322,0,no
0.035971,0.181818,0,0,0,0,0.041667,0.2,0.035714,0,0.041322,0.041322,0,no
0.035971,0,0,0,0,0,0.041667,0.2,0.035714,0,0.041322,0.041322,0,no
0.021583,0.272727,0,0,0,0,0.041667,0.2,0.021429,0,0.024793,0.024793,0,no
0.021583,0,0,0,0,0,0.041667,0.2,0.021429,0,0.024793,0.024793,0,no
0.021583,0,0,0,0,0,0.041667,0.2,0.021429,0,0.024793,0.024793,0,no
0.021583,0,0,0,0,0,0.041667,0.2,0.021429,0,0.024793,0.024793,0,no
0.028777,0.090909,0,0,0,0,0.041667,0.2,0.028571,0,0.033058,0.033058,0,no
0.043165,0,0,0,0,0,0.041667,0.2,0.042857,0,0.049587,0.049587,0,no
0.021583,0.272727,0,0,0,0,0.041667,0.2,0.021429,0,0.024793,0.024793,0,no
0.021583,0,0,0,0,0,0.041667,0.2,0.021429,0,0.024793,0.024793,0,no
0.021583,0,0,0,0,0,0.041667,0.2,0.021429,0,0.024793,0.024793,0,no
0.021583,0.090909,0,0,0,0,0.041667,0.2,0.021429,0,0.024793,0.024793,0,no
0.028777,0.090909,0,0,0,0,0.041667,0.2,0.028571,0,0.033058,0.033058,0,no
0.021583,0,0,0,0,0,0.041667,0.2,0.021429,0,0.024793,0.024793,0,no
0.021583,0,0,0,0,0,0.041667,0.2,0.021429,0,0.024793,0.024793,0,no
0.021583,0.090909,0,0,0,0,0.041667,0.2,0.021429,0,0.024793,0.024793,0,no
0.021583,0.090909,0,0,0,0,0.041667,0.2,0.021429,0,0.024793,0.024793,0,no
0.021583,0.090909,0,0,0,0,0.041667,0.2,0.021429,0,0.024793,0.024793,0,no
0.021583,0.090909,0,0,0,0,0.041667,0.2,0.021429,0,0.024793,0.024793,0,no
0.035971,0.272727,0,0,0,0.02439,0.041667,0.2,0.035714,0,0.041322,0.041322,0,no
0.021583,0.090909,0,0,0,0,0.041667,0.2,0.021429,0,0.024793,0.024793,0,no
0.021583,0.090909,0,0,0,0,0.041667,0.2,0.021429,0,0.024793,0.024793,0,no
0.021583,0.090909,0,0,0,0,0.041667,0.2,0.021429,0,0.024793,0.024793,0,no
0.021583,0.090909,0,0,0,0,0.041667,0.2,0.021429,0,0.024793,0.024793,0,no
0.021583,0.090909,0,0,0,0,0.041667,0.2,0.021429,0,0.024793,0.024793,0,no
0.021583,0.090909,0,0,0,0,0.041667,0.2,0.021429,0,0.024793,0.024793,0,no
0.021583,0.090909,0,0,0,0,0.041667,0.2,0.021429,0,0.024793,0.024793,0,no
0.028777,0.090909,0,0,0,0,0.041667,0.2,0.028571,0,0.033058,0.033058,0,no
0.035971,0.181818,0,0,0,0,0.041667,0.2,0.035714,0,0.041322,0.041322,0,no
0.035971,0.363636,0,0,0,0,0.041667,0.2,0.035714,0,0.041322,0.041322,0,no
0.035971,0,0,0,0,0,0.041667,0.2,0.035714,0,0.041322,0.041322,0,no
0.021583,0.272727,0,0,0,0,0.041667,0.2,0.021429,0,0.024793,0.024793,0,no
0.021583,0,0,0,0,0,0.041667,0.2,0.021429,0,0.024793,0.024793,0,no
0.021583,0,0,0,0,0,0.041667,0.2,0.021429,0,0.024793,0.024793,0,no
0.021583,0,0,0,0,0,0.041667,0.2,0.021429,0,0.024793,0.024793,0,no
0.064748,0,0,0,0,0.02439,0.041667,0.2,0.064286,0,0.07438,0.07438,0,no
0.014388,0,0,0,0,0,0.041667,0.2,0.014286,0,0.016529,0.016529,0,no
0.021583,0,0,0,0,0,0.041667,0.2,0.021429,0,0.024793,0.024793,0,no
0.014388,0.090909,0,0,0.011905,0,0.041667,0.2,0.014286,0,0.016529,0.016529,0,no
0.043165,0.090909,0,0,0.035714,0,0.041667,0.2,0.042857,0,0.049587,0.049587,0,no
0.021583,0.090909,0,0,0,0,0.041667,0.2,0.021429,0,0.024793,0.024793,0,no
0.014388,0.090909,0,0,0.011905,0,0.041667,0.2,0.014286,0,0.016529,0.016529,0,no
0.021583,0,0,0,0,0,0.041667,0.2,0.021429,0,0.024793,0.024793,0,no
0.021583,0,0,0,0,0,0.041667,0.2,0.021429,0,0.024793,0.024793,0,no
0.021583,0,0,0,0,0,0.041667,0.2,0.021429,0,0.024793,0.024793,0,no
0.021583,0,0,0,0,0,0.041667,0.2,0.021429,0,0.024793,0.024793,0,no
0.021583,0,0,0,0,0,0.041667,0.2,0.021429,0,0.024793,0.024793,0,no
0.021583,0,0,0,0.02381,0,0.041667,0.2,0.021429,0,0.024793,0.024793,0,no
0.021583,0,0,0,0,0,0.041667,0.2,0.021429,0,0.024793,0.024793,0,no
0.021583,0,0,0,0,0,0.041667,0.2,0.021429,0,0.024793,0.024793,0,no
0.021583,0,0,0,0,0,0.041667,0.2,0.021429,0,0.024793,0.024793,0,no
0.021583,0,0,0,0,0,0.041667,0.2,0.021429,0,0.024793,0.024793,0,no
0.021583,0,0,0,0,0,0.041667,0.2,0.021429,0,0.024793,0.024793,0,no
0.021583,0,0,0,0.011905,0,0.041667,0.2,0.021429,0,0.024793,0.024793,0,no
0.021583,0,0,0,0.011905,0,0.041667,0.2,0.021429,0,0.024793,0.024793,0,no
0.021583,0,0,0,0.011905,0,0.041667,0.2,0.021429,0,0.024793,0.024793,0,no
0.021583,0,0,0,0.011905,0,0.041667,0.2,0.021429,0,0.024793,0.024793,0,no
0.021583,0,0,0,0.011905,0,0.041667,0.2,0.021429,0,0.024793,0.024793,0,no
0.021583,0,0,0,0.011905,0,0.041667,0.2,0.021429,0,0.024793,0.024793,0,no
0.021583,0,0,0,0.011905,0,0.041667,0.2,0.021429,0,0.024793,0.024793,0,no
0.021583,0,0,0,0.011905,0,0.041667,0.2,0.021429,0,0.024793,0.024793,0,no
0.021583,0,0,0,0.011905,0,0.041667,0.2,0.021429,0,0.024793,0.024793,0,no
0.021583,0,0,0,0.011905,0,0.041667,0.2,0.021429,0,0.024793,0.024793,0,no
0.021583,0,0,0,0.011905,0,0.041667,0.2,0.021429,0,0.024793,0.024793,0,no
0.086331,0,0,0,0.011905,0,0.041667,0.2,0.085714,0,0.099174,0.099174,0,no
0.021583,0,0,0,0.011905,0,0.041667,0.2,0.021429,0,0.024793,0.024793,0,no
0.021583,0,0,0,0,0,0.041667,0.2,0.021429,0,0.024793,0.024793,0,no
0.021583,0.090909,0,0,0.011905,0,0.041667,0.2,0.021429,0,0.024793,0.024793,0,no
0.021583,0,0,0,0,0,0.041667,0.2,0.021429,0,0.024793,0.024793,0,no
0.028777,0.090909,0,0,0.02381,0.02439,0.041667,0.2,0.028571,0,0.033058,0.033058,0,no
0.021583,0.090909,0,0,0.011905,0,0.041667,0.2,0.021429,0,0.024793,0.024793,0,no
0.021583,0.181818,0,0,0.011905,0,0.041667,0.2,0.021429,0,0.024793,0.024793,0,no
0.021583,0.090909,0,0,0.011905,0,0.041667,0.2,0.021429,0,0.024793,0.024793,0,no
0.021583,0.181818,0,0,0.011905,0,0.041667,0.2,0.021429,0,0.024793,0.024793,0,no
0.021583,0.090909,0,0,0.011905,0,0.041667,0.2,0.021429,0,0.024793,0.024793,0,no
0.021583,0.181818,0,0,0.011905,0,0.041667,0.2,0.021429,0,0.024793,0.024793,0,no
0.021583,0.090909,0,0,0.011905,0,0.041667,0.2,0.021429,0,0.024793,0.024793,0,no
0.021583,0.181818,0,0,0.011905,0,0.041667,0.2,0.021429,0,0.024793,0.024793,0,no
0.021583,0,0,0,0,0,0.041667,0.2,0.021429,0,0.024793,0.024793,0,no
0.021583,0,0,0,0.02381,0,0.041667,0.2,0.021429,0,0.024793,0.024793,0,no
0.021583,0,0,0,0,0,0.041667,0.2,0.021429,0,0.024793,0.024793,0,no
0.028777,0.090909,0,0,0,0,0.041667,0.2,0.028571,0,0.033058,0.033058,0,no
0.172662,0,0,0,0.130952,0,0.041667,0.2,0.171429,0,0.198347,0.198347,0,no
0.043165,0,0,0,0.011905,0,0.041667,0.2,0.042857,0,0.049587,0.049587,0,no
0.043165,0,0,0,0.011905,0,0.041667,0.2,0.042857,0,0.049587,0.049587,0,no
0.043165,0,0,0,0.011905,0,0.041667,0.2,0.042857,0,0.049587,0.049587,0,no
0.043165,0,0,0,0.011905,0,0.041667,0.2,0.042857,0,0.049587,0.049587,0,no
0.043165,0,0,0,0.011905,0,0.041667,0.2,0.042857,0,0.049587,0.049587,0,no
0.043165,0,0,0,0.011905,0,0.041667,0.2,0.042857,0,0.049587,0.049587,0,no
0.043165,0,0,0,0.011905,0,0.041667,0.2,0.042857,0,0.049587,0.049587,0,no
0.043165,0,0,0,0.011905,0,0.041667,0.2,0.042857,0,0.049587,0.049587,0,no
0.043165,0,0,0,0.011905,0,0.041667,0.2,0.042857,0,0.049587,0.049587,0,no
0.043165,0,0,0,0.02381,0,0.041667,0.2,0.042857,0,0.049587,0.049587,0,no
0.021583,0,0,0,0.011905,0,0.041667,0.2,0.021429,0,0.024793,0.024793,0,no
0.021583,0,0,0,0,0,0.041667,0.2,0.021429,0,0.024793,0.024793,0,no
0.021583,0,0,0,0,0,0.041667,0.2,0.021429,0,0.024793,0.024793,0,no
0.021583,0,0,0,0,0,0.041667,0.2,0.021429,0,0.024793,0.024793,0,no
0.021583,0,0,0,0,0,0.041667,0.2,0.021429,0,0.024793,0.024793,0,no
0.021583,0,0,0,0.02381,0,0.041667,0.2,0.021429,0,0.024793,0.024793,0,no
0.021583,0,0,0,0.02381,0,0.041667,0.2,0.021429,0,0.024793,0.024793,0,no
0.021583,0,0,0,0.011905,0,0.041667,0.2,0.021429,0,0.024793,0.024793,0,no
0.021583,0,0,0,0,0,0.041667,0.2,0.021429,0,0.024793,0.024793,0,no
0.021583,0,0,0,0,0,0.041667,0.2,0.021429,0,0.024793,0.024793,0,no
0.021583,0,0,0,0,0,0.041667,0.2,0.021429,0,0.024793,0.024793,0,no
0.021583,0,0,0,0,0,0.041667,0.2,0.021429,0,0.024793,0.024793,0,no
0.021583,0,0,0,0,0,0.041667,0.2,0.021429,0,0.024793,0.024793,0,no
0.021583,0,0,0,0.011905,0,0.041667,0.2,0.021429,0,0.024793,0.024793,0,no
0.021583,0,0,0,0.011905,0,0.041667,0.2,0.021429,0,0.024793,0.024793,0,no
0.021583,0,0,0,0.011905,0,0.041667,0.2,0.021429,0,0.024793,0.024793,0,no
0.021583,0,0,0,0.011905,0,0.041667,0.2,0.021429,0,0.024793,0.024793,0,no
0.021583,0,0,0,0.011905,0,0.041667,0.2,0.021429,0,0.024793,0.024793,0,no
0.021583,0,0,0,0.011905,0,0.041667,0.2,0.021429,0,0.024793,0.024793,0,no
0.021583,0,0,0,0.011905,0,0.041667,0.2,0.021429,0,0.024793,0.024793,0,no
0.021583,0,0,0,0.011905,0,0.041667,0.2,0.021429,0,0.024793,0.024793,0,no
0.021583,0,0,0,0.011905,0,0.041667,0.2,0.021429,0,0.024793,0.024793,0,no
0.021583,0,0,0,0.011905,0,0.041667,0.2,0.021429,0,0.024793,0.024793,0,no
0.021583,0,0,0,0.011905,0,0.041667,0.2,0.021429,0,0.024793,0.024793,0,no
0.021583,0,0,0,0.011905,0,0.041667,0.2,0.021429,0,0.024793,0.024793,0,no
0.043165,0.090909,0,0,0,0,0.041667,0.2,0.042857,0,0.049587,0.049587,0,no
0.043165,0.090909,0,0,0,0,0.041667,0.2,0.042857,0,0.049587,0.049587,0,no
0.043165,0.090909,0,0,0,0,0.041667,0.2,0.042857,0,0.049587,0.049587,0,no
0.043165,0.090909,0,0,0,0,0.041667,0.2,0.042857,0,0.049587,0.049587,0,no
0.043165,0.090909,0,0,0,0,0.041667,0.2,0.042857,0,0.049587,0.049587,0,no
0.043165,0.090909,0,0,0,0,0.041667,0.2,0.042857,0,0.049587,0.049587,0,no
0.043165,0.090909,0,0,0,0,0.041667,0.2,0.042857,0,0.049587,0.049587,0,no
0.035971,0.090909,0,0,0,0,0.041667,0.2,0.035714,0,0.041322,0.041322,0,no
0.028777,0.181818,0,0,0.011905,0,0.041667,0.2,0.028571,0,0.033058,0.033058,0,no
0.021583,0,0,0,0.011905,0,0.041667,0.2,0.021429,0,0.024793,0.024793,0,no
0.021583,0,0,0,0,0,0.041667,0.2,0.021429,0,0.024793,0.024793,0,no
0.021583,0,0,0,0,0,0.041667,0.2,0.021429,0,0.024793,0.024793,0,no
0.021583,0,0,0,0,0,0.041667,0.2,0.021429,0,0.024793,0.024793,0,no
0.021583,0,0,0,0,0,0.041667,0.2,0.021429,0,0.024793,0.024793,0,no
0.021583,0.090909,0,0,0,0,0.041667,0.2,0.021429,0,0.024793,0.024793,0,no
0,0,0,0,0,0,0.041667,0.2,0,0,0,0,0,no
0,0,0,0,0,0,0.041667,0.2,0,0,0,0,0,no
0,0,0,0,0,0,0.041667,0.2,0,0,0,0,0,no
0,0,0,0,0,0,0.041667,0.2,0,0,0,0,0,no
0,0,0,0,0,0,0.041667,0.2,0,0,0,0,0,no
0,0,0,0,0,0,0.041667,0.2,0,0,0,0,0,no
0,0,0,0,0,0,0.041667,0.2,0,0,0,0,0,no
0,0,0,0,0,0,0.041667,0.2,0,0,0,0,0,no
0,0,0,0,0,0,0.041667,0.2,0,0,0,0,0,no
0,0,0,0,0.011905,0,0.041667,0.2,0,0,0,0,0,no
0,0,0,0,0,0,0.041667,0.2,0,0,0,0,0,no
0,0,0,0,0,0,0.041667,0.2,0,0,0,0,0,no
0,0,0,0,0,0,0.041667,0.2,0,0,0,0,0,no
0,0,0,0,0,0,0.041667,0.2,0,0,0,0,0,no
0,0,0,0,0,0,0.041667,0.2,0,0,0,0,0,no
0,0,0,0,0,0,0.041667,0.2,0,0,0,0,0,no
0,0,0,0,0,0,0.041667,0.2,0,0,0,0,0,no
0,0,0,0,0,0,0.041667,0.2,0,0,0,0,0,no
0,0,0,0,0,0,0.041667,0.2,0,0,0,0,0,no
0,0,0,0,0,0,0.041667,0.2,0,0,0,0,0,no
0.028777,0.181818,0,0,0.011905,0,0.041667,0.2,0.028571,0,0.033058,0.033058,0,no
0.021583,0,0,0,0.011905,0,0.041667,0.2,0.021429,0,0.024793,0.024793,0,no
0.021583,0,0,0,0,0,0.041667,0.2,0.021429,0,0.024793,0.024793,0,no
0.021583,0,0,0,0,0,0.041667,0.2,0.021429,0,0.024793,0.024793,0,no
0.021583,0,0,0,0,0,0.041667,0.2,0.021429,0,0.024793,0.024793,0,no
0.021583,0,0,0,0,0,0.041667,0.2,0.021429,0,0.024793,0.024793,0,no
0.021583,0.090909,0,0,0,0,0.041667,0.2,0.021429,0,0.024793,0.024793,0,no
0,0.181818,0,0,0,0,0.041667,0.2,0,0,0,0,0,no
0,0.181818,0,0,0,0,0.041667,0.2,0,0,0,0,0,no
0,0.181818,0,0,0,0,0.041667,0.2,0,0,0,0,0,no
0,0.181818,0,0,0,0,0.041667,0.2,0,0,0,0,0,no
0.021583,0,0,0,0,0,0.041667,0.2,0.021429,0,0.024793,0.024793,0,no
0,0.272727,0,0,0,0,0.041667,0.2,0,0,0,0,0,no
0.021583,0,0,0,0,0,0.041667,0.2,0.021429,0,0.024793,0.024793,0,no
0,0.090909,0,0,0.011905,0,0.041667,0.2,0,0,0,0,0,no
0.035971,0.181818,0,0,0,0,0.041667,0.2,0.035714,0,0.041322,0.041322,0,no
0.035971,0.181818,0,0,0,0,0.041667,0.2,0.035714,0,0.041322,0.041322,0,no
0.035971,0.181818,0,0,0,0,0.041667,0.2,0.035714,0,0.041322,0.041322,0,no
0.035971,0.181818,0,0,0,0,0.041667,0.2,0.035714,0,0.041322,0.041322,0,no
0.035971,0.181818,0,0,0,0,0.041667,0.2,0.035714,0,0.041322,0.041322,0,no
0.035971,0.181818,0,0,0,0,0.041667,0.2,0.035714,0,0.041322,0.041322,0,no
0.035971,0.181818,0,0,0,0,0.041667,0.2,0.035714,0,0.041322,0.041322,0,no
0.035971,0.181818,0,0,0,0,0.041667,0.2,0.035714,0,0.041322,0.041322,0,no
0.035971,0.181818,0,0,0,0,0.041667,0.2,0.035714,0,0.041322,0.041322,0,no
0.035971,0.181818,0,0,0,0,0.041667,0.2,0.035714,0,0.041322,0.041322,0,no
0.035971,0.181818,0,0,0,0,0.041667,0.2,0.035714,0,0.041322,0.041322,0,no
0.035971,0.181818,0,0,0,0,0.041667,0.2,0.035714,0,0.041322,0.041322,0,no
0.035971,0.181818,0,0,0,0,0.041667,0.2,0.035714,0,0.041322,0.041322,0,no
0.035971,0.181818,0,0,0,0,0.041667,0.2,0.035714,0,0.041322,0.041322,0,no
0.035971,0.181818,0,0,0,0,0.041667,0.2,0.035714,0,0.041322,0.041322,0,no
0.035971,0.181818,0,0,0,0,0.041667,0.2,0.035714,0,0.041322,0.041322,0,no
0.035971,0.181818,0,0,0,0,0.041667,0.2,0.035714,0,0.041322,0.041322,0,no
0.035971,0.181818,0,0,0,0,0.041667,0.2,0.035714,0,0.041322,0.041322,0,no
0.035971,0.181818,0,0,0,0,0.041667,0.2,0.035714,0,0.041322,0.041322,0,no
0.021583,0.181818,0,0,0,0,0.041667,0.2,0.021429,0,0.024793,0.024793,0,no
0,0.181818,0,0,0,0,0.041667,0.2,0,0,0,0,0,no
0.021583,0,0,0,0,0,0.041667,0.2,0.021429,0,0.024793,0.024793,0,no
0.021583,0,0,0,0,0,0.041667,0.2,0.021429,0,0.024793,0.024793,0,no
0.021583,0,0,0,0,0,0.041667,0.2,0.021429,0,0.024793,0.024793,0,no
0.057554,0,0,0,0,0.02439,0.041667,0.2,0.057143,0,0.066116,0.066116,0,no
0.021583,0.090909,0,0,0,0,0.041667,0.2,0.021429,0,0.024793,0.024793,0,no
0.05036,0,0,0,0,0.02439,0.041667,0.2,0.05,0,0.057851,0.057851,0,no
0.021583,0.090909,0,0,0,0,0.041667,0.2,0.021429,0,0.024793,0.024793,0,no
0.05036,0,0,0,0,0.02439,0.041667,0.2,0.05,0,0.057851,0.057851,0,no
0.021583,0.090909,0,0,0,0,0.041667,0.2,0.021429,0,0.024793,0.024793,0,no
0.05036,0,0,0,0,0.02439,0.041667,0.2,0.05,0,0.057851,0.057851,0,no
0.057554,0,0,0,0,0.02439,0.041667,0.2,0.057143,0,0.066116,0.066116,0,no
0.021583,0.090909,0,0,0,0,0.041667,0.2,0.021429,0,0.024793,0.024793,0,no
0.05036,0,0,0,0,0.02439,0.041667,0.2,0.05,0,0.057851,0.057851,0,no
0.057554,0.090909,0,0,0,0,0.041667,0.2,0.057143,0,0.066116,0.066116,0,no
0.057554,0.090909,0,0,0,0,0.041667,0.2,0.057143,0,0.066116,0.066116,0,no
0.057554,0.090909,0,0,0,0,0.041667,0.2,0.057143,0,0.066116,0.066116,0,no
0.057554,0.090909,0,0,0,0,0.041667,0.2,0.057143,0,0.066116,0.066116,0,no
0.057554,0.090909,0,0,0,0,0.041667,0.2,0.057143,0,0.066116,0.066116,0,no
0.028777,0.090909,0,0,0,0,0.041667,0.2,0.028571,0,0.033058,0.033058,0,no
0.021583,0,0,0,0,0,0.041667,0.2,0.021429,0,0.024793,0.024793,0,no
0.021583,0,0,0,0,0,0.041667,0.2,0.021429,0,0.024793,0.024793,0,no
0.021583,0,0,0,0,0,0.041667,0.2,0.021429,0,0.024793,0.024793,0,no
0.021583,0.090909,0,0,0,0,0.041667,0.2,0.021429,0,0.024793,0.024793,0,no
0.014388,0,0,0,0.011905,0,0.041667,0.2,0.014286,0,0.016529,0.016529,0,no
0.021583,0.090909,0,0,0,0,0.041667,0.2,0.021429,0,0.024793,0.024793,0,no
0.021583,0.181818,0,0,0,0,0.041667,0.2,0.021429,0,0.024793,0.024793,0,no
0.021583,0.090909,0,0,0,0,0.041667,0.2,0.021429,0,0.024793,0.024793,0,no
0.057554,0.181818,0,0,0,0,0.041667,0.2,0.057143,0,0.066116,0.066116,0,no
0.057554,0.181818,0,0,0,0,0.041667,0.2,0.057143,0,0.066116,0.066116,0,no
0.057554,0.181818,0,0,0,0,0.041667,0.2,0.057143,0,0.066116,0.066116,0,no
0.057554,0.181818,0,0,0,0,0.041667,0.2,0.057143,0,0.066116,0.066116,0,no
0.057554,0.181818,0,0,0,0,0.041667,0.2,0.057143,0,0.066116,0.066116,0,no
0.057554,0.181818,0,0,0,0,0.041667,0.2,0.057143,0,0.066116,0.066116,0,no
0.057554,0.181818,0,0,0,0,0.041667,0.2,0.057143,0,0.066116,0.066116,0,no
0.057554,0.181818,0,0,0,0,0.041667,0.2,0.057143,0,0.066116,0.066116,0,no
0.057554,0.181818,0,0,0,0,0.041667,0.2,0.057143,0,0.066116,0.066116,0,no
0.057554,0.181818,0,0,0,0,0.041667,0.2,0.057143,0,0.066116,0.066116,0,no
0.057554,0.181818,0,0,0,0,0.041667,0.2,0.057143,0,0.066116,0.066116,0,no
0.057554,0.181818,0,0,0,0,0.041667,0.2,0.057143,0,0.066116,0.066116,0,no
0.057554,0.181818,0,0,0,0,0.041667,0.2,0.057143,0,0.066116,0.066116,0,no
0.057554,0.181818,0,0,0,0,0.041667,0.2,0.057143,0,0.066116,0.066116,0,no
0.057554,0.181818,0,0,0,0,0.041667,0.2,0.057143,0,0.066116,0.066116,0,no
0.057554,0.181818,0,0,0,0,0.041667,0.2,0.057143,0,0.066116,0.066116,0,no
0.057554,0.181818,0,0,0,0,0.041667,0.2,0.057143,0,0.066116,0.066116,0,no
0.057554,0.181818,0,0,0,0,0.041667,0.2,0.057143,0,0.066116,0.066116,0,no
0.057554,0.181818,0,0,0,0,0.041667,0.2,0.057143,0,0.066116,0.066116,0,no
0.057554,0.181818,0,0,0,0,0.041667,0.2,0.057143,0,0.066116,0.066116,0,no
0,0.181818,0,0,0,0,0.041667,0.2,0,0,0,0,0,no
0.021583,0,0,0,0,0,0.041667,0.2,0.021429,0,0.024793,0.024793,0,no
0,0.181818,0,0,0,0,0.041667,0.2,0,0,0,0,0,no
0.021583,0,0,0,0,0,0.041667,0.2,0.021429,0,0.024793,0.024793,0,no
0,0.181818,0,0,0,0,0.041667,0.2,0,0,0,0,0,no
0,0.181818,0,0,0,0,0.041667,0.2,0,0,0,0,0,no
0,0.181818,0,0,0,0,0.041667,0.2,0,0,0,0,0,no
0,0.181818,0,0,0,0,0.041667,0.2,0,0,0,0,0,no
0,0.181818,0,0,0,0,0.041667,0.2,0,0,0,0,0,no
0,0.181818,0,0,0,0,0.041667,0.2,0,0,0,0,0,no
0.021583,0,0,0,0,0,0.041667,0.2,0.021429,0,0.024793,0.024793,0,no
0.021583,0.181818,0,0,0,0,0.041667,0.2,0.021429,0,0.024793,0.024793,0,no
0.021583,0.181818,0,0,0,0,0.041667,0.2,0.021429,0,0.024793,0.024793,0,no
0.021583,0.181818,0,0,0,0,0.041667,0.2,0.021429,0,0.024793,0.024793,0,no
0.021583,0.181818,0,0,0,0,0.041667,0.2,0.021429,0,0.024793,0.024793,0,no
0.021583,0.181818,0,0,0,0,0.041667,0.2,0.021429,0,0.024793,0.024793,0,no
0.021583,0.181818,0,0,0,0,0.041667,0.2,0.021429,0,0.024793,0.024793,0,no
0.021583,0.181818,0,0,0,0,0.041667,0.2,0.021429,0,0.024793,0.024793,0,no
0.021583,0.181818,0,0,0,0,0.041667,0.2,0.021429,0,0.024793,0.024793,0,no
0.028777,0,0,0,0.011905,0.02439,0.041667,0.2,0.028571,0,0.033058,0.033058,0,no
0.028777,0.181818,0,0,0.011905,0.02439,0.041667,0.2,0.028571,0,0.033058,0.033058,0,no
0.021583,0,0,0,0,0,0.041667,0.2,0.021429,0,0.024793,0.024793,0,no
0.021583,0.181818,0,0,0,0,0.041667,0.2,0.021429,0,0.024793,0.024793,0,no
0.021583,0,0,0,0,0,0.041667,0.2,0.021429,0,0.024793,0.024793,0,no
0.028777,0,0,0,0,0,0.041667,0.2,0.028571,0,0.033058,0.033058,0,no
0.028777,0.181818,0,0,0,0,0.041667,0.2,0.028571,0,0.033058,0.033058,0,no
0.021583,0.090909,0,0,0,0,0.041667,0.2,0.021429,0,0.024793,0.024793,0,no
0.021583,0.181818,0,0,0,0,0.041667,0.2,0.021429,0,0.024793,0.024793,0,no
0.021583,0.181818,0,0,0,0,0.041667,0.2,0.021429,0,0.024793,0.024793,0,no
0.014388,0,0,0,0,0,0.041667,0.2,0.014286,0,0.016529,0.016529,0,no
0.014388,0.181818,0,0,0,0,0.041667,0.2,0.014286,0,0.016529,0.016529,0,no
0.014388,0,0,0,0,0,0.041667,0.2,0.014286,0,0.016529,0.016529,0,no
0.021583,0,0,0,0,0,0.041667,0.2,0.021429,0,0.024793,0.024793,0,no
0.021583,0.181818,0,0,0,0,0.041667,0.2,0.021429,0,0.024793,0.024793,0,no
0.028777,0.090909,0,0,0,0.02439,0.041667,0.2,0.028571,0,0.033058,0.033058,0,no
0.021583,0.090909,0,0,0,0,0.041667,0.2,0.021429,0,0.024793,0.024793,0,no
0.021583,0.181818,0,0,0,0,0.041667,0.2,0.021429,0,0.024793,0.024793,0,no
0.021583,0.090909,0,0,0,0,0.041667,0.2,0.021429,0,0.024793,0.024793,0,no
0.021583,0.181818,0,0,0,0,0.041667,0.2,0.021429,0,0.024793,0.024793,0,no
0.021583,0.272727,0,0,0,0,0.041667,0.2,0.021429,0,0.024793,0.024793,0,no
0.021583,0.090909,0,0,0,0,0.041667,0.2,0.021429,0,0.024793,0.024793,0,no
0.021583,0,0,0,0,0,0.041667,0.2,0.021429,0,0.024793,0.024793,0,no
0.021583,0,0,0,0,0,0.041667,0.2,0.021429,0,0.024793,0.024793,0,no
0.035971,0.090909,0,0,0,0,0.041667,0.2,0.035714,0,0.041322,0.041322,0,no
0.035971,0.272727,0,0,0,0,0.041667,0.2,0.035714,0,0.041322,0.041322,0,no
0.021583,0.090909,0,0,0,0,0.041667,0.2,0.021429,0,0.024793,0.024793,0,no
0.021583,0.090909,0,0,0,0,0.041667,0.2,0.021429,0,0.024793,0.024793,0,no
0.035971,0.090909,0,0,0,0,0.041667,0.2,0.035714,0,0.041322,0.041322,0,no
0.043165,0,0,0,0,0,0.041667,0.2,0.042857,0,0.049587,0.049587,0,no
0.021583,0.181818,0,0,0,0,0.041667,0.2,0.021429,0,0.024793,0.024793,0,no
0.021583,0.181818,0,0,0,0,0.041667,0.2,0.021429,0,0.024793,0.024793,0,no
0.028777,0.181818,0,0,0,0,0.041667,0.2,0.028571,0,0.033058,0.033058,0,no
0.021583,0,0,0,0,0,0.041667,0.2,0.021429,0,0.024793,0.024793,0,no
0.021583,0,0,0,0,0,0.041667,0.2,0.021429,0,0.024793,0.024793,0,no
0.021583,0,0,0,0,0,0.041667,0.2,0.021429,0,0.024793,0.024793,0,no
0.021583,0.090909,0,0,0,0,0.041667,0.2,0.021429,0,0.024793,0.024793,0,no
0.021583,0.090909,0,0,0,0,0.041667,0.2,0.021429,0,0.024793,0.024793,0,no
0.021583,0,0,0,0,0,0.041667,0.2,0.021429,0,0.024793,0.024793,0,no
0.021583,0,0,0,0,0,0.041667,0.2,0.021429,0,0.024793,0.024793,0,no
0.021583,0,0,0,0,0,0.041667,0.2,0.021429,0,0.024793,0.024793,0,no
0.021583,0,0,0,0,0,0.041667,0.2,0.021429,0,0.024793,0.024793,0,no
0.021583,0,0,0,0,0,0.041667,0.2,0.021429,0,0.024793,0.024793,0,no
0.021583,0,0,0,0,0,0.041667,0.2,0.021429,0,0.024793,0.024793,0,no
0.021583,0.090909,0,0,0,0,0.041667,0.2,0.021429,0,0.024793,0.024793,0,no
0.021583,0.090909,0,0,0,0,0.041667,0.2,0.021429,0,0.024793,0.024793,0,no
0.021583,0.090909,0,0,0,0,0.041667,0.2,0.021429,0,0.024793,0.024793,0,no
0.021583,0.090909,0,0,0,0,0.041667,0.2,0.021429,0,0.024793,0.024793,0,no
0.021583,0.272727,0,0,0,0,0.041667,0.2,0.021429,0,0.024793,0.024793,0,no
0.021583,0.181818,0,0,0,0,0.041667,0.2,0.021429,0,0.024793,0.024793,0,no
0.021583,0.363636,0,0,0,0,0.041667,0.2,0.021429,0,0.024793,0.024793,0,no
0.021583,0.090909,0,0,0,0,0.041667,0.2,0.021429,0,0.024793,0.024793,0,no
0.021583,0.181818,0,0,0,0,0.041667,0.2,0.021429,0,0.024793,0.024793,0,no
0.021583,0.090909,0,0,0,0,0.041667,0.2,0.021429,0,0.024793,0.024793,0,no
0.021583,0,0,0,0,0,0.041667,0.2,0.021429,0,0.024793,0.024793,0,no
0.021583,0.090909,0,0,0,0,0.041667,0.2,0.021429,0,0.024793,0.024793,0,no
0.021583,0.090909,0,0,0,0,0.041667,0.2,0.021429,0,0.024793,0.024793,0,no
0.035971,0.272727,0,0,0,0,0.041667,0.2,0.035714,0,0.041322,0.041322,0,no
0.014388,0,0,0,0,0,0.041667,0.2,0.014286,0,0.016529,0.016529,0,no
0.021583,0,0,0,0,0,0.041667,0.2,0.021429,0,0.024793,0.024793,0,no
0.021583,0,0,0,0,0,0.041667,0.2,0.021429,0,0.024793,0.024793,0,no
0.021583,0.181818,0,0,0,0,0.041667,0.2,0.021429,0,0.024793,0.024793,0,no
0.021583,0.090909,0,0,0,0,0.041667,0.2,0.021429,0,0.024793,0.024793,0,no
0.021583,0.363636,0,0,0,0,0.041667,0.2,0.021429,0,0.024793,0.024793,0,no
0.021583,0.272727,0,0,0,0,0.041667,0.2,0.021429,0,0.024793,0.024793,0,no
0.021583,0.090909,0,0,0,0,0.041667,0.2,0.021429,0,0.024793,0.024793,0,no
0.021583,0.181818,0,0,0,0,0.041667,0.2,0.021429,0,0.024793,0.024793,0,no
0.021583,0.090909,0,0,0,0,0.041667,0.2,0.021429,0,0.024793,0.024793,0,no
0.021583,0.090909,0,0,0,0,0.041667,0.2,0.021429,0,0.024793,0.024793,0,no
0.021583,0.090909,0,0,0,0,0.041667,0.2,0.021429,0,0.024793,0.024793,0,no
0.021583,0.272727,0,0,0,0,0.041667,0.2,0.021429,0,0.024793,0.024793,0,no
0.021583,0,0,0,0,0,0.041667,0.2,0.021429,0,0.024793,0.024793,0,no
0.064748,0.363636,0,0,0,0,0.041667,0.2,0.064286,0,0.07438,0.07438,0,no
0.021583,0,0,0,0,0,0.041667,0.2,0.021429,0,0.024793,0.024793,0,no
0.021583,0,0,0,0,0,0.041667,0.2,0.021429,0,0.024793,0.024793,0,no
0.021583,0,0,0,0,0,0.041667,0.2,0.021429,0,0.024793,0.024793,0,no
0.021583,0,0,0,0,0,0.041667,0.2,0.021429,0,0.024793,0.024793,0,no
0.021583,0.090909,0,0,0,0,0.041667,0.2,0.021429,0,0.024793,0.024793,0,no
0.021583,0,0,0,0,0,0.041667,0.2,0.021429,0,0.024793,0.024793,0,no
0.028777,0.090909,0,0,0,0,0.041667,0.2,0.028571,0,0.033058,0.033058,0,no
0.021583,0.090909,0,0,0,0,0.041667,0.2,0.021429,0,0.024793,0.024793,0,no
0.021583,0.181818,0,0,0,0,0.041667,0.2,0.021429,0,0.024793,0.024793,0,no
0.021583,0,0,0,0,0,0.041667,0.2,0.021429,0,0.024793,0.024793,0,no
0.021583,0,0,0,0,0,0.041667,0.2,0.021429,0,0.024793,0.024793,0,no
0.021583,0,0,0,0,0,0.041667,0.2,0.021429,0,0.024793,0.024793,0,no
0,0,0,0,0.011905,0,0.041667,0.2,0,0,0,0,0,no
0,0,0,0,0.011905,0,0.041667,0.2,0,0,0,0,0,no
0,0,0,0,0.011905,0,0.041667,0.2,0,0,0,0,0,no
0,0.454545,0,0,0.011905,0,0.041667,0.2,0,0,0,0,0,no
0,0.363636,0,0,0.011905,0,0.041667,0.2,0,0,0,0,0,no
0,0.363636,0,0,0.011905,0,0.041667,0.2,0,0,0,0,0,no
0,0.181818,0,0,0.011905,0,0.041667,0.2,0,0,0,0,0,no
0,0.090909,0,0,0.011905,0,0.041667,0.2,0,0,0,0,0,no
0,0.363636,0,0,0.011905,0,0.041667,0.2,0,0,0,0,0,no
0,0.454545,0,0,0.011905,0,0.041667,0.2,0,0,0,0,0,no
0,0.454545,0,0,0.011905,0,0.041667,0.2,0,0,0,0,0,no
0,0.363636,0,0,0.011905,0,0.041667,0.2,0,0,0,0,0,no
0,0.181818,0,0,0.011905,0,0.041667,0.2,0,0,0,0,0,no
0,0.272727,0,0,0.011905,0,0.041667,0.2,0,0,0,0,0,no
0,0.090909,0,0,0.011905,0,0.041667,0.2,0,0,0,0,0,no
0,0.181818,0,0,0.011905,0,0.041667,0.2,0,0,0,0,0,no
0,0.090909,0,0,0.011905,0,0.041667,0.2,0,0,0,0,0,no
0,0.272727,0,0,0.011905,0,0.041667,0.2,0,0,0,0,0,no
0,0.363636,0,0,0.011905,0,0.041667,0.2,0,0,0,0,0,no
0,0.181818,0,0,0.011905,0,0.041667,0.2,0,0,0,0,0,no
0,0.272727,0,0,0.011905,0,0.041667,0.2,0,0,0,0,0,no
0,0.272727,0,0,0.011905,0,0.041667,0.2,0,0,0,0,0,no
0,0.181818,0,0,0.011905,0,0.041667,0.2,0,0,0,0,0,no
0.057554,1,0,0,0,0,0.041667,0.2,0.057143,0,0.066116,0.066116,0,no
0.021583,0.454545,0,0,0,0,0.041667,0.2,0.021429,0,0.024793,0.024793,0,no
0.035971,0.727273,0,0,0,0,0.041667,0.2,0.035714,0,0.041322,0.041322,0,no
0.021583,0.090909,0,0,0,0,0.041667,0.2,0.021429,0,0.024793,0.024793,0,no
0.021583,0.181818,0,0,0,0,0.083333,0.4,0.028571,0.010309,0.024793,0.020661,1,no
0.035971,0.090909,0,0,0,0,0.083333,0.4,0.042857,0.010309,0.041322,0.028926,1,no
0.035971,0.090909,0,0,0,0,0.083333,0.4,0.042857,0.010309,0.041322,0.028926,1,no
0.021583,0.181818,0,0,0,0,0.041667,0.2,0.021429,0,0.024793,0.024793,0,no
0.021583,0.181818,0,0,0,0,0.041667,0.2,0.021429,0,0.024793,0.024793,0,no
0.021583,0.090909,0,0,0,0,0.041667,0.2,0.021429,0,0.024793,0.024793,0,no
0.021583,0,0,0,0,0,0.041667,0.2,0.021429,0,0.024793,0.024793,1,no
0.028777,0.090909,0,0,0,0.02439,0.041667,0.2,0.028571,0,0.033058,0.033058,0,no
0.043165,0.181818,0,0,0,0,0.041667,0.2,0.042857,0,0.049587,0.049587,0,no
0.021583,0.272727,0,0,0,0,0.041667,0.2,0.021429,0,0.024793,0.024793,0,no
0.021583,0,0,0,0,0,0.041667,0.2,0.021429,0,0.024793,0.024793,0,no
0.021583,0,0,0,0,0,0.041667,0.2,0.021429,0,0.024793,0.024793,0,no
0.021583,0,0,0,0,0,0.041667,0.2,0.021429,0,0.024793,0.024793,0,no
0.021583,0,0,0,0,0,0.041667,0.2,0.021429,0,0.024793,0.024793,0,no
0.021583,0,0,0,0,0,0.041667,0.2,0.021429,0,0.024793,0.024793,0,no
0.021583,0,0,0,0,0,0.041667,0.2,0.021429,0,0.024793,0.024793,0,no
0.021583,0,0,0,0,0,0.041667,0.2,0.021429,0,0.024793,0.024793,0,no
0.021583,0,0,0,0,0,0.041667,0.2,0.021429,0,0.024793,0.024793,0,no
0.021583,0,0,0,0,0,0.041667,0.2,0.021429,0,0.024793,0.024793,0,no
0.021583,0,0,0,0,0,0.041667,0.2,0.021429,0,0.024793,0.024793,0,no
0.021583,0,0,0,0,0,0.041667,0.2,0.021429,0,0.024793,0.024793,0,no
0.021583,0,0,0,0,0,0.041667,0.2,0.021429,0,0.024793,0.024793,0,no
0.021583,0,0,0,0,0,0.041667,0.2,0.021429,0,0.024793,0.024793,0,no
0.021583,0,0,0,0,0,0.041667,0.2,0.021429,0,0.024793,0.024793,0,no
0.028777,0.181818,0,0,0,0,0.041667,0.2,0.028571,0,0.033058,0.033058,0,no
0.064748,0.636364,0,0,0,0,0.041667,0.2,0.064286,0,0.07438,0.07438,0,no
0.021583,0,0,0,0,0,0.041667,0.2,0.021429,0,0.024793,0.024793,0,no
0.021583,0,0,0,0,0,0.041667,0.2,0.021429,0,0.024793,0.024793,1,no
0.021583,0,0,0,0,0,0.041667,0.2,0.021429,0,0.024793,0.024793,1,no
0.021583,0.181818,0,0,0,0,0.041667,0.2,0.021429,0,0.024793,0.024793,0,no
0.021583,0.090909,0,0,0,0,0.041667,0.2,0.021429,0,0.024793,0.024793,0,no
0.021583,0.090909,0,0,0,0,0.041667,0.2,0.021429,0,0.024793,0.024793,1,no
0.035971,0.181818,0,0,0,0,0.041667,0.2,0.035714,0,0.041322,0.041322,0,no
0.021583,0,0,0,0,0,0.041667,0.2,0.021429,0,0.024793,0.024793,0,no
0.021583,0,0,0,0,0,0.041667,0.2,0.021429,0,0.024793,0.024793,0,no
0.021583,0,0,0,0,0,0.041667,0.2,0.021429,0,0.024793,0.024793,0,no
0.021583,0.090909,0,0,0,0,0.041667,0.2,0.021429,0,0.024793,0.024793,1,no
0.021583,0.181818,0,0,0,0,0.041667,0.2,0.021429,0,0.024793,0.024793,1,no
0.021583,0.090909,0,0,0,0,0.041667,0.2,0.021429,0,0.024793,0.024793,0,no
0.021583,0.181818,0,0,0,0,0.041667,0.2,0.021429,0,0.024793,0.024793,0,no
0.021583,0.090909,0,0,0,0,0.041667,0.2,0.021429,0,0.024793,0.024793,1,no
0.021583,0.181818,0,0,0,0,0.041667,0.2,0.021429,0,0.024793,0.024793,1,no
0.021583,0.090909,0,0,0,0,0.041667,0.2,0.021429,0,0.024793,0.024793,1,no
0.021583,0.181818,0,0,0,0,0.041667,0.2,0.021429,0,0.024793,0.024793,1,no
0.021583,0.090909,0,0,0,0,0.041667,0.2,0.021429,0,0.024793,0.024793,0,no
0.021583,0.181818,0,0,0,0,0.041667,0.2,0.021429,0,0.024793,0.024793,0,no
0.021583,0.090909,0,0,0,0,0.041667,0.2,0.021429,0,0.024793,0.024793,0,no
0.021583,0.181818,0,0,0,0,0.041667,0.2,0.021429,0,0.024793,0.024793,0,no
0.028777,0.181818,0,0,0,0,0.041667,0.2,0.028571,0,0.033058,0.033058,0,no
0,0.272727,0,0,0,0,0.041667,0.2,0,0,0,0,0,no
0.021583,0.181818,0,0,0,0,0.041667,0.2,0.021429,0,0.024793,0.024793,0,no
0.028777,0.181818,0,0,0,0,0.041667,0.2,0.028571,0,0.033058,0.033058,0,no
0.035971,0.181818,0,0,0,0.02439,0.083333,0.4,0.042857,0.010309,0.049587,0.028926,0,no
0.021583,0.090909,0,0,0,0,0.041667,0.2,0.021429,0,0.024793,0.024793,0,no
0.021583,0.090909,0,0,0,0,0.041667,0.2,0.021429,0,0.024793,0.024793,0,no
0.021583,0,0,0,0,0,0.041667,0.2,0.021429,0,0.024793,0.024793,0,no
0.021583,0,0,0,0,0,0.041667,0.2,0.021429,0,0.024793,0.024793,0,no
0.021583,0,0,0,0,0,0.041667,0.2,0.021429,0,0.024793,0.024793,0,no
0.064748,0.181818,0,0,0.011905,0,0.083333,0.4,0.071429,0.010309,0.082645,0.045455,0,no
0.064748,0.181818,0,0,0.011905,0,0.083333,0.2,0.071429,0.010309,0.082645,0.045455,0,no
0.021583,0.181818,0,0,0,0,0.041667,0.2,0.021429,0,0.024793,0.024793,0,no
0.021583,0.181818,0,0,0,0,0.041667,0.2,0.021429,0,0.024793,0.024793,0,no
0,0.272727,0,0,0,0,0.041667,0.2,0,0,0,0,0,no
0,0.181818,0,0,0,0,0.041667,0.2,0,0,0,0,0,no
0,0.181818,0,0,0,0,0.041667,0.2,0,0,0,0,0,no
0,0.090909,0,0,0,0,0.208333,0.6,0.128571,0.185567,0.132231,0.059504,1,no
0,0.272727,0,0,0,0,0.041667,0.2,0,0,0,0,0,no
0,0.090909,0,0,0,0,0.041667,0.2,0,0,0,0,0,no
0,0.181818,0,0,0,0,0.041667,0.2,0,0,0,0,0,no
0,0.181818,0,0,0,0,0.041667,0.2,0,0,0,0,0,no
0,0.181818,0,0,0,0,0.041667,0.2,0,0,0,0,0,no
0,0.090909,0,0,0,0,0.041667,0.2,0,0,0,0,0,no
0.021583,0.181818,0,0,0,0,0.041667,0.2,0.021429,0,0.024793,0.024793,0,no
0.021583,0,0,0,0,0,0.041667,0.2,0.021429,0,0.024793,0.024793,0,no
0.021583,0.090909,0,0,0,0,0.041667,0.2,0.021429,0,0.024793,0.024793,0,no
0.021583,0,0,0,0,0,0.041667,0.2,0.021429,0,0.024793,0.024793,0,no
0.021583,0.090909,0,0,0,0,0.041667,0.2,0.021429,0,0.024793,0.024793,0,no
0.021583,0.181818,0,0,0,0,0.041667,0.2,0.021429,0,0.024793,0.024793,0,no
0.028777,0.181818,0,0,0,0,0.041667,0.2,0.028571,0,0.033058,0.033058,0,no
0.021583,0,0,0,0,0,0.041667,0.2,0.021429,0,0.024793,0.024793,0,no
0.021583,0,0,0,0,0,0.041667,0.2,0.021429,0,0.024793,0.024793,0,no
0.021583,0,0,0,0,0,0.041667,0.2,0.021429,0,0.024793,0.024793,0,no
0.021583,0,0,0,0,0,0.041667,0.2,0.021429,0,0.024793,0.024793,0,no
0,0,0,0,0.011905,0,0.041667,0.2,0,0,0,0,0,no
0,0.090909,0,0,0.011905,0,0.041667,0.2,0,0,0,0,0,no
0,0,0,0,0.011905,0,0.041667,0.2,0,0,0,0,0,no
0,0.090909,0,0,0.011905,0,0.041667,0.2,0,0,0,0,0,no
0,0.272727,0,0,0.011905,0,0.041667,0.2,0,0,0,0,0,no
0,0,0,0,0.011905,0,0.041667,0.2,0,0,0,0,0,no
0,0.090909,0,0,0.011905,0,0.041667,0.2,0,0,0,0,0,no
0,0,0,0,0.011905,0,0.041667,0.2,0,0,0,0,0,no
0,0,0,0,0.011905,0,0.041667,0.2,0,0,0,0,0,no
0,0,0,0,0.011905,0,0.041667,0.2,0,0,0,0,0,no
0,0.181818,0,0,0.011905,0,0.041667,0.2,0,0,0,0,0,no
0,0.181818,0,0,0.011905,0,0.041667,0.2,0,0,0,0,0,no
0,0.181818,0,0,0.011905,0,0.041667,0.2,0,0,0,0,0,no
0,0.090909,0,0,0.011905,0,0.041667,0.2,0,0,0,0,0,no
0,0.090909,0,0,0.011905,0,0.041667,0.2,0,0,0,0,0,no
0,0.181818,0,0,0.011905,0,0.041667,0.2,0,0,0,0,0,no
0,0.090909,0,0,0.011905,0,0.041667,0.2,0,0,0,0,0,no
0.028777,0.090909,0,0,0,0,0.083333,0.4,0.035714,0.010309,0.033058,0.024793,0,no
0.021583,0.090909,0,0,0,0,0.041667,0.2,0.021429,0,0.024793,0.024793,0,no
0.021583,0.181818,0,0,0,0,0.041667,0.2,0.021429,0,0.024793,0.024793,0,no
0.021583,0,0,0,0,0,0.041667,0.2,0.021429,0,0.024793,0.024793,0,no
0.021583,0,0,0,0,0,0.041667,0.2,0.021429,0,0.024793,0.024793,0,no
0.021583,0,0,0,0,0,0.041667,0.2,0.021429,0,0.024793,0.024793,0,no
0.021583,0,0,0,0,0,0.041667,0.2,0.021429,0,0.024793,0.024793,0,no
0.021583,0.090909,0,0,0,0,0.041667,0.2,0.021429,0,0.024793,0.024793,0,no
0.021583,0.090909,0,0,0,0,0.083333,0.4,0.028571,0.010309,0.033058,0.020661,0,no
0.021583,0.363636,0,0,0,0,0.166667,0.6,0.15,0.185567,0.140496,0.080579,0,no
0.021583,0.363636,0,0,0,0,0.083333,0.4,0.028571,0.010309,0.024793,0.020661,0,no
0.021583,0.090909,0,0,0,0,0.041667,0.2,0.021429,0,0.024793,0.024793,0,no
0.021583,0.181818,0,0,0,0,0.041667,0.2,0.021429,0,0.024793,0.024793,0,no
0.028777,0.090909,0,0,0,0,0.125,0.4,0.035714,0.010309,0.033058,0.016529,0,no
0.021583,0.090909,0,0,0,0,0.083333,0.2,0.028571,0.010309,0.024793,0.020661,0,no
0.021583,0.363636,0,0,0,0,0.166667,0.8,0.192857,0.247423,0.206612,0.105372,0,no
0.028777,0.454545,0,0,0,0.02439,0.083333,0.4,0.028571,0,0.024793,0.016529,0,no
0.021583,0.454545,0,0,0,0,0.041667,0.2,0.021429,0,0.024793,0.024793,0,no
0.021583,0.363636,0,0,0,0,0.125,0.6,0.035714,0.020619,0.024793,0.019284,0,no
0.021583,0.454545,0,0,0,0,0.125,0.6,0.121429,0.14433,0.132231,0.085399,0,no
0.021583,0.090909,0,0,0.011905,0,0.041667,0.2,0.021429,0,0.024793,0.024793,0,no
0.035971,0.181818,0,0,0,0.04878,0.083333,0.4,0.035714,0,0.024793,0.020661,0,no
0.021583,0.090909,0,0,0,0,0.083333,0.2,0.028571,0.010309,0.024793,0.020661,0,no
0.035971,0.272727,0,0,0,0.02439,0.166667,0.6,0.164286,0.185567,0.165289,0.084711,1,no
0.035971,0.181818,0,0,0,0.02439,0.25,0.8,0.192857,0.226804,0.165289,0.067493,1,no
0.028777,0.272727,0,0,0,0.02439,0.083333,0.4,0.028571,0,0.024793,0.016529,0,no
0.021583,0.272727,0,0,0,0,0.041667,0.2,0.021429,0,0.024793,0.024793,0,no
0.021583,0.181818,0,0,0,0,0.041667,0.2,0.021429,0,0.024793,0.024793,0,no
0.021583,0.181818,0,0,0,0,0.125,0.6,0.035714,0.020619,0.024793,0.019284,1,no
0.021583,0.181818,0,0,0,0,0.041667,0.2,0.021429,0,0.024793,0.024793,0,no
0.035971,0.090909,0,0,0,0.02439,0.041667,0.2,0.035714,0,0.041322,0.041322,0,no
0.086331,0.272727,0,0,0,0.04878,0.041667,0.2,0.085714,0,0.099174,0.099174,0,no
0.035971,0.090909,0,0,0,0.02439,0.041667,0.2,0.035714,0,0.041322,0.041322,0,no
0.035971,0.090909,0,0,0,0.02439,0.041667,0.2,0.035714,0,0.041322,0.041322,0,no
0.021583,0.090909,0,0,0,0,0.041667,0.2,0.021429,0,0.024793,0.024793,0,no
0.021583,0,0,0,0,0,0.041667,0.2,0.021429,0,0.024793,0.024793,0,no
0.021583,0.090909,0,0,0,0,0.041667,0.2,0.021429,0,0.024793,0.024793,0,no
0.021583,0.090909,0,0,0,0,0.041667,0.2,0.021429,0,0.024793,0.024793,0,no
0.021583,0.090909,0,0,0,0,0.041667,0.2,0.021429,0,0.024793,0.024793,0,no
0.021583,0.181818,0,0,0,0,0.041667,0.2,0.021429,0,0.024793,0.024793,0,no
0.021583,0.181818,0,0,0,0,0.041667,0.2,0.021429,0,0.024793,0.024793,0,no
0,0,0,0,0,0,0.041667,0.2,0,0,0,0,0,no
0,0,0,0,0,0,0.041667,0.2,0,0,0,0,0,no
0.035971,0.090909,0,0,0,0.04878,0.041667,0.2,0.035714,0,0.041322,0.041322,0,no
0.028777,0.090909,0,0,0,0.02439,0.041667,0.2,0.028571,0,0.033058,0.033058,0,no
0,0.090909,0,0,0,0,0.041667,0.2,0,0,0,0,0,no
0,0.090909,0,0,0,0,0.041667,0.2,0,0,0,0,0,no
0.021583,0,0,0,0,0,0.041667,0.2,0.021429,0,0.024793,0.024793,0,no
0.021583,0,0,0,0,0,0.041667,0.2,0.021429,0,0.024793,0.024793,0,no
0.021583,0.090909,0,0,0,0,0.041667,0.2,0.021429,0,0.024793,0.024793,0,no
0.021583,0,0,0,0,0,0.041667,0.2,0.021429,0,0.024793,0.024793,0,no
0.021583,0,0,0,0,0,0.041667,0.2,0.021429,0,0.024793,0.024793,0,no
0,0.090909,0,0,0,0,0.041667,0.2,0,0,0,0,0,no
0,0.090909,0,0,0,0,0.041667,0.2,0,0,0,0,0,no
0,0,0,0,0,0,0.041667,0.2,0,0,0,0,0,no
0.021583,0,0,0,0,0,0.041667,0.2,0.021429,0,0.024793,0.024793,0,no
0.057554,0,0,0.055556,0,0,0.041667,0.2,0.057143,0,0.066116,0.066116,0,no
0.021583,0,0,0,0,0,0.041667,0.2,0.021429,0,0.024793,0.024793,0,no
0,0.181818,0,0,0,0,0.041667,0.2,0,0,0,0,0,no
0,0.090909,0,0,0,0,0.041667,0.2,0,0,0,0,0,no
0.021583,0.181818,0,0,0,0,0.041667,0.2,0.021429,0,0.024793,0.024793,0,no
0.028777,0.090909,0,0,0.011905,0,0.041667,0.2,0.028571,0,0.033058,0.033058,0,no
0.028777,0,0,0,0.011905,0,0.041667,0.2,0.028571,0,0.033058,0.033058,0,no
0.028777,0.181818,0,0,0,0,0.041667,0.2,0.028571,0,0.033058,0.033058,0,no
0.021583,0.636364,0,0,0,0,0.041667,0.2,0.021429,0,0.024793,0.024793,1,no
0.021583,0.090909,0,0,0,0,0.041667,0.2,0.021429,0,0.024793,0.024793,0,no
0.021583,0,0,0,0,0,0.041667,0.2,0.021429,0,0.024793,0.024793,0,no
0.021583,0,0,0,0,0,0.041667,0.2,0.021429,0,0.024793,0.024793,0,no
0,0.272727,0,0,0,0,0.041667,0.2,0,0,0,0,1,no
0.021583,0.090909,0,0,0,0,0.041667,0.2,0.021429,0,0.024793,0.024793,0,no
0.057554,0.181818,0,0.055556,0,0,0.041667,0.2,0.057143,0,0.066116,0.066116,0,no
0.028777,0.181818,0,0,0.011905,0,0.041667,0.2,0.028571,0,0.033058,0.033058,0,no
0.014388,0.181818,0,0,0,0,0.041667,0.2,0.014286,0,0.016529,0.016529,1,no
0.021583,0.181818,0,0,0,0,0.041667,0.2,0.021429,0,0.024793,0.024793,0,no
0.064748,0.636364,0,0,0,0,0.041667,0.2,0.064286,0,0.07438,0.07438,1,no
0.021583,0,0,0,0,0,0.041667,0.2,0.021429,0,0.024793,0.024793,0,no
0.021583,0,0,0,0,0,0.041667,0.2,0.021429,0,0.024793,0.024793,0,no
0.021583,0,0,0,0,0,0.041667,0.2,0.021429,0,0.024793,0.024793,0,no
0.028777,0.090909,0,0,0,0.02439,0.041667,0.2,0.028571,0,0.033058,0.033058,0,no
0.028777,0.181818,0,0,0,0,0.041667,0.2,0.028571,0,0.033058,0.033058,0,no
0.021583,0,0,0,0,0,0.041667,0.2,0.021429,0,0.024793,0.024793,0,no
0,0,0,0,0,0,0.041667,0.2,0,0,0,0,0,no
0.021583,0.181818,0,0,0,0,0.041667,0.2,0.021429,0,0.024793,0.024793,0,no
0.035971,0,0,0,0,0.02439,0.041667,0.2,0.035714,0,0.041322,0.041322,0,no
0.043165,0.272727,0,0,0,0,0.041667,0.2,0.042857,0,0.049587,0.049587,0,no
0.021583,0.181818,0,0,0,0,0.041667,0.2,0.021429,0,0.024793,0.024793,0,no
0.021583,0,0,0,0,0,0.041667,0.2,0.021429,0,0.024793,0.024793,0,no
0.028777,0.181818,0,0,0.011905,0,0.041667,0.2,0.028571,0,0.033058,0.033058,0,no
0.021583,0,0,0,0,0,0.041667,0.2,0.021429,0,0.024793,0.024793,0,no
0.021583,0.090909,0,0,0,0,0.041667,0.2,0.021429,0,0.024793,0.024793,0,no
0.021583,0.181818,0,0,0,0,0.041667,0.2,0.021429,0,0.024793,0.024793,0,no
0.028777,0.272727,0,0,0,0,0.041667,0.2,0.028571,0,0.033058,0.033058,0,no
0.05036,0.363636,0,0,0,0,0.041667,0.2,0.05,0,0.057851,0.057851,0,no
0.021583,0,0,0,0,0,0.041667,0.2,0.021429,0,0.024793,0.024793,0,no
0.057554,0.181818,0,0,0,0.02439,0.041667,0.2,0.057143,0,0.066116,0.066116,0,no
0.028777,0.090909,0,0,0,0.02439,0.041667,0.2,0.028571,0,0.033058,0.033058,0,no
0.021583,0,0,0,0,0,0.041667,0.2,0.021429,0,0.024793,0.024793,0,no
0.035971,0,0,0,0,0.02439,0.041667,0.2,0.035714,0,0.041322,0.041322,0,no
0.021583,0.181818,0,0,0,0,0.041667,0.2,0.021429,0,0.024793,0.024793,0,no
0.043165,0,0,0,0,0.02439,0.041667,0.2,0.042857,0,0.049587,0.049587,0,no
0.043165,0.363636,0,0,0,0,0.041667,0.2,0.042857,0,0.049587,0.049587,0,no
0.035971,0.181818,0,0,0,0,0.041667,0.2,0.035714,0,0.041322,0.041322,0,no
0.043165,0.181818,0,0,0,0,0.083333,0.2,0.042857,0,0.041322,0.024793,1,no
0.021583,0,0,0,0,0,0.041667,0.2,0.021429,0,0.024793,0.024793,0,no
0.035971,0.090909,0,0,0,0.04878,0.041667,0.2,0.035714,0,0.041322,0.041322,0,no
0.028777,0.090909,0,0,0,0.02439,0.041667,0.2,0.028571,0,0.033058,0.033058,0,no
0.021583,0.090909,0,0,0,0,0.041667,0.2,0.021429,0,0.024793,0.024793,0,no
0.021583,0,0,0,0,0,0.041667,0.2,0.021429,0,0.024793,0.024793,0,no
0.021583,0.181818,0,0,0,0,0.041667,0.2,0.021429,0,0.024793,0.024793,1,no
0.021583,0.090909,0,0,0,0,0.041667,0.2,0.021429,0,0.024793,0.024793,0,no
0.021583,0.181818,0,0,0,0,0.041667,0.2,0.021429,0,0.024793,0.024793,0,no
0.021583,0.181818,0,0,0,0,0.041667,0.2,0.021429,0,0.024793,0.024793,0,no
0.028777,0.181818,0,0,0,0,0.041667,0.2,0.028571,0,0.033058,0.033058,0,no
0.021583,0.181818,0,0,0,0,0.041667,0.2,0.021429,0,0.024793,0.024793,0,no
0.035971,0.181818,0,0,0,0,0.125,0.2,0.071429,0.051546,0.07438,0.041322,1,no
0.021583,0.181818,0,0,0,0,0.041667,0.2,0.021429,0,0.024793,0.024793,0,no
0.043165,0,0,0,0,0.02439,0.041667,0.2,0.042857,0,0.049587,0.049587,0,no
0.035971,0.181818,0,0,0,0,0.041667,0.2,0.035714,0,0.041322,0.041322,0,no
0.021583,0,0,0,0,0,0.041667,0.2,0.021429,0,0.024793,0.024793,0,no
0.028777,0.090909,0,0,0,0.02439,0.041667,0.2,0.028571,0,0.033058,0.033058,0,no
0.021583,0.090909,0,0,0,0,0.041667,0.2,0.021429,0,0.024793,0.024793,0,no
0.021583,0.090909,0,0,0,0,0.041667,0.2,0.021429,0,0.024793,0.024793,0,no
0.021583,0,0,0,0,0,0.041667,0.2,0.021429,0,0.024793,0.024793,0,no
0.021583,0.090909,0,0,0,0,0.041667,0.2,0.021429,0,0.024793,0.024793,0,no
0.021583,0.181818,0,0,0,0,0.041667,0.2,0.021429,0,0.024793,0.024793,0,no
0.021583,0.181818,0,0,0,0,0.041667,0.2,0.021429,0,0.024793,0.024793,1,no
0.028777,0.181818,0,0,0,0,0.125,0.2,0.035714,0.010309,0.033058,0.016529,1,no
0.021583,0.272727,0,0,0,0,0.041667,0.2,0.021429,0,0.024793,0.024793,0,no
0.021583,0.636364,0,0,0,0,0.041667,0.2,0.021429,0,0.024793,0.024793,1,no
0.021583,0,0,0,0,0,0.041667,0.2,0.021429,0,0.024793,0.024793,0,no
0.028777,0.181818,0,0,0,0,0.041667,0.2,0.028571,0,0.033058,0.033058,1,no
0.028777,0.636364,0,0,0,0,0.041667,0.2,0.028571,0,0.033058,0.033058,1,no
0.021583,0.181818,0,0,0,0,0.041667,0.2,0.021429,0,0.024793,0.024793,0,no
0.043165,0,0,0,0,0.02439,0.083333,0.2,0.042857,0,0.041322,0.024793,0,no
0.021583,0,0,0,0,0,0.041667,0.2,0.021429,0,0.024793,0.024793,0,no
0.021583,0,0,0,0,0,0.041667,0.2,0.021429,0,0.024793,0.024793,0,no
0.035971,0,0,0,0,0.02439,0.041667,0.2,0.035714,0,0.041322,0.041322,0,no
0.100719,0,0,0,0,0,0.041667,0.2,0.1,0,0.115702,0.115702,0,no
0,0,0,0,0,0,0.041667,0.2,0,0,0,0,0,no
0.014388,0.181818,0,0,0,0,0.041667,0.2,0.014286,0,0.016529,0.016529,0,no
0.014388,0.181818,0,0,0,0,0.041667,0.2,0.014286,0,0.016529,0.016529,0,no
0.021583,0,0,0,0,0,0.041667,0.2,0.021429,0,0.024793,0.024793,0,no
0.021583,0,0,0,0,0,0.041667,0.2,0.021429,0,0.024793,0.024793,0,no
0.021583,0.090909,0,0,0,0,0.041667,0.2,0.021429,0,0.024793,0.024793,1,no
0.021583,0,0,0,0,0,0.041667,0.2,0.021429,0,0.024793,0.024793,0,no
0.028777,0.090909,0,0,0,0.02439,0.041667,0.2,0.028571,0,0.033058,0.033058,0,no
0,0.272727,0,0,0.011905,0,0.041667,0.2,0,0,0,0,0,no
0,0.090909,0,0,0.011905,0,0.041667,0.2,0,0,0,0,0,no
0,0.090909,0,0,0.011905,0,0.041667,0.2,0,0,0,0,0,no
0,0,0,0,0.011905,0,0.041667,0.2,0,0,0,0,0,no
0,0.181818,0,0,0.011905,0,0.041667,0.2,0,0,0,0,0,no
0,0.181818,0,0,0.011905,0,0.041667,0.2,0,0,0,0,0,no
0.086331,0.181818,0,0,0,0,0.041667,0.2,0.085714,0,0.099174,0.099174,0,no
0.021583,0.272727,0,0,0,0,0.041667,0.2,0.021429,0,0.024793,0.024793,0,no
0.021583,0.272727,0,0,0,0,0.083333,0.4,0.028571,0.010309,0.024793,0.020661,0,no
0.021583,0.363636,0,0,0,0,0.041667,0.2,0.021429,0,0.024793,0.024793,0,no
0.021583,0,0,0,0,0,0.041667,0.2,0.021429,0,0.024793,0.024793,0,no
0.014388,0.181818,0,0,0.011905,0,0.041667,0.2,0.014286,0,0.016529,0.016529,0,no
0.014388,0.181818,0,0,0.011905,0,0.041667,0.2,0.014286,0,0.016529,0.016529,0,no
0.021583,0.181818,0,0,0,0,0.041667,0.2,0.021429,0,0.024793,0.024793,0,no
0.021583,0.181818,0,0,0,0,0.041667,0.2,0.021429,0,0.024793,0.024793,0,no
0.028777,0.181818,0,0,0,0,0.041667,0.2,0.028571,0,0.033058,0.033058,0,no
0.021583,0,0,0,0,0,0.041667,0.2,0.021429,0,0.024793,0.024793,0,no
0.021583,0.090909,0,0,0,0,0.041667,0.2,0.021429,0,0.024793,0.024793,0,no
0.021583,0.181818,0,0,0,0,0.041667,0.2,0.021429,0,0.024793,0.024793,0,no
0.021583,0,0,0,0,0,0.041667,0.2,0.021429,0,0.024793,0.024793,0,no
0.021583,0.090909,0,0,0,0,0.041667,0.2,0.021429,0,0.024793,0.024793,0,no
0.021583,0.090909,0,0,0,0,0.041667,0.2,0.021429,0,0.024793,0.024793,0,no
0.021583,0.090909,0,0,0,0,0.041667,0.2,0.021429,0,0.024793,0.024793,0,no
0.021583,0.181818,0,0,0,0,0.041667,0.2,0.021429,0,0.024793,0.024793,0,no
0.021583,0,0,0,0,0,0.041667,0.2,0.021429,0,0.024793,0.024793,0,no
0.021583,0,0,0,0,0,0.041667,0.2,0.021429,0,0.024793,0.024793,0,no
0.021583,0,0,0,0,0,0.041667,0.2,0.021429,0,0.024793,0.024793,0,no
0.021583,0,0,0,0,0,0.041667,0.2,0.021429,0,0.024793,0.024793,0,no
0.021583,0,0,0,0,0,0.041667,0.2,0.021429,0,0.024793,0.024793,0,no
0.021583,0,0,0,0,0,0.041667,0.2,0.021429,0,0.024793,0.024793,1,no
0.021583,0,0,0,0,0,0.041667,0.2,0.021429,0,0.024793,0.024793,0,no
0.021583,0.090909,0,0,0,0,0.041667,0.2,0.021429,0,0.024793,0.024793,0,no
0.035971,0,0,0,0,0.02439,0.041667,0.2,0.035714,0,0.041322,0.041322,0,no
0.014388,0,0,0,0.011905,0,0.041667,0.2,0.014286,0,0.016529,0.016529,0,no
0.021583,0.090909,0,0,0,0,0.041667,0.2,0.021429,0,0.024793,0.024793,0,no
0.021583,0,0,0,0,0,0.041667,0.2,0.021429,0,0.024793,0.024793,0,no
0.021583,0,0,0,0,0,0.041667,0.2,0.021429,0,0.024793,0.024793,0,no
0.021583,0.090909,0,0,0,0,0.041667,0.2,0.021429,0,0.024793,0.024793,0,no
0.028777,0.181818,0,0,0,0,0.041667,0.2,0.028571,0,0.033058,0.033058,0,no
0.021583,0,0,0,0,0,0.041667,0.2,0.021429,0,0.024793,0.024793,0,no
0.021583,0.181818,0,0,0,0,0.041667,0.2,0.021429,0,0.024793,0.024793,0,no
0.021583,0,0,0,0,0,0.041667,0.2,0.021429,0,0.024793,0.024793,0,no
0.021583,0.090909,0,0,0,0,0.041667,0.2,0.021429,0,0.024793,0.024793,0,no
0,0.272727,0,0,0.011905,0,0.041667,0.2,0,0,0,0,0,no
0.021583,0.090909,0,0,0,0,0.041667,0.2,0.021429,0,0.024793,0.024793,0,no
0.028777,0.181818,0,0,0,0,0.041667,0.2,0.028571,0,0.033058,0.033058,0,no
0.028777,0.272727,0,0,0,0,0.041667,0.2,0.028571,0,0.033058,0.033058,0,no
0.028777,0.181818,0,0,0,0,0.041667,0.2,0.028571,0,0.033058,0.033058,0,no
0.021583,0,0,0,0,0,0.041667,0.2,0.021429,0,0.024793,0.024793,0,no
0.021583,0.090909,0,0,0,0,0.041667,0.2,0.021429,0,0.024793,0.024793,0,no
0.021583,0.090909,0,0,0,0,0.041667,0.2,0.021429,0,0.024793,0.024793,0,no
0.021583,0.090909,0,0,0,0,0.041667,0.2,0.021429,0,0.024793,0.024793,0,no
0.028777,0.090909,0,0,0,0,0.083333,0.4,0.035714,0.010309,0.033058,0.024793,0,no
0.021583,0,0,0,0,0,0.041667,0.2,0.021429,0,0.024793,0.024793,0,no
0.021583,0.090909,0,0,0,0,0.041667,0.2,0.021429,0,0.024793,0.024793,0,no
0.021583,0.090909,0,0,0,0,0.041667,0.2,0.021429,0,0.024793,0.024793,0,no
0.021583,0.181818,0,0,0,0,0.041667,0.2,0.021429,0,0.024793,0.024793,0,no
0.021583,0.090909,0,0,0,0,0.041667,0.2,0.021429,0,0.024793,0.024793,0,no
0.021583,0.090909,0,0,0,0,0.041667,0.2,0.021429,0,0.024793,0.024793,0,no
0.021583,0.090909,0,0,0,0,0.041667,0.2,0.021429,0,0.024793,0.024793,0,no
0.021583,0.090909,0,0,0,0,0.041667,0.2,0.021429,0,0.024793,0.024793,0,no
0.021583,0.090909,0,0,0,0,0.041667,0.2,0.021429,0,0.024793,0.024793,0,no
0.021583,0.090909,0,0,0,0,0.041667,0.2,0.021429,0,0.024793,0.024793,1,no
0.021583,0.090909,0,0,0,0,0.041667,0.2,0.021429,0,0.024793,0.024793,0,no
0.021583,0.090909,0,0,0,0,0.041667,0.2,0.021429,0,0.024793,0.024793,0,no
0.021583,0.090909,0,0,0,0,0.041667,0.2,0.021429,0,0.024793,0.024793,0,no
0.021583,0.181818,0,0,0,0,0.041667,0.2,0.021429,0,0.024793,0.024793,1,no
0.021583,0.090909,0,0,0,0,0.041667,0.2,0.021429,0,0.024793,0.024793,0,no
0.021583,0.090909,0,0,0,0,0.041667,0.2,0.021429,0,0.024793,0.024793,0,no
0.021583,0.090909,0,0,0,0,0.041667,0.2,0.021429,0,0.024793,0.024793,0,no
0.021583,0.090909,0,0,0,0,0.041667,0.2,0.021429,0,0.024793,0.024793,0,no
0.021583,0.090909,0,0,0,0,0.041667,0.2,0.021429,0,0.024793,0.024793,0,no
0.021583,0.090909,0,0,0,0,0.041667,0.2,0.021429,0,0.024793,0.024793,0,no
0.021583,0.181818,0,0,0,0,0.041667,0.2,0.021429,0,0.024793,0.024793,0,no
0.014388,0,0,0,0,0,0.041667,0.2,0.014286,0,0.016529,0.016529,1,no
0.021583,0,0,0,0,0,0.041667,0.2,0.021429,0,0.024793,0.024793,1,no
0.014388,0.090909,0,0,0.011905,0,0.041667,0.2,0.014286,0,0.016529,0.016529,1,no
0.431655,0.090909,0,0,1,0,0.583333,0.4,0.457143,0.041237,0.264463,0.040142,1,no
0.021583,0.090909,0,0,0,0,0.041667,0.2,0.021429,0,0.024793,0.024793,0,no
0.014388,0.090909,0,0,0.011905,0,0.041667,0.2,0.014286,0,0.016529,0.016529,0,no
0.021583,0,0,0,0,0,0.041667,0.2,0.021429,0,0.024793,0.024793,0,no
0.021583,0,0,0,0,0,0.041667,0.2,0.021429,0,0.024793,0.024793,0,no
0.021583,0,0,0,0.02381,0,0.041667,0.2,0.021429,0,0.024793,0.024793,0,no
0.021583,0,0,0,0,0,0.041667,0.2,0.021429,0,0.024793,0.024793,0,no
0.021583,0,0,0,0.011905,0,0.041667,0.2,0.021429,0,0.024793,0.024793,0,no
0.021583,0,0,0,0,0,0.041667,0.2,0.021429,0,0.024793,0.024793,0,no
0.021583,0,0,0,0.011905,0,0.041667,0.2,0.021429,0,0.024793,0.024793,0,no
0.021583,0,0,0,0,0,0.041667,0.2,0.021429,0,0.024793,0.024793,0,no
0.021583,0.090909,0,0,0.011905,0,0.041667,0.2,0.021429,0,0.024793,0.024793,0,no
0.021583,0,0,0,0,0,0.041667,0.2,0.021429,0,0.024793,0.024793,0,no
0.028777,0.090909,0,0,0.02381,0.02439,0.041667,0.2,0.028571,0,0.033058,0.033058,0,no
0.021583,0.090909,0,0,0.011905,0,0.041667,0.2,0.021429,0,0.024793,0.024793,0,no
0.021583,0.181818,0,0,0.011905,0,0.041667,0.2,0.021429,0,0.024793,0.024793,0,no
0.021583,0.090909,0,0,0.011905,0,0.041667,0.2,0.021429,0,0.024793,0.024793,0,no
0.021583,0.181818,0,0,0.011905,0,0.041667,0.2,0.021429,0,0.024793,0.024793,0,no
0.021583,0.090909,0,0,0.011905,0,0.041667,0.2,0.021429,0,0.024793,0.024793,0,no
0.021583,0.181818,0,0,0.011905,0,0.041667,0.2,0.021429,0,0.024793,0.024793,0,no
0.021583,0.090909,0,0,0.011905,0,0.041667,0.2,0.021429,0,0.024793,0.024793,0,no
0.021583,0.181818,0,0,0.011905,0,0.041667,0.2,0.021429,0,0.024793,0.024793,0,no
0.021583,0,0,0,0,0,0.041667,0.2,0.021429,0,0.024793,0.024793,0,no
0.021583,0,0,0,0.02381,0,0.041667,0.2,0.021429,0,0.024793,0.024793,0,no
0.021583,0,0,0,0,0,0.041667,0.2,0.021429,0,0.024793,0.024793,0,no
0.028777,0.090909,0,0,0,0,0.041667,0.2,0.028571,0,0.033058,0.033058,0,no
0.043165,0,0,0,0.011905,0,0.041667,0.2,0.042857,0,0.049587,0.049587,0,no
0.043165,0,0,0,0.011905,0,0.041667,0.2,0.042857,0,0.049587,0.049587,0,no
0.021583,0,0,0,0.011905,0,0.041667,0.2,0.021429,0,0.024793,0.024793,0,no
0.021583,0,0,0,0,0,0.041667,0.2,0.021429,0,0.024793,0.024793,0,no
0.021583,0,0,0,0.02381,0,0.041667,0.2,0.021429,0,0.024793,0.024793,0,no
0.021583,0,0,0,0.02381,0,0.041667,0.2,0.021429,0,0.024793,0.024793,0,no
0.021583,0,0,0,0.011905,0,0.041667,0.2,0.021429,0,0.024793,0.024793,0,no
0.021583,0,0,0,0,0,0.041667,0.2,0.021429,0,0.024793,0.024793,0,no
0.021583,0,0,0,0.011905,0,0.041667,0.2,0.021429,0,0.024793,0.024793,0,no
0.021583,0,0,0,0.011905,0,0.041667,0.2,0.021429,0,0.024793,0.024793,0,no
0,0,0,0,0,0,0.041667,0.2,0,0,0,0,0,no
0,0,0,0,0,0,0.041667,0.2,0,0,0,0,0,no
0.021583,0.090909,0,0,0,0,0.041667,0.2,0.021429,0,0.024793,0.024793,1,no
0.014388,0.090909,0,0,0.011905,0,0.041667,0.2,0.014286,0,0.016529,0.016529,1,no
0.021583,0,0,0,0,0,0.041667,0.2,0.021429,0,0.024793,0.024793,1,no
0.021583,0,0,0,0,0,0.041667,0.2,0.021429,0,0.024793,0.024793,1,no
0.021583,0,0,0,0.02381,0,0.041667,0.2,0.021429,0,0.024793,0.024793,1,no
0.021583,0,0,0,0.011905,0,0.041667,0.2,0.021429,0,0.024793,0.024793,1,no
0.021583,0,0,0,0.011905,0,0.041667,0.2,0.021429,0,0.024793,0.024793,1,no
0.021583,0,0,0,0,0,0.041667,0.2,0.021429,0,0.024793,0.024793,1,no
0.021583,0,0,0,0.011905,0,0.083333,0.2,0.028571,0.010309,0.024793,0.020661,1,no
0.021583,0,0,0,0.011905,0,0.083333,0.2,0.028571,0.010309,0.024793,0.020661,1,no
0.028777,0,0,0,0.011905,0,0.083333,0.2,0.028571,0,0.024793,0.016529,1,no
0.021583,0,0,0,0.011905,0,0.041667,0.2,0.021429,0,0.024793,0.024793,1,no
0.021583,0,0,0,0,0,0.041667,0.2,0.021429,0,0.024793,0.024793,1,no
0.021583,0.090909,0,0,0.011905,0,0.041667,0.2,0.021429,0,0.024793,0.024793,1,no
0.021583,0,0,0,0,0,0.041667,0.2,0.021429,0,0.024793,0.024793,1,no
0.028777,0.090909,0,0,0.02381,0.02439,0.041667,0.2,0.028571,0,0.033058,0.033058,1,no
0.021583,0.090909,0,0,0.011905,0,0.041667,0.2,0.021429,0,0.024793,0.024793,1,no
0.021583,0.181818,0,0,0.011905,0,0.041667,0.2,0.021429,0,0.024793,0.024793,1,no
0.021583,0.090909,0,0,0.011905,0,0.041667,0.2,0.021429,0,0.024793,0.024793,1,no
0.021583,0.181818,0,0,0.011905,0,0.041667,0.2,0.021429,0,0.024793,0.024793,1,no
0.021583,0.090909,0,0,0.011905,0,0.041667,0.2,0.021429,0,0.024793,0.024793,1,no
0.021583,0.181818,0,0,0.011905,0,0.041667,0.2,0.021429,0,0.024793,0.024793,1,no
0.021583,0.090909,0,0,0.011905,0,0.041667,0.2,0.021429,0,0.024793,0.024793,1,no
0.021583,0.181818,0,0,0.011905,0,0.041667,0.2,0.021429,0,0.024793,0.024793,1,no
0.021583,0,0,0,0,0,0.041667,0.2,0.021429,0,0.024793,0.024793,1,no
0.021583,0,0,0,0.02381,0,0.041667,0.2,0.021429,0,0.024793,0.024793,1,no
0.021583,0,0,0,0,0,0.083333,0.2,0.021429,0,0.016529,0.012397,1,no
0.028777,0.090909,0,0,0,0,0.041667,0.2,0.028571,0,0.033058,0.033058,1,no
0.043165,0,0,0,0.011905,0,0.083333,0.2,0.042857,0,0.041322,0.024793,1,no
0.021583,0,0,0,0.011905,0,0.083333,0.2,0.028571,0.010309,0.024793,0.020661,1,no
0.021583,0,0,0,0,0,0.083333,0.2,0.035714,0.020619,0.041322,0.028926,1,no
0.021583,0,0,0,0.02381,0,0.041667,0.2,0.021429,0,0.024793,0.024793,1,no
0.021583,0,0,0,0.02381,0,0.041667,0.2,0.021429,0,0.024793,0.024793,1,no
0.021583,0,0,0,0.011905,0,0.041667,0.2,0.021429,0,0.024793,0.024793,1,no
0.035971,0,0,0,0.011905,0,0.041667,0.2,0.035714,0,0.041322,0.041322,1,no
0.021583,0,0,0,0,0,0.083333,0.2,0.028571,0.010309,0.024793,0.020661,1,no
0.021583,0,0,0,0.011905,0,0.083333,0.2,0.028571,0.010309,0.024793,0.020661,1,no
0.021583,0,0,0,0.011905,0,0.083333,0.2,0.028571,0.010309,0.024793,0.020661,1,no
0.021583,0,0,0,0.011905,0,0.041667,0.2,0.021429,0,0.024793,0.024793,1,no
0,0,0,0,0.011905,0,0.041667,0.2,0,0,0,0,1,no
0,0,0,0,0.011905,0,0.041667,0.2,0,0,0,0,1,no
0,0,0,0,0,0,0.041667,0.2,0,0,0,0,1,no
0,0,0,0,0,0,0.041667,0.2,0,0,0,0,1,no
0,0,0,0,0,0,0.041667,0.2,0,0,0,0,1,no
0.021583,0.090909,0,0,0,0,0.041667,0.2,0.021429,0,0.024793,0.024793,0,no
0.014388,0.090909,0,0,0.011905,0,0.041667,0.2,0.014286,0,0.016529,0.016529,0,no
0.021583,0,0,0,0,0,0.041667,0.2,0.021429,0,0.024793,0.024793,0,no
0.021583,0,0,0,0,0,0.041667,0.2,0.021429,0,0.024793,0.024793,0,no
0.021583,0,0,0,0,0,0.041667,0.2,0.021429,0,0.024793,0.024793,0,no
0.021583,0,0,0,0.02381,0,0.041667,0.2,0.021429,0,0.024793,0.024793,0,no
0.021583,0,0,0,0.011905,0,0.041667,0.2,0.021429,0,0.024793,0.024793,0,no
0.021583,0,0,0,0.011905,0,0.041667,0.2,0.021429,0,0.024793,0.024793,0,no
0.028777,0,0,0,0,0,0.041667,0.2,0.028571,0,0.033058,0.033058,0,no
0.021583,0,0,0,0.011905,0,0.041667,0.2,0.021429,0,0.024793,0.024793,0,no
0.021583,0,0,0,0,0,0.041667,0.2,0.021429,0,0.024793,0.024793,0,no
0.021583,0.090909,0,0,0.011905,0,0.041667,0.2,0.021429,0,0.024793,0.024793,0,no
0.021583,0,0,0,0,0,0.041667,0.2,0.021429,0,0.024793,0.024793,0,no
0.028777,0.090909,0,0,0.02381,0.02439,0.041667,0.2,0.028571,0,0.033058,0.033058,0,no
0.021583,0.090909,0,0,0.011905,0,0.041667,0.2,0.021429,0,0.024793,0.024793,0,no
0.021583,0.181818,0,0,0.011905,0,0.041667,0.2,0.021429,0,0.024793,0.024793,0,no
0.021583,0.090909,0,0,0.011905,0,0.041667,0.2,0.021429,0,0.024793,0.024793,0,no
0.021583,0.181818,0,0,0.011905,0,0.041667,0.2,0.021429,0,0.024793,0.024793,0,no
0.021583,0.090909,0,0,0.011905,0,0.041667,0.2,0.021429,0,0.024793,0.024793,0,no
0.021583,0.181818,0,0,0.011905,0,0.041667,0.2,0.021429,0,0.024793,0.024793,0,no
0.021583,0.090909,0,0,0.011905,0,0.041667,0.2,0.021429,0,0.024793,0.024793,0,no
0.021583,0.181818,0,0,0.011905,0,0.041667,0.2,0.021429,0,0.024793,0.024793,0,no
0.021583,0,0,0,0,0,0.041667,0.2,0.021429,0,0.024793,0.024793,0,no
0.021583,0,0,0,0.02381,0,0.041667,0.2,0.021429,0,0.024793,0.024793,0,no
0.021583,0,0,0,0,0,0.041667,0.2,0.021429,0,0.024793,0.024793,0,no
0.028777,0.090909,0,0,0,0,0.041667,0.2,0.028571,0,0.033058,0.033058,0,no
0.057554,0,0,0,0.02381,0,0.041667,0.2,0.057143,0,0.066116,0.066116,0,no
0.043165,0,0,0,0.011905,0,0.041667,0.2,0.042857,0,0.049587,0.049587,0,no
0.043165,0,0,0,0.011905,0,0.041667,0.2,0.042857,0,0.049587,0.049587,0,no
0.021583,0,0,0,0.011905,0,0.041667,0.2,0.021429,0,0.024793,0.024793,0,no
0.021583,0,0,0,0,0,0.041667,0.2,0.021429,0,0.024793,0.024793,0,no
0.021583,0,0,0,0,0,0.041667,0.2,0.021429,0,0.024793,0.024793,0,no
0.021583,0,0,0,0.02381,0,0.041667,0.2,0.021429,0,0.024793,0.024793,0,no
0.021583,0,0,0,0.02381,0,0.041667,0.2,0.021429,0,0.024793,0.024793,0,no
0.021583,0,0,0,0.011905,0,0.041667,0.2,0.021429,0,0.024793,0.024793,0,no
0.021583,0,0,0,0.011905,0,0.041667,0.2,0.021429,0,0.024793,0.024793,0,no
0.021583,0,0,0,0.011905,0,0.041667,0.2,0.021429,0,0.024793,0.024793,0,no
0.021583,0,0,0,0.011905,0,0.041667,0.2,0.021429,0,0.024793,0.024793,0,no
0.043165,0.090909,0,0,0,0,0.041667,0.2,0.042857,0,0.049587,0.049587,0,no
0.035971,0.090909,0,0,0,0,0.041667,0.2,0.035714,0,0.041322,0.041322,0,no
0,0,0,0,0,0,0.041667,0.2,0,0,0,0,0,no
0,0,0,0,0,0,0.041667,0.2,0,0,0,0,0,no
0,0,0,0,0,0,0.041667,0.2,0,0,0,0,0,no
0,0,0,0,0,0,0.041667,0.2,0,0,0,0,0,no
0.021583,0.090909,0,0,0,0,0.041667,0.2,0.021429,0,0.024793,0.024793,0,no
0.014388,0.090909,0,0,0.011905,0,0.041667,0.2,0.014286,0,0.016529,0.016529,0,no
0.021583,0,0,0,0,0,0.041667,0.2,0.021429,0,0.024793,0.024793,0,no
0.021583,0,0,0,0,0,0.041667,0.2,0.021429,0,0.024793,0.024793,0,no
0.021583,0,0,0,0.02381,0,0.041667,0.2,0.021429,0,0.024793,0.024793,0,no
0.021583,0,0,0,0,0,0.041667,0.2,0.021429,0,0.024793,0.024793,0,no
0.021583,0,0,0,0.011905,0,0.041667,0.2,0.021429,0,0.024793,0.024793,0,no
0.021583,0,0,0,0,0,0.041667,0.2,0.021429,0,0.024793,0.024793,0,no
0.021583,0,0,0,0.011905,0,0.041667,0.2,0.021429,0,0.024793,0.024793,0,no
0.021583,0,0,0,0,0,0.041667,0.2,0.021429,0,0.024793,0.024793,0,no
0.021583,0.090909,0,0,0.011905,0,0.041667,0.2,0.021429,0,0.024793,0.024793,0,no
0.021583,0,0,0,0,0,0.041667,0.2,0.021429,0,0.024793,0.024793,0,no
0.028777,0.090909,0,0,0.02381,0.02439,0.041667,0.2,0.028571,0,0.033058,0.033058,0,no
0.021583,0.090909,0,0,0.011905,0,0.041667,0.2,0.021429,0,0.024793,0.024793,0,no
0.021583,0.181818,0,0,0.011905,0,0.041667,0.2,0.021429,0,0.024793,0.024793,0,no
0.021583,0.090909,0,0,0.011905,0,0.041667,0.2,0.021429,0,0.024793,0.024793,0,no
0.021583,0.181818,0,0,0.011905,0,0.041667,0.2,0.021429,0,0.024793,0.024793,0,no
0.021583,0.090909,0,0,0.011905,0,0.041667,0.2,0.021429,0,0.024793,0.024793,0,no
0.021583,0.181818,0,0,0.011905,0,0.041667,0.2,0.021429,0,0.024793,0.024793,0,no
0.021583,0.090909,0,0,0.011905,0,0.041667,0.2,0.021429,0,0.024793,0.024793,0,no
0.021583,0.181818,0,0,0.011905,0,0.041667,0.2,0.021429,0,0.024793,0.024793,0,no
0.021583,0,0,0,0,0,0.041667,0.2,0.021429,0,0.024793,0.024793,0,no
0.021583,0,0,0,0.02381,0,0.041667,0.2,0.021429,0,0.024793,0.024793,0,no
0.021583,0,0,0,0,0,0.041667,0.2,0.021429,0,0.024793,0.024793,0,no
0.028777,0.090909,0,0,0,0,0.041667,0.2,0.028571,0,0.033058,0.033058,0,no
0.043165,0,0,0,0.011905,0,0.041667,0.2,0.042857,0,0.049587,0.049587,0,no
0.043165,0,0,0,0.011905,0,0.041667,0.2,0.042857,0,0.049587,0.049587,0,no
0.021583,0,0,0,0.011905,0,0.041667,0.2,0.021429,0,0.024793,0.024793,0,no
0.021583,0,0,0,0,0,0.041667,0.2,0.021429,0,0.024793,0.024793,0,no
0.021583,0,0,0,0.02381,0,0.041667,0.2,0.021429,0,0.024793,0.024793,0,no
0.021583,0,0,0,0.02381,0,0.041667,0.2,0.021429,0,0.024793,0.024793,0,no
0.021583,0,0,0,0.011905,0,0.041667,0.2,0.021429,0,0.024793,0.024793,0,no
0.021583,0,0,0,0,0,0.041667,0.2,0.021429,0,0.024793,0.024793,0,no
0.021583,0,0,0,0.011905,0,0.041667,0.2,0.021429,0,0.024793,0.024793,0,no
0.021583,0,0,0,0.011905,0,0.041667,0.2,0.021429,0,0.024793,0.024793,0,no
0.043165,0.090909,0,0,0,0,0.041667,0.2,0.042857,0,0.049587,0.049587,0,no
0,0,0,0,0,0,0.041667,0.2,0,0,0,0,0,no
0,0,0,0,0,0,0.041667,0.2,0,0,0,0,0,no
0.021583,0.090909,0,0,0,0,0.041667,0.2,0.021429,0,0.024793,0.024793,1,no
0.014388,0.090909,0,0,0.011905,0,0.041667,0.2,0.014286,0,0.016529,0.016529,1,no
0.021583,0,0,0,0,0,0.041667,0.2,0.021429,0,0.024793,0.024793,1,no
0.021583,0,0,0,0,0,0.041667,0.2,0.021429,0,0.024793,0.024793,1,no
0.021583,0,0,0,0.02381,0,0.041667,0.2,0.021429,0,0.024793,0.024793,1,no
0.021583,0,0,0,0.011905,0,0.041667,0.2,0.021429,0,0.024793,0.024793,1,no
0.021583,0,0,0,0.011905,0,0.041667,0.2,0.021429,0,0.024793,0.024793,1,no
0.021583,0,0,0,0,0,0.041667,0.2,0.021429,0,0.024793,0.024793,1,no
0.021583,0,0,0,0,0,0.041667,0.2,0.021429,0,0.024793,0.024793,1,no
0.021583,0,0,0,0.011905,0,0.083333,0.2,0.028571,0.010309,0.024793,0.020661,1,no
0.021583,0,0,0,0.011905,0,0.083333,0.2,0.028571,0.010309,0.024793,0.020661,1,no
0.021583,0,0,0,0.011905,0,0.041667,0.2,0.021429,0,0.024793,0.024793,1,no
0.035971,0,0,0,0.011905,0,0.125,0.2,0.035714,0,0.024793,0.013774,1,no
0.021583,0,0,0,0.011905,0,0.041667,0.2,0.021429,0,0.024793,0.024793,1,no
0.021583,0,0,0,0,0,0.041667,0.2,0.021429,0,0.024793,0.024793,1,no
0.021583,0.090909,0,0,0.011905,0,0.041667,0.2,0.021429,0,0.024793,0.024793,1,no
0.021583,0,0,0,0,0,0.041667,0.2,0.021429,0,0.024793,0.024793,1,no
0.028777,0.090909,0,0,0.02381,0.02439,0.041667,0.2,0.028571,0,0.033058,0.033058,1,no
0.021583,0.090909,0,0,0.011905,0,0.041667,0.2,0.021429,0,0.024793,0.024793,1,no
0.021583,0.181818,0,0,0.011905,0,0.041667,0.2,0.021429,0,0.024793,0.024793,1,no
0.021583,0.090909,0,0,0.011905,0,0.041667,0.2,0.021429,0,0.024793,0.024793,1,no
0.021583,0.181818,0,0,0.011905,0,0.041667,0.2,0.021429,0,0.024793,0.024793,1,no
0.021583,0.090909,0,0,0.011905,0,0.041667,0.2,0.021429,0,0.024793,0.024793,1,no
0.021583,0.181818,0,0,0.011905,0,0.041667,0.2,0.021429,0,0.024793,0.024793,1,no
0.021583,0.090909,0,0,0.011905,0,0.041667,0.2,0.021429,0,0.024793,0.024793,1,no
0.021583,0.181818,0,0,0.011905,0,0.041667,0.2,0.021429,0,0.024793,0.024793,1,no
0.021583,0,0,0,0,0,0.041667,0.2,0.021429,0,0.024793,0.024793,1,no
0.021583,0,0,0,0.02381,0,0.041667,0.2,0.021429,0,0.024793,0.024793,1,no
0.021583,0,0,0,0,0,0.083333,0.2,0.021429,0,0.016529,0.012397,1,no
0.028777,0.090909,0,0,0,0,0.041667,0.2,0.028571,0,0.033058,0.033058,1,no
0.043165,0,0,0,0.011905,0,0.083333,0.2,0.042857,0,0.041322,0.024793,1,no
0.043165,0,0,0,0.011905,0,0.041667,0.2,0.042857,0,0.049587,0.049587,1,no
0.021583,0,0,0,0.011905,0,0.083333,0.2,0.028571,0.010309,0.024793,0.020661,1,no
0.021583,0,0,0,0,0,0.083333,0.2,0.035714,0.020619,0.041322,0.028926,1,no
0.021583,0,0,0,0.02381,0,0.041667,0.2,0.021429,0,0.024793,0.024793,1,no
0.021583,0,0,0,0.02381,0,0.041667,0.2,0.021429,0,0.024793,0.024793,1,no
0.021583,0,0,0,0.011905,0,0.041667,0.2,0.021429,0,0.024793,0.024793,1,no
0.035971,0,0,0,0.011905,0,0.041667,0.2,0.035714,0,0.041322,0.041322,1,no
0.021583,0,0,0,0,0,0.083333,0.2,0.028571,0.010309,0.024793,0.020661,1,no
0.021583,0,0,0,0,0,0.041667,0.2,0.021429,0,0.024793,0.024793,1,no
0.021583,0,0,0,0.011905,0,0.083333,0.2,0.028571,0.010309,0.024793,0.020661,1,no
0.021583,0,0,0,0.011905,0,0.083333,0.2,0.028571,0.010309,0.024793,0.020661,1,no
0.021583,0,0,0,0.011905,0,0.041667,0.2,0.021429,0,0.024793,0.024793,1,no
0.021583,0,0,0,0.011905,0,0.041667,0.2,0.021429,0,0.024793,0.024793,1,no
0.043165,0.090909,0,0,0,0,0.083333,0.2,0.042857,0,0.041322,0.024793,1,no
0.043165,0.090909,0,0,0,0,0.041667,0.2,0.042857,0,0.049587,0.049587,1,no
0,0,0,0,0.011905,0,0.041667,0.2,0,0,0,0,1,no
0,0,0,0,0.011905,0,0.041667,0.2,0,0,0,0,1,no
0,0,0,0,0,0,0.041667,0.2,0,0,0,0,1,no
0,0,0,0,0,0,0.041667,0.2,0,0,0,0,1,no
0,0,0,0,0,0,0.041667,0.2,0,0,0,0,1,no
0,0,0,0,0,0,0.041667,0.2,0,0,0,0,1,no
0,0,0,0,0,0,0.041667,0.2,0,0,0,0,1,no
0.021583,0.090909,0,0,0,0,0.041667,0.2,0.021429,0,0.024793,0.024793,1,no
0.014388,0.090909,0,0,0.011905,0,0.041667,0.2,0.014286,0,0.016529,0.016529,1,no
0.021583,0,0,0,0,0,0.041667,0.2,0.021429,0,0.024793,0.024793,1,no
0.021583,0,0,0,0,0,0.041667,0.2,0.021429,0,0.024793,0.024793,1,no
0.021583,0,0,0,0.02381,0,0.041667,0.2,0.021429,0,0.024793,0.024793,1,no
0.021583,0.090909,0,0,0.011905,0,0.041667,0.2,0.021429,0,0.024793,0.024793,1,no
0.021583,0,0,0,0,0,0.041667,0.2,0.021429,0,0.024793,0.024793,1,no
0.021583,0,0,0,0.011905,0,0.041667,0.2,0.021429,0,0.024793,0.024793,1,no
0.021583,0.090909,0,0,0.011905,0,0.041667,0.2,0.021429,0,0.024793,0.024793,1,no
0.021583,0,0,0,0.011905,0,0.041667,0.2,0.021429,0,0.024793,0.024793,1,no
0.021583,0,0,0,0,0,0.083333,0.2,0.021429,0,0.016529,0.012397,1,no
0.021583,0,0,0,0.011905,0,0.041667,0.2,0.021429,0,0.024793,0.024793,1,no
0.021583,0,0,0,0,0,0.041667,0.2,0.021429,0,0.024793,0.024793,1,no
0.021583,0.090909,0,0,0.011905,0,0.041667,0.2,0.021429,0,0.024793,0.024793,1,no
0.021583,0,0,0,0,0,0.041667,0.2,0.021429,0,0.024793,0.024793,1,no
0.028777,0.090909,0,0,0.02381,0.02439,0.041667,0.2,0.028571,0,0.033058,0.033058,1,no
0.021583,0.090909,0,0,0.011905,0,0.041667,0.2,0.021429,0,0.024793,0.024793,1,no
0.021583,0.181818,0,0,0.011905,0,0.041667,0.2,0.021429,0,0.024793,0.024793,1,no
0.021583,0.090909,0,0,0.011905,0,0.041667,0.2,0.021429,0,0.024793,0.024793,1,no
0.021583,0.181818,0,0,0.011905,0,0.041667,0.2,0.021429,0,0.024793,0.024793,1,no
0.021583,0.090909,0,0,0.011905,0,0.041667,0.2,0.021429,0,0.024793,0.024793,1,no
0.021583,0.181818,0,0,0.011905,0,0.041667,0.2,0.021429,0,0.024793,0.024793,1,no
0.021583,0.090909,0,0,0.011905,0,0.041667,0.2,0.021429,0,0.024793,0.024793,1,no
0.021583,0.181818,0,0,0.011905,0,0.041667,0.2,0.021429,0,0.024793,0.024793,1,no
0.021583,0,0,0,0,0,0.041667,0.2,0.021429,0,0.024793,0.024793,1,no
0.021583,0,0,0,0.02381,0,0.041667,0.2,0.021429,0,0.024793,0.024793,1,no
0.021583,0,0,0,0,0,0.083333,0.2,0.021429,0,0.016529,0.012397,1,no
0.028777,0.090909,0,0,0,0,0.041667,0.2,0.028571,0,0.033058,0.033058,1,no
0.021583,0,0,0,0.02381,0,0.041667,0.2,0.021429,0,0.024793,0.024793,1,no
0.021583,0.090909,0,0,0.02381,0,0.041667,0.2,0.021429,0,0.024793,0.024793,1,no
0.021583,0,0,0,0.011905,0,0.083333,0.2,0.028571,0.010309,0.024793,0.020661,1,no
0.021583,0,0,0,0,0,0.083333,0.2,0.035714,0.020619,0.041322,0.028926,1,no
0.021583,0,0,0,0.02381,0,0.041667,0.2,0.021429,0,0.024793,0.024793,1,no
0.021583,0,0,0,0.02381,0,0.041667,0.2,0.021429,0,0.024793,0.024793,1,no
0.021583,0,0,0,0.011905,0,0.041667,0.2,0.021429,0,0.024793,0.024793,1,no
0.021583,0.090909,0,0,0.011905,0,0.041667,0.2,0.021429,0,0.024793,0.024793,1,no
0.021583,0,0,0,0.011905,0,0.041667,0.2,0.021429,0,0.024793,0.024793,1,no
0.021583,0,0,0,0.011905,0,0.041667,0.2,0.021429,0,0.024793,0.024793,1,no
0,0.090909,0,0,0.011905,0,0.041667,0.2,0,0,0,0,1,no
0,0,0,0,0,0,0.041667,0.2,0,0,0,0,1,no
0,0,0,0,0.011905,0,0.041667,0.2,0,0,0,0,1,no
0,0.090909,0,0,0.011905,0,0.041667,0.2,0,0,0,0,1,no
0,0,0,0,0.011905,0,0.041667,0.2,0,0,0,0,1,no
0.021583,0.090909,0,0,0,0,0.041667,0.2,0.021429,0,0.024793,0.024793,0,no
0.014388,0.090909,0,0,0.011905,0,0.041667,0.2,0.014286,0,0.016529,0.016529,0,no
0.021583,0,0,0,0,0,0.041667,0.2,0.021429,0,0.024793,0.024793,0,no
0.021583,0,0,0,0,0,0.041667,0.2,0.021429,0,0.024793,0.024793,0,no
0.021583,0,0,0,0.02381,0,0.041667,0.2,0.021429,0,0.024793,0.024793,0,no
0.021583,0,0,0,0,0,0.041667,0.2,0.021429,0,0.024793,0.024793,0,no
0.021583,0,0,0,0.011905,0,0.041667,0.2,0.021429,0,0.024793,0.024793,0,no
0.021583,0,0,0,0.011905,0,0.041667,0.2,0.021429,0,0.024793,0.024793,0,no
0.028777,0,0,0,0,0,0.041667,0.2,0.028571,0,0.033058,0.033058,0,no
0.021583,0,0,0,0.011905,0,0.041667,0.2,0.021429,0,0.024793,0.024793,0,no
0.021583,0,0,0,0,0,0.041667,0.2,0.021429,0,0.024793,0.024793,0,no
0.021583,0.090909,0,0,0.011905,0,0.041667,0.2,0.021429,0,0.024793,0.024793,0,no
0.021583,0,0,0,0,0,0.041667,0.2,0.021429,0,0.024793,0.024793,0,no
0.028777,0.090909,0,0,0.02381,0.02439,0.041667,0.2,0.028571,0,0.033058,0.033058,0,no
0.021583,0.090909,0,0,0.011905,0,0.041667,0.2,0.021429,0,0.024793,0.024793,0,no
0.021583,0.181818,0,0,0.011905,0,0.041667,0.2,0.021429,0,0.024793,0.024793,0,no
0.021583,0.090909,0,0,0.011905,0,0.041667,0.2,0.021429,0,0.024793,0.024793,0,no
0.021583,0.181818,0,0,0.011905,0,0.041667,0.2,0.021429,0,0.024793,0.024793,0,no
0.021583,0.090909,0,0,0.011905,0,0.041667,0.2,0.021429,0,0.024793,0.024793,0,no
0.021583,0.181818,0,0,0.011905,0,0.041667,0.2,0.021429,0,0.024793,0.024793,0,no
0.021583,0.090909,0,0,0.011905,0,0.041667,0.2,0.021429,0,0.024793,0.024793,0,no
0.021583,0.181818,0,0,0.011905,0,0.041667,0.2,0.021429,0,0.024793,0.024793,0,no
0.021583,0,0,0,0,0,0.041667,0.2,0.021429,0,0.024793,0.024793,0,no
0.021583,0,0,0,0.02381,0,0.041667,0.2,0.021429,0,0.024793,0.024793,0,no
0.021583,0,0,0,0,0,0.041667,0.2,0.021429,0,0.024793,0.024793,0,no
0.028777,0.090909,0,0,0,0,0.041667,0.2,0.028571,0,0.033058,0.033058,0,no
0.057554,0,0,0,0.02381,0,0.041667,0.2,0.057143,0,0.066116,0.066116,0,no
0.043165,0,0,0,0.011905,0,0.041667,0.2,0.042857,0,0.049587,0.049587,0,no
0.043165,0,0,0,0.011905,0,0.041667,0.2,0.042857,0,0.049587,0.049587,0,no
0.021583,0,0,0,0.011905,0,0.041667,0.2,0.021429,0,0.024793,0.024793,0,no
0.021583,0,0,0,0,0,0.041667,0.2,0.021429,0,0.024793,0.024793,0,no
0.021583,0,0,0,0.02381,0,0.041667,0.2,0.021429,0,0.024793,0.024793,0,no
0.021583,0,0,0,0.02381,0,0.041667,0.2,0.021429,0,0.024793,0.024793,0,no
0.021583,0,0,0,0.011905,0,0.041667,0.2,0.021429,0,0.024793,0.024793,0,no
0.021583,0,0,0,0,0,0.041667,0.2,0.021429,0,0.024793,0.024793,0,no
0.021583,0,0,0,0.011905,0,0.041667,0.2,0.021429,0,0.024793,0.024793,0,no
0.021583,0,0,0,0.011905,0,0.041667,0.2,0.021429,0,0.024793,0.024793,0,no
0.021583,0,0,0,0.011905,0,0.041667,0.2,0.021429,0,0.024793,0.024793,0,no
0.035971,0.090909,0,0,0,0,0.041667,0.2,0.035714,0,0.041322,0.041322,0,no
0.043165,0.090909,0,0,0,0,0.041667,0.2,0.042857,0,0.049587,0.049587,0,no
0,0,0,0,0,0,0.041667,0.2,0,0,0,0,0,no
0,0,0,0,0,0,0.041667,0.2,0,0,0,0,0,no
0,0,0,0,0,0,0.041667,0.2,0,0,0,0,0,no
0,0,0,0,0,0,0.041667,0.2,0,0,0,0,0,no
0.021583,0.090909,0,0,0,0,0.041667,0.2,0.021429,0,0.024793,0.024793,0,no
0.014388,0.090909,0,0,0.011905,0,0.041667,0.2,0.014286,0,0.016529,0.016529,0,no
0.021583,0,0,0,0,0,0.041667,0.2,0.021429,0,0.024793,0.024793,0,no
0.021583,0,0,0,0,0,0.041667,0.2,0.021429,0,0.024793,0.024793,0,no
0.021583,0,0,0,0.02381,0,0.041667,0.2,0.021429,0,0.024793,0.024793,0,no
0.021583,0.090909,0,0,0.011905,0,0.041667,0.2,0.021429,0,0.024793,0.024793,0,no
0.021583,0,0,0,0,0,0.041667,0.2,0.021429,0,0.024793,0.024793,0,no
0.021583,0,0,0,0.011905,0,0.041667,0.2,0.021429,0,0.024793,0.024793,0,no
0.021583,0.090909,0,0,0.011905,0,0.041667,0.2,0.021429,0,0.024793,0.024793,0,no
0.021583,0,0,0,0.011905,0,0.041667,0.2,0.021429,0,0.024793,0.024793,0,no
0.021583,0,0,0,0,0,0.041667,0.2,0.021429,0,0.024793,0.024793,0,no
0.021583,0,0,0,0.011905,0,0.041667,0.2,0.021429,0,0.024793,0.024793,0,no
0.021583,0,0,0,0,0,0.041667,0.2,0.021429,0,0.024793,0.024793,0,no
0.021583,0.090909,0,0,0.011905,0,0.041667,0.2,0.021429,0,0.024793,0.024793,0,no
0.021583,0,0,0,0,0,0.041667,0.2,0.021429,0,0.024793,0.024793,0,no
0.028777,0.090909,0,0,0.02381,0.02439,0.041667,0.2,0.028571,0,0.033058,0.033058,0,no
0.021583,0.090909,0,0,0.011905,0,0.041667,0.2,0.021429,0,0.024793,0.024793,0,no
0.021583,0.181818,0,0,0.011905,0,0.041667,0.2,0.021429,0,0.024793,0.024793,0,no
0.021583,0.090909,0,0,0.011905,0,0.041667,0.2,0.021429,0,0.024793,0.024793,0,no
0.021583,0.181818,0,0,0.011905,0,0.041667,0.2,0.021429,0,0.024793,0.024793,0,no
0.021583,0.090909,0,0,0.011905,0,0.041667,0.2,0.021429,0,0.024793,0.024793,0,no
0.021583,0.181818,0,0,0.011905,0,0.041667,0.2,0.021429,0,0.024793,0.024793,0,no
0.021583,0.090909,0,0,0.011905,0,0.041667,0.2,0.021429,0,0.024793,0.024793,0,no
0.021583,0.181818,0,0,0.011905,0,0.041667,0.2,0.021429,0,0.024793,0.024793,0,no
0.021583,0,0,0,0,0,0.041667,0.2,0.021429,0,0.024793,0.024793,0,no
0.021583,0,0,0,0.02381,0,0.041667,0.2,0.021429,0,0.024793,0.024793,0,no
0.021583,0,0,0,0,0,0.041667,0.2,0.021429,0,0.024793,0.024793,0,no
0.028777,0.090909,0,0,0,0,0.041667,0.2,0.028571,0,0.033058,0.033058,0,no
0.021583,0,0,0,0.02381,0,0.041667,0.2,0.021429,0,0.024793,0.024793,0,no
0.021583,0.090909,0,0,0.02381,0,0.041667,0.2,0.021429,0,0.024793,0.024793,0,no
0.021583,0,0,0,0.011905,0,0.041667,0.2,0.021429,0,0.024793,0.024793,0,no
0.021583,0,0,0,0,0,0.041667,0.2,0.021429,0,0.024793,0.024793,0,no
0.021583,0,0,0,0.02381,0,0.041667,0.2,0.021429,0,0.024793,0.024793,0,no
0.021583,0,0,0,0.02381,0,0.041667,0.2,0.021429,0,0.024793,0.024793,0,no
0.021583,0,0,0,0.011905,0,0.041667,0.2,0.021429,0,0.024793,0.024793,0,no
0.021583,0.090909,0,0,0.011905,0,0.041667,0.2,0.021429,0,0.024793,0.024793,0,no
0.021583,0,0,0,0.011905,0,0.041667,0.2,0.021429,0,0.024793,0.024793,0,no
0.021583,0,0,0,0.011905,0,0.041667,0.2,0.021429,0,0.024793,0.024793,0,no
0.021583,0,0,0,0.011905,0,0.041667,0.2,0.021429,0,0.024793,0.024793,0,no
0.021583,0.090909,0,0,0,0,0.041667,0.2,0.021429,0,0.024793,0.024793,0,no
0.014388,0.090909,0,0,0.011905,0,0.041667,0.2,0.014286,0,0.016529,0.016529,0,no
0.021583,0,0,0,0,0,0.041667,0.2,0.021429,0,0.024793,0.024793,0,no
0.021583,0,0,0,0,0,0.041667,0.2,0.021429,0,0.024793,0.024793,0,no
0.021583,0,0,0,0.02381,0,0.041667,0.2,0.021429,0,0.024793,0.024793,0,no
0.021583,0,0,0,0,0,0.041667,0.2,0.021429,0,0.024793,0.024793,0,no
0.021583,0,0,0,0.011905,0,0.041667,0.2,0.021429,0,0.024793,0.024793,0,no
0.021583,0,0,0,0.011905,0,0.041667,0.2,0.021429,0,0.024793,0.024793,0,no
0.028777,0,0,0,0,0,0.041667,0.2,0.028571,0,0.033058,0.033058,0,no
0.021583,0,0,0,0.011905,0,0.041667,0.2,0.021429,0,0.024793,0.024793,0,no
0.021583,0,0,0,0,0,0.041667,0.2,0.021429,0,0.024793,0.024793,0,no
0.021583,0.090909,0,0,0.011905,0,0.041667,0.2,0.021429,0,0.024793,0.024793,0,no
0.021583,0,0,0,0,0,0.041667,0.2,0.021429,0,0.024793,0.024793,0,no
0.028777,0.090909,0,0,0.02381,0.02439,0.041667,0.2,0.028571,0,0.033058,0.033058,0,no
0.021583,0.090909,0,0,0.011905,0,0.041667,0.2,0.021429,0,0.024793,0.024793,0,no
0.021583,0.181818,0,0,0.011905,0,0.041667,0.2,0.021429,0,0.024793,0.024793,0,no
0.021583,0.090909,0,0,0.011905,0,0.041667,0.2,0.021429,0,0.024793,0.024793,0,no
0.021583,0.181818,0,0,0.011905,0,0.041667,0.2,0.021429,0,0.024793,0.024793,0,no
0.021583,0.090909,0,0,0.011905,0,0.041667,0.2,0.021429,0,0.024793,0.024793,0,no
0.021583,0.181818,0,0,0.011905,0,0.041667,0.2,0.021429,0,0.024793,0.024793,0,no
0.021583,0.090909,0,0,0.011905,0,0.041667,0.2,0.021429,0,0.024793,0.024793,0,no
0.021583,0.181818,0,0,0.011905,0,0.041667,0.2,0.021429,0,0.024793,0.024793,0,no
0.021583,0,0,0,0,0,0.041667,0.2,0.021429,0,0.024793,0.024793,0,no
0.021583,0,0,0,0.02381,0,0.041667,0.2,0.021429,0,0.024793,0.024793,0,no
0.021583,0,0,0,0,0,0.041667,0.2,0.021429,0,0.024793,0.024793,0,no
0.028777,0.090909,0,0,0,0,0.041667,0.2,0.028571,0,0.033058,0.033058,0,no
0.057554,0,0,0,0.02381,0,0.041667,0.2,0.057143,0,0.066116,0.066116,0,no
0.043165,0,0,0,0.011905,0,0.041667,0.2,0.042857,0,0.049587,0.049587,0,no
0.043165,0,0,0,0.011905,0,0.041667,0.2,0.042857,0,0.049587,0.049587,0,no
0.021583,0,0,0,0.011905,0,0.041667,0.2,0.021429,0,0.024793,0.024793,0,no
0.021583,0,0,0,0,0,0.041667,0.2,0.021429,0,0.024793,0.024793,0,no
0.021583,0,0,0,0.02381,0,0.041667,0.2,0.021429,0,0.024793,0.024793,0,no
0.021583,0,0,0,0.02381,0,0.041667,0.2,0.021429,0,0.024793,0.024793,0,no
0.021583,0,0,0,0.011905,0,0.041667,0.2,0.021429,0,0.024793,0.024793,0,no
0.021583,0,0,0,0,0,0.041667,0.2,0.021429,0,0.024793,0.024793,0,no
0.021583,0,0,0,0.011905,0,0.041667,0.2,0.021429,0,0.024793,0.024793,0,no
0.021583,0,0,0,0.011905,0,0.041667,0.2,0.021429,0,0.024793,0.024793,0,no
0.021583,0,0,0,0.011905,0,0.041667,0.2,0.021429,0,0.024793,0.024793,0,no
0.021583,0,0,0,0.011905,0,0.041667,0.2,0.021429,0,0.024793,0.024793,0,no
0.035971,0.090909,0,0,0,0,0.041667,0.2,0.035714,0,0.041322,0.041322,0,no
0,0,0,0,0,0,0.041667,0.2,0,0,0,0,0,no
0,0,0,0,0,0,0.041667,0.2,0,0,0,0,0,no
0,0,0,0,0,0,0.041667,0.2,0,0,0,0,0,no
0,0,0,0,0,0,0.041667,0.2,0,0,0,0,0,no
0,0.090909,0,0,0.011905,0,0.041667,0.2,0,0,0,0,0,no
0,0,0,0,0,0,0.041667,0.2,0,0,0,0,0,no
0,0,0,0,0.011905,0,0.041667,0.2,0,0,0,0,0,no
0,0.090909,0,0,0.011905,0,0.041667,0.2,0,0,0,0,0,no
0,0,0,0,0.011905,0,0.041667,0.2,0,0,0,0,0,no
0.021583,0.090909,0,0,0,0,0.041667,0.2,0.021429,0,0.024793,0.024793,1,no
0.014388,0.090909,0,0,0.011905,0,0.041667,0.2,0.014286,0,0.016529,0.016529,1,no
0.021583,0,0,0,0,0,0.041667,0.2,0.021429,0,0.024793,0.024793,1,no
0.021583,0,0,0,0,0,0.041667,0.2,0.021429,0,0.024793,0.024793,1,no
0.021583,0,0,0,0,0,0.041667,0.2,0.021429,0,0.024793,0.024793,1,no
0.021583,0,0,0,0.02381,0,0.041667,0.2,0.021429,0,0.024793,0.024793,1,no
0.021583,0,0,0,0.011905,0,0.041667,0.2,0.021429,0,0.024793,0.024793,0,no
0.021583,0,0,0,0.011905,0,0.041667,0.2,0.021429,0,0.024793,0.024793,0,no
0.021583,0,0,0,0.011905,0,0.041667,0.2,0.021429,0,0.024793,0.024793,1,no
0.021583,0,0,0,0.011905,0,0.041667,0.2,0.021429,0,0.024793,0.024793,1,no
0.021583,0,0,0,0,0,0.041667,0.2,0.021429,0,0.024793,0.024793,1,no
0.021583,0,0,0,0.011905,0,0.083333,0.2,0.028571,0.010309,0.024793,0.020661,1,no
0.021583,0,0,0,0.011905,0,0.041667,0.2,0.021429,0,0.024793,0.024793,0,no
0.021583,0,0,0,0.011905,0,0.083333,0.2,0.028571,0.010309,0.024793,0.020661,1,no
0.021583,0,0,0,0.011905,0,0.083333,0.2,0.028571,0.010309,0.024793,0.020661,1,no
0.043165,0,0,0,0.02381,0,0.125,0.2,0.042857,0,0.024793,0.016529,1,no
0.021583,0,0,0,0.011905,0,0.041667,0.2,0.021429,0,0.024793,0.024793,1,no
0.021583,0,0,0,0,0,0.041667,0.2,0.021429,0,0.024793,0.024793,1,no
0.021583,0.090909,0,0,0.011905,0,0.041667,0.2,0.021429,0,0.024793,0.024793,1,no
0.021583,0,0,0,0,0,0.041667,0.2,0.021429,0,0.024793,0.024793,1,no
0.028777,0.090909,0,0,0.02381,0.02439,0.041667,0.2,0.028571,0,0.033058,0.033058,1,no
0.021583,0.090909,0,0,0.011905,0,0.041667,0.2,0.021429,0,0.024793,0.024793,1,no
0.021583,0.181818,0,0,0.011905,0,0.041667,0.2,0.021429,0,0.024793,0.024793,1,no
0.021583,0.090909,0,0,0.011905,0,0.041667,0.2,0.021429,0,0.024793,0.024793,1,no
0.021583,0.181818,0,0,0.011905,0,0.041667,0.2,0.021429,0,0.024793,0.024793,1,no
0.021583,0.090909,0,0,0.011905,0,0.041667,0.2,0.021429,0,0.024793,0.024793,1,no
0.021583,0.181818,0,0,0.011905,0,0.041667,0.2,0.021429,0,0.024793,0.024793,1,no
0.021583,0.090909,0,0,0.011905,0,0.041667,0.2,0.021429,0,0.024793,0.024793,1,no
0.021583,0.181818,0,0,0.011905,0,0.041667,0.2,0.021429,0,0.024793,0.024793,1,no
0.021583,0,0,0,0,0,0.041667,0.2,0.021429,0,0.024793,0.024793,1,no
0.021583,0,0,0,0.02381,0,0.041667,0.2,0.021429,0,0.024793,0.024793,1,no
0.021583,0,0,0,0,0,0.083333,0.2,0.021429,0,0.016529,0.012397,1,no
0.028777,0.090909,0,0,0,0,0.041667,0.2,0.028571,0,0.033058,0.033058,1,no
0.043165,0,0,0,0.011905,0,0.083333,0.2,0.042857,0,0.041322,0.024793,1,no
0.043165,0,0,0,0.011905,0,0.083333,0.2,0.042857,0,0.041322,0.024793,1,no
0.021583,0,0,0,0.011905,0,0.083333,0.2,0.028571,0.010309,0.024793,0.020661,1,no
0.021583,0,0,0,0,0,0.083333,0.2,0.035714,0.020619,0.041322,0.028926,1,no
0.021583,0,0,0,0,0,0.083333,0.2,0.028571,0.010309,0.024793,0.020661,1,no
0.021583,0,0,0,0.02381,0,0.041667,0.2,0.021429,0,0.024793,0.024793,1,no
0.021583,0,0,0,0.02381,0,0.041667,0.2,0.021429,0,0.024793,0.024793,1,no
0.021583,0,0,0,0.011905,0,0.041667,0.2,0.021429,0,0.024793,0.024793,1,no
0.035971,0,0,0,0.011905,0,0.041667,0.2,0.035714,0,0.041322,0.041322,0,no
0.035971,0,0,0,0.011905,0,0.041667,0.2,0.035714,0,0.041322,0.041322,1,no
0.021583,0,0,0,0,0,0.083333,0.2,0.028571,0.010309,0.024793,0.020661,1,no
0.021583,0,0,0,0.011905,0,0.083333,0.2,0.028571,0.010309,0.024793,0.020661,1,no
0.021583,0,0,0,0.011905,0,0.041667,0.2,0.021429,0,0.024793,0.024793,0,no
0.021583,0,0,0,0.011905,0,0.083333,0.2,0.028571,0.010309,0.024793,0.020661,1,no
0.021583,0,0,0,0.011905,0,0.083333,0.2,0.028571,0.010309,0.024793,0.020661,1,no
0.021583,0,0,0,0.011905,0,0.041667,0.2,0.021429,0,0.024793,0.024793,1,no
0.021583,0.090909,0,0,0,0,0.041667,0.2,0.021429,0,0.024793,0.024793,0,no
0.014388,0.090909,0,0,0.011905,0,0.041667,0.2,0.014286,0,0.016529,0.016529,0,no
0.021583,0,0,0,0,0,0.041667,0.2,0.021429,0,0.024793,0.024793,0,no
0.021583,0,0,0,0,0,0.041667,0.2,0.021429,0,0.024793,0.024793,0,no
0.021583,0,0,0,0.02381,0,0.041667,0.2,0.021429,0,0.024793,0.024793,0,no
0.021583,0,0,0,0.011905,0,0.041667,0.2,0.021429,0,0.024793,0.024793,0,no
0.021583,0,0,0,0.011905,0,0.041667,0.2,0.021429,0,0.024793,0.024793,0,no
0.021583,0,0,0,0.011905,0,0.041667,0.2,0.021429,0,0.024793,0.024793,0,no
0.021583,0,0,0,0.011905,0,0.041667,0.2,0.021429,0,0.024793,0.024793,0,no
0.028777,0,0,0,0.011905,0,0.041667,0.2,0.028571,0,0.033058,0.033058,0,no
0.021583,0,0,0,0.011905,0,0.041667,0.2,0.021429,0,0.024793,0.024793,0,no
0.021583,0,0,0,0,0,0.041667,0.2,0.021429,0,0.024793,0.024793,0,no
0.021583,0.090909,0,0,0.011905,0,0.041667,0.2,0.021429,0,0.024793,0.024793,0,no
0.021583,0,0,0,0,0,0.041667,0.2,0.021429,0,0.024793,0.024793,0,no
0.028777,0.090909,0,0,0.02381,0.02439,0.041667,0.2,0.028571,0,0.033058,0.033058,0,no
0.021583,0.090909,0,0,0.011905,0,0.041667,0.2,0.021429,0,0.024793,0.024793,0,no
0.021583,0.181818,0,0,0.011905,0,0.041667,0.2,0.021429,0,0.024793,0.024793,0,no
0.021583,0.090909,0,0,0.011905,0,0.041667,0.2,0.021429,0,0.024793,0.024793,0,no
0.021583,0.181818,0,0,0.011905,0,0.041667,0.2,0.021429,0,0.024793,0.024793,0,no
0.021583,0.090909,0,0,0.011905,0,0.041667,0.2,0.021429,0,0.024793,0.024793,0,no
0.021583,0.181818,0,0,0.011905,0,0.041667,0.2,0.021429,0,0.024793,0.024793,0,no
0.021583,0.090909,0,0,0.011905,0,0.041667,0.2,0.021429,0,0.024793,0.024793,0,no
0.021583,0.181818,0,0,0.011905,0,0.041667,0.2,0.021429,0,0.024793,0.024793,0,no
0.021583,0,0,0,0,0,0.041667,0.2,0.021429,0,0.024793,0.024793,0,no
0.021583,0,0,0,0.02381,0,0.041667,0.2,0.021429,0,0.024793,0.024793,0,no
0.021583,0,0,0,0,0,0.041667,0.2,0.021429,0,0.024793,0.024793,0,no
0.028777,0.090909,0,0,0,0,0.041667,0.2,0.028571,0,0.033058,0.033058,0,no
0.043165,0,0,0,0.011905,0,0.041667,0.2,0.042857,0,0.049587,0.049587,0,no
0.021583,0,0,0,0.011905,0,0.041667,0.2,0.021429,0,0.024793,0.024793,0,no
0.021583,0,0,0,0,0,0.041667,0.2,0.021429,0,0.024793,0.024793,0,no
0.021583,0,0,0,0.02381,0,0.041667,0.2,0.021429,0,0.024793,0.024793,0,no
0.021583,0,0,0,0.02381,0,0.041667,0.2,0.021429,0,0.024793,0.024793,0,no
0.021583,0,0,0,0.011905,0,0.041667,0.2,0.021429,0,0.024793,0.024793,0,no
0.035971,0,0,0,0.011905,0,0.041667,0.2,0.035714,0,0.041322,0.041322,0,no
0.021583,0,0,0,0.011905,0,0.041667,0.2,0.021429,0,0.024793,0.024793,0,no
0.021583,0,0,0,0.011905,0,0.041667,0.2,0.021429,0,0.024793,0.024793,0,no
0.021583,0,0,0,0.011905,0,0.041667,0.2,0.021429,0,0.024793,0.024793,0,no
0.021583,0,0,0,0.011905,0,0.041667,0.2,0.021429,0,0.024793,0.024793,0,no
0.035971,0.090909,0,0,0,0,0.041667,0.2,0.035714,0,0.041322,0.041322,0,no
0,0,0,0,0,0,0.041667,0.2,0,0,0,0,0,no
0,0,0,0,0.011905,0,0.041667,0.2,0,0,0,0,0,no
0,0,0,0,0.011905,0,0.041667,0.2,0,0,0,0,0,no
0,0,0,0,0,0,0.041667,0.2,0,0,0,0,0,no
0,0,0,0,0,0,0.041667,0.2,0,0,0,0,0,no
0,0,0,0,0,0,0.041667,0.2,0,0,0,0,1,no
0,0,0,0,0.011905,0,0.041667,0.2,0,0,0,0,0,no
0,0,0,0,0.011905,0,0.041667,0.2,0,0,0,0,0,no
0,0,0,0,0.011905,0,0.041667,0.2,0,0,0,0,1,no
0,0,0,0,0.011905,0,0.041667,0.2,0,0,0,0,1,no
0,0,0,0,0,0,0.041667,0.2,0,0,0,0,1,no
0,0,0,0,0,0,0.041667,0.2,0,0,0,0,1,no
0,0,0,0,0,0,0.041667,0.2,0,0,0,0,0,no
0,0,0,0,0,0,0.041667,0.2,0,0,0,0,1,no
0,0,0,0,0,0,0.041667,0.2,0,0,0,0,1,no
0.021583,0.090909,0,0,0,0,0.041667,0.2,0.021429,0,0.024793,0.024793,1,no
0.014388,0.090909,0,0,0.011905,0,0.041667,0.2,0.014286,0,0.016529,0.016529,1,no
0.021583,0,0,0,0,0,0.041667,0.2,0.021429,0,0.024793,0.024793,1,no
0.021583,0,0,0,0,0,0.041667,0.2,0.021429,0,0.024793,0.024793,1,no
0.021583,0,0,0,0.02381,0,0.041667,0.2,0.021429,0,0.024793,0.024793,1,no
0.021583,0,0,0,0,0,0.041667,0.2,0.021429,0,0.024793,0.024793,1,no
0.021583,0.090909,0,0,0.011905,0,0.041667,0.2,0.021429,0,0.024793,0.024793,1,no
0.021583,0,0,0,0,0,0.041667,0.2,0.021429,0,0.024793,0.024793,1,no
0.021583,0,0,0,0.011905,0,0.041667,0.2,0.021429,0,0.024793,0.024793,1,no
0.021583,0.090909,0,0,0.011905,0,0.041667,0.2,0.021429,0,0.024793,0.024793,1,no
0.021583,0,0,0,0.011905,0,0.041667,0.2,0.021429,0,0.024793,0.024793,1,no
0.021583,0,0,0,0.011905,0,0.083333,0.2,0.028571,0.010309,0.024793,0.020661,1,no
0.028777,0,0,0,0,0,0.083333,0.2,0.028571,0,0.016529,0.016529,1,no
0.021583,0,0,0,0.011905,0,0.041667,0.2,0.021429,0,0.024793,0.024793,1,no
0.021583,0,0,0,0,0,0.041667,0.2,0.021429,0,0.024793,0.024793,1,no
0.021583,0.090909,0,0,0.011905,0,0.041667,0.2,0.021429,0,0.024793,0.024793,1,no
0.021583,0,0,0,0,0,0.041667,0.2,0.021429,0,0.024793,0.024793,1,no
0.028777,0.090909,0,0,0.02381,0.02439,0.041667,0.2,0.028571,0,0.033058,0.033058,1,no
0.021583,0.090909,0,0,0.011905,0,0.041667,0.2,0.021429,0,0.024793,0.024793,1,no
0.021583,0.181818,0,0,0.011905,0,0.041667,0.2,0.021429,0,0.024793,0.024793,1,no
0.021583,0.090909,0,0,0.011905,0,0.041667,0.2,0.021429,0,0.024793,0.024793,1,no
0.021583,0.181818,0,0,0.011905,0,0.041667,0.2,0.021429,0,0.024793,0.024793,1,no
0.021583,0.090909,0,0,0.011905,0,0.041667,0.2,0.021429,0,0.024793,0.024793,1,no
0.021583,0.181818,0,0,0.011905,0,0.041667,0.2,0.021429,0,0.024793,0.024793,1,no
0.021583,0.090909,0,0,0.011905,0,0.041667,0.2,0.021429,0,0.024793,0.024793,1,no
0.021583,0.181818,0,0,0.011905,0,0.041667,0.2,0.021429,0,0.024793,0.024793,1,no
0.021583,0,0,0,0,0,0.041667,0.2,0.021429,0,0.024793,0.024793,1,no
0.021583,0,0,0,0.02381,0,0.041667,0.2,0.021429,0,0.024793,0.024793,1,no
0.021583,0,0,0,0,0,0.083333,0.2,0.021429,0,0.016529,0.012397,1,no
0.028777,0.090909,0,0,0,0,0.041667,0.2,0.028571,0,0.033058,0.033058,1,no
0.021583,0,0,0,0.02381,0,0.041667,0.2,0.021429,0,0.024793,0.024793,1,no
0.021583,0.090909,0,0,0.02381,0,0.041667,0.2,0.021429,0,0.024793,0.024793,1,no
0.043165,0,0,0,0.011905,0,0.083333,0.2,0.042857,0,0.041322,0.024793,1,no
0.021583,0,0,0,0.011905,0,0.083333,0.2,0.028571,0.010309,0.024793,0.020661,1,no
0.021583,0,0,0,0,0,0.083333,0.2,0.035714,0.020619,0.041322,0.028926,1,no
0.021583,0,0,0,0.02381,0,0.041667,0.2,0.021429,0,0.024793,0.024793,1,no
0.021583,0,0,0,0.02381,0,0.041667,0.2,0.021429,0,0.024793,0.024793,1,no
0.021583,0,0,0,0.011905,0,0.041667,0.2,0.021429,0,0.024793,0.024793,1,no
0.021583,0,0,0,0,0,0.083333,0.2,0.028571,0.010309,0.024793,0.020661,1,no
0.021583,0.090909,0,0,0.011905,0,0.041667,0.2,0.021429,0,0.024793,0.024793,1,no
0.021583,0,0,0,0.011905,0,0.041667,0.2,0.021429,0,0.024793,0.024793,1,no
0.021583,0,0,0,0.011905,0,0.083333,0.2,0.028571,0.010309,0.024793,0.020661,1,no
0.021583,0,0,0,0.011905,0,0.041667,0.2,0.021429,0,0.024793,0.024793,1,no
0.043165,0.090909,0,0,0,0,0.083333,0.2,0.042857,0,0.041322,0.024793,1,no
0,0,0,0,0,0,0.041667,0.2,0,0,0,0,1,no
0,0.090909,0,0,0.011905,0,0.041667,0.2,0,0,0,0,1,no
0,0,0,0,0,0,0.041667,0.2,0,0,0,0,1,no
0,0,0,0,0.011905,0,0.041667,0.2,0,0,0,0,1,no
0,0.090909,0,0,0.011905,0,0.041667,0.2,0,0,0,0,1,no
0,0,0,0,0.011905,0,0.041667,0.2,0,0,0,0,1,no
0,0,0,0,0,0,0.041667,0.2,0,0,0,0,1,no
0.028777,0.181818,0,0,0.011905,0,0.041667,0.2,0.028571,0,0.033058,0.033058,1,no
0.021583,0,0,0,0.011905,0,0.041667,0.2,0.021429,0,0.024793,0.024793,1,no
0.021583,0,0,0,0,0,0.041667,0.2,0.021429,0,0.024793,0.024793,1,no
0.021583,0,0,0,0,0,0.041667,0.2,0.021429,0,0.024793,0.024793,1,no
0.021583,0,0,0,0,0,0.041667,0.2,0.021429,0,0.024793,0.024793,1,no
0.021583,0,0,0,0,0,0.041667,0.2,0.021429,0,0.024793,0.024793,1,no
0.021583,0.090909,0,0,0,0,0.041667,0.2,0.021429,0,0.024793,0.024793,1,no
0.028777,0.181818,0,0,0.011905,0,0.041667,0.2,0.028571,0,0.033058,0.033058,1,no
0.021583,0,0,0,0.011905,0,0.041667,0.2,0.021429,0,0.024793,0.024793,1,no
0.021583,0,0,0,0,0,0.041667,0.2,0.021429,0,0.024793,0.024793,1,no
0.021583,0,0,0,0,0,0.041667,0.2,0.021429,0,0.024793,0.024793,1,no
0.021583,0,0,0,0,0,0.041667,0.2,0.021429,0,0.024793,0.024793,1,no
0.021583,0,0,0,0,0,0.041667,0.2,0.021429,0,0.024793,0.024793,1,no
0.021583,0.090909,0,0,0,0,0.041667,0.2,0.021429,0,0.024793,0.024793,1,no
0.021583,0.090909,0,0,0,0,0.041667,0.2,0.021429,0,0.024793,0.024793,1,no
0.014388,0.090909,0,0,0.011905,0,0.041667,0.2,0.014286,0,0.016529,0.016529,1,no
0.021583,0,0,0,0.011905,0,0.041667,0.2,0.021429,0,0.024793,0.024793,0,no
0.021583,0,0,0,0.011905,0,0.041667,0.2,0.021429,0,0.024793,0.024793,0,no
0.021583,0,0,0,0.011905,0,0.041667,0.2,0.021429,0,0.024793,0.024793,1,no
0.021583,0,0,0,0.011905,0,0.041667,0.2,0.021429,0,0.024793,0.024793,1,no
0.021583,0,0,0,0,0,0.041667,0.2,0.021429,0,0.024793,0.024793,1,no
0.021583,0,0,0,0,0,0.041667,0.2,0.021429,0,0.024793,0.024793,1,no
0.021583,0,0,0,0.02381,0,0.041667,0.2,0.021429,0,0.024793,0.024793,1,no
0.021583,0,0,0,0.011905,0,0.041667,0.2,0.021429,0,0.024793,0.024793,1,no
0.021583,0,0,0,0.011905,0,0.041667,0.2,0.021429,0,0.024793,0.024793,1,no
0.021583,0,0,0,0.011905,0,0.041667,0.2,0.021429,0,0.024793,0.024793,1,no
0.021583,0,0,0,0,0,0.041667,0.2,0.021429,0,0.024793,0.024793,1,no
0.021583,0,0,0,0.011905,0,0.041667,0.2,0.021429,0,0.024793,0.024793,1,no
0.021583,0,0,0,0.011905,0,0.041667,0.2,0.021429,0,0.024793,0.024793,1,no
0.021583,0,0,0,0.011905,0,0.041667,0.2,0.021429,0,0.024793,0.024793,1,no
0.021583,0,0,0,0.011905,0,0.041667,0.2,0.021429,0,0.024793,0.024793,1,no
0.021583,0,0,0,0.011905,0,0.041667,0.2,0.021429,0,0.024793,0.024793,1,no
0.021583,0,0,0,0.011905,0,0.041667,0.2,0.021429,0,0.024793,0.024793,1,no
0.021583,0,0,0,0,0,0.041667,0.2,0.021429,0,0.024793,0.024793,1,no
0.021583,0.090909,0,0,0,0,0.041667,0.2,0.021429,0,0.024793,0.024793,1,no
0.021583,0,0,0,0,0,0.041667,0.2,0.021429,0,0.024793,0.024793,1,no
0.021583,0,0,0,0,0,0.041667,0.2,0.021429,0,0.024793,0.024793,1,no
0.021583,0,0,0,0,0,0.041667,0.2,0.021429,0,0.024793,0.024793,1,no
0.021583,0,0,0,0.011905,0,0.041667,0.2,0.021429,0,0.024793,0.024793,1,no
0.021583,0,0,0,0.011905,0,0.041667,0.2,0.021429,0,0.024793,0.024793,1,no
0.021583,0,0,0,0.011905,0,0.041667,0.2,0.021429,0,0.024793,0.024793,1,no
0.021583,0,0,0,0.011905,0,0.041667,0.2,0.021429,0,0.024793,0.024793,0,no
0.021583,0,0,0,0.011905,0,0.083333,0.2,0.028571,0.010309,0.024793,0.020661,1,no
0.021583,0,0,0,0.011905,0,0.083333,0.2,0.028571,0.010309,0.024793,0.020661,1,no
0.021583,0,0,0,0.011905,0,0.083333,0.2,0.028571,0.010309,0.024793,0.020661,1,no
0.021583,0,0,0,0.011905,0,0.083333,0.2,0.028571,0.010309,0.024793,0.020661,1,no
0.021583,0,0,0,0.011905,0,0.083333,0.2,0.028571,0.010309,0.024793,0.020661,1,no
0.021583,0,0,0,0.011905,0,0.083333,0.2,0.028571,0.010309,0.024793,0.020661,1,no
0.021583,0,0,0,0.011905,0,0.083333,0.2,0.028571,0.010309,0.024793,0.020661,1,no
0.021583,0,0,0,0.011905,0,0.083333,0.2,0.028571,0.010309,0.024793,0.020661,1,no
0.021583,0,0,0,0.011905,0,0.083333,0.2,0.028571,0.010309,0.024793,0.020661,1,no
0.021583,0,0,0,0.011905,0,0.083333,0.2,0.028571,0.010309,0.024793,0.020661,1,no
0.021583,0,0,0,0.011905,0,0.083333,0.2,0.028571,0.010309,0.024793,0.020661,1,no
0.115108,0,0,0,0.119048,0,0.125,0.2,0.114286,0,0.082645,0.044077,1,no
0.021583,0,0,0,0.011905,0,0.041667,0.2,0.021429,0,0.024793,0.024793,1,no
0.021583,0,0,0,0,0,0.041667,0.2,0.021429,0,0.024793,0.024793,1,no
0.021583,0.090909,0,0,0.011905,0,0.041667,0.2,0.021429,0,0.024793,0.024793,1,no
0.021583,0,0,0,0,0,0.041667,0.2,0.021429,0,0.024793,0.024793,1,no
0.028777,0.090909,0,0,0.02381,0.02439,0.041667,0.2,0.028571,0,0.033058,0.033058,1,no
0.021583,0.090909,0,0,0.011905,0,0.041667,0.2,0.021429,0,0.024793,0.024793,1,no
0.021583,0.181818,0,0,0.011905,0,0.041667,0.2,0.021429,0,0.024793,0.024793,1,no
0.021583,0.090909,0,0,0.011905,0,0.041667,0.2,0.021429,0,0.024793,0.024793,1,no
0.021583,0.181818,0,0,0.011905,0,0.041667,0.2,0.021429,0,0.024793,0.024793,1,no
0.021583,0.090909,0,0,0.011905,0,0.041667,0.2,0.021429,0,0.024793,0.024793,1,no
0.021583,0.181818,0,0,0.011905,0,0.041667,0.2,0.021429,0,0.024793,0.024793,1,no
0.021583,0.090909,0,0,0.011905,0,0.041667,0.2,0.021429,0,0.024793,0.024793,1,no
0.021583,0.181818,0,0,0.011905,0,0.041667,0.2,0.021429,0,0.024793,0.024793,1,no
0.021583,0,0,0,0,0,0.041667,0.2,0.021429,0,0.024793,0.024793,1,no
0.021583,0,0,0,0.02381,0,0.041667,0.2,0.021429,0,0.024793,0.024793,1,no
0.021583,0,0,0,0,0,0.083333,0.2,0.021429,0,0.016529,0.012397,1,no
0.028777,0.090909,0,0,0,0,0.041667,0.2,0.028571,0,0.033058,0.033058,1,no
0.043165,0.090909,0,0,0.011905,0,0.083333,0.2,0.05,0.010309,0.057851,0.033058,1,no
0.043165,0,0,0,0.02381,0,0.083333,0.2,0.042857,0,0.041322,0.024793,1,no
0.043165,0,0,0,0.011905,0,0.083333,0.2,0.042857,0,0.041322,0.024793,1,no
0.043165,0,0,0,0.011905,0,0.083333,0.2,0.042857,0,0.041322,0.024793,1,no
0.05036,0,0,0,0.02381,0,0.083333,0.2,0.05,0,0.033058,0.028926,1,no
0.043165,0,0,0,0.011905,0,0.083333,0.2,0.042857,0,0.041322,0.024793,1,no
0.043165,0,0,0,0.02381,0,0.083333,0.2,0.042857,0,0.041322,0.024793,1,no
0.021583,0,0,0,0.011905,0,0.083333,0.2,0.028571,0.010309,0.024793,0.020661,1,no
0.021583,0,0,0,0,0,0.083333,0.2,0.035714,0.020619,0.041322,0.028926,1,no
0.035971,0,0,0,0.011905,0,0.041667,0.2,0.035714,0,0.041322,0.041322,0,no
0.035971,0,0,0,0.011905,0,0.041667,0.2,0.035714,0,0.041322,0.041322,1,no
0.021583,0,0,0,0.02381,0,0.041667,0.2,0.021429,0,0.024793,0.024793,1,no
0.021583,0,0,0,0.02381,0,0.041667,0.2,0.021429,0,0.024793,0.024793,1,no
0.021583,0,0,0,0.011905,0,0.041667,0.2,0.021429,0,0.024793,0.024793,1,no
0.021583,0,0,0,0.011905,0,0.083333,0.2,0.028571,0.010309,0.024793,0.020661,1,no
0.035971,0,0,0,0.011905,0,0.041667,0.2,0.035714,0,0.041322,0.041322,1,no
0.021583,0,0,0,0,0,0.083333,0.2,0.028571,0.010309,0.024793,0.020661,1,no
0.035971,0,0,0,0.011905,0,0.041667,0.2,0.035714,0,0.041322,0.041322,1,no
0.035971,0,0,0,0.011905,0,0.041667,0.2,0.035714,0,0.041322,0.041322,1,no
0.035971,0,0,0,0.011905,0,0.041667,0.2,0.035714,0,0.041322,0.041322,1,no
0.021583,0,0,0,0,0,0.083333,0.2,0.028571,0.010309,0.024793,0.020661,1,no
0.021583,0.090909,0,0,0,0,0.083333,0.2,0.028571,0.010309,0.024793,0.020661,1,no
0.021583,0,0,0,0,0,0.083333,0.2,0.028571,0.010309,0.024793,0.020661,1,no
0.021583,0,0,0,0,0,0.083333,0.2,0.028571,0.010309,0.024793,0.020661,1,no
0.021583,0,0,0,0,0,0.083333,0.2,0.028571,0.010309,0.024793,0.020661,1,no
0.021583,0,0,0,0.011905,0,0.083333,0.2,0.028571,0.010309,0.024793,0.020661,1,no
0.035971,0,0,0,0.011905,0,0.041667,0.2,0.035714,0,0.041322,0.041322,1,no
0.021583,0,0,0,0.011905,0,0.041667,0.2,0.021429,0,0.024793,0.024793,0,no
0.021583,0,0,0,0.011905,0,0.083333,0.2,0.028571,0.010309,0.024793,0.020661,1,no
0.021583,0,0,0,0.011905,0,0.083333,0.2,0.028571,0.010309,0.024793,0.020661,1,no
0.021583,0,0,0,0.011905,0,0.083333,0.2,0.028571,0.010309,0.024793,0.020661,1,no
0.021583,0,0,0,0.011905,0,0.083333,0.2,0.028571,0.010309,0.024793,0.020661,1,no
0.021583,0,0,0,0.011905,0,0.083333,0.2,0.028571,0.010309,0.024793,0.020661,1,no
0.021583,0,0,0,0.011905,0,0.083333,0.2,0.028571,0.010309,0.024793,0.020661,1,no
0.021583,0,0,0,0.011905,0,0.083333,0.2,0.028571,0.010309,0.024793,0.020661,1,no
0.021583,0,0,0,0.011905,0,0.083333,0.2,0.028571,0.010309,0.024793,0.020661,1,no
0.021583,0,0,0,0.011905,0,0.083333,0.2,0.028571,0.010309,0.024793,0.020661,1,no
0.021583,0,0,0,0.011905,0,0.083333,0.2,0.028571,0.010309,0.024793,0.020661,1,no
0.021583,0,0,0,0.011905,0,0.083333,0.2,0.028571,0.010309,0.024793,0.020661,1,no
0.021583,0,0,0,0.011905,0,0.041667,0.2,0.021429,0,0.024793,0.024793,1,no
0.043165,0.090909,0,0,0,0,0.083333,0.2,0.042857,0,0.041322,0.024793,1,no
0.043165,0.090909,0,0,0,0,0.083333,0.2,0.042857,0,0.041322,0.024793,1,no
0,0,0,0,0.011905,0,0.041667,0.2,0,0,0,0,0,no
0,0,0,0,0.011905,0,0.041667,0.2,0,0,0,0,0,no
0,0,0,0,0.011905,0,0.041667,0.2,0,0,0,0,1,no
0,0,0,0,0.011905,0,0.041667,0.2,0,0,0,0,1,no
0,0,0,0,0.011905,0,0.041667,0.2,0,0,0,0,1,no
0,0,0,0,0.011905,0,0.041667,0.2,0,0,0,0,1,no
0,0,0,0,0.011905,0,0.041667,0.2,0,0,0,0,1,no
0,0,0,0,0,0,0.041667,0.2,0,0,0,0,1,no
0,0,0,0,0.011905,0,0.041667,0.2,0,0,0,0,1,no
0,0,0,0,0.011905,0,0.041667,0.2,0,0,0,0,1,no
0,0,0,0,0.011905,0,0.041667,0.2,0,0,0,0,1,no
0,0,0,0,0.011905,0,0.041667,0.2,0,0,0,0,1,no
0,0,0,0,0.011905,0,0.041667,0.2,0,0,0,0,1,no
0,0,0,0,0.011905,0,0.041667,0.2,0,0,0,0,1,no
0,0,0,0,0,0,0.041667,0.2,0,0,0,0,1,no
0,0.090909,0,0,0,0,0.041667,0.2,0,0,0,0,1,no
0,0,0,0,0,0,0.041667,0.2,0,0,0,0,1,no
0,0,0,0,0,0,0.041667,0.2,0,0,0,0,1,no
0,0,0,0,0,0,0.041667,0.2,0,0,0,0,1,no
0,0,0,0,0.011905,0,0.041667,0.2,0,0,0,0,1,no
0,0,0,0,0.011905,0,0.041667,0.2,0,0,0,0,1,no
0,0,0,0,0.011905,0,0.041667,0.2,0,0,0,0,1,no
0,0,0,0,0,0,0.041667,0.2,0,0,0,0,0,no
0,0,0,0,0,0,0.041667,0.2,0,0,0,0,1,no
0,0,0,0,0,0,0.041667,0.2,0,0,0,0,1,no
0,0,0,0,0,0,0.041667,0.2,0,0,0,0,1,no
0,0,0,0,0,0,0.041667,0.2,0,0,0,0,1,no
0,0,0,0,0,0,0.041667,0.2,0,0,0,0,1,no
0,0,0,0,0,0,0.041667,0.2,0,0,0,0,1,no
0,0,0,0,0,0,0.041667,0.2,0,0,0,0,1,no
0,0,0,0,0,0,0.041667,0.2,0,0,0,0,1,no
0,0,0,0,0,0,0.041667,0.2,0,0,0,0,1,no
0,0,0,0,0,0,0.041667,0.2,0,0,0,0,1,no
0,0,0,0,0,0,0.041667,0.2,0,0,0,0,1,no
0.021583,0.090909,0,0,0,0,0.041667,0.2,0.021429,0,0.024793,0.024793,1,no
0.014388,0.090909,0,0,0.011905,0,0.041667,0.2,0.014286,0,0.016529,0.016529,1,no
0.021583,0,0,0,0,0,0.041667,0.2,0.021429,0,0.024793,0.024793,1,no
0.021583,0,0,0,0,0,0.041667,0.2,0.021429,0,0.024793,0.024793,1,no
0.021583,0,0,0,0.02381,0,0.041667,0.2,0.021429,0,0.024793,0.024793,1,no
0.021583,0,0,0,0.011905,0,0.041667,0.2,0.021429,0,0.024793,0.024793,1,no
0.021583,0,0,0,0.011905,0,0.041667,0.2,0.021429,0,0.024793,0.024793,1,no
0.021583,0,0,0,0.011905,0,0.041667,0.2,0.021429,0,0.024793,0.024793,1,no
0.021583,0,0,0,0.011905,0,0.041667,0.2,0.021429,0,0.024793,0.024793,0,no
0.021583,0,0,0,0.011905,0,0.041667,0.2,0.021429,0,0.024793,0.024793,0,no
0.021583,0,0,0,0.011905,0,0.041667,0.2,0.021429,0,0.024793,0.024793,1,no
0.021583,0,0,0,0,0,0.041667,0.2,0.021429,0,0.024793,0.024793,1,no
0.021583,0,0,0,0,0,0.041667,0.2,0.021429,0,0.024793,0.024793,1,no
0.021583,0,0,0,0,0,0.041667,0.2,0.021429,0,0.024793,0.024793,1,no
0.021583,0,0,0,0.011905,0,0.083333,0.2,0.028571,0.010309,0.024793,0.020661,1,no
0.021583,0,0,0,0.011905,0,0.083333,0.2,0.028571,0.010309,0.024793,0.020661,1,no
0.021583,0,0,0,0.011905,0,0.041667,0.2,0.021429,0,0.024793,0.024793,0,no
0.021583,0,0,0,0.011905,0,0.083333,0.2,0.028571,0.010309,0.024793,0.020661,1,no
0.021583,0,0,0,0.011905,0,0.083333,0.2,0.028571,0.010309,0.024793,0.020661,1,no
0.021583,0,0,0,0.011905,0,0.083333,0.2,0.028571,0.010309,0.024793,0.020661,1,no
0.021583,0,0,0,0.011905,0,0.083333,0.2,0.028571,0.010309,0.024793,0.020661,1,no
0.021583,0,0,0,0.011905,0,0.083333,0.2,0.028571,0.010309,0.024793,0.020661,1,no
0.071942,0,0,0,0.047619,0,0.125,0.4,0.071429,0,0.041322,0.027548,1,no
0.021583,0,0,0,0.011905,0,0.041667,0.2,0.021429,0,0.024793,0.024793,1,no
0.021583,0,0,0,0,0,0.041667,0.2,0.021429,0,0.024793,0.024793,1,no
0.021583,0.090909,0,0,0.011905,0,0.041667,0.2,0.021429,0,0.024793,0.024793,1,no
0.021583,0,0,0,0,0,0.041667,0.2,0.021429,0,0.024793,0.024793,1,no
0.028777,0.090909,0,0,0.02381,0.02439,0.041667,0.2,0.028571,0,0.033058,0.033058,1,no
0.021583,0.090909,0,0,0.011905,0,0.041667,0.2,0.021429,0,0.024793,0.024793,1,no
0.021583,0.181818,0,0,0.011905,0,0.041667,0.2,0.021429,0,0.024793,0.024793,1,no
0.021583,0.090909,0,0,0.011905,0,0.041667,0.2,0.021429,0,0.024793,0.024793,1,no
0.021583,0.181818,0,0,0.011905,0,0.041667,0.2,0.021429,0,0.024793,0.024793,1,no
0.021583,0.090909,0,0,0.011905,0,0.041667,0.2,0.021429,0,0.024793,0.024793,1,no
0.021583,0.181818,0,0,0.011905,0,0.041667,0.2,0.021429,0,0.024793,0.024793,1,no
0.021583,0.090909,0,0,0.011905,0,0.041667,0.2,0.021429,0,0.024793,0.024793,1,no
0.021583,0.181818,0,0,0.011905,0,0.041667,0.2,0.021429,0,0.024793,0.024793,1,no
0.021583,0,0,0,0,0,0.041667,0.2,0.021429,0,0.024793,0.024793,1,no
0.021583,0,0,0,0.02381,0,0.041667,0.2,0.021429,0,0.024793,0.024793,1,no
0.021583,0,0,0,0,0,0.083333,0.2,0.021429,0,0.016529,0.012397,1,no
0.028777,0.090909,0,0,0,0,0.041667,0.2,0.028571,0,0.033058,0.033058,1,no
0.043165,0,0,0,0.02381,0,0.083333,0.2,0.042857,0,0.041322,0.024793,1,no
0.043165,0,0,0,0.02381,0,0.083333,0.2,0.042857,0,0.041322,0.024793,1,no
0.043165,0,0,0,0.011905,0,0.083333,0.2,0.042857,0,0.041322,0.024793,1,no
0.043165,0,0,0,0.011905,0,0.083333,0.2,0.042857,0,0.041322,0.024793,1,no
0.043165,0,0,0,0.011905,0,0.083333,0.2,0.042857,0,0.041322,0.024793,1,no
0.043165,0,0,0,0.011905,0,0.083333,0.2,0.042857,0,0.041322,0.024793,1,no
0.021583,0,0,0,0.011905,0,0.083333,0.2,0.028571,0.010309,0.024793,0.020661,1,no
0.021583,0,0,0,0,0,0.083333,0.2,0.035714,0.020619,0.041322,0.028926,1,no
0.021583,0,0,0,0.02381,0,0.041667,0.2,0.021429,0,0.024793,0.024793,1,no
0.021583,0,0,0,0.02381,0,0.041667,0.2,0.021429,0,0.024793,0.024793,1,no
0.021583,0,0,0,0.011905,0,0.041667,0.2,0.021429,0,0.024793,0.024793,1,no
0.035971,0,0,0,0.011905,0,0.041667,0.2,0.035714,0,0.041322,0.041322,1,no
0.021583,0,0,0,0.011905,0,0.083333,0.2,0.028571,0.010309,0.024793,0.020661,1,no
0.035971,0,0,0,0.011905,0,0.041667,0.2,0.035714,0,0.041322,0.041322,0,no
0.021583,0,0,0,0.011905,0,0.083333,0.2,0.028571,0.010309,0.024793,0.020661,1,no
0.021583,0,0,0,0,0,0.083333,0.2,0.028571,0.010309,0.024793,0.020661,1,no
0.021583,0,0,0,0,0,0.083333,0.2,0.028571,0.010309,0.024793,0.020661,1,no
0.021583,0,0,0,0,0,0.083333,0.2,0.028571,0.010309,0.024793,0.020661,1,no
0.021583,0,0,0,0.011905,0,0.083333,0.2,0.028571,0.010309,0.024793,0.020661,1,no
0.021583,0,0,0,0.011905,0,0.083333,0.2,0.028571,0.010309,0.024793,0.020661,1,no
0.021583,0,0,0,0.011905,0,0.041667,0.2,0.021429,0,0.024793,0.024793,0,no
0.021583,0,0,0,0.011905,0,0.083333,0.2,0.028571,0.010309,0.024793,0.020661,1,no
0.021583,0,0,0,0.011905,0,0.083333,0.2,0.028571,0.010309,0.024793,0.020661,1,no
0.021583,0,0,0,0.011905,0,0.083333,0.2,0.028571,0.010309,0.024793,0.020661,1,no
0.021583,0,0,0,0.011905,0,0.083333,0.2,0.028571,0.010309,0.024793,0.020661,1,no
0.021583,0,0,0,0.011905,0,0.083333,0.2,0.028571,0.010309,0.024793,0.020661,1,no
0.021583,0,0,0,0.011905,0,0.041667,0.2,0.021429,0,0.024793,0.024793,1,no
0.035971,0.090909,0,0,0,0,0.041667,0.2,0.035714,0,0.041322,0.041322,1,no
0.043165,0.090909,0,0,0,0,0.083333,0.2,0.042857,0,0.041322,0.024793,1,no
0,0,0,0,0.011905,0,0.041667,0.2,0,0,0,0,1,no
0,0,0,0,0.011905,0,0.041667,0.2,0,0,0,0,1,no
0,0,0,0,0.011905,0,0.041667,0.2,0,0,0,0,1,no
0,0,0,0,0.011905,0,0.041667,0.2,0,0,0,0,0,no
0,0,0,0,0.011905,0,0.041667,0.2,0,0,0,0,0,no
0,0,0,0,0.011905,0,0.041667,0.2,0,0,0,0,1,no
0,0,0,0,0,0,0.041667,0.2,0,0,0,0,1,no
0,0,0,0,0,0,0.041667,0.2,0,0,0,0,1,no
0,0,0,0,0,0,0.041667,0.2,0,0,0,0,1,no
0,0,0,0,0,0,0.041667,0.2,0,0,0,0,1,no
0,0,0,0,0,0,0.041667,0.2,0,0,0,0,1,no
0,0,0,0,0,0,0.041667,0.2,0,0,0,0,1,no
0,0,0,0,0,0,0.041667,0.2,0,0,0,0,0,no
0,0,0,0,0,0,0.041667,0.2,0,0,0,0,1,no
0,0,0,0,0,0,0.041667,0.2,0,0,0,0,1,no
0,0,0,0,0,0,0.041667,0.2,0,0,0,0,1,no
0,0,0,0,0,0,0.041667,0.2,0,0,0,0,1,no
0,0,0,0,0,0,0.041667,0.2,0,0,0,0,1,no
0.021583,0.090909,0,0,0,0,0.041667,0.2,0.021429,0,0.024793,0.024793,1,no
0.014388,0.090909,0,0,0.011905,0,0.041667,0.2,0.014286,0,0.016529,0.016529,1,no
0.021583,0,0,0,0,0,0.041667,0.2,0.021429,0,0.024793,0.024793,1,no
0.021583,0,0,0,0,0,0.041667,0.2,0.021429,0,0.024793,0.024793,1,no
0.021583,0,0,0,0.02381,0,0.041667,0.2,0.021429,0,0.024793,0.024793,1,no
0.021583,0,0,0,0.011905,0,0.041667,0.2,0.021429,0,0.024793,0.024793,1,no
0.021583,0,0,0,0.011905,0,0.041667,0.2,0.021429,0,0.024793,0.024793,1,no
0.021583,0,0,0,0.011905,0,0.083333,0.2,0.028571,0.010309,0.024793,0.020661,1,no
0.021583,0,0,0,0.011905,0,0.041667,0.2,0.021429,0,0.024793,0.024793,1,no
0.021583,0,0,0,0.011905,0,0.041667,0.2,0.021429,0,0.024793,0.024793,1,no
0.021583,0,0,0,0,0,0.041667,0.2,0.021429,0,0.024793,0.024793,1,no
0.021583,0.090909,0,0,0.011905,0,0.041667,0.2,0.021429,0,0.024793,0.024793,1,no
0.021583,0,0,0,0,0,0.041667,0.2,0.021429,0,0.024793,0.024793,1,no
0.028777,0.090909,0,0,0.02381,0.02439,0.041667,0.2,0.028571,0,0.033058,0.033058,1,no
0.021583,0.090909,0,0,0.011905,0,0.041667,0.2,0.021429,0,0.024793,0.024793,1,no
0.021583,0.181818,0,0,0.011905,0,0.041667,0.2,0.021429,0,0.024793,0.024793,1,no
0.021583,0.090909,0,0,0.011905,0,0.041667,0.2,0.021429,0,0.024793,0.024793,1,no
0.021583,0.181818,0,0,0.011905,0,0.041667,0.2,0.021429,0,0.024793,0.024793,1,no
0.021583,0.090909,0,0,0.011905,0,0.041667,0.2,0.021429,0,0.024793,0.024793,1,no
0.021583,0.181818,0,0,0.011905,0,0.041667,0.2,0.021429,0,0.024793,0.024793,1,no
0.021583,0.090909,0,0,0.011905,0,0.041667,0.2,0.021429,0,0.024793,0.024793,1,no
0.021583,0.181818,0,0,0.011905,0,0.041667,0.2,0.021429,0,0.024793,0.024793,1,no
0.021583,0,0,0,0,0,0.041667,0.2,0.021429,0,0.024793,0.024793,1,no
0.021583,0,0,0,0.02381,0,0.041667,0.2,0.021429,0,0.024793,0.024793,1,no
0.021583,0,0,0,0,0,0.083333,0.2,0.021429,0,0.016529,0.012397,1,no
0.028777,0.090909,0,0,0,0,0.041667,0.2,0.028571,0,0.033058,0.033058,1,no
0.021583,0,0,0,0.011905,0,0.083333,0.2,0.028571,0.010309,0.024793,0.020661,1,no
0.021583,0,0,0,0,0,0.083333,0.2,0.035714,0.020619,0.041322,0.028926,1,no
0.021583,0,0,0,0.02381,0,0.041667,0.2,0.021429,0,0.024793,0.024793,1,no
0.021583,0,0,0,0.02381,0,0.041667,0.2,0.021429,0,0.024793,0.024793,1,no
0.021583,0,0,0,0.011905,0,0.041667,0.2,0.021429,0,0.024793,0.024793,1,no
0.035971,0,0,0,0.011905,0,0.041667,0.2,0.035714,0,0.041322,0.041322,1,no
0.021583,0,0,0,0.011905,0,0.083333,0.2,0.028571,0.010309,0.024793,0.020661,1,no
0.021583,0,0,0,0.011905,0,0.041667,0.2,0.021429,0,0.024793,0.024793,1,no
0,0,0,0,0.011905,0,0.041667,0.2,0,0,0,0,1,no
0,0,0,0,0.011905,0,0.041667,0.2,0,0,0,0,1,no
0,0,0,0,0,0,0.041667,0.2,0,0,0,0,1,no
0.021583,0.090909,0,0,0,0,0.041667,0.2,0.021429,0,0.024793,0.024793,0,no
0.014388,0.090909,0,0,0.011905,0,0.041667,0.2,0.014286,0,0.016529,0.016529,0,no
0.021583,0,0,0,0,0,0.041667,0.2,0.021429,0,0.024793,0.024793,0,no
0.021583,0,0,0,0,0,0.041667,0.2,0.021429,0,0.024793,0.024793,0,no
0.021583,0,0,0,0.02381,0,0.041667,0.2,0.021429,0,0.024793,0.024793,0,no
0.021583,0,0,0,0.011905,0,0.041667,0.2,0.021429,0,0.024793,0.024793,0,no
0.021583,0,0,0,0.011905,0,0.041667,0.2,0.021429,0,0.024793,0.024793,0,no
0.021583,0,0,0,0.011905,0,0.041667,0.2,0.021429,0,0.024793,0.024793,0,no
0.021583,0,0,0,0.011905,0,0.041667,0.2,0.021429,0,0.024793,0.024793,0,no
0.021583,0,0,0,0.011905,0,0.041667,0.2,0.021429,0,0.024793,0.024793,0,no
0.021583,0,0,0,0,0,0.041667,0.2,0.021429,0,0.024793,0.024793,0,no
0.021583,0.090909,0,0,0.011905,0,0.041667,0.2,0.021429,0,0.024793,0.024793,0,no
0.021583,0,0,0,0,0,0.041667,0.2,0.021429,0,0.024793,0.024793,0,no
0.028777,0.090909,0,0,0.02381,0.02439,0.041667,0.2,0.028571,0,0.033058,0.033058,0,no
0.021583,0.090909,0,0,0.011905,0,0.041667,0.2,0.021429,0,0.024793,0.024793,0,no
0.021583,0.181818,0,0,0.011905,0,0.041667,0.2,0.021429,0,0.024793,0.024793,0,no
0.021583,0.090909,0,0,0.011905,0,0.041667,0.2,0.021429,0,0.024793,0.024793,0,no
0.021583,0.181818,0,0,0.011905,0,0.041667,0.2,0.021429,0,0.024793,0.024793,0,no
0.021583,0.090909,0,0,0.011905,0,0.041667,0.2,0.021429,0,0.024793,0.024793,0,no
0.021583,0.181818,0,0,0.011905,0,0.041667,0.2,0.021429,0,0.024793,0.024793,0,no
0.021583,0.090909,0,0,0.011905,0,0.041667,0.2,0.021429,0,0.024793,0.024793,0,no
0.021583,0.181818,0,0,0.011905,0,0.041667,0.2,0.021429,0,0.024793,0.024793,0,no
0.021583,0,0,0,0,0,0.041667,0.2,0.021429,0,0.024793,0.024793,0,no
0.021583,0,0,0,0.02381,0,0.041667,0.2,0.021429,0,0.024793,0.024793,0,no
0.021583,0,0,0,0,0,0.041667,0.2,0.021429,0,0.024793,0.024793,0,no
0.028777,0.090909,0,0,0,0,0.041667,0.2,0.028571,0,0.033058,0.033058,0,no
0.021583,0,0,0,0.011905,0,0.041667,0.2,0.021429,0,0.024793,0.024793,0,no
0.021583,0,0,0,0,0,0.041667,0.2,0.021429,0,0.024793,0.024793,0,no
0.021583,0,0,0,0.02381,0,0.041667,0.2,0.021429,0,0.024793,0.024793,0,no
0.021583,0,0,0,0.02381,0,0.041667,0.2,0.021429,0,0.024793,0.024793,0,no
0.021583,0,0,0,0.011905,0,0.041667,0.2,0.021429,0,0.024793,0.024793,0,no
0.035971,0,0,0,0.011905,0,0.041667,0.2,0.035714,0,0.041322,0.041322,0,no
0.021583,0,0,0,0.011905,0,0.041667,0.2,0.021429,0,0.024793,0.024793,0,no
0.021583,0,0,0,0.011905,0,0.041667,0.2,0.021429,0,0.024793,0.024793,0,no
0,0,0,0,0.011905,0,0.041667,0.2,0,0,0,0,0,no
0,0,0,0,0.011905,0,0.041667,0.2,0,0,0,0,0,no
0,0,0,0,0,0,0.041667,0.2,0,0,0,0,0,no
0.021583,0.090909,0,0,0,0,0.041667,0.2,0.021429,0,0.024793,0.024793,1,no
0.014388,0.090909,0,0,0.011905,0,0.041667,0.2,0.014286,0,0.016529,0.016529,1,no
0.021583,0,0,0,0,0,0.041667,0.2,0.021429,0,0.024793,0.024793,1,no
0.021583,0,0,0,0,0,0.041667,0.2,0.021429,0,0.024793,0.024793,1,no
0.021583,0,0,0,0.02381,0,0.041667,0.2,0.021429,0,0.024793,0.024793,1,no
0.021583,0,0,0,0,0,0.041667,0.2,0.021429,0,0.024793,0.024793,1,no
0.021583,0,0,0,0,0,0.041667,0.2,0.021429,0,0.024793,0.024793,1,no
0.021583,0,0,0,0.011905,0,0.083333,0.2,0.028571,0.010309,0.024793,0.020661,1,no
0.021583,0,0,0,0.011905,0,0.083333,0.2,0.028571,0.010309,0.024793,0.020661,1,no
0.028777,0,0,0,0,0,0.083333,0.2,0.028571,0,0.016529,0.016529,1,no
0.021583,0,0,0,0.011905,0,0.041667,0.2,0.021429,0,0.024793,0.024793,1,no
0.021583,0,0,0,0,0,0.041667,0.2,0.021429,0,0.024793,0.024793,1,no
0.021583,0.090909,0,0,0.011905,0,0.041667,0.2,0.021429,0,0.024793,0.024793,1,no
0.021583,0,0,0,0,0,0.041667,0.2,0.021429,0,0.024793,0.024793,1,no
0.028777,0.090909,0,0,0.02381,0.02439,0.041667,0.2,0.028571,0,0.033058,0.033058,1,no
0.021583,0.090909,0,0,0.011905,0,0.041667,0.2,0.021429,0,0.024793,0.024793,1,no
0.021583,0.181818,0,0,0.011905,0,0.041667,0.2,0.021429,0,0.024793,0.024793,1,no
0.021583,0.090909,0,0,0.011905,0,0.041667,0.2,0.021429,0,0.024793,0.024793,1,no
0.021583,0.181818,0,0,0.011905,0,0.041667,0.2,0.021429,0,0.024793,0.024793,1,no
0.021583,0.090909,0,0,0.011905,0,0.041667,0.2,0.021429,0,0.024793,0.024793,1,no
0.021583,0.181818,0,0,0.011905,0,0.041667,0.2,0.021429,0,0.024793,0.024793,1,no
0.021583,0.090909,0,0,0.011905,0,0.041667,0.2,0.021429,0,0.024793,0.024793,1,no
0.021583,0.181818,0,0,0.011905,0,0.041667,0.2,0.021429,0,0.024793,0.024793,1,no
0.021583,0,0,0,0,0,0.041667,0.2,0.021429,0,0.024793,0.024793,1,no
0.021583,0,0,0,0.02381,0,0.041667,0.2,0.021429,0,0.024793,0.024793,1,no
0.021583,0,0,0,0,0,0.083333,0.2,0.021429,0,0.016529,0.012397,1,no
0.028777,0.090909,0,0,0,0,0.041667,0.2,0.028571,0,0.033058,0.033058,1,no
0.057554,0,0,0,0.02381,0,0.083333,0.2,0.057143,0,0.057851,0.033058,1,no
0.043165,0,0,0,0.011905,0,0.083333,0.2,0.042857,0,0.041322,0.024793,1,no
0.043165,0,0,0,0.011905,0,0.083333,0.2,0.042857,0,0.041322,0.024793,1,no
0.021583,0,0,0,0.011905,0,0.083333,0.2,0.028571,0.010309,0.024793,0.020661,1,no
0.021583,0,0,0,0,0,0.083333,0.2,0.035714,0.020619,0.041322,0.028926,1,no
0.021583,0,0,0,0.02381,0,0.041667,0.2,0.021429,0,0.024793,0.024793,1,no
0.021583,0,0,0,0.02381,0,0.041667,0.2,0.021429,0,0.024793,0.024793,1,no
0.021583,0,0,0,0.011905,0,0.041667,0.2,0.021429,0,0.024793,0.024793,1,no
0.021583,0,0,0,0,0,0.083333,0.2,0.028571,0.010309,0.024793,0.020661,1,no
0.021583,0,0,0,0,0,0.083333,0.2,0.028571,0.010309,0.024793,0.020661,1,no
0.021583,0,0,0,0.011905,0,0.083333,0.2,0.028571,0.010309,0.024793,0.020661,1,no
0.021583,0,0,0,0.011905,0,0.083333,0.2,0.028571,0.010309,0.024793,0.020661,1,no
0.021583,0,0,0,0.011905,0,0.041667,0.2,0.021429,0,0.024793,0.024793,1,no
0.043165,0.090909,0,0,0,0,0.083333,0.2,0.042857,0,0.041322,0.024793,1,no
0,0,0,0,0,0,0.041667,0.2,0,0,0,0,1,no
0,0,0,0,0,0,0.041667,0.2,0,0,0,0,1,no
0,0,0,0,0,0,0.041667,0.2,0,0,0,0,1,no
0,0,0,0,0,0,0.041667,0.2,0,0,0,0,1,no
0.021583,0.090909,0,0,0,0,0.041667,0.2,0.021429,0,0.024793,0.024793,0,no
0.014388,0.090909,0,0,0.011905,0,0.041667,0.2,0.014286,0,0.016529,0.016529,0,no
0.021583,0,0,0,0,0,0.041667,0.2,0.021429,0,0.024793,0.024793,0,no
0.021583,0,0,0,0,0,0.041667,0.2,0.021429,0,0.024793,0.024793,0,no
0.021583,0,0,0,0.02381,0,0.041667,0.2,0.021429,0,0.024793,0.024793,0,no
0.021583,0,0,0,0.011905,0,0.041667,0.2,0.021429,0,0.024793,0.024793,0,no
0.021583,0,0,0,0.011905,0,0.041667,0.2,0.021429,0,0.024793,0.024793,0,no
0.021583,0,0,0,0.011905,0,0.041667,0.2,0.021429,0,0.024793,0.024793,0,no
0.021583,0,0,0,0.011905,0,0.041667,0.2,0.021429,0,0.024793,0.024793,0,no
0.021583,0,0,0,0.011905,0,0.041667,0.2,0.021429,0,0.024793,0.024793,0,no
0.021583,0,0,0,0.011905,0,0.041667,0.2,0.021429,0,0.024793,0.024793,0,no
0.021583,0,0,0,0.011905,0,0.041667,0.2,0.021429,0,0.024793,0.024793,0,no
0.021583,0,0,0,0.011905,0,0.041667,0.2,0.021429,0,0.024793,0.024793,0,no
0.021583,0,0,0,0.011905,0,0.041667,0.2,0.021429,0,0.024793,0.024793,0,no
0.035971,0,0,0,0.035714,0,0.125,0.4,0.035714,0,0.024793,0.013774,0,no
0.021583,0,0,0,0.011905,0,0.041667,0.2,0.021429,0,0.024793,0.024793,0,no
0.021583,0,0,0,0,0,0.041667,0.2,0.021429,0,0.024793,0.024793,0,no
0.021583,0.090909,0,0,0.011905,0,0.041667,0.2,0.021429,0,0.024793,0.024793,0,no
0.021583,0,0,0,0,0,0.041667,0.2,0.021429,0,0.024793,0.024793,0,no
0.028777,0.090909,0,0,0.02381,0.02439,0.041667,0.2,0.028571,0,0.033058,0.033058,0,no
0.021583,0.090909,0,0,0.011905,0,0.041667,0.2,0.021429,0,0.024793,0.024793,0,no
0.021583,0.181818,0,0,0.011905,0,0.041667,0.2,0.021429,0,0.024793,0.024793,0,no
0.021583,0.090909,0,0,0.011905,0,0.041667,0.2,0.021429,0,0.024793,0.024793,0,no
0.021583,0.181818,0,0,0.011905,0,0.041667,0.2,0.021429,0,0.024793,0.024793,0,no
0.021583,0.090909,0,0,0.011905,0,0.041667,0.2,0.021429,0,0.024793,0.024793,0,no
0.021583,0.181818,0,0,0.011905,0,0.041667,0.2,0.021429,0,0.024793,0.024793,0,no
0.021583,0.090909,0,0,0.011905,0,0.041667,0.2,0.021429,0,0.024793,0.024793,0,no
0.021583,0.181818,0,0,0.011905,0,0.041667,0.2,0.021429,0,0.024793,0.024793,0,no
0.021583,0,0,0,0,0,0.041667,0.2,0.021429,0,0.024793,0.024793,0,no
0.021583,0,0,0,0.02381,0,0.041667,0.2,0.021429,0,0.024793,0.024793,0,no
0.021583,0,0,0,0,0,0.041667,0.2,0.021429,0,0.024793,0.024793,0,no
0.028777,0.090909,0,0,0,0,0.041667,0.2,0.028571,0,0.033058,0.033058,0,no
0.021583,0,0,0,0.011905,0,0.041667,0.2,0.021429,0,0.024793,0.024793,0,no
0.021583,0,0,0,0,0,0.041667,0.2,0.021429,0,0.024793,0.024793,0,no
0.021583,0,0,0,0.02381,0,0.041667,0.2,0.021429,0,0.024793,0.024793,0,no
0.021583,0,0,0,0.02381,0,0.041667,0.2,0.021429,0,0.024793,0.024793,0,no
0.021583,0,0,0,0.011905,0,0.041667,0.2,0.021429,0,0.024793,0.024793,0,no
0.035971,0,0,0,0.011905,0,0.041667,0.2,0.035714,0,0.041322,0.041322,0,no
0.035971,0,0,0,0.011905,0,0.041667,0.2,0.035714,0,0.041322,0.041322,0,no
0.035971,0,0,0,0.011905,0,0.041667,0.2,0.035714,0,0.041322,0.041322,0,no
0.021583,0,0,0,0.011905,0,0.041667,0.2,0.021429,0,0.024793,0.024793,0,no
0.021583,0,0,0,0.011905,0,0.041667,0.2,0.021429,0,0.024793,0.024793,0,no
0.021583,0,0,0,0.011905,0,0.041667,0.2,0.021429,0,0.024793,0.024793,0,no
0.021583,0,0,0,0.011905,0,0.041667,0.2,0.021429,0,0.024793,0.024793,0,no
0,0,0,0,0.011905,0,0.041667,0.2,0,0,0,0,0,no
0,0,0,0,0.011905,0,0.041667,0.2,0,0,0,0,0,no
0,0,0,0,0.011905,0,0.041667,0.2,0,0,0,0,0,no
0,0,0,0,0.011905,0,0.041667,0.2,0,0,0,0,0,no
0,0,0,0,0.011905,0,0.041667,0.2,0,0,0,0,0,no
0,0,0,0,0.011905,0,0.041667,0.2,0,0,0,0,0,no
0,0,0,0,0,0,0.041667,0.2,0,0,0,0,0,no
0,0,0,0,0,0,0.041667,0.2,0,0,0,0,0,no
0,0,0,0,0,0,0.041667,0.2,0,0,0,0,0,no
0.021583,0.090909,0,0,0,0,0.041667,0.2,0.021429,0,0.024793,0.024793,1,no
0.014388,0.090909,0,0,0.011905,0,0.041667,0.2,0.014286,0,0.016529,0.016529,1,no
0.021583,0,0,0,0,0,0.041667,0.2,0.021429,0,0.024793,0.024793,1,no
0.021583,0,0,0,0,0,0.041667,0.2,0.021429,0,0.024793,0.024793,1,no
0.021583,0,0,0,0.02381,0,0.041667,0.2,0.021429,0,0.024793,0.024793,1,no
0.021583,0,0,0,0,0,0.041667,0.2,0.021429,0,0.024793,0.024793,1,no
0.021583,0,0,0,0.011905,0,0.083333,0.2,0.028571,0.010309,0.024793,0.020661,1,no
0.021583,0,0,0,0,0,0.083333,0.2,0.021429,0,0.016529,0.012397,1,no
0.021583,0,0,0,0.011905,0,0.041667,0.2,0.021429,0,0.024793,0.024793,1,no
0.021583,0,0,0,0,0,0.041667,0.2,0.021429,0,0.024793,0.024793,1,no
0.021583,0.090909,0,0,0.011905,0,0.041667,0.2,0.021429,0,0.024793,0.024793,1,no
0.021583,0,0,0,0,0,0.041667,0.2,0.021429,0,0.024793,0.024793,1,no
0.028777,0.090909,0,0,0.02381,0.02439,0.041667,0.2,0.028571,0,0.033058,0.033058,1,no
0.021583,0.090909,0,0,0.011905,0,0.041667,0.2,0.021429,0,0.024793,0.024793,1,no
0.021583,0.181818,0,0,0.011905,0,0.041667,0.2,0.021429,0,0.024793,0.024793,1,no
0.021583,0.090909,0,0,0.011905,0,0.041667,0.2,0.021429,0,0.024793,0.024793,1,no
0.021583,0.181818,0,0,0.011905,0,0.041667,0.2,0.021429,0,0.024793,0.024793,1,no
0.021583,0.090909,0,0,0.011905,0,0.041667,0.2,0.021429,0,0.024793,0.024793,1,no
0.021583,0.181818,0,0,0.011905,0,0.041667,0.2,0.021429,0,0.024793,0.024793,1,no
0.021583,0.090909,0,0,0.011905,0,0.041667,0.2,0.021429,0,0.024793,0.024793,1,no
0.021583,0.181818,0,0,0.011905,0,0.041667,0.2,0.021429,0,0.024793,0.024793,1,no
0.021583,0,0,0,0,0,0.041667,0.2,0.021429,0,0.024793,0.024793,1,no
0.021583,0,0,0,0.02381,0,0.041667,0.2,0.021429,0,0.024793,0.024793,1,no
0.021583,0,0,0,0,0,0.083333,0.2,0.021429,0,0.016529,0.012397,1,no
0.028777,0.090909,0,0,0,0,0.041667,0.2,0.028571,0,0.033058,0.033058,1,no
0.043165,0,0,0,0.011905,0,0.083333,0.2,0.05,0.010309,0.057851,0.033058,1,no
0.043165,0,0,0,0.011905,0,0.083333,0.2,0.042857,0,0.041322,0.024793,1,no
0.021583,0,0,0,0.011905,0,0.083333,0.2,0.028571,0.010309,0.024793,0.020661,1,no
0.021583,0,0,0,0,0,0.083333,0.2,0.035714,0.020619,0.041322,0.028926,1,no
0.021583,0,0,0,0.02381,0,0.041667,0.2,0.021429,0,0.024793,0.024793,1,no
0.021583,0,0,0,0.02381,0,0.041667,0.2,0.021429,0,0.024793,0.024793,1,no
0.021583,0,0,0,0.011905,0,0.041667,0.2,0.021429,0,0.024793,0.024793,1,no
0.021583,0,0,0,0,0,0.083333,0.2,0.028571,0.010309,0.024793,0.020661,1,no
0.021583,0,0,0,0.011905,0,0.083333,0.2,0.028571,0.010309,0.024793,0.020661,1,no
0.021583,0,0,0,0.011905,0,0.041667,0.2,0.021429,0,0.024793,0.024793,1,no
0,0,0,0,0,0,0.041667,0.2,0,0,0,0,1,no
0,0,0,0,0,0,0.041667,0.2,0,0,0,0,1,no
0.028777,0.181818,0,0,0.011905,0,0.041667,0.2,0.028571,0,0.033058,0.033058,1,no
0.021583,0,0,0,0.011905,0,0.083333,0.2,0.028571,0.010309,0.024793,0.020661,1,no
0.021583,0,0,0,0,0,0.041667,0.2,0.021429,0,0.024793,0.024793,1,no
0.021583,0,0,0,0,0,0.041667,0.2,0.021429,0,0.024793,0.024793,1,no
0.021583,0,0,0,0,0,0.041667,0.2,0.021429,0,0.024793,0.024793,1,no
0.021583,0,0,0,0,0,0.041667,0.2,0.021429,0,0.024793,0.024793,1,no
0.021583,0.090909,0,0,0,0,0.041667,0.2,0.021429,0,0.024793,0.024793,1,no
0.021583,0.090909,0,0,0,0,0.041667,0.2,0.021429,0,0.024793,0.024793,1,no
0.014388,0.090909,0,0,0.011905,0,0.041667,0.2,0.014286,0,0.016529,0.016529,1,no
0.021583,0,0,0,0,0,0.041667,0.2,0.021429,0,0.024793,0.024793,1,no
0.021583,0,0,0,0,0,0.041667,0.2,0.021429,0,0.024793,0.024793,1,no
0.021583,0,0,0,0.02381,0,0.041667,0.2,0.021429,0,0.024793,0.024793,1,no
0.021583,0,0,0,0,0,0.041667,0.2,0.021429,0,0.024793,0.024793,1,no
0.021583,0,0,0,0.011905,0,0.083333,0.2,0.028571,0.010309,0.024793,0.020661,1,no
0.021583,0,0,0,0,0,0.083333,0.2,0.021429,0,0.016529,0.012397,1,no
0.021583,0,0,0,0.011905,0,0.041667,0.2,0.021429,0,0.024793,0.024793,1,no
0.021583,0,0,0,0,0,0.041667,0.2,0.021429,0,0.024793,0.024793,1,no
0.021583,0.090909,0,0,0.011905,0,0.041667,0.2,0.021429,0,0.024793,0.024793,1,no
0.021583,0,0,0,0,0,0.041667,0.2,0.021429,0,0.024793,0.024793,1,no
0.028777,0.090909,0,0,0.02381,0.02439,0.041667,0.2,0.028571,0,0.033058,0.033058,1,no
0.021583,0.090909,0,0,0.011905,0,0.041667,0.2,0.021429,0,0.024793,0.024793,1,no
0.021583,0.181818,0,0,0.011905,0,0.041667,0.2,0.021429,0,0.024793,0.024793,1,no
0.021583,0.090909,0,0,0.011905,0,0.041667,0.2,0.021429,0,0.024793,0.024793,1,no
0.021583,0.181818,0,0,0.011905,0,0.041667,0.2,0.021429,0,0.024793,0.024793,1,no
0.021583,0.090909,0,0,0.011905,0,0.041667,0.2,0.021429,0,0.024793,0.024793,1,no
0.021583,0.181818,0,0,0.011905,0,0.041667,0.2,0.021429,0,0.024793,0.024793,1,no
0.021583,0.090909,0,0,0.011905,0,0.041667,0.2,0.021429,0,0.024793,0.024793,1,no
0.021583,0.181818,0,0,0.011905,0,0.041667,0.2,0.021429,0,0.024793,0.024793,1,no
0.021583,0,0,0,0,0,0.041667,0.2,0.021429,0,0.024793,0.024793,1,no
0.021583,0,0,0,0.02381,0,0.041667,0.2,0.021429,0,0.024793,0.024793,1,no
0.021583,0,0,0,0,0,0.083333,0.2,0.021429,0,0.016529,0.012397,1,no
0.028777,0.090909,0,0,0,0,0.041667,0.2,0.028571,0,0.033058,0.033058,1,no
0.043165,0,0,0,0.011905,0,0.083333,0.2,0.05,0.010309,0.057851,0.033058,1,no
0.043165,0,0,0,0.011905,0,0.083333,0.2,0.042857,0,0.041322,0.024793,1,no
0.021583,0,0,0,0.011905,0,0.083333,0.2,0.028571,0.010309,0.024793,0.020661,1,no
0.021583,0,0,0,0,0,0.083333,0.2,0.035714,0.020619,0.041322,0.028926,1,no
0.021583,0,0,0,0.02381,0,0.041667,0.2,0.021429,0,0.024793,0.024793,1,no
0.021583,0,0,0,0.02381,0,0.041667,0.2,0.021429,0,0.024793,0.024793,1,no
0.021583,0,0,0,0.011905,0,0.041667,0.2,0.021429,0,0.024793,0.024793,1,no
0.021583,0,0,0,0,0,0.083333,0.2,0.028571,0.010309,0.024793,0.020661,1,no
0.021583,0,0,0,0.011905,0,0.083333,0.2,0.028571,0.010309,0.024793,0.020661,1,no
0.021583,0,0,0,0.011905,0,0.041667,0.2,0.021429,0,0.024793,0.024793,1,no
0,0,0,0,0,0,0.041667,0.2,0,0,0,0,1,no
0,0,0,0,0,0,0.041667,0.2,0,0,0,0,1,no
0.021583,0.090909,0,0,0,0,0.041667,0.2,0.021429,0,0.024793,0.024793,1,no
0.014388,0.090909,0,0,0.011905,0,0.041667,0.2,0.014286,0,0.016529,0.016529,1,no
0.021583,0,0,0,0.011905,0,0.041667,0.2,0.021429,0,0.024793,0.024793,1,no
0.021583,0,0,0,0,0,0.041667,0.2,0.021429,0,0.024793,0.024793,1,no
0.021583,0,0,0,0,0,0.041667,0.2,0.021429,0,0.024793,0.024793,1,no
0.021583,0,0,0,0.02381,0,0.041667,0.2,0.021429,0,0.024793,0.024793,1,no
0.021583,0,0,0,0,0,0.041667,0.2,0.021429,0,0.024793,0.024793,0,no
0.021583,0,0,0,0,0,0.041667,0.2,0.021429,0,0.024793,0.024793,0,no
0.021583,0,0,0,0.011905,0,0.041667,0.2,0.021429,0,0.024793,0.024793,0,no
0.021583,0,0,0,0.011905,0,0.041667,0.2,0.021429,0,0.024793,0.024793,0,no
0.021583,0,0,0,0,0,0.041667,0.2,0.021429,0,0.024793,0.024793,1,no
0.021583,0,0,0,0,0,0.041667,0.2,0.021429,0,0.024793,0.024793,1,no
0.021583,0,0,0,0.011905,0,0.083333,0.2,0.028571,0.010309,0.024793,0.020661,1,no
0.021583,0,0,0,0.011905,0,0.041667,0.2,0.021429,0,0.024793,0.024793,0,no
0.021583,0,0,0,0.011905,0,0.083333,0.2,0.028571,0.010309,0.024793,0.020661,1,no
0.021583,0,0,0,0.011905,0,0.041667,0.2,0.021429,0,0.024793,0.024793,0,no
0.021583,0,0,0,0.011905,0,0.083333,0.2,0.028571,0.010309,0.024793,0.020661,1,no
0.021583,0,0,0,0.011905,0,0.083333,0.2,0.028571,0.010309,0.024793,0.020661,1,no
0.057554,0,0,0,0.02381,0,0.166667,0.2,0.057143,0,0.024793,0.016529,1,no
0.021583,0,0,0,0.011905,0,0.041667,0.2,0.021429,0,0.024793,0.024793,1,no
0.021583,0,0,0,0,0,0.041667,0.2,0.021429,0,0.024793,0.024793,1,no
0.021583,0.090909,0,0,0.011905,0,0.041667,0.2,0.021429,0,0.024793,0.024793,1,no
0.021583,0,0,0,0,0,0.041667,0.2,0.021429,0,0.024793,0.024793,1,no
0.028777,0.090909,0,0,0.02381,0.02439,0.041667,0.2,0.028571,0,0.033058,0.033058,1,no
0.021583,0.090909,0,0,0.011905,0,0.041667,0.2,0.021429,0,0.024793,0.024793,1,no
0.021583,0.181818,0,0,0.011905,0,0.041667,0.2,0.021429,0,0.024793,0.024793,1,no
0.021583,0.090909,0,0,0.011905,0,0.041667,0.2,0.021429,0,0.024793,0.024793,1,no
0.021583,0.181818,0,0,0.011905,0,0.041667,0.2,0.021429,0,0.024793,0.024793,1,no
0.021583,0.090909,0,0,0.011905,0,0.041667,0.2,0.021429,0,0.024793,0.024793,1,no
0.021583,0.181818,0,0,0.011905,0,0.041667,0.2,0.021429,0,0.024793,0.024793,1,no
0.021583,0.090909,0,0,0.011905,0,0.041667,0.2,0.021429,0,0.024793,0.024793,1,no
0.021583,0.181818,0,0,0.011905,0,0.041667,0.2,0.021429,0,0.024793,0.024793,1,no
0.021583,0,0,0,0,0,0.041667,0.2,0.021429,0,0.024793,0.024793,1,no
0.021583,0,0,0,0.02381,0,0.041667,0.2,0.021429,0,0.024793,0.024793,1,no
0.021583,0,0,0,0,0,0.083333,0.2,0.021429,0,0.016529,0.012397,1,no
0.028777,0.090909,0,0,0,0,0.041667,0.2,0.028571,0,0.033058,0.033058,1,no
0.043165,0,0,0,0.02381,0,0.083333,0.2,0.042857,0,0.041322,0.024793,1,no
0.043165,0,0,0,0.011905,0,0.041667,0.2,0.042857,0,0.049587,0.049587,0,no
0.043165,0,0,0,0.011905,0,0.083333,0.2,0.042857,0,0.041322,0.024793,1,no
0.043165,0,0,0,0.011905,0,0.083333,0.2,0.042857,0,0.041322,0.024793,1,no
0.043165,0,0,0,0.011905,0,0.083333,0.2,0.042857,0,0.041322,0.024793,1,no
0.021583,0,0,0,0.011905,0,0.083333,0.2,0.028571,0.010309,0.024793,0.020661,1,no
0.021583,0,0,0,0,0,0.083333,0.2,0.035714,0.020619,0.041322,0.028926,1,no
0.021583,0,0,0,0.011905,0,0.083333,0.2,0.028571,0.010309,0.024793,0.020661,1,no
0.021583,0,0,0,0.02381,0,0.041667,0.2,0.021429,0,0.024793,0.024793,1,no
0.021583,0,0,0,0.02381,0,0.041667,0.2,0.021429,0,0.024793,0.024793,1,no
0.021583,0,0,0,0.011905,0,0.041667,0.2,0.021429,0,0.024793,0.024793,1,no
0.021583,0,0,0,0,0,0.041667,0.2,0.021429,0,0.024793,0.024793,0,no
0.021583,0,0,0,0,0,0.083333,0.2,0.028571,0.010309,0.024793,0.020661,1,no
0.035971,0,0,0,0.011905,0,0.041667,0.2,0.035714,0,0.041322,0.041322,0,no
0.021583,0,0,0,0,0,0.083333,0.2,0.028571,0.010309,0.024793,0.020661,1,no
0.021583,0,0,0,0,0,0.083333,0.2,0.028571,0.010309,0.024793,0.020661,1,no
0.021583,0,0,0,0.011905,0,0.083333,0.2,0.028571,0.010309,0.024793,0.020661,1,no
0.021583,0,0,0,0.011905,0,0.041667,0.2,0.021429,0,0.024793,0.024793,0,no
0.021583,0,0,0,0.011905,0,0.083333,0.2,0.028571,0.010309,0.024793,0.020661,1,no
0.021583,0,0,0,0.011905,0,0.041667,0.2,0.021429,0,0.024793,0.024793,0,no
0.021583,0,0,0,0.011905,0,0.083333,0.2,0.028571,0.010309,0.024793,0.020661,1,no
0.021583,0,0,0,0.011905,0,0.083333,0.2,0.028571,0.010309,0.024793,0.020661,1,no
0.021583,0,0,0,0.011905,0,0.041667,0.2,0.021429,0,0.024793,0.024793,1,no
0.043165,0.090909,0,0,0,0,0.041667,0.2,0.042857,0,0.049587,0.049587,0,no
0.043165,0.090909,0,0,0,0,0.083333,0.2,0.042857,0,0.041322,0.024793,1,no
0.043165,0.090909,0,0,0,0,0.083333,0.2,0.042857,0,0.041322,0.024793,1,no
0.028777,0.181818,0,0,0.011905,0,0.041667,0.2,0.028571,0,0.033058,0.033058,1,no
0.021583,0,0,0,0.011905,0,0.041667,0.2,0.021429,0,0.024793,0.024793,1,no
0.021583,0,0,0,0,0,0.041667,0.2,0.021429,0,0.024793,0.024793,1,no
0.021583,0,0,0,0,0,0.041667,0.2,0.021429,0,0.024793,0.024793,1,no
0.021583,0,0,0,0,0,0.041667,0.2,0.021429,0,0.024793,0.024793,1,no
0.021583,0,0,0,0,0,0.041667,0.2,0.021429,0,0.024793,0.024793,1,no
0.021583,0.090909,0,0,0,0,0.041667,0.2,0.021429,0,0.024793,0.024793,1,no
0,0,0,0,0.011905,0,0.041667,0.2,0,0,0,0,1,no
0,0,0,0,0,0,0.041667,0.2,0,0,0,0,0,no
0,0,0,0,0,0,0.041667,0.2,0,0,0,0,1,no
0,0,0,0,0.011905,0,0.041667,0.2,0,0,0,0,0,no
0,0,0,0,0.011905,0,0.041667,0.2,0,0,0,0,0,no
0,0,0,0,0,0,0.041667,0.2,0,0,0,0,1,no
0,0,0,0,0,0,0.041667,0.2,0,0,0,0,1,no
0,0,0,0,0,0,0.041667,0.2,0,0,0,0,1,no
0,0,0,0,0,0,0.041667,0.2,0,0,0,0,0,no
0,0,0,0,0,0,0.041667,0.2,0,0,0,0,1,no
0,0,0,0,0,0,0.041667,0.2,0,0,0,0,0,no
0,0,0,0,0,0,0.041667,0.2,0,0,0,0,1,no
0,0,0,0,0,0,0.041667,0.2,0,0,0,0,1,no
0.021583,0.090909,0,0,0,0,0.041667,0.2,0.021429,0,0.024793,0.024793,0,no
0.014388,0.090909,0,0,0.011905,0,0.041667,0.2,0.014286,0,0.016529,0.016529,0,no
0.021583,0,0,0,0,0,0.041667,0.2,0.021429,0,0.024793,0.024793,0,no
0.021583,0,0,0,0,0,0.041667,0.2,0.021429,0,0.024793,0.024793,0,no
0.021583,0,0,0,0.02381,0,0.041667,0.2,0.021429,0,0.024793,0.024793,0,no
0.021583,0,0,0,0.011905,0,0.041667,0.2,0.021429,0,0.024793,0.024793,0,no
0.021583,0,0,0,0.011905,0,0.041667,0.2,0.021429,0,0.024793,0.024793,0,no
0.021583,0,0,0,0.011905,0,0.041667,0.2,0.021429,0,0.024793,0.024793,0,no
0.021583,0,0,0,0.011905,0,0.041667,0.2,0.021429,0,0.024793,0.024793,0,no
0.021583,0,0,0,0.011905,0,0.041667,0.2,0.021429,0,0.024793,0.024793,0,no
0.021583,0,0,0,0,0,0.041667,0.2,0.021429,0,0.024793,0.024793,0,no
0.021583,0.090909,0,0,0.011905,0,0.041667,0.2,0.021429,0,0.024793,0.024793,0,no
0.021583,0,0,0,0,0,0.041667,0.2,0.021429,0,0.024793,0.024793,0,no
0.028777,0.090909,0,0,0.02381,0.02439,0.041667,0.2,0.028571,0,0.033058,0.033058,0,no
0.021583,0.090909,0,0,0.011905,0,0.041667,0.2,0.021429,0,0.024793,0.024793,0,no
0.021583,0.181818,0,0,0.011905,0,0.041667,0.2,0.021429,0,0.024793,0.024793,0,no
0.021583,0.090909,0,0,0.011905,0,0.041667,0.2,0.021429,0,0.024793,0.024793,0,no
0.021583,0.181818,0,0,0.011905,0,0.041667,0.2,0.021429,0,0.024793,0.024793,0,no
0.021583,0.090909,0,0,0.011905,0,0.041667,0.2,0.021429,0,0.024793,0.024793,0,no
0.021583,0.181818,0,0,0.011905,0,0.041667,0.2,0.021429,0,0.024793,0.024793,0,no
0.021583,0.090909,0,0,0.011905,0,0.041667,0.2,0.021429,0,0.024793,0.024793,0,no
0.021583,0.181818,0,0,0.011905,0,0.041667,0.2,0.021429,0,0.024793,0.024793,0,no
0.021583,0,0,0,0,0,0.041667,0.2,0.021429,0,0.024793,0.024793,0,no
0.021583,0,0,0,0.02381,0,0.041667,0.2,0.021429,0,0.024793,0.024793,0,no
0.021583,0,0,0,0,0,0.041667,0.2,0.021429,0,0.024793,0.024793,0,no
0.028777,0.090909,0,0,0,0,0.041667,0.2,0.028571,0,0.033058,0.033058,0,no
0.021583,0,0,0,0.011905,0,0.041667,0.2,0.021429,0,0.024793,0.024793,0,no
0.021583,0,0,0,0,0,0.041667,0.2,0.021429,0,0.024793,0.024793,0,no
0.021583,0,0,0,0.02381,0,0.041667,0.2,0.021429,0,0.024793,0.024793,0,no
0.021583,0,0,0,0.02381,0,0.041667,0.2,0.021429,0,0.024793,0.024793,0,no
0.021583,0,0,0,0.011905,0,0.041667,0.2,0.021429,0,0.024793,0.024793,0,no
0.035971,0,0,0,0.011905,0,0.041667,0.2,0.035714,0,0.041322,0.041322,0,no
0.021583,0,0,0,0.011905,0,0.041667,0.2,0.021429,0,0.024793,0.024793,0,no
0.021583,0,0,0,0.011905,0,0.041667,0.2,0.021429,0,0.024793,0.024793,0,no
0.021583,0,0,0,0.011905,0,0.041667,0.2,0.021429,0,0.024793,0.024793,0,no
0,0,0,0,0.011905,0,0.041667,0.2,0,0,0,0,0,no
0,0,0,0,0.011905,0,0.041667,0.2,0,0,0,0,0,no
0,0,0,0,0,0,0.041667,0.2,0,0,0,0,0,no
0.021583,0.090909,0,0,0,0,0.041667,0.2,0.021429,0,0.024793,0.024793,0,no
0.014388,0.090909,0,0,0.011905,0,0.041667,0.2,0.014286,0,0.016529,0.016529,0,no
0.021583,0,0,0,0,0,0.041667,0.2,0.021429,0,0.024793,0.024793,0,no
0.021583,0,0,0,0,0,0.041667,0.2,0.021429,0,0.024793,0.024793,0,no
0.021583,0,0,0,0.02381,0,0.041667,0.2,0.021429,0,0.024793,0.024793,0,no
0.021583,0,0,0,0.011905,0,0.041667,0.2,0.021429,0,0.024793,0.024793,0,no
0.021583,0,0,0,0.011905,0,0.041667,0.2,0.021429,0,0.024793,0.024793,0,no
0.021583,0,0,0,0.011905,0,0.041667,0.2,0.021429,0,0.024793,0.024793,0,no
0.021583,0,0,0,0.011905,0,0.041667,0.2,0.021429,0,0.024793,0.024793,0,no
0.021583,0,0,0,0.011905,0,0.041667,0.2,0.021429,0,0.024793,0.024793,0,no
0.021583,0,0,0,0.011905,0,0.041667,0.2,0.021429,0,0.024793,0.024793,0,no
0.028777,0,0,0,0.02381,0,0.041667,0.2,0.028571,0,0.033058,0.033058,0,no
0.021583,0,0,0,0.011905,0,0.041667,0.2,0.021429,0,0.024793,0.024793,0,no
0.021583,0,0,0,0,0,0.041667,0.2,0.021429,0,0.024793,0.024793,0,no
0.021583,0.090909,0,0,0.011905,0,0.041667,0.2,0.021429,0,0.024793,0.024793,0,no
0.021583,0,0,0,0,0,0.041667,0.2,0.021429,0,0.024793,0.024793,0,no
0.028777,0.090909,0,0,0.02381,0.02439,0.041667,0.2,0.028571,0,0.033058,0.033058,0,no
0.021583,0.090909,0,0,0.011905,0,0.041667,0.2,0.021429,0,0.024793,0.024793,0,no
0.021583,0.181818,0,0,0.011905,0,0.041667,0.2,0.021429,0,0.024793,0.024793,0,no
0.021583,0.090909,0,0,0.011905,0,0.041667,0.2,0.021429,0,0.024793,0.024793,0,no
0.021583,0.181818,0,0,0.011905,0,0.041667,0.2,0.021429,0,0.024793,0.024793,0,no
0.021583,0.090909,0,0,0.011905,0,0.041667,0.2,0.021429,0,0.024793,0.024793,0,no
0.021583,0.181818,0,0,0.011905,0,0.041667,0.2,0.021429,0,0.024793,0.024793,0,no
0.021583,0.090909,0,0,0.011905,0,0.041667,0.2,0.021429,0,0.024793,0.024793,0,no
0.021583,0.181818,0,0,0.011905,0,0.041667,0.2,0.021429,0,0.024793,0.024793,0,no
0.021583,0,0,0,0,0,0.041667,0.2,0.021429,0,0.024793,0.024793,0,no
0.021583,0,0,0,0.02381,0,0.041667,0.2,0.021429,0,0.024793,0.024793,0,no
0.021583,0,0,0,0,0,0.041667,0.2,0.021429,0,0.024793,0.024793,0,no
0.028777,0.090909,0,0,0,0,0.041667,0.2,0.028571,0,0.033058,0.033058,0,no
0.021583,0,0,0,0.011905,0,0.041667,0.2,0.021429,0,0.024793,0.024793,0,no
0.021583,0,0,0,0,0,0.041667,0.2,0.021429,0,0.024793,0.024793,0,no
0.021583,0,0,0,0.02381,0,0.041667,0.2,0.021429,0,0.024793,0.024793,0,no
0.021583,0,0,0,0.02381,0,0.041667,0.2,0.021429,0,0.024793,0.024793,0,no
0.021583,0,0,0,0.011905,0,0.041667,0.2,0.021429,0,0.024793,0.024793,0,no
0.035971,0,0,0,0.011905,0,0.041667,0.2,0.035714,0,0.041322,0.041322,0,no
0.035971,0,0,0,0.011905,0,0.041667,0.2,0.035714,0,0.041322,0.041322,0,no
0.021583,0,0,0,0.011905,0,0.041667,0.2,0.021429,0,0.024793,0.024793,0,no
0.021583,0,0,0,0.011905,0,0.041667,0.2,0.021429,0,0.024793,0.024793,0,no
0.021583,0,0,0,0.011905,0,0.041667,0.2,0.021429,0,0.024793,0.024793,0,no
0,0,0,0,0.011905,0,0.041667,0.2,0,0,0,0,0,no
0,0,0,0,0.011905,0,0.041667,0.2,0,0,0,0,0,no
0,0,0,0,0.011905,0,0.041667,0.2,0,0,0,0,0,no
0,0,0,0,0.011905,0,0.041667,0.2,0,0,0,0,0,no
0,0,0,0,0,0,0.041667,0.2,0,0,0,0,0,no
0,0,0,0,0,0,0.041667,0.2,0,0,0,0,0,no
0.028777,0.181818,0,0,0.011905,0,0.041667,0.2,0.028571,0,0.033058,0.033058,0,no
0.021583,0,0,0,0.011905,0,0.041667,0.2,0.021429,0,0.024793,0.024793,0,no
0.021583,0,0,0,0,0,0.041667,0.2,0.021429,0,0.024793,0.024793,0,no
0.021583,0,0,0,0,0,0.041667,0.2,0.021429,0,0.024793,0.024793,0,no
0.021583,0,0,0,0,0,0.041667,0.2,0.021429,0,0.024793,0.024793,0,no
0.021583,0,0,0,0,0,0.041667,0.2,0.021429,0,0.024793,0.024793,0,no
0.021583,0.090909,0,0,0,0,0.041667,0.2,0.021429,0,0.024793,0.024793,0,no
0.021583,0.090909,0,0,0,0,0.041667,0.2,0.021429,0,0.024793,0.024793,0,no
0.014388,0.090909,0,0,0.011905,0,0.041667,0.2,0.014286,0,0.016529,0.016529,0,no
0.021583,0,0,0,0,0,0.041667,0.2,0.021429,0,0.024793,0.024793,0,no
0.021583,0,0,0,0,0,0.041667,0.2,0.021429,0,0.024793,0.024793,0,no
0.021583,0,0,0,0.02381,0,0.041667,0.2,0.021429,0,0.024793,0.024793,0,no
0.021583,0,0,0,0.011905,0,0.041667,0.2,0.021429,0,0.024793,0.024793,0,no
0.021583,0,0,0,0.011905,0,0.041667,0.2,0.021429,0,0.024793,0.024793,0,no
0.021583,0,0,0,0.011905,0,0.041667,0.2,0.021429,0,0.024793,0.024793,0,no
0.021583,0,0,0,0.011905,0,0.041667,0.2,0.021429,0,0.024793,0.024793,0,no
0.021583,0,0,0,0,0,0.041667,0.2,0.021429,0,0.024793,0.024793,0,no
0.021583,0.090909,0,0,0.011905,0,0.041667,0.2,0.021429,0,0.024793,0.024793,0,no
0.021583,0,0,0,0,0,0.041667,0.2,0.021429,0,0.024793,0.024793,0,no
0.028777,0.090909,0,0,0.02381,0.02439,0.041667,0.2,0.028571,0,0.033058,0.033058,0,no
0.021583,0.090909,0,0,0.011905,0,0.041667,0.2,0.021429,0,0.024793,0.024793,0,no
0.021583,0.181818,0,0,0.011905,0,0.041667,0.2,0.021429,0,0.024793,0.024793,0,no
0.021583,0.090909,0,0,0.011905,0,0.041667,0.2,0.021429,0,0.024793,0.024793,0,no
0.021583,0.181818,0,0,0.011905,0,0.041667,0.2,0.021429,0,0.024793,0.024793,0,no
0.021583,0.090909,0,0,0.011905,0,0.041667,0.2,0.021429,0,0.024793,0.024793,0,no
0.021583,0.181818,0,0,0.011905,0,0.041667,0.2,0.021429,0,0.024793,0.024793,0,no
0.021583,0.090909,0,0,0.011905,0,0.041667,0.2,0.021429,0,0.024793,0.024793,0,no
0.021583,0.181818,0,0,0.011905,0,0.041667,0.2,0.021429,0,0.024793,0.024793,0,no
0.021583,0,0,0,0,0,0.041667,0.2,0.021429,0,0.024793,0.024793,0,no
0.021583,0,0,0,0.02381,0,0.041667,0.2,0.021429,0,0.024793,0.024793,0,no
0.021583,0,0,0,0,0,0.041667,0.2,0.021429,0,0.024793,0.024793,0,no
0.028777,0.090909,0,0,0,0,0.041667,0.2,0.028571,0,0.033058,0.033058,0,no
0.043165,0,0,0,0.02381,0,0.041667,0.2,0.042857,0,0.049587,0.049587,0,no
0.043165,0,0,0,0.02381,0,0.041667,0.2,0.042857,0,0.049587,0.049587,0,no
0.021583,0,0,0,0.011905,0,0.041667,0.2,0.021429,0,0.024793,0.024793,0,no
0.021583,0,0,0,0,0,0.041667,0.2,0.021429,0,0.024793,0.024793,0,no
0.021583,0,0,0,0.02381,0,0.041667,0.2,0.021429,0,0.024793,0.024793,0,no
0.021583,0,0,0,0.02381,0,0.041667,0.2,0.021429,0,0.024793,0.024793,0,no
0.021583,0,0,0,0.011905,0,0.041667,0.2,0.021429,0,0.024793,0.024793,0,no
0.021583,0,0,0,0.011905,0,0.041667,0.2,0.021429,0,0.024793,0.024793,0,no
0.021583,0,0,0,0.011905,0,0.041667,0.2,0.021429,0,0.024793,0.024793,0,no
0.021583,0,0,0,0.011905,0,0.041667,0.2,0.021429,0,0.024793,0.024793,0,no
0.021583,0,0,0,0.011905,0,0.041667,0.2,0.021429,0,0.024793,0.024793,0,no
0,0,0,0,0.011905,0,0.041667,0.2,0,0,0,0,0,no
0,0,0,0,0,0,0.041667,0.2,0,0,0,0,0,no
0.021583,0.090909,0,0,0,0,0.041667,0.2,0.021429,0,0.024793,0.024793,1,no
0.014388,0.090909,0,0,0.011905,0,0.041667,0.2,0.014286,0,0.016529,0.016529,0,no
0.021583,0,0,0,0.011905,0,0.041667,0.2,0.021429,0,0.024793,0.024793,0,no
0.021583,0,0,0,0,0,0.041667,0.2,0.021429,0,0.024793,0.024793,0,no
0.021583,0,0,0,0,0,0.041667,0.2,0.021429,0,0.024793,0.024793,0,no
0.021583,0,0,0,0.02381,0,0.041667,0.2,0.021429,0,0.024793,0.024793,0,no
0.021583,0,0,0,0,0,0.041667,0.2,0.021429,0,0.024793,0.024793,0,no
0.021583,0,0,0,0,0,0.041667,0.2,0.021429,0,0.024793,0.024793,0,no
0.021583,0,0,0,0,0,0.041667,0.2,0.021429,0,0.024793,0.024793,0,no
0.021583,0,0,0,0,0,0.041667,0.2,0.021429,0,0.024793,0.024793,1,no
0.021583,0,0,0,0.011905,0,0.041667,0.2,0.021429,0,0.024793,0.024793,0,no
0.021583,0,0,0,0.011905,0,0.041667,0.2,0.021429,0,0.024793,0.024793,0,no
0.021583,0,0,0,0.011905,0,0.125,0.2,0.035714,0.020619,0.024793,0.019284,1,no
0.021583,0,0,0,0.011905,0,0.083333,0.2,0.028571,0.010309,0.024793,0.020661,0,no
0.021583,0,0,0,0.011905,0,0.041667,0.2,0.021429,0,0.024793,0.024793,0,no
0.021583,0,0,0,0.011905,0,0.125,0.2,0.035714,0.020619,0.024793,0.019284,1,no
0.021583,0,0,0,0.011905,0,0.083333,0.2,0.028571,0.010309,0.024793,0.020661,0,no
0.021583,0,0,0,0.011905,0,0.041667,0.2,0.021429,0,0.024793,0.024793,1,no
0.021583,0,0,0,0.011905,0,0.083333,0.2,0.028571,0.010309,0.024793,0.020661,0,no
0.064748,0,0,0,0.02381,0,0.291667,0.4,0.071429,0.010309,0.024793,0.012987,1,no
0.021583,0,0,0,0.011905,0,0.041667,0.2,0.021429,0,0.024793,0.024793,0,no
0.021583,0,0,0,0,0,0.041667,0.2,0.021429,0,0.024793,0.024793,0,no
0.021583,0.090909,0,0,0.011905,0,0.041667,0.2,0.021429,0,0.024793,0.024793,0,no
0.021583,0,0,0,0,0,0.041667,0.2,0.021429,0,0.024793,0.024793,0,no
0.028777,0.090909,0,0,0.02381,0.02439,0.041667,0.2,0.028571,0,0.033058,0.033058,1,no
0.021583,0.090909,0,0,0.011905,0,0.041667,0.2,0.021429,0,0.024793,0.024793,0,no
0.021583,0.181818,0,0,0.011905,0,0.041667,0.2,0.021429,0,0.024793,0.024793,0,no
0.021583,0.090909,0,0,0.011905,0,0.041667,0.2,0.021429,0,0.024793,0.024793,0,no
0.021583,0.181818,0,0,0.011905,0,0.041667,0.2,0.021429,0,0.024793,0.024793,0,no
0.021583,0.090909,0,0,0.011905,0,0.041667,0.2,0.021429,0,0.024793,0.024793,0,no
0.021583,0.181818,0,0,0.011905,0,0.041667,0.2,0.021429,0,0.024793,0.024793,0,no
0.021583,0.090909,0,0,0.011905,0,0.041667,0.2,0.021429,0,0.024793,0.024793,0,no
0.021583,0.181818,0,0,0.011905,0,0.041667,0.2,0.021429,0,0.024793,0.024793,0,no
0.021583,0,0,0,0,0,0.041667,0.2,0.021429,0,0.024793,0.024793,0,no
0.021583,0,0,0,0.02381,0,0.041667,0.2,0.021429,0,0.024793,0.024793,1,no
0.021583,0,0,0,0,0,0.083333,0.2,0.021429,0,0.016529,0.012397,1,no
0.028777,0.090909,0,0,0,0,0.041667,0.2,0.028571,0,0.033058,0.033058,1,no
0.043165,0,0,0,0.02381,0,0.125,0.2,0.05,0.010309,0.041322,0.022039,1,no
0.043165,0,0,0,0.011905,0,0.083333,0.2,0.05,0.010309,0.049587,0.033058,0,no
0.043165,0,0,0,0.011905,0,0.041667,0.2,0.042857,0,0.049587,0.049587,0,no
0.043165,0,0,0,0.011905,0,0.125,0.2,0.05,0.010309,0.041322,0.022039,1,no
0.043165,0,0,0,0.011905,0,0.083333,0.2,0.05,0.010309,0.049587,0.033058,0,no
0.043165,0,0,0,0.011905,0,0.041667,0.2,0.042857,0,0.049587,0.049587,1,no
0.021583,0,0,0,0.011905,0,0.083333,0.2,0.028571,0.010309,0.024793,0.020661,1,no
0.021583,0,0,0,0,0,0.083333,0.2,0.035714,0.020619,0.041322,0.028926,1,no
0.021583,0,0,0,0.011905,0,0.083333,0.2,0.028571,0.010309,0.024793,0.020661,1,no
0.021583,0,0,0,0.02381,0,0.041667,0.2,0.021429,0,0.024793,0.024793,0,no
0.021583,0,0,0,0.02381,0,0.041667,0.2,0.021429,0,0.024793,0.024793,1,no
0.021583,0,0,0,0.011905,0,0.041667,0.2,0.021429,0,0.024793,0.024793,0,no
0.021583,0,0,0,0,0,0.041667,0.2,0.021429,0,0.024793,0.024793,0,no
0.021583,0,0,0,0,0,0.041667,0.2,0.021429,0,0.024793,0.024793,0,no
0.021583,0,0,0,0,0,0.083333,0.2,0.028571,0.010309,0.024793,0.020661,1,no
0.021583,0,0,0,0,0,0.041667,0.2,0.021429,0,0.024793,0.024793,1,no
0.035971,0,0,0,0.011905,0,0.083333,0.2,0.042857,0.010309,0.041322,0.028926,0,no
0.021583,0,0,0,0.011905,0,0.125,0.2,0.035714,0.020619,0.024793,0.019284,1,no
0.021583,0,0,0,0.011905,0,0.083333,0.2,0.028571,0.010309,0.024793,0.020661,0,no
0.021583,0,0,0,0.011905,0,0.041667,0.2,0.021429,0,0.024793,0.024793,0,no
0.021583,0,0,0,0.011905,0,0.125,0.2,0.035714,0.020619,0.024793,0.019284,1,no
0.021583,0,0,0,0.011905,0,0.083333,0.2,0.028571,0.010309,0.024793,0.020661,0,no
0.021583,0,0,0,0.011905,0,0.041667,0.2,0.021429,0,0.024793,0.024793,1,no
0.021583,0,0,0,0.011905,0,0.083333,0.2,0.028571,0.010309,0.024793,0.020661,0,no
0.021583,0,0,0,0.011905,0,0.041667,0.2,0.021429,0,0.024793,0.024793,1,no
0.021583,0,0,0,0.011905,0,0.083333,0.2,0.028571,0.010309,0.024793,0.020661,1,no
0.043165,0.090909,0,0,0,0,0.083333,0.2,0.05,0.010309,0.049587,0.033058,0,no
0.043165,0.090909,0,0,0,0,0.041667,0.2,0.042857,0,0.049587,0.049587,0,no
0.043165,0.090909,0,0,0,0,0.125,0.2,0.05,0.010309,0.041322,0.022039,1,no
0.035971,0.090909,0,0,0,0,0.083333,0.2,0.042857,0.010309,0.041322,0.028926,0,no
0.043165,0.090909,0,0,0,0,0.041667,0.2,0.042857,0,0.049587,0.049587,1,no
0,0,0,0,0.011905,0,0.041667,0.2,0,0,0,0,1,no
0,0,0,0,0,0,0.041667,0.2,0,0,0,0,0,no
0,0,0,0,0,0,0.041667,0.2,0,0,0,0,0,no
0,0,0,0,0,0,0.041667,0.2,0,0,0,0,1,no
0,0,0,0,0,0,0.041667,0.2,0,0,0,0,0,no
0,0,0,0,0,0,0.041667,0.2,0,0,0,0,1,no
0,0,0,0,0.011905,0,0.041667,0.2,0,0,0,0,0,no
0,0,0,0,0.011905,0,0.041667,0.2,0,0,0,0,0,no
0,0,0,0,0,0,0.041667,0.2,0,0,0,0,1,no
0,0,0,0,0,0,0.041667,0.2,0,0,0,0,0,no
0,0,0,0,0,0,0.041667,0.2,0,0,0,0,0,no
0,0,0,0,0,0,0.041667,0.2,0,0,0,0,1,no
0,0,0,0,0,0,0.041667,0.2,0,0,0,0,0,no
0,0,0,0,0,0,0.041667,0.2,0,0,0,0,1,no
0,0,0,0,0,0,0.041667,0.2,0,0,0,0,0,no
0.021583,0.090909,0,0,0,0,0.041667,0.2,0.021429,0,0.024793,0.024793,0,no
0.014388,0.090909,0,0,0.011905,0,0.041667,0.2,0.014286,0,0.016529,0.016529,0,no
0.021583,0,0,0,0,0,0.041667,0.2,0.021429,0,0.024793,0.024793,0,no
0.021583,0,0,0,0,0,0.041667,0.2,0.021429,0,0.024793,0.024793,0,no
0.021583,0,0,0,0.02381,0,0.041667,0.2,0.021429,0,0.024793,0.024793,0,no
0.021583,0,0,0,0,0,0.041667,0.2,0.021429,0,0.024793,0.024793,0,no
0.021583,0,0,0,0,0,0.041667,0.2,0.021429,0,0.024793,0.024793,1,no
0.021583,0,0,0,0.011905,0,0.041667,0.2,0.021429,0,0.024793,0.024793,0,no
0.021583,0,0,0,0.011905,0,0.041667,0.2,0.021429,0,0.024793,0.024793,0,no
0.021583,0,0,0,0.011905,0,0.041667,0.2,0.021429,0,0.024793,0.024793,0,no
0.021583,0,0,0,0.011905,0,0.041667,0.2,0.021429,0,0.024793,0.024793,0,no
0.021583,0,0,0,0.011905,0,0.041667,0.2,0.021429,0,0.024793,0.024793,1,no
0.021583,0,0,0,0.011905,0,0.041667,0.2,0.021429,0,0.024793,0.024793,0,no
0.043165,0,0,0,0.011905,0,0.166667,0.4,0.05,0.010309,0.033058,0.016529,1,no
0.021583,0,0,0,0.011905,0,0.041667,0.2,0.021429,0,0.024793,0.024793,0,no
0.021583,0,0,0,0,0,0.041667,0.2,0.021429,0,0.024793,0.024793,0,no
0.021583,0.090909,0,0,0.011905,0,0.041667,0.2,0.021429,0,0.024793,0.024793,0,no
0.021583,0,0,0,0,0,0.041667,0.2,0.021429,0,0.024793,0.024793,0,no
0.028777,0.090909,0,0,0.02381,0.02439,0.041667,0.2,0.028571,0,0.033058,0.033058,0,no
0.021583,0.090909,0,0,0.011905,0,0.041667,0.2,0.021429,0,0.024793,0.024793,0,no
0.021583,0.181818,0,0,0.011905,0,0.041667,0.2,0.021429,0,0.024793,0.024793,0,no
0.021583,0.090909,0,0,0.011905,0,0.041667,0.2,0.021429,0,0.024793,0.024793,0,no
0.021583,0.181818,0,0,0.011905,0,0.041667,0.2,0.021429,0,0.024793,0.024793,0,no
0.021583,0.090909,0,0,0.011905,0,0.041667,0.2,0.021429,0,0.024793,0.024793,0,no
0.021583,0.181818,0,0,0.011905,0,0.041667,0.2,0.021429,0,0.024793,0.024793,0,no
0.021583,0.090909,0,0,0.011905,0,0.041667,0.2,0.021429,0,0.024793,0.024793,0,no
0.021583,0.181818,0,0,0.011905,0,0.041667,0.2,0.021429,0,0.024793,0.024793,0,no
0.021583,0,0,0,0,0,0.041667,0.2,0.021429,0,0.024793,0.024793,0,no
0.021583,0,0,0,0.02381,0,0.041667,0.2,0.021429,0,0.024793,0.024793,0,no
0.021583,0,0,0,0,0,0.041667,0.2,0.021429,0,0.024793,0.024793,0,no
0.028777,0.090909,0,0,0,0,0.041667,0.2,0.028571,0,0.033058,0.033058,0,no
0.043165,0,0,0,0.011905,0,0.041667,0.2,0.042857,0,0.049587,0.049587,0,no
0.043165,0,0,0,0.011905,0,0.041667,0.2,0.042857,0,0.049587,0.049587,0,no
0.043165,0,0,0,0.011905,0,0.041667,0.2,0.042857,0,0.049587,0.049587,1,no
0.021583,0,0,0,0.011905,0,0.041667,0.2,0.021429,0,0.024793,0.024793,0,no
0.021583,0,0,0,0,0,0.041667,0.2,0.021429,0,0.024793,0.024793,0,no
0.021583,0,0,0,0.02381,0,0.041667,0.2,0.021429,0,0.024793,0.024793,0,no
0.021583,0,0,0,0.02381,0,0.041667,0.2,0.021429,0,0.024793,0.024793,0,no
0.021583,0,0,0,0.011905,0,0.041667,0.2,0.021429,0,0.024793,0.024793,0,no
0.021583,0,0,0,0,0,0.041667,0.2,0.021429,0,0.024793,0.024793,0,no
0.021583,0,0,0,0,0,0.041667,0.2,0.021429,0,0.024793,0.024793,1,no
0.035971,0,0,0,0.011905,0,0.041667,0.2,0.035714,0,0.041322,0.041322,0,no
0.021583,0,0,0,0.011905,0,0.041667,0.2,0.021429,0,0.024793,0.024793,0,no
0.021583,0,0,0,0.011905,0,0.041667,0.2,0.021429,0,0.024793,0.024793,0,no
0.021583,0,0,0,0.011905,0,0.041667,0.2,0.021429,0,0.024793,0.024793,1,no
0.021583,0,0,0,0.011905,0,0.041667,0.2,0.021429,0,0.024793,0.024793,0,no
0.021583,0,0,0,0.011905,0,0.041667,0.2,0.021429,0,0.024793,0.024793,0,no
0.021583,0,0,0,0.011905,0,0.041667,0.2,0.021429,0,0.024793,0.024793,0,no
0.043165,0.090909,0,0,0,0,0.041667,0.2,0.042857,0,0.049587,0.049587,0,no
0.035971,0.090909,0,0,0,0,0.041667,0.2,0.035714,0,0.041322,0.041322,0,no
0.043165,0.090909,0,0,0,0,0.041667,0.2,0.042857,0,0.049587,0.049587,1,no
0,0,0,0,0,0,0.041667,0.2,0,0,0,0,0,no
0,0,0,0,0,0,0.041667,0.2,0,0,0,0,0,no
0,0,0,0,0,0,0.041667,0.2,0,0,0,0,1,no
0,0,0,0,0.011905,0,0.041667,0.2,0,0,0,0,0,no
0,0,0,0,0.011905,0,0.041667,0.2,0,0,0,0,0,no
0,0,0,0,0,0,0.041667,0.2,0,0,0,0,0,no
0,0,0,0,0,0,0.041667,0.2,0,0,0,0,0,no
0,0,0,0,0,0,0.041667,0.2,0,0,0,0,1,no
0,0,0,0,0,0,0.041667,0.2,0,0,0,0,0,no
0.021583,0.090909,0,0,0,0,0.041667,0.2,0.021429,0,0.024793,0.024793,1,no
0.014388,0.090909,0,0,0.011905,0,0.041667,0.2,0.014286,0,0.016529,0.016529,1,no
0.021583,0,0,0,0,0,0.041667,0.2,0.021429,0,0.024793,0.024793,1,no
0.021583,0,0,0,0,0,0.041667,0.2,0.021429,0,0.024793,0.024793,1,no
0.021583,0,0,0,0.02381,0,0.041667,0.2,0.021429,0,0.024793,0.024793,1,no
0.021583,0,0,0,0,0,0.041667,0.2,0.021429,0,0.024793,0.024793,0,no
0.021583,0,0,0,0.011905,0,0.041667,0.2,0.021429,0,0.024793,0.024793,1,no
0.021583,0,0,0,0.011905,0,0.041667,0.2,0.021429,0,0.024793,0.024793,1,no
0.021583,0,0,0,0.011905,0,0.083333,0.2,0.028571,0.010309,0.024793,0.020661,1,no
0.021583,0,0,0,0.011905,0,0.083333,0.2,0.028571,0.010309,0.024793,0.020661,1,no
0.028777,0,0,0,0.011905,0,0.083333,0.2,0.028571,0,0.024793,0.016529,1,no
0.021583,0,0,0,0.011905,0,0.041667,0.2,0.021429,0,0.024793,0.024793,1,no
0.021583,0,0,0,0,0,0.041667,0.2,0.021429,0,0.024793,0.024793,1,no
0.021583,0.090909,0,0,0.011905,0,0.041667,0.2,0.021429,0,0.024793,0.024793,1,no
0.021583,0,0,0,0,0,0.041667,0.2,0.021429,0,0.024793,0.024793,1,no
0.028777,0.090909,0,0,0.02381,0.02439,0.041667,0.2,0.028571,0,0.033058,0.033058,1,no
0.021583,0.090909,0,0,0.011905,0,0.041667,0.2,0.021429,0,0.024793,0.024793,1,no
0.021583,0.181818,0,0,0.011905,0,0.041667,0.2,0.021429,0,0.024793,0.024793,1,no
0.021583,0.090909,0,0,0.011905,0,0.041667,0.2,0.021429,0,0.024793,0.024793,1,no
0.021583,0.181818,0,0,0.011905,0,0.041667,0.2,0.021429,0,0.024793,0.024793,1,no
0.021583,0.090909,0,0,0.011905,0,0.041667,0.2,0.021429,0,0.024793,0.024793,1,no
0.021583,0.181818,0,0,0.011905,0,0.041667,0.2,0.021429,0,0.024793,0.024793,1,no
0.021583,0.090909,0,0,0.011905,0,0.041667,0.2,0.021429,0,0.024793,0.024793,1,no
0.021583,0.181818,0,0,0.011905,0,0.041667,0.2,0.021429,0,0.024793,0.024793,1,no
0.021583,0,0,0,0,0,0.041667,0.2,0.021429,0,0.024793,0.024793,1,no
0.021583,0,0,0,0.02381,0,0.041667,0.2,0.021429,0,0.024793,0.024793,1,no
0.021583,0,0,0,0,0,0.083333,0.2,0.021429,0,0.016529,0.012397,1,no
0.028777,0.090909,0,0,0,0,0.041667,0.2,0.028571,0,0.033058,0.033058,1,no
0.043165,0,0,0,0.011905,0,0.083333,0.2,0.042857,0,0.041322,0.024793,1,no
0.021583,0,0,0,0.011905,0,0.083333,0.2,0.028571,0.010309,0.024793,0.020661,1,no
0.021583,0,0,0,0,0,0.083333,0.2,0.035714,0.020619,0.041322,0.028926,1,no
0.021583,0,0,0,0.02381,0,0.041667,0.2,0.021429,0,0.024793,0.024793,1,no
0.021583,0,0,0,0.02381,0,0.041667,0.2,0.021429,0,0.024793,0.024793,1,no
0.021583,0,0,0,0.011905,0,0.041667,0.2,0.021429,0,0.024793,0.024793,1,no
0.021583,0,0,0,0,0,0.083333,0.2,0.028571,0.010309,0.024793,0.020661,1,no
0.035971,0,0,0,0.011905,0,0.041667,0.2,0.035714,0,0.041322,0.041322,1,no
0.021583,0,0,0,0.011905,0,0.083333,0.2,0.028571,0.010309,0.024793,0.020661,1,no
0.021583,0,0,0,0.011905,0,0.083333,0.2,0.028571,0.010309,0.024793,0.020661,1,no
0.021583,0,0,0,0.011905,0,0.041667,0.2,0.021429,0,0.024793,0.024793,1,no
0.043165,0.090909,0,0,0,0,0.083333,0.2,0.042857,0,0.041322,0.024793,1,no
0,0,0,0,0,0,0.041667,0.2,0,0,0,0,1,no
0,0,0,0,0.011905,0,0.041667,0.2,0,0,0,0,1,no
0,0,0,0,0.011905,0,0.041667,0.2,0,0,0,0,1,no
0,0,0,0,0,0,0.041667,0.2,0,0,0,0,1,no
0,0,0,0,0,0,0.041667,0.2,0,0,0,0,1,no
0.021583,0.090909,0,0,0,0,0.041667,0.2,0.021429,0,0.024793,0.024793,1,no
0.014388,0.090909,0,0,0.011905,0,0.041667,0.2,0.014286,0,0.016529,0.016529,1,no
0.021583,0,0,0,0,0,0.041667,0.2,0.021429,0,0.024793,0.024793,1,no
0.021583,0,0,0,0,0,0.041667,0.2,0.021429,0,0.024793,0.024793,1,no
0.021583,0,0,0,0.02381,0,0.041667,0.2,0.021429,0,0.024793,0.024793,1,no
0.021583,0,0,0,0,0,0.041667,0.2,0.021429,0,0.024793,0.024793,1,no
0.021583,0,0,0,0.011905,0,0.083333,0.2,0.028571,0.010309,0.024793,0.020661,1,no
0.021583,0,0,0,0,0,0.083333,0.2,0.021429,0,0.016529,0.012397,1,no
0.021583,0,0,0,0.011905,0,0.041667,0.2,0.021429,0,0.024793,0.024793,1,no
0.021583,0,0,0,0,0,0.041667,0.2,0.021429,0,0.024793,0.024793,1,no
0.021583,0.090909,0,0,0.011905,0,0.041667,0.2,0.021429,0,0.024793,0.024793,1,no
0.021583,0,0,0,0,0,0.041667,0.2,0.021429,0,0.024793,0.024793,1,no
0.028777,0.090909,0,0,0.02381,0.02439,0.041667,0.2,0.028571,0,0.033058,0.033058,1,no
0.021583,0.090909,0,0,0.011905,0,0.041667,0.2,0.021429,0,0.024793,0.024793,1,no
0.021583,0.181818,0,0,0.011905,0,0.041667,0.2,0.021429,0,0.024793,0.024793,1,no
0.021583,0.090909,0,0,0.011905,0,0.041667,0.2,0.021429,0,0.024793,0.024793,1,no
0.021583,0.181818,0,0,0.011905,0,0.041667,0.2,0.021429,0,0.024793,0.024793,1,no
0.021583,0.090909,0,0,0.011905,0,0.041667,0.2,0.021429,0,0.024793,0.024793,1,no
0.021583,0.181818,0,0,0.011905,0,0.041667,0.2,0.021429,0,0.024793,0.024793,1,no
0.021583,0.090909,0,0,0.011905,0,0.041667,0.2,0.021429,0,0.024793,0.024793,1,no
0.021583,0.181818,0,0,0.011905,0,0.041667,0.2,0.021429,0,0.024793,0.024793,1,no
0.021583,0,0,0,0,0,0.041667,0.2,0.021429,0,0.024793,0.024793,1,no
0.021583,0,0,0,0.02381,0,0.041667,0.2,0.021429,0,0.024793,0.024793,1,no
0.021583,0,0,0,0,0,0.083333,0.2,0.021429,0,0.016529,0.012397,1,no
0.028777,0.090909,0,0,0,0,0.041667,0.2,0.028571,0,0.033058,0.033058,1,no
0.043165,0,0,0,0.011905,0,0.083333,0.2,0.05,0.010309,0.057851,0.033058,1,no
0.043165,0,0,0,0.011905,0,0.083333,0.2,0.042857,0,0.041322,0.024793,1,no
0.021583,0,0,0,0.011905,0,0.083333,0.2,0.028571,0.010309,0.024793,0.020661,1,no
0.021583,0,0,0,0,0,0.083333,0.2,0.035714,0.020619,0.041322,0.028926,1,no
0.021583,0,0,0,0.02381,0,0.041667,0.2,0.021429,0,0.024793,0.024793,1,no
0.021583,0,0,0,0.02381,0,0.041667,0.2,0.021429,0,0.024793,0.024793,1,no
0.021583,0,0,0,0.011905,0,0.041667,0.2,0.021429,0,0.024793,0.024793,1,no
0.021583,0,0,0,0,0,0.083333,0.2,0.028571,0.010309,0.024793,0.020661,1,no
0.021583,0,0,0,0.011905,0,0.083333,0.2,0.028571,0.010309,0.024793,0.020661,1,no
0.021583,0,0,0,0.011905,0,0.041667,0.2,0.021429,0,0.024793,0.024793,1,no
0,0,0,0,0,0,0.041667,0.2,0,0,0,0,1,no
0,0,0,0,0,0,0.041667,0.2,0,0,0,0,1,no
0.021583,0.181818,0,0,0,0,0.041667,0.2,0.021429,0,0.024793,0.024793,0,no
0.043165,0.181818,0,0,0,0.02439,0.041667,0.2,0.042857,0,0.049587,0.049587,0,no
0.021583,0.090909,0,0,0,0,0.041667,0.2,0.021429,0,0.024793,0.024793,0,no
0.021583,0.181818,0,0,0,0,0.041667,0.2,0.021429,0,0.024793,0.024793,0,no
0.043165,0.272727,0,0,0.011905,0.073171,0.041667,0.2,0.042857,0,0.049587,0.049587,0,no
0.021583,0.090909,0,0,0,0,0.041667,0.2,0.021429,0,0.024793,0.024793,0,no
0.021583,0.181818,0,0,0,0,0.041667,0.2,0.021429,0,0.024793,0.024793,0,no
0.021583,0.090909,0,0,0,0,0.041667,0.2,0.021429,0,0.024793,0.024793,0,no
0.035971,0.090909,0,0,0,0.02439,0.041667,0.2,0.035714,0,0.041322,0.041322,0,no
0.028777,0.272727,0,0,0,0.02439,0.041667,0.2,0.028571,0,0.033058,0.033058,1,no
0.057554,0,0,0,0,0,0.083333,0.2,0.057143,0,0.033058,0.033058,0,no
0.057554,0,0,0,0,0,0.041667,0.2,0.057143,0,0.066116,0.066116,1,no
0.021583,0,0,0,0,0,0.041667,0.2,0.021429,0,0.024793,0.024793,0,no
0.021583,0,0,0,0,0,0.041667,0.2,0.021429,0,0.024793,0.024793,0,no
0.021583,0,0,0,0,0,0.083333,0.2,0.028571,0.010309,0.024793,0.020661,1,no
0.021583,0,0,0,0,0,0.041667,0.2,0.021429,0,0.024793,0.024793,0,no
0.021583,0,0,0,0,0,0.041667,0.2,0.021429,0,0.024793,0.024793,1,no
0.021583,0,0,0,0,0,0.083333,0.2,0.028571,0.010309,0.024793,0.020661,0,no
0.021583,0,0,0,0,0,0.041667,0.2,0.021429,0,0.024793,0.024793,0,no
0.021583,0.181818,0,0,0,0,0.041667,0.2,0.021429,0,0.024793,0.024793,0,no
0.021583,0.181818,0,0,0,0,0.041667,0.2,0.021429,0,0.024793,0.024793,0,no
0.021583,0.181818,0,0,0,0,0.041667,0.2,0.021429,0,0.024793,0.024793,0,no
0.021583,0.181818,0,0,0,0,0.041667,0.2,0.021429,0,0.024793,0.024793,0,no
0.021583,0.181818,0,0,0,0,0.041667,0.2,0.021429,0,0.024793,0.024793,0,no
0.028777,0.181818,0,0,0,0,0.041667,0.2,0.028571,0,0.033058,0.033058,0,no
0.035971,0,0,0,0,0.02439,0.041667,0.2,0.035714,0,0.041322,0.041322,0,no
0.043165,0.090909,0,0,0.011905,0,0.041667,0.2,0.042857,0,0.049587,0.049587,0,no
0.021583,0,0,0,0,0,0.041667,0.2,0.021429,0,0.024793,0.024793,0,no
0.043165,0.090909,0,0,0.011905,0,0.041667,0.2,0.042857,0,0.049587,0.049587,0,no
0.021583,0.090909,0,0,0,0,0.041667,0.2,0.021429,0,0.024793,0.024793,0,no
0.021583,0,0,0,0,0,0.041667,0.2,0.021429,0,0.024793,0.024793,0,no
0.043165,0.272727,0,0,0,0,0.041667,0.2,0.042857,0,0.049587,0.049587,0,no
0.021583,0.090909,0,0,0.011905,0,0.041667,0.2,0.021429,0,0.024793,0.024793,0,no
0.021583,0,0,0,0,0,0.041667,0.2,0.021429,0,0.024793,0.024793,0,no
0.021583,0,0,0,0,0,0.041667,0.2,0.021429,0,0.024793,0.024793,0,no
0.021583,0,0,0,0,0,0.041667,0.2,0.021429,0,0.024793,0.024793,0,no
0.021583,0.181818,0,0,0,0,0.041667,0.2,0.021429,0,0.024793,0.024793,0,no
0.165468,0,0,0,0,0.04878,0.083333,0.2,0.164286,0,0.181818,0.095041,1,no
0.021583,0,0,0,0,0,0.041667,0.2,0.021429,0,0.024793,0.024793,0,no
0.035971,0,0,0,0,0.02439,0.041667,0.2,0.035714,0,0.041322,0.041322,0,no
0.028777,0.090909,0,0,0,0.02439,0.041667,0.2,0.028571,0,0.033058,0.033058,0,no
0.028777,0.454545,0,0,0,0,0.041667,0.2,0.028571,0,0.033058,0.033058,0,no
0.021583,0.272727,0,0,0,0,0.041667,0.2,0.021429,0,0.024793,0.024793,0,no
0.05036,0.090909,0,0,0,0,0.083333,0.2,0.057143,0.010309,0.057851,0.03719,1,no
0,0.090909,0,0,0,0,0.041667,0.2,0,0,0,0,0,no
0.014388,0,0,0,0.011905,0,0.041667,0.2,0.014286,0,0.016529,0.016529,0,no
0.021583,0,0,0,0,0,0.041667,0.2,0.021429,0,0.024793,0.024793,0,no
0.021583,0.090909,0,0,0,0,0.041667,0.2,0.021429,0,0.024793,0.024793,0,no
0.021583,0,0,0,0,0,0.041667,0.2,0.021429,0,0.024793,0.024793,0,no
0.021583,0,0,0,0,0,0.041667,0.2,0.021429,0,0.024793,0.024793,0,no
0.021583,0.090909,0,0,0,0,0.041667,0.2,0.021429,0,0.024793,0.024793,0,no
0.021583,0.090909,0,0,0,0,0.041667,0.2,0.021429,0,0.024793,0.024793,0,no
0.021583,0.272727,0,0,0,0,0.041667,0.2,0.021429,0,0.024793,0.024793,0,no
0.043165,0.363636,0,0,0,0,0.041667,0.2,0.042857,0,0.049587,0.049587,0,no
0.028777,0.090909,0,0,0,0,0.041667,0.2,0.028571,0,0.033058,0.033058,0,no
0,0.090909,0,0,0,0,0.041667,0.2,0,0,0,0,0,no
0.071942,0,0,0,0,0.04878,0.041667,0.2,0.071429,0,0.082645,0.082645,0,no
0,0,0,0,0,0,0.041667,0.2,0,0,0,0,0,no
0.035971,0.181818,0,0,0,0,0.041667,0.2,0.035714,0,0.041322,0.041322,0,no
0.043165,0.090909,0,0,0,0.02439,0.125,0.6,0.057143,0.020619,0.049587,0.027548,0,no
0.028777,0.090909,0,0,0,0.02439,0.041667,0.2,0.028571,0,0.033058,0.033058,0,no
0.035971,0,0,0,0,0,0.041667,0.2,0.035714,0,0.041322,0.041322,0,no
0.021583,0.454545,0,0,0,0,0.041667,0.2,0.021429,0,0.024793,0.024793,0,no
0.028777,0.090909,0,0,0,0.02439,0.041667,0.2,0.028571,0,0.033058,0.033058,0,no
0.021583,0,0,0,0,0,0.083333,0.4,0.028571,0.010309,0.024793,0.020661,0,no
0.021583,0.363636,0,0,0,0,0.041667,0.2,0.021429,0,0.024793,0.024793,0,no
0.071942,0.090909,0,0,0,0.02439,0.041667,0.2,0.071429,0,0.082645,0.082645,0,no
0.05036,0,0,0,0,0.02439,0.041667,0.2,0.05,0,0.057851,0.057851,0,no
0.021583,0.090909,0,0,0,0,0.041667,0.2,0.021429,0,0.024793,0.024793,0,no
0.021583,0,0,0,0,0,0.041667,0.2,0.021429,0,0.024793,0.024793,0,no
0.021583,0,0,0,0,0,0.041667,0.2,0.021429,0,0.024793,0.024793,0,no
0.021583,0,0,0,0,0,0.041667,0.2,0.021429,0,0.024793,0.024793,1,no
0.021583,0,0,0,0,0,0.041667,0.2,0.021429,0,0.024793,0.024793,0,no
0.021583,0,0,0,0,0,0.041667,0.2,0.021429,0,0.024793,0.024793,0,no
0.021583,0,0,0,0,0,0.041667,0.2,0.021429,0,0.024793,0.024793,0,no
0.021583,0,0,0,0,0,0.041667,0.2,0.021429,0,0.024793,0.024793,1,no
0.021583,0,0,0,0,0,0.041667,0.2,0.021429,0,0.024793,0.024793,0,no
0.021583,0,0,0,0,0,0.041667,0.2,0.021429,0,0.024793,0.024793,0,no
0.021583,0,0,0,0,0,0.041667,0.2,0.021429,0,0.024793,0.024793,0,no
0.021583,0,0,0,0,0,0.041667,0.2,0.021429,0,0.024793,0.024793,0,no
0.021583,0,0,0,0,0,0.041667,0.2,0.021429,0,0.024793,0.024793,0,no
0.021583,0,0,0,0,0,0.041667,0.2,0.021429,0,0.024793,0.024793,0,no
0.021583,0,0,0,0,0,0.041667,0.2,0.021429,0,0.024793,0.024793,0,no
0.021583,0,0,0,0,0,0.041667,0.2,0.021429,0,0.024793,0.024793,0,no
0.021583,0,0,0,0,0,0.041667,0.2,0.021429,0,0.024793,0.024793,0,no
0.021583,0,0,0,0,0,0.041667,0.2,0.021429,0,0.024793,0.024793,0,no
0.021583,0,0,0,0,0,0.041667,0.2,0.021429,0,0.024793,0.024793,0,no
0.021583,0,0,0,0,0,0.041667,0.2,0.021429,0,0.024793,0.024793,1,no
0.021583,0,0,0,0,0,0.041667,0.2,0.021429,0,0.024793,0.024793,0,no
0.021583,0,0,0,0,0,0.041667,0.2,0.021429,0,0.024793,0.024793,0,no
0.021583,0,0,0,0,0,0.083333,0.4,0.028571,0.010309,0.024793,0.020661,1,no
0.021583,0,0,0,0,0,0.041667,0.2,0.021429,0,0.024793,0.024793,0,no
0.021583,0,0,0,0,0,0.041667,0.2,0.021429,0,0.024793,0.024793,0,no
0.021583,0,0,0,0,0,0.041667,0.2,0.021429,0,0.024793,0.024793,0,no
0.021583,0,0,0,0,0,0.041667,0.2,0.021429,0,0.024793,0.024793,0,no
0.021583,0,0,0,0,0,0.041667,0.2,0.021429,0,0.024793,0.024793,0,no
0.021583,0,0,0,0,0,0.041667,0.2,0.021429,0,0.024793,0.024793,0,no
0.021583,0,0,0,0,0,0.041667,0.2,0.021429,0,0.024793,0.024793,1,no
0.021583,0,0,0,0,0,0.041667,0.2,0.021429,0,0.024793,0.024793,0,no
0.021583,0,0,0,0,0,0.041667,0.2,0.021429,0,0.024793,0.024793,0,no
0.021583,0,0,0,0,0,0.041667,0.2,0.021429,0,0.024793,0.024793,0,no
0.021583,0.090909,0,0,0,0,0.041667,0.2,0.021429,0,0.024793,0.024793,0,no
0.021583,0.090909,0,0,0,0,0.041667,0.2,0.021429,0,0.024793,0.024793,0,no
0.021583,0,0,0,0,0,0.041667,0.2,0.021429,0,0.024793,0.024793,0,no
0.021583,0.090909,0,0,0,0,0.041667,0.2,0.021429,0,0.024793,0.024793,0,no
0.021583,0,0,0,0,0,0.041667,0.2,0.021429,0,0.024793,0.024793,0,no
0.021583,0.181818,0,0,0,0,0.041667,0.2,0.021429,0,0.024793,0.024793,0,no
0.021583,0.090909,0,0,0,0,0.041667,0.2,0.021429,0,0.024793,0.024793,0,no
0.021583,0,0,0,0,0,0.041667,0.2,0.021429,0,0.024793,0.024793,0,no
0.021583,0,0,0,0,0,0.041667,0.2,0.021429,0,0.024793,0.024793,0,no
0.021583,0,0,0,0,0,0.041667,0.2,0.021429,0,0.024793,0.024793,0,no
0.021583,0,0,0,0,0,0.041667,0.2,0.021429,0,0.024793,0.024793,0,no
0.028777,0.090909,0,0,0,0,0.041667,0.2,0.028571,0,0.033058,0.033058,0,no
0.035971,0,0,0,0,0,0.041667,0.2,0.035714,0,0.041322,0.041322,0,no
0.021583,0,0,0,0,0,0.041667,0.2,0.021429,0,0.024793,0.024793,0,no
0.028777,0.090909,0,0,0,0,0.041667,0.2,0.028571,0,0.033058,0.033058,0,no
0.028777,0.181818,0,0,0.011905,0,0.125,0.6,0.042857,0.020619,0.033058,0.022039,1,no
0.021583,0.090909,0,0,0,0,0.041667,0.2,0.021429,0,0.024793,0.024793,0,no
0.021583,0.090909,0,0,0,0,0.041667,0.2,0.021429,0,0.024793,0.024793,0,no
0.115108,0.272727,0,0,0,0,0.041667,0.2,0.114286,0,0.132231,0.132231,0,no
0.028777,0.181818,0,0,0,0,0.041667,0.2,0.028571,0,0.033058,0.033058,0,no
0.028777,0.181818,0,0,0,0,0.041667,0.2,0.028571,0,0.033058,0.033058,0,no
0.021583,0.090909,0,0,0,0,0.041667,0.2,0.021429,0,0.024793,0.024793,0,no
0.028777,0,0,0,0,0,0.041667,0.2,0.028571,0,0.033058,0.033058,0,no
0,0,0,0,0,0,0.041667,0.2,0,0,0,0,0,no
0.021583,0.090909,0,0,0,0,0.041667,0.2,0.021429,0,0.024793,0.024793,0,no
0.021583,0.090909,0,0,0,0,0.041667,0.2,0.021429,0,0.024793,0.024793,0,no
0.021583,0.090909,0,0,0,0,0.041667,0.2,0.021429,0,0.024793,0.024793,0,no
0.021583,0,0,0,0,0,0.041667,0.2,0.021429,0,0.024793,0.024793,0,no
0.021583,0,0,0,0,0,0.041667,0.2,0.021429,0,0.024793,0.024793,0,no
0.021583,0,0,0,0,0,0.041667,0.2,0.021429,0,0.024793,0.024793,1,no
0.035971,0.181818,0,0,0,0.02439,0.041667,0.2,0.035714,0,0.041322,0.041322,0,no
0.021583,0,0,0,0,0,0.041667,0.2,0.021429,0,0.024793,0.024793,1,no
0,0,0,0,0.011905,0,0.041667,0.2,0,0,0,0,0,no
0,0,0,0,0.011905,0,0.041667,0.2,0,0,0,0,0,no
0,0,0,0,0.011905,0,0.041667,0.2,0,0,0,0,0,no
0,0,0,0,0.011905,0,0.041667,0.2,0,0,0,0,0,no
0,0.181818,0,0,0.011905,0,0.041667,0.2,0,0,0,0,0,no
0,0.272727,0,0,0.011905,0,0.041667,0.2,0,0,0,0,0,no
0,0,0,0,0.011905,0,0.041667,0.2,0,0,0,0,1,no
0,0.727273,0,0,0.011905,0,0.041667,0.2,0,0,0,0,1,no
0,0,0,0,0.011905,0,0.041667,0.2,0,0,0,0,1,no
0,0.454545,0,0,0.011905,0,0.041667,0.2,0,0,0,0,0,no
0.028777,0.181818,0,0,0,0.02439,0.041667,0.2,0.028571,0,0.033058,0.033058,0,no
0.021583,0.090909,0,0,0,0,0.083333,0.2,0.092857,0.103093,0.107438,0.095041,0,no
0.057554,0.181818,0,0,0,0,0.041667,0.2,0.057143,0,0.066116,0.066116,0,no
0.021583,0.181818,0,0,0,0,0.041667,0.2,0.021429,0,0.024793,0.024793,0,no
0.021583,0.090909,0,0,0,0,0.041667,0.2,0.021429,0,0.024793,0.024793,0,no
0.021583,0.272727,0,0,0,0,0.083333,0.4,0.028571,0.010309,0.024793,0.020661,0,no
0.021583,0.090909,0,0,0,0,0.041667,0.2,0.021429,0,0.024793,0.024793,0,no
0.021583,0.090909,0,0,0,0,0.125,0.6,0.05,0.041237,0.049587,0.030303,1,no
0.028777,0.727273,0,0,0,0.02439,0.083333,0.2,0.035714,0.010309,0.033058,0.024793,1,no
0.021583,0.454545,0,0,0,0,0.166667,0.4,0.071429,0.072165,0.066116,0.035124,1,no
0.014388,0.181818,0,0,0.011905,0,0.041667,0.2,0.014286,0,0.016529,0.016529,0,no
0.014388,0.181818,0,0,0.011905,0,0.041667,0.2,0.014286,0,0.016529,0.016529,0,no
0.064748,0,0,0.055556,0,0,0.041667,0.2,0.064286,0,0.07438,0.07438,0,no
0.021583,0,0,0,0,0,0.041667,0.2,0.021429,0,0.024793,0.024793,0,no
0.057554,0,0,0.055556,0,0,0.125,0.4,0.107143,0.072165,0.082645,0.060606,0,no
0.021583,0,0,0,0,0,0.041667,0.2,0.021429,0,0.024793,0.024793,0,no
0.021583,0,0,0,0,0,0.041667,0.2,0.021429,0,0.024793,0.024793,0,no
0.021583,0,0,0,0,0,0.041667,0.2,0.021429,0,0.024793,0.024793,0,no
0.021583,0,0,0,0,0,0.041667,0.2,0.021429,0,0.024793,0.024793,0,no
0.057554,0,0,0.055556,0,0,0.083333,0.4,0.057143,0,0.041322,0.033058,0,no
0.021583,0,0,0,0,0,0.125,0.6,0.035714,0.020619,0.024793,0.019284,1,no
0.021583,0.181818,0,0,0,0,0.083333,0.4,0.021429,0,0.016529,0.012397,0,no
0.021583,0.090909,0,0,0,0,0.041667,0.2,0.021429,0,0.024793,0.024793,0,no
0.071942,0,0,0,0,0.02439,0.083333,0.4,0.071429,0,0.066116,0.041322,1,no
0.021583,0,0,0,0,0,0.041667,0.2,0.021429,0,0.024793,0.024793,0,no
0.021583,0,0,0,0,0,0.041667,0.2,0.021429,0,0.024793,0.024793,0,no
0.014388,0,0,0,0,0,0.041667,0.2,0.014286,0,0.016529,0.016529,0,no
0.014388,0,0,0,0,0,0.041667,0.2,0.014286,0,0.016529,0.016529,0,no
0.021583,0,0,0,0,0,0.041667,0.2,0.021429,0,0.024793,0.024793,0,no
0,0,0,0,0.011905,0,0.041667,0.2,0,0,0,0,0,no
0.035971,0.272727,0,0,0,0,0.041667,0.2,0.035714,0,0.041322,0.041322,0,no
0.028777,0.090909,0,0,0,0,0.041667,0.2,0.028571,0,0.033058,0.033058,0,no
0.043165,0,0,0,0.011905,0,0.041667,0.2,0.042857,0,0.049587,0.049587,0,no
0.021583,0,0,0,0,0,0.041667,0.2,0.021429,0,0.024793,0.024793,0,no
0.021583,0,0,0,0,0,0.041667,0.2,0.021429,0,0.024793,0.024793,0,no
0.035971,0,0,0,0,0,0.041667,0.2,0.035714,0,0.041322,0.041322,0,no
0.014388,0,0,0,0,0,0.041667,0.2,0.014286,0,0.016529,0.016529,0,no
0.021583,0,0,0,0,0,0.041667,0.2,0.021429,0,0.024793,0.024793,0,no
0.021583,0,0,0,0,0,0.041667,0.2,0.021429,0,0.024793,0.024793,0,no
0.043165,0.454545,0,0,0,0,0.041667,0.2,0.042857,0,0.049587,0.049587,1,no
0.021583,0,0,0,0,0,0.041667,0.2,0.021429,0,0.024793,0.024793,0,no
0.028777,0.181818,0,0,0,0,0.041667,0.2,0.028571,0,0.033058,0.033058,0,no
0,0.181818,0,0,0,0,0.041667,0.2,0,0,0,0,0,no
0.028777,0.181818,0,0,0,0,0.083333,0.4,0.028571,0,0.024793,0.016529,0,no
0,0.090909,0,0,0.011905,0,0.041667,0.2,0,0,0,0,0,no
0.05036,0.454545,0,0,0,0,0.041667,0.2,0.05,0,0.057851,0.057851,0,no
0.028777,0.181818,0,0,0,0,0.041667,0.2,0.028571,0,0.033058,0.033058,0,no
0.107914,0.181818,0,0,0,0,0.041667,0.2,0.107143,0,0.123967,0.123967,0,no
0.028777,0.181818,0,0,0,0,0.041667,0.2,0.028571,0,0.033058,0.033058,0,no
0.035971,0.181818,0,0,0,0,0.041667,0.2,0.035714,0,0.041322,0.041322,0,no
0.028777,0.272727,0,0,0,0,0.041667,0.2,0.028571,0,0.033058,0.033058,0,no
0.021583,0.181818,0,0,0,0,0.083333,0.4,0.021429,0,0.016529,0.012397,0,no
0.021583,0.181818,0,0,0.011905,0,0.083333,0.4,0.021429,0,0.016529,0.012397,0,no
0,0.181818,0,0,0.02381,0,0.041667,0.2,0,0,0,0,0,no
0.021583,0.090909,0,0,0,0,0.041667,0.2,0.021429,0,0.024793,0.024793,0,no
0.021583,0,0,0,0,0,0.041667,0.2,0.021429,0,0.024793,0.024793,0,no
0.021583,0,0,0,0,0,0.083333,0.2,0.028571,0.010309,0.024793,0.020661,0,no
0.021583,0,0,0,0,0,0.041667,0.2,0.021429,0,0.024793,0.024793,0,no
0,0,0,0,0.011905,0,0.041667,0.2,0,0,0,0,0,no
0.035971,0.272727,0,0,0,0,0.083333,0.4,0.035714,0,0.033058,0.020661,0,no
0.028777,0.181818,0,0,0,0,0.083333,0.4,0.028571,0,0.024793,0.016529,0,no
0.028777,0.181818,0,0,0,0,0.041667,0.2,0.028571,0,0.033058,0.033058,0,no
0.057554,0.545455,0,0,0,0,0.041667,0.2,0.057143,0,0.066116,0.066116,0,no
0.035971,0.181818,0,0,0.011905,0,0.125,0.4,0.035714,0,0.024793,0.013774,0,no
0.014388,0.181818,0,0,0,0,0.041667,0.2,0.014286,0,0.016529,0.016529,1,no
0.05036,0.181818,0,0,0.011905,0.04878,0.041667,0.2,0.05,0,0.057851,0.057851,1,no
0.035971,0,0,0,0,0,0.125,0.4,0.042857,0.010309,0.033058,0.019284,0,no
0.021583,0,0,0,0,0,0.041667,0.2,0.021429,0,0.024793,0.024793,0,no
0.021583,0,0,0,0,0,0.041667,0.2,0.021429,0,0.024793,0.024793,0,no
0.021583,0.090909,0,0,0,0,0.041667,0.2,0.021429,0,0.024793,0.024793,0,no
0,0.090909,0,0,0.011905,0,0.041667,0.2,0,0,0,0,0,no
0.05036,0.454545,0,0,0,0,0.041667,0.2,0.05,0,0.057851,0.057851,0,no
0.028777,0.181818,0,0,0,0,0.083333,0.4,0.028571,0,0.024793,0.016529,0,no
0.107914,0.181818,0,0,0,0,0.166667,0.6,0.114286,0.010309,0.082645,0.035124,1,no
0.028777,0.181818,0,0,0,0,0.041667,0.2,0.028571,0,0.033058,0.033058,0,no
0.035971,0.181818,0,0,0,0,0.041667,0.2,0.035714,0,0.041322,0.041322,0,no
0,0.090909,0,0,0.011905,0,0.041667,0.2,0,0,0,0,0,no
0,0,0,0,0.011905,0,0.041667,0.2,0,0,0,0,0,no
0.021583,0,0,0,0,0,0.041667,0.2,0.021429,0,0.024793,0.024793,0,no
0.021583,0,0,0,0,0,0.041667,0.2,0.021429,0,0.024793,0.024793,0,no
0.021583,0.090909,0,0,0,0,0.041667,0.2,0.021429,0,0.024793,0.024793,0,no
0.028777,0.181818,0,0,0,0.02439,0.041667,0.2,0.028571,0,0.033058,0.033058,1,no
0.021583,0.181818,0,0,0,0,0.041667,0.2,0.021429,0,0.024793,0.024793,0,no
0.021583,0,0,0,0,0,0.041667,0.2,0.021429,0,0.024793,0.024793,0,no
0.021583,0,0,0,0,0,0.041667,0.2,0.021429,0,0.024793,0.024793,0,no
0.035971,0.181818,0,0,0,0.04878,0.083333,0.4,0.042857,0.010309,0.041322,0.028926,1,no
0.021583,0,0,0,0,0,0.041667,0.2,0.021429,0,0.024793,0.024793,0,no
0,0.181818,0,0,0,0,0.041667,0.2,0,0,0,0,1,no
0,0,0,0,0,0,0.041667,0.2,0,0,0,0,0,no
0,0,0,0,0,0,0.041667,0.2,0,0,0,0,0,no
0,0.272727,0,0,0,0,0.041667,0.2,0,0,0,0,0,no
0,0,0,0,0,0,0.041667,0.2,0,0,0,0,0,no
0,0,0,0,0,0,0.041667,0.2,0,0,0,0,0,no
0,0,0,0,0,0,0.041667,0.2,0,0,0,0,0,no
0,0,0,0,0,0,0.041667,0.2,0,0,0,0,0,no
0.021583,0,0,0,0,0,0.041667,0.2,0.021429,0,0.024793,0.024793,0,no
0.028777,0.454545,0,0,0.011905,0,0.041667,0.2,0.028571,0,0.033058,0.033058,0,no
0.021583,0,0,0,0,0,0.041667,0.2,0.021429,0,0.024793,0.024793,0,no
0.021583,0,0,0,0,0,0.041667,0.2,0.021429,0,0.024793,0.024793,0,no
0.021583,0,0,0,0,0,0.041667,0.2,0.021429,0,0.024793,0.024793,0,no
0.028777,0,0,0,0,0.02439,0.041667,0.2,0.028571,0,0.033058,0.033058,1,no
0.021583,0,0,0,0,0,0.041667,0.2,0.021429,0,0.024793,0.024793,1,no
0.035971,0.272727,0,0,0,0.02439,0.041667,0.2,0.035714,0,0.041322,0.041322,0,no
0.028777,0.181818,0,0,0,0,0.041667,0.2,0.028571,0,0.033058,0.033058,0,no
0.014388,0,0,0,0,0,0.041667,0.2,0.014286,0,0.016529,0.016529,0,no
0.021583,0.181818,0,0,0,0,0.041667,0.2,0.021429,0,0.024793,0.024793,0,no
0.021583,0.181818,0,0,0,0,0.041667,0.2,0.021429,0,0.024793,0.024793,0,no
0.021583,0,0,0,0,0,0.041667,0.2,0.021429,0,0.024793,0.024793,0,no
0.021583,0.545455,0,0,0,0,0.041667,0.2,0.021429,0,0.024793,0.024793,0,no
0.021583,0.090909,0,0,0,0,0.041667,0.2,0.021429,0,0.024793,0.024793,0,no
0.014388,0,0,0,0,0,0.041667,0.2,0.014286,0,0.016529,0.016529,0,no
0.021583,0.090909,0,0,0,0,0.041667,0.2,0.021429,0,0.024793,0.024793,0,no
0.014388,0,0,0,0,0,0.041667,0.2,0.014286,0,0.016529,0.016529,0,no
0.043165,0.181818,0,0,0.011905,0,0.041667,0.2,0.042857,0,0.049587,0.049587,0,no
0.021583,0,0,0,0,0,0.041667,0.2,0.021429,0,0.024793,0.024793,0,no
0.021583,0,0,0,0,0,0.041667,0.2,0.021429,0,0.024793,0.024793,0,no
0,0.454545,0,0,0.011905,0,0.041667,0.2,0,0,0,0,0,no
0,0.454545,0,0,0.011905,0,0.041667,0.2,0,0,0,0,0,no
0,0,0,0,0.011905,0,0.041667,0.2,0,0,0,0,0,no
0,0.363636,0,0,0.011905,0,0.041667,0.2,0,0,0,0,0,no
0,0.272727,0,0,0.011905,0,0.041667,0.2,0,0,0,0,0,no
0,0.545455,0,0,0.011905,0,0.041667,0.2,0,0,0,0,0,no
0,0.545455,0,0,0.011905,0,0.041667,0.2,0,0,0,0,0,no
0,0.363636,0,0,0.011905,0,0.041667,0.2,0,0,0,0,0,no
0,0.272727,0,0,0.011905,0,0.041667,0.2,0,0,0,0,0,no
0,0.454545,0,0,0.011905,0,0.041667,0.2,0,0,0,0,0,no
0,0.363636,0,0,0.011905,0,0.041667,0.2,0,0,0,0,0,no
0,0.272727,0,0,0.011905,0,0.041667,0.2,0,0,0,0,0,no
0,0.454545,0,0,0.011905,0,0.041667,0.2,0,0,0,0,0,no
0.021583,0,0,0,0,0,0.041667,0.2,0.021429,0,0.024793,0.024793,0,no
0.021583,0,0,0,0,0,0.041667,0.2,0.021429,0,0.024793,0.024793,0,no
0.021583,0,0,0,0,0,0.041667,0.2,0.021429,0,0.024793,0.024793,0,no
0.021583,0,0,0,0,0,0.041667,0.2,0.021429,0,0.024793,0.024793,0,no
0.014388,0,0,0,0,0,0.041667,0.2,0.014286,0,0.016529,0.016529,0,no
0.021583,0,0,0,0,0,0.041667,0.2,0.021429,0,0.024793,0.024793,1,no
0.028777,0,0,0,0,0.02439,0.041667,0.2,0.028571,0,0.033058,0.033058,1,no
0.021583,0,0,0,0,0,0.041667,0.2,0.021429,0,0.024793,0.024793,1,no
0.028777,0.181818,0,0,0,0,0.041667,0.2,0.028571,0,0.033058,0.033058,0,no
0.014388,0,0,0,0,0,0.041667,0.2,0.014286,0,0.016529,0.016529,0,no
0.021583,0,0,0,0,0,0.041667,0.2,0.021429,0,0.024793,0.024793,0,no
0.021583,0.181818,0,0,0,0,0.041667,0.2,0.021429,0,0.024793,0.024793,0,no
0.021583,0.181818,0,0,0,0,0.041667,0.2,0.021429,0,0.024793,0.024793,0,no
0.021583,0.545455,0,0,0,0,0.041667,0.2,0.021429,0,0.024793,0.024793,0,no
0.028777,0.181818,0,0,0,0,0.041667,0.2,0.028571,0,0.033058,0.033058,0,no
0.014388,0,0,0,0,0,0.041667,0.2,0.014286,0,0.016529,0.016529,0,no
0.021583,0.090909,0,0,0,0,0.041667,0.2,0.021429,0,0.024793,0.024793,0,no
0.028777,0.181818,0,0,0,0,0.041667,0.2,0.028571,0,0.033058,0.033058,0,no
0.014388,0,0,0,0,0,0.041667,0.2,0.014286,0,0.016529,0.016529,0,no
0.021583,0.090909,0,0,0,0,0.041667,0.2,0.021429,0,0.024793,0.024793,0,no
0.021583,0.090909,0,0,0,0,0.083333,0.4,0.028571,0.010309,0.024793,0.020661,1,no
0.021583,0.181818,0,0,0,0,0.041667,0.2,0.021429,0,0.024793,0.024793,1,no
0.093525,0.272727,0,0,0.011905,0,0.041667,0.2,0.092857,0,0.107438,0.107438,1,no
0.035971,0.272727,0,0,0,0,0.083333,0.4,0.042857,0.010309,0.041322,0.028926,0,no
0.021583,0,0,0,0,0,0.041667,0.2,0.021429,0,0.024793,0.024793,1,no
0.071942,0.454545,0,0,0,0.02439,0.083333,0.2,0.071429,0,0.07438,0.041322,0,no
0.021583,0.181818,0,0,0,0,0.083333,0.4,0.028571,0.010309,0.024793,0.020661,1,no
0.021583,0.181818,0,0,0,0,0.041667,0.2,0.021429,0,0.024793,0.024793,0,no
0.021583,0.090909,0,0,0,0,0.041667,0.2,0.021429,0,0.024793,0.024793,1,no
0.021583,0,0,0,0,0,0.041667,0.2,0.021429,0,0.024793,0.024793,0,no
0.021583,0,0,0,0,0,0.083333,0.2,0.028571,0.010309,0.024793,0.020661,1,no
0.021583,0,0,0,0,0,0.041667,0.2,0.021429,0,0.024793,0.024793,0,no
0.021583,0,0,0,0,0,0.041667,0.2,0.021429,0,0.024793,0.024793,0,no
0.021583,0,0,0,0,0,0.041667,0.2,0.021429,0,0.024793,0.024793,0,no
0.021583,0,0,0,0,0,0.041667,0.2,0.021429,0,0.024793,0.024793,0,no
0.021583,0,0,0,0,0,0.041667,0.2,0.021429,0,0.024793,0.024793,0,no
0.021583,0,0,0,0,0,0.041667,0.2,0.021429,0,0.024793,0.024793,0,no
0.021583,0,0,0,0,0,0.041667,0.2,0.021429,0,0.024793,0.024793,0,no
0,0,0,0,0.011905,0,0.041667,0.2,0,0,0,0,0,no
0,0,0,0,0.011905,0,0.041667,0.2,0,0,0,0,0,no
0,0,0,0,0.011905,0,0.041667,0.2,0,0,0,0,0,no
0,0,0,0,0.011905,0,0.041667,0.2,0,0,0,0,0,no
0,0,0,0,0.011905,0,0.041667,0.2,0,0,0,0,0,no
0,0,0,0,0.011905,0,0.041667,0.2,0,0,0,0,0,no
0,0,0,0,0.011905,0,0.041667,0.2,0,0,0,0,0,no
0.035971,0.272727,0,0,0,0,0.041667,0.2,0.035714,0,0.041322,0.041322,0,no
0.021583,0,0,0,0,0,0.041667,0.2,0.021429,0,0.024793,0.024793,0,no
0.021583,0,0,0,0,0,0.041667,0.2,0.021429,0,0.024793,0.024793,0,no
0.021583,0,0,0,0,0,0.041667,0.2,0.021429,0,0.024793,0.024793,0,no
0.021583,0,0,0,0,0,0.041667,0.2,0.021429,0,0.024793,0.024793,0,no
0.021583,0.090909,0,0,0,0,0.041667,0.2,0.021429,0,0.024793,0.024793,0,no
0.021583,0,0,0,0,0,0.041667,0.2,0.021429,0,0.024793,0.024793,0,no
0.021583,0,0,0,0,0,0.041667,0.2,0.021429,0,0.024793,0.024793,0,no
0.021583,0,0,0,0,0,0.041667,0.2,0.021429,0,0.024793,0.024793,0,no
0.021583,0,0,0,0,0,0.041667,0.2,0.021429,0,0.024793,0.024793,0,no
0.021583,0,0,0,0,0,0.041667,0.2,0.021429,0,0.024793,0.024793,0,no
0.021583,0,0,0,0,0,0.041667,0.2,0.021429,0,0.024793,0.024793,0,no
0.021583,0,0,0,0,0,0.041667,0.2,0.021429,0,0.024793,0.024793,0,no
0.021583,0,0,0,0,0,0.041667,0.2,0.021429,0,0.024793,0.024793,0,no
0.021583,0,0,0,0,0,0.041667,0.2,0.021429,0,0.024793,0.024793,0,no
0.014388,0,0,0,0.011905,0,0.041667,0.2,0.014286,0,0.016529,0.016529,0,no
0.021583,0,0,0,0,0,0.041667,0.2,0.021429,0,0.024793,0.024793,0,no
0.043165,0.363636,0,0,0,0,0.041667,0.2,0.042857,0,0.049587,0.049587,0,no
0.035971,0.181818,0,0,0,0.02439,0.083333,0.4,0.042857,0.010309,0.041322,0.028926,0,no
0.043165,0.272727,0,0,0.011905,0.04878,0.083333,0.4,0.057143,0.020619,0.066116,0.041322,0,no
0.064748,0.454545,0,0,0,0,0.083333,0.2,0.064286,0,0.066116,0.03719,0,no
0.021583,0.272727,0,0,0,0,0.041667,0.2,0.021429,0,0.024793,0.024793,0,no
0.028777,0.272727,0,0,0,0.02439,0.041667,0.2,0.028571,0,0.033058,0.033058,1,no
0.021583,0.272727,0,0,0,0,0.041667,0.2,0.021429,0,0.024793,0.024793,0,no
0.021583,0.090909,0,0,0,0,0.041667,0.2,0.021429,0,0.024793,0.024793,0,no
0.014388,0.090909,0,0,0,0,0.041667,0.2,0.014286,0,0.016529,0.016529,0,no
0.021583,0.181818,0,0,0,0,0.083333,0.4,0.128571,0.154639,0.14876,0.136364,0,no
0.014388,0.181818,0,0,0,0,0.041667,0.2,0.014286,0,0.016529,0.016529,0,no
0.021583,0.272727,0,0,0,0,0.083333,0.4,0.028571,0.010309,0.024793,0.020661,0,no
0.021583,0.090909,0,0,0,0,0.041667,0.2,0.021429,0,0.024793,0.024793,0,no
0.021583,0.090909,0,0,0,0,0.041667,0.2,0.021429,0,0.024793,0.024793,0,no
0.021583,0.090909,0,0,0,0,0.041667,0.2,0.021429,0,0.024793,0.024793,0,no
0.021583,0.363636,0,0,0,0,0.041667,0.2,0.021429,0,0.024793,0.024793,1,no
0.021583,0.090909,0,0,0,0,0.041667,0.2,0.021429,0,0.024793,0.024793,0,no
0.021583,0.181818,0,0,0,0,0.041667,0.2,0.021429,0,0.024793,0.024793,0,no
0.021583,0.181818,0,0,0.011905,0,0.041667,0.2,0.021429,0,0.024793,0.024793,0,no
0.021583,0.181818,0,0,0.011905,0,0.041667,0.2,0.021429,0,0.024793,0.024793,0,no
0.021583,0.181818,0,0,0.011905,0,0.041667,0.2,0.021429,0,0.024793,0.024793,1,no
0.014388,0.181818,0,0,0,0,0.041667,0.2,0.014286,0,0.016529,0.016529,1,no
0.021583,0.181818,0,0,0.011905,0,0.041667,0.2,0.021429,0,0.024793,0.024793,1,no
0.014388,0.181818,0,0,0,0,0.041667,0.2,0.014286,0,0.016529,0.016529,1,no
0.028777,0.181818,0,0,0.011905,0,0.041667,0.2,0.028571,0,0.033058,0.033058,0,no
0.014388,0.272727,0,0,0.02381,0,0.041667,0.2,0.014286,0,0.016529,0.016529,0,no
0.021583,0.181818,0,0,0,0,0.041667,0.2,0.021429,0,0.024793,0.024793,0,no
0.035971,0.181818,0,0,0,0,0.041667,0.2,0.035714,0,0.041322,0.041322,0,no
0.021583,0.272727,0,0,0,0,0.041667,0.2,0.021429,0,0.024793,0.024793,0,no
0.021583,0.181818,0,0,0,0,0.041667,0.2,0.021429,0,0.024793,0.024793,0,no
0.021583,0.272727,0,0,0,0,0.041667,0.2,0.021429,0,0.024793,0.024793,0,no
0.028777,0.181818,0,0,0,0,0.041667,0.2,0.028571,0,0.033058,0.033058,0,no
0.021583,0.090909,0,0,0,0,0.041667,0.2,0.021429,0,0.024793,0.024793,1,no
0.028777,0.181818,0,0,0,0,0.041667,0.2,0.028571,0,0.033058,0.033058,1,no
0.028777,0,0,0,0,0,0.041667,0.2,0.028571,0,0.033058,0.033058,1,no
0.028777,0.090909,0,0,0,0,0.041667,0.2,0.028571,0,0.033058,0.033058,0,no
0.021583,0,0,0,0,0,0.208333,0.8,0.378571,0.515464,0.404959,0.170248,1,no
0.021583,0.090909,0,0,0,0,0.125,0.4,0.035714,0.020619,0.033058,0.019284,1,no
0.05036,0.363636,0,0,0,0,0.041667,0.2,0.05,0,0.057851,0.057851,1,no
0.021583,0.090909,0,0,0,0,0.041667,0.2,0.021429,0,0.024793,0.024793,0,no
0.028777,0.181818,0,0,0,0,0.041667,0.2,0.028571,0,0.033058,0.033058,0,no
0.028777,0.363636,0,0,0,0,0.041667,0.2,0.028571,0,0.033058,0.033058,1,no
0.021583,0.181818,0,0,0,0,0.041667,0.2,0.021429,0,0.024793,0.024793,0,no
0.028777,0.181818,0,0,0,0,0.041667,0.2,0.028571,0,0.033058,0.033058,0,no
0.021583,0,0,0,0,0,0.041667,0.2,0.021429,0,0.024793,0.024793,0,no
0.021583,0,0,0,0,0,0.041667,0.2,0.021429,0,0.024793,0.024793,0,no
0.021583,0,0,0,0,0,0.041667,0.2,0.021429,0,0.024793,0.024793,0,no
0.014388,0,0,0,0.02381,0,0.041667,0.2,0.014286,0,0.016529,0.016529,0,no
0.021583,0,0,0,0,0,0.041667,0.2,0.021429,0,0.024793,0.024793,0,no
0.021583,0,0,0,0,0,0.041667,0.2,0.021429,0,0.024793,0.024793,0,no
0.021583,0.181818,0,0,0,0,0.041667,0.2,0.021429,0,0.024793,0.024793,0,no
0,0,0,0,0.011905,0,0.041667,0.2,0,0,0,0,0,no
0,0,0,0,0.011905,0,0.041667,0.2,0,0,0,0,0,no
0.014388,0.090909,0,0,0,0,0.041667,0.2,0.014286,0,0.016529,0.016529,0,no
0.014388,0.090909,0,0,0,0,0.041667,0.2,0.014286,0,0.016529,0.016529,0,no
0.014388,0.181818,0,0,0,0,0.041667,0.2,0.014286,0,0.016529,0.016529,0,no
0.021583,0.090909,0,0,0,0,0.041667,0.2,0.021429,0,0.024793,0.024793,0,no
0.021583,0.272727,0,0,0,0,0.041667,0.2,0.021429,0,0.024793,0.024793,0,no
0.05036,0.090909,0,0,0.011905,0.073171,0.125,0.6,0.057143,0.010309,0.033058,0.024793,1,no
0.021583,0,0,0,0,0,0.041667,0.2,0.021429,0,0.024793,0.024793,0,no
0.028777,0,0,0,0,0,0.041667,0.2,0.028571,0,0.033058,0.033058,0,no
0.028777,0.090909,0,0,0.011905,0,0.041667,0.2,0.028571,0,0.033058,0.033058,0,no
0.028777,0.090909,0,0,0.011905,0,0.041667,0.2,0.028571,0,0.033058,0.033058,0,no
0.014388,0.181818,0,0,0,0,0.041667,0.2,0.014286,0,0.016529,0.016529,0,no
0.014388,0,0,0,0,0,0.041667,0.2,0.014286,0,0.016529,0.016529,0,no
0.028777,0.363636,0,0,0,0.02439,0.041667,0.2,0.028571,0,0.033058,0.033058,0,no
0.043165,0.363636,0,0,0,0,0.041667,0.2,0.042857,0,0.049587,0.049587,0,no
0.021583,0,0,0,0,0,0.041667,0.2,0.021429,0,0.024793,0.024793,0,no
0.021583,0,0,0,0,0,0.041667,0.2,0.021429,0,0.024793,0.024793,0,no
0.021583,0,0,0,0,0,0.041667,0.2,0.021429,0,0.024793,0.024793,0,no
0.021583,0,0,0,0,0,0.041667,0.2,0.021429,0,0.024793,0.024793,0,no
0,0.090909,0,0,0.011905,0,0.041667,0.2,0,0,0,0,0,no
0,0.090909,0,0,0.011905,0,0.041667,0.2,0,0,0,0,0,no
0,0.181818,0,0,0.011905,0,0.041667,0.2,0,0,0,0,0,no
0,0.181818,0,0,0.011905,0,0.041667,0.2,0,0,0,0,0,no
0,0.090909,0,0,0.011905,0,0.041667,0.2,0,0,0,0,0,no
0,0.272727,0,0,0.011905,0,0.041667,0.2,0,0,0,0,0,no
0,0.090909,0,0,0.011905,0,0.041667,0.2,0,0,0,0,0,no
0,0.090909,0,0,0.011905,0,0.041667,0.2,0,0,0,0,0,no
0,0.181818,0,0,0.011905,0,0.041667,0.2,0,0,0,0,0,no
0,0,0,0,0.011905,0,0.041667,0.2,0,0,0,0,0,no
0,0.090909,0,0,0.011905,0,0.041667,0.2,0,0,0,0,0,no
0.057554,0.545455,0,0,0,0,0.041667,0.2,0.057143,0,0.066116,0.066116,0,no
0.021583,0,0,0,0,0,0.041667,0.2,0.021429,0,0.024793,0.024793,0,no
0.021583,0,0,0,0,0,0.041667,0.2,0.021429,0,0.024793,0.024793,0,no
0.021583,0,0,0,0,0,0.041667,0.2,0.021429,0,0.024793,0.024793,0,no
0.021583,0,0,0,0,0,0.041667,0.2,0.021429,0,0.024793,0.024793,0,no
0.021583,0,0,0,0,0,0.041667,0.2,0.021429,0,0.024793,0.024793,0,no
0.021583,0,0,0,0,0,0.041667,0.2,0.021429,0,0.024793,0.024793,0,no
0.05036,0.181818,0,0,0,0,0.166667,0.6,0.064286,0.020619,0.041322,0.022727,1,no
0.021583,0.181818,0,0,0,0,0.041667,0.2,0.021429,0,0.024793,0.024793,0,no
0.021583,0.090909,0,0,0,0,0.041667,0.2,0.021429,0,0.024793,0.024793,0,no
0.021583,0.090909,0,0,0,0,0.041667,0.2,0.021429,0,0.024793,0.024793,0,no
0.021583,0.181818,0,0,0,0,0.041667,0.2,0.021429,0,0.024793,0.024793,0,no
0.021583,0.181818,0,0,0,0,0.083333,0.4,0.028571,0.010309,0.024793,0.020661,1,no
0.021583,0.090909,0,0,0,0,0.041667,0.2,0.021429,0,0.024793,0.024793,0,no
0.021583,0.272727,0,0,0,0,0.041667,0.2,0.021429,0,0.024793,0.024793,0,no
0.028777,0.090909,0,0,0,0.02439,0.041667,0.2,0.028571,0,0.033058,0.033058,0,no
0.028777,0.090909,0,0,0,0,0.041667,0.2,0.028571,0,0.033058,0.033058,1,no
0.021583,0.090909,0,0,0,0,0.083333,0.4,0.028571,0.010309,0.024793,0.020661,1,no
0.021583,0.181818,0,0,0,0,0.041667,0.2,0.021429,0,0.024793,0.024793,0,no
0.021583,0,0,0,0,0,0.083333,0.4,0.028571,0.010309,0.033058,0.020661,1,no
0.028777,0,0,0,0,0,0.083333,0.2,0.028571,0,0.024793,0.016529,1,no
0.021583,0,0,0,0,0,0.041667,0.2,0.021429,0,0.024793,0.024793,1,no
0,0,0,0,0.011905,0,0.041667,0.2,0,0,0,0,0,no
0.021583,0.090909,0,0,0,0,0.041667,0.2,0.021429,0,0.024793,0.024793,0,no
0.021583,0,0,0,0,0,0.041667,0.2,0.021429,0,0.024793,0.024793,0,no
0.028777,0.181818,0,0,0,0,0.041667,0.2,0.028571,0,0.033058,0.033058,0,no
0.028777,0.181818,0,0,0,0,0.041667,0.2,0.028571,0,0.033058,0.033058,0,no
0.035971,0,0,0,0,0,0.041667,0.2,0.035714,0,0.041322,0.041322,0,no
0.021583,0,0,0,0,0,0.041667,0.2,0.021429,0,0.024793,0.024793,0,no
0.021583,0,0,0,0,0,0.041667,0.2,0.021429,0,0.024793,0.024793,0,no
0.043165,0.181818,0,0,0,0.073171,0.083333,0.4,0.05,0.010309,0.049587,0.033058,0,no
0.05036,0.181818,0,0,0,0.073171,0.083333,0.4,0.057143,0.010309,0.057851,0.03719,1,no
0.021583,0,0,0,0,0,0.041667,0.2,0.021429,0,0.024793,0.024793,0,no
0.028777,0.181818,0,0,0,0,0.041667,0.2,0.028571,0,0.033058,0.033058,0,no
0.021583,0.181818,0,0,0,0,0.041667,0.2,0.021429,0,0.024793,0.024793,0,no
0.021583,0.090909,0,0,0,0,0.041667,0.2,0.021429,0,0.024793,0.024793,0,no
0.028777,0.181818,0,0,0,0,0.041667,0.2,0.028571,0,0.033058,0.033058,0,no
0.021583,0,0,0,0,0,0.083333,0.4,0.028571,0.010309,0.024793,0.020661,1,no
0.021583,0,0,0,0,0,0.041667,0.2,0.021429,0,0.024793,0.024793,0,no
0.021583,0.090909,0,0,0,0,0.041667,0.2,0.021429,0,0.024793,0.024793,0,no
0.021583,0,0,0,0,0,0.041667,0.2,0.021429,0,0.024793,0.024793,0,no
0.021583,0,0,0,0,0,0.041667,0.2,0.021429,0,0.024793,0.024793,0,no
0.021583,0,0,0,0,0,0.041667,0.2,0.021429,0,0.024793,0.024793,0,no
0.021583,0,0,0,0,0,0.083333,0.2,0.028571,0.010309,0.024793,0.020661,1,no
0.021583,0,0,0,0,0,0.083333,0.2,0.028571,0.010309,0.024793,0.020661,1,no
0.021583,0,0,0,0,0,0.041667,0.2,0.021429,0,0.024793,0.024793,0,no
0,0,0,0,0.011905,0,0.041667,0.2,0,0,0,0,0,no
0,0,0,0,0.011905,0,0.041667,0.2,0,0,0,0,0,no
0,0,0,0,0.011905,0,0.041667,0.2,0,0,0,0,0,no
0,0,0,0,0.011905,0,0.041667,0.2,0,0,0,0,0,no
0,0.181818,0,0,0.011905,0,0.041667,0.2,0,0,0,0,0,no
0,0.181818,0,0,0.011905,0,0.041667,0.2,0,0,0,0,0,no
0,0.181818,0,0,0.011905,0,0.041667,0.2,0,0,0,0,0,no
0.028777,0.181818,0,0,0,0,0.041667,0.2,0.028571,0,0.033058,0.033058,0,no
0.021583,0,0,0,0,0,0.041667,0.2,0.021429,0,0.024793,0.024793,0,no
0.021583,0,0,0,0,0,0.041667,0.2,0.021429,0,0.024793,0.024793,0,no
0.021583,0,0,0,0,0,0.041667,0.2,0.021429,0,0.024793,0.024793,0,no
0.043165,0.363636,0,0,0,0,0.041667,0.2,0.042857,0,0.049587,0.049587,0,no
0.021583,0,0,0,0,0,0.041667,0.2,0.021429,0,0.024793,0.024793,0,no
0.021583,0,0,0,0,0,0.041667,0.2,0.021429,0,0.024793,0.024793,0,no
0.021583,0,0,0,0,0,0.041667,0.2,0.021429,0,0.024793,0.024793,0,no
0.021583,0,0,0,0,0,0.041667,0.2,0.021429,0,0.024793,0.024793,0,no
0.021583,0.090909,0,0,0,0,0.041667,0.2,0.021429,0,0.024793,0.024793,0,no
0.021583,0.181818,0,0,0,0,0.041667,0.2,0.021429,0,0.024793,0.024793,0,no
0.021583,0.181818,0,0,0,0,0.083333,0.4,0.071429,0.072165,0.082645,0.070248,0,no
0.021583,0.181818,0,0,0,0,0.041667,0.2,0.021429,0,0.024793,0.024793,0,no
0.014388,0.181818,0,0,0.02381,0,0.041667,0.2,0.014286,0,0.016529,0.016529,0,no
0.014388,0.181818,0,0,0.02381,0,0.041667,0.2,0.014286,0,0.016529,0.016529,0,no
0.021583,0.090909,0,0,0,0,0.041667,0.2,0.021429,0,0.024793,0.024793,0,no
0.064748,0.181818,0,0,0.011905,0,0.083333,0.4,0.15,0.123711,0.173554,0.136364,1,no
0.021583,0,0,0,0,0,0.041667,0.2,0.021429,0,0.024793,0.024793,1,no
0.021583,0,0,0,0,0,0.041667,0.2,0.021429,0,0.024793,0.024793,0,no
0.021583,0,0,0,0,0,0.041667,0.2,0.021429,0,0.024793,0.024793,1,no
0.079137,0,0,0,0,0,0.125,0.4,0.085714,0.010309,0.082645,0.035813,1,no
0.100719,0,0,0,0,0.097561,0.083333,0.4,0.1,0,0.107438,0.057851,0,no
0.035971,0,0,0,0,0,0.083333,0.4,0.042857,0.010309,0.041322,0.028926,0,no
0.107914,0,0,0,0,0.04878,0.083333,0.4,0.107143,0,0.115702,0.061983,1,no
0.057554,0,0,0,0,0.02439,0.083333,0.4,0.057143,0,0.057851,0.033058,0,no
0.021583,0.181818,0,0,0,0,0.041667,0.2,0.021429,0,0.024793,0.024793,0,no
0.028777,0.181818,0,0,0,0,0.041667,0.2,0.028571,0,0.033058,0.033058,0,no
0.021583,0.181818,0,0,0,0,0.041667,0.2,0.021429,0,0.024793,0.024793,0,no
0.028777,0.181818,0,0,0,0,0.041667,0.2,0.028571,0,0.033058,0.033058,0,no
0.021583,0,0,0,0,0,0.041667,0.2,0.021429,0,0.024793,0.024793,0,no
0.021583,0,0,0,0,0,0.041667,0.2,0.021429,0,0.024793,0.024793,0,no
0.021583,0.090909,0,0,0,0,0.041667,0.2,0.021429,0,0.024793,0.024793,0,no
0.021583,0.090909,0,0,0,0,0.041667,0.2,0.021429,0,0.024793,0.024793,0,no
0.021583,0.181818,0,0,0,0,0.041667,0.2,0.021429,0,0.024793,0.024793,0,no
0.021583,0.181818,0,0,0,0,0.041667,0.2,0.021429,0,0.024793,0.024793,0,no
0.028777,0.181818,0,0,0,0,0.041667,0.2,0.028571,0,0.033058,0.033058,0,no
0.028777,0.181818,0,0,0,0,0.041667,0.2,0.028571,0,0.033058,0.033058,0,no
0.028777,0.181818,0,0,0,0,0.041667,0.2,0.028571,0,0.033058,0.033058,0,no
0.021583,0.090909,0,0,0,0,0.041667,0.2,0.021429,0,0.024793,0.024793,0,no
0.021583,0.181818,0,0,0,0,0.041667,0.2,0.021429,0,0.024793,0.024793,0,no
0.028777,0.181818,0,0,0,0,0.041667,0.2,0.028571,0,0.033058,0.033058,0,no
0.021583,0.181818,0,0,0,0,0.041667,0.2,0.021429,0,0.024793,0.024793,0,no
0.021583,0.181818,0,0,0,0,0.041667,0.2,0.021429,0,0.024793,0.024793,0,no
0.028777,0.090909,0,0,0,0,0.041667,0.2,0.028571,0,0.033058,0.033058,0,no
0.028777,0.181818,0,0,0,0,0.041667,0.2,0.028571,0,0.033058,0.033058,0,no
0.035971,0.272727,0,0,0,0,0.041667,0.2,0.035714,0,0.041322,0.041322,1,no
0.021583,0,0,0,0,0,0.041667,0.2,0.021429,0,0.024793,0.024793,1,no
0.021583,0,0,0,0,0,0.041667,0.2,0.021429,0,0.024793,0.024793,1,no
0.021583,0.090909,0,0,0,0,0.041667,0.2,0.021429,0,0.024793,0.024793,0,no
0.028777,0.454545,0,0,0,0.02439,0.083333,0.4,0.028571,0,0.024793,0.016529,0,no
0.021583,0.454545,0,0,0,0,0.041667,0.2,0.021429,0,0.024793,0.024793,0,no
0.021583,0.363636,0,0,0,0,0.041667,0.2,0.021429,0,0.024793,0.024793,0,no
0.028777,0.272727,0,0,0,0.02439,0.083333,0.4,0.028571,0,0.024793,0.016529,0,no
0.021583,0.272727,0,0,0,0,0.041667,0.2,0.021429,0,0.024793,0.024793,0,no
0.021583,0.181818,0,0,0,0,0.041667,0.2,0.021429,0,0.024793,0.024793,0,no
0.021583,0,0,0,0,0,0.083333,0.2,0.042857,0.030928,0.049587,0.03719,1,no
0.021583,0.181818,0,0,0,0,0.041667,0.2,0.021429,0,0.024793,0.024793,1,no
0.021583,0.181818,0,0,0,0,0.041667,0.2,0.021429,0,0.024793,0.024793,1,no
0.021583,0,0,0,0,0,0.041667,0.2,0.021429,0,0.024793,0.024793,0,no
0.021583,0.272727,0,0,0,0,0.041667,0.2,0.021429,0,0.024793,0.024793,0,no
0.021583,0.090909,0,0,0,0,0.041667,0.2,0.021429,0,0.024793,0.024793,0,no
0.021583,0.363636,0,0,0,0,0.041667,0.2,0.021429,0,0.024793,0.024793,0,no
0,0.454545,0,0,0.011905,0,0.041667,0.2,0,0,0,0,0,no
0,0.454545,0,0,0,0,0.041667,0.2,0,0,0,0,0,no
0,0,0,0,0,0,0.041667,0.2,0,0,0,0,0,no
0.021583,0.090909,0,0,0,0,0.25,0.4,0.057143,0.051546,0.041322,0.017906,1,no
0,0.363636,0,0,0.011905,0,0.041667,0.2,0,0,0,0,0,no
0,0.272727,0,0,0.011905,0,0.041667,0.2,0,0,0,0,0,no
0,0.545455,0,0,0,0,0.041667,0.2,0,0,0,0,0,no
0.021583,0.454545,0,0,0,0,0.041667,0.2,0.021429,0,0.024793,0.024793,0,no
0.021583,0.454545,0,0,0,0,0.041667,0.2,0.021429,0,0.024793,0.024793,0,no
0.021583,0.363636,0,0,0,0,0.041667,0.2,0.021429,0,0.024793,0.024793,0,no
0,0.545455,0,0,0,0,0.041667,0.2,0,0,0,0,0,no
0.028777,0.181818,0,0,0,0,0.041667,0.2,0.028571,0,0.033058,0.033058,0,no
0.028777,0.181818,0,0,0,0,0.041667,0.2,0.028571,0,0.033058,0.033058,0,no
0.021583,0.181818,0,0,0,0,0.041667,0.2,0.021429,0,0.024793,0.024793,0,no
0.021583,0.181818,0,0,0,0,0.041667,0.2,0.021429,0,0.024793,0.024793,0,no
0.028777,0.181818,0,0,0,0,0.041667,0.2,0.028571,0,0.033058,0.033058,0,no
0.028777,0.181818,0,0,0,0,0.041667,0.2,0.028571,0,0.033058,0.033058,0,no
0.021583,0.181818,0,0,0,0,0.041667,0.2,0.021429,0,0.024793,0.024793,1,no
0.021583,0.181818,0,0,0,0,0.041667,0.2,0.021429,0,0.024793,0.024793,1,no
0.021583,0.272727,0,0,0,0,0.041667,0.2,0.021429,0,0.024793,0.024793,0,no
0.021583,0.181818,0,0,0,0,0.041667,0.2,0.021429,0,0.024793,0.024793,0,no
0.028777,0.181818,0,0,0.011905,0,0.041667,0.2,0.028571,0,0.033058,0.033058,0,no
0.035971,0.181818,0,0,0.011905,0,0.041667,0.2,0.035714,0,0.041322,0.041322,0,no
0.021583,0.363636,0,0,0.011905,0,0.041667,0.2,0.021429,0,0.024793,0.024793,0,no
0.021583,0,0,0,0,0,0.041667,0.2,0.021429,0,0.024793,0.024793,0,no
0.035971,0.454545,0,0,0,0,0.041667,0.2,0.035714,0,0.041322,0.041322,0,no
0.021583,0.181818,0,0,0,0,0.041667,0.2,0.021429,0,0.024793,0.024793,1,no
0.028777,0.181818,0,0,0,0,0.041667,0.2,0.028571,0,0.033058,0.033058,1,no
0.021583,0.181818,0,0,0,0,0.041667,0.2,0.021429,0,0.024793,0.024793,1,no
0.014388,0.181818,0,0,0.02381,0,0.041667,0.2,0.014286,0,0.016529,0.016529,1,no
0.021583,0.272727,0,0,0,0,0.083333,0.2,0.042857,0,0.024793,0.024793,1,no
0.028777,0.181818,0,0,0.011905,0,0.041667,0.2,0.028571,0,0.033058,0.033058,1,no
0.028777,0.181818,0,0,0.011905,0,0.083333,0.2,0.028571,0,0.024793,0.016529,1,no
0.035971,0.454545,0,0,0,0,0.041667,0.2,0.035714,0,0.041322,0.041322,0,no
0.021583,0.181818,0,0,0,0,0.041667,0.2,0.021429,0,0.024793,0.024793,0,no
0.021583,0.181818,0,0,0,0,0.041667,0.2,0.021429,0,0.024793,0.024793,0,no
0.122302,0.181818,0,0,0.02381,0,0.25,0.6,0.178571,0.082474,0.132231,0.045455,1,no
0.035971,0.181818,0,0,0,0,0.208333,0.4,0.057143,0.030928,0.033058,0.018182,0,no
0.021583,0,0,0,0,0,0.041667,0.2,0.021429,0,0.024793,0.024793,0,no
0.028777,0.181818,0,0,0.011905,0,0.041667,0.2,0.028571,0,0.033058,0.033058,0,no
0.021583,0.181818,0,0,0,0,0.041667,0.2,0.021429,0,0.024793,0.024793,0,no
0.028777,0.363636,0,0,0,0,0.041667,0.2,0.028571,0,0.033058,0.033058,0,no
0.021583,0.181818,0,0,0,0,0.041667,0.2,0.021429,0,0.024793,0.024793,0,no
0.028777,0.272727,0,0,0,0,0.041667,0.2,0.028571,0,0.033058,0.033058,0,no
0.014388,0,0,0,0,0,0.041667,0.2,0.014286,0,0.016529,0.016529,0,no
0.021583,0.454545,0,0,0,0,0.041667,0.2,0.021429,0,0.024793,0.024793,0,no
0.021583,0.454545,0,0,0,0,0.041667,0.2,0.021429,0,0.024793,0.024793,0,no
0.021583,0.454545,0,0,0,0,0.041667,0.2,0.021429,0,0.024793,0.024793,0,no
0.021583,0,0,0,0,0,0.041667,0.2,0.021429,0,0.024793,0.024793,0,no
0.021583,0.545455,0,0,0,0,0.041667,0.2,0.021429,0,0.024793,0.024793,0,no
0.021583,0.545455,0,0,0,0,0.041667,0.2,0.021429,0,0.024793,0.024793,0,no
0.021583,0.181818,0,0,0,0,0.041667,0.2,0.021429,0,0.024793,0.024793,0,no
0.021583,0,0,0,0,0,0.041667,0.2,0.021429,0,0.024793,0.024793,0,no
0.021583,0,0,0,0,0,0.041667,0.2,0.021429,0,0.024793,0.024793,1,no
0.021583,0,0,0,0,0,0.041667,0.2,0.021429,0,0.024793,0.024793,0,no
0.021583,0,0,0,0,0,0.041667,0.2,0.021429,0,0.024793,0.024793,0,no
0.021583,0,0,0,0,0,0.041667,0.2,0.021429,0,0.024793,0.024793,0,no
0.021583,0.090909,0,0,0,0,0.041667,0.2,0.021429,0,0.024793,0.024793,1,no
0.021583,0.090909,0,0,0,0,0.041667,0.2,0.021429,0,0.024793,0.024793,0,no
0.028777,0,0,0,0,0.02439,0.083333,0.2,0.028571,0,0.024793,0.016529,0,no
0.028777,0.545455,0,0,0,0,0.041667,0.2,0.028571,0,0.033058,0.033058,0,no
0.021583,0.454545,0,0,0,0,0.041667,0.2,0.021429,0,0.024793,0.024793,0,no
0.021583,0.454545,0,0,0,0,0.041667,0.2,0.021429,0,0.024793,0.024793,0,no
0.021583,0,0,0,0,0,0.041667,0.2,0.021429,0,0.024793,0.024793,0,no
0.021583,0.545455,0,0,0,0,0.041667,0.2,0.021429,0,0.024793,0.024793,0,no
0.021583,0.545455,0,0,0,0,0.041667,0.2,0.021429,0,0.024793,0.024793,0,no
0.021583,0.181818,0,0,0,0,0.041667,0.2,0.021429,0,0.024793,0.024793,0,no
0.021583,0.181818,0,0,0,0,0.041667,0.2,0.021429,0,0.024793,0.024793,0,no
0,0.272727,0,0,0.011905,0,0.041667,0.2,0,0,0,0,0,no
0,0.090909,0,0,0.011905,0,0.041667,0.2,0,0,0,0,0,no
0,0.090909,0,0,0.011905,0,0.041667,0.2,0,0,0,0,0,no
0,0.363636,0,0,0.011905,0,0.041667,0.2,0,0,0,0,0,no
0,0.454545,0,0,0.011905,0,0.041667,0.2,0,0,0,0,0,no
0,0.454545,0,0,0.011905,0,0.041667,0.2,0,0,0,0,0,no
0,0,0,0,0.011905,0,0.041667,0.2,0,0,0,0,1,no
0,0.363636,0,0,0.011905,0,0.041667,0.2,0,0,0,0,0,no
0.021583,0.090909,0,0,0,0,0.041667,0.2,0.021429,0,0.024793,0.024793,0,no
0.021583,0.363636,0,0,0,0,0.041667,0.2,0.021429,0,0.024793,0.024793,0,no
0.05036,0,0,0,0,0.02439,0.041667,0.2,0.05,0,0.057851,0.057851,0,no
0.021583,0.090909,0,0,0,0,0.041667,0.2,0.021429,0,0.024793,0.024793,0,no
0,0.272727,0,0,0,0,0.041667,0.2,0,0,0,0,0,no
0,0.363636,0,0,0,0,0.041667,0.2,0,0,0,0,0,no
0.021583,0.272727,0,0,0,0,0.041667,0.2,0.021429,0,0.024793,0.024793,0,no
0.014388,0,0,0,0,0,0.041667,0.2,0.014286,0,0.016529,0.016529,1,no
0.021583,0.181818,0,0,0.011905,0,0.083333,0.2,0.05,0,0.033058,0.028926,0,no
0.021583,0.181818,0,0,0,0,0.083333,0.2,0.042857,0.030928,0.049587,0.03719,0,no
0.100719,0.181818,0,0,0.047619,0.02439,0.125,0.4,0.1,0,0.066116,0.038567,1,no
0.028777,0.181818,0,0,0.02381,0,0.041667,0.2,0.028571,0,0.033058,0.033058,1,no
0.021583,0.181818,0,0,0.02381,0,0.041667,0.2,0.021429,0,0.024793,0.024793,1,no
0.021583,0,0,0,0,0,0.125,0.6,0.1,0.113402,0.099174,0.068871,0,no
0.028777,0.363636,0,0,0,0,0.041667,0.2,0.028571,0,0.033058,0.033058,0,no
0.021583,0,0,0,0,0,0.041667,0.2,0.021429,0,0.024793,0.024793,0,no
0.021583,0.272727,0,0,0,0,0.083333,0.4,0.028571,0.010309,0.024793,0.020661,0,no
0.028777,0.363636,0,0,0,0,0.041667,0.2,0.028571,0,0.033058,0.033058,0,no
0.021583,0.181818,0,0,0,0,0.041667,0.2,0.021429,0,0.024793,0.024793,0,no
0.035971,0.272727,0,0,0,0,0.041667,0.2,0.035714,0,0.041322,0.041322,0,no
0.021583,0,0,0,0,0,0.041667,0.2,0.021429,0,0.024793,0.024793,0,no
0.021583,0,0,0,0,0,0.041667,0.2,0.021429,0,0.024793,0.024793,0,no
0.021583,0,0,0,0,0,0.041667,0.2,0.021429,0,0.024793,0.024793,0,no
0.021583,0,0,0,0,0,0.041667,0.2,0.021429,0,0.024793,0.024793,0,no
0.021583,0.090909,0,0,0,0,0.041667,0.2,0.021429,0,0.024793,0.024793,0,no
0.021583,0.181818,0,0,0,0,0.041667,0.2,0.021429,0,0.024793,0.024793,0,no
0.021583,0.090909,0,0,0,0,0.041667,0.2,0.021429,0,0.024793,0.024793,0,no
0.021583,0.090909,0,0,0,0,0.041667,0.2,0.021429,0,0.024793,0.024793,0,no
0.021583,0,0,0,0,0,0.041667,0.2,0.021429,0,0.024793,0.024793,0,no
0.021583,0,0,0,0,0,0.041667,0.2,0.021429,0,0.024793,0.024793,0,no
0.028777,0.090909,0,0,0,0,0.041667,0.2,0.028571,0,0.033058,0.033058,0,no
0.021583,0,0,0,0,0,0.041667,0.2,0.021429,0,0.024793,0.024793,0,no
0.021583,0,0,0,0,0,0.041667,0.2,0.021429,0,0.024793,0.024793,0,no
0.021583,0.090909,0,0,0,0,0.041667,0.2,0.021429,0,0.024793,0.024793,0,no
0.021583,0.181818,0,0,0,0,0.041667,0.2,0.021429,0,0.024793,0.024793,0,no
0,0.181818,0,0,0.011905,0,0.041667,0.2,0,0,0,0,0,no
0,0.272727,0,0,0.011905,0,0.041667,0.2,0,0,0,0,0,no
0,0.363636,0,0,0.011905,0,0.041667,0.2,0,0,0,0,0,no
0,0.090909,0,0,0.011905,0,0.041667,0.2,0,0,0,0,0,no
0,0.272727,0,0,0.011905,0,0.041667,0.2,0,0,0,0,0,no
0,0,0,0,0.011905,0,0.041667,0.2,0,0,0,0,0,no
0,0.090909,0,0,0.011905,0,0.041667,0.2,0,0,0,0,0,no
0,0,0,0,0.011905,0,0.041667,0.2,0,0,0,0,0,no
0,0,0,0,0.011905,0,0.041667,0.2,0,0,0,0,0,no
0,0,0,0,0.011905,0,0.041667,0.2,0,0,0,0,0,no
0.028777,0.181818,0,0,0,0,0.041667,0.2,0.028571,0,0.033058,0.033058,0,no
0.028777,0.181818,0,0,0.011905,0,0.041667,0.2,0.028571,0,0.033058,0.033058,0,no
0.028777,0.181818,0,0,0,0,0.041667,0.2,0.028571,0,0.033058,0.033058,0,no
0.021583,0.181818,0,0,0,0,0.041667,0.2,0.021429,0,0.024793,0.024793,0,no
0.021583,0,0,0,0,0,0.041667,0.2,0.021429,0,0.024793,0.024793,0,no
0.021583,0,0,0,0,0,0.041667,0.2,0.021429,0,0.024793,0.024793,0,no
0.021583,0,0,0,0,0,0.041667,0.2,0.021429,0,0.024793,0.024793,0,no
0.035971,0.272727,0,0,0,0,0.041667,0.2,0.035714,0,0.041322,0.041322,0,no
0.035971,0.090909,0,0,0,0,0.041667,0.2,0.035714,0,0.041322,0.041322,0,no
0.028777,0.181818,0,0,0.011905,0,0.041667,0.2,0.028571,0,0.033058,0.033058,0,no
0.021583,0.181818,0,0,0,0,0.041667,0.2,0.021429,0,0.024793,0.024793,0,no
0.021583,0.181818,0,0,0,0,0.041667,0.2,0.021429,0,0.024793,0.024793,0,no
0.021583,0.181818,0,0,0,0,0.041667,0.2,0.028571,0,0.033058,0.033058,0,no
0.028777,0.181818,0,0,0,0,0.041667,0.2,0.028571,0,0.033058,0.033058,0,no
0.043165,0.363636,0,0,0,0,0.041667,0.2,0.042857,0,0.049587,0.049587,0,no
0.021583,0.272727,0,0,0,0,0.041667,0.2,0.021429,0,0.024793,0.024793,0,no
0.021583,0.181818,0,0,0,0,0.041667,0.2,0.021429,0,0.024793,0.024793,0,no
0.028777,0.181818,0,0,0,0,0.041667,0.2,0.028571,0,0.033058,0.033058,0,no
0,0.090909,0,0,0.011905,0,0.041667,0.2,0,0,0,0,0,no
0,0.363636,0,0,0.011905,0,0.041667,0.2,0,0,0,0,0,no
0,0,0,0,0.011905,0,0.041667,0.2,0,0,0,0,0,no
0,0.090909,0,0,0.011905,0,0.041667,0.2,0,0,0,0,0,no
0,0.272727,0,0,0.011905,0,0.041667,0.2,0,0,0,0,0,no
0,0.272727,0,0,0.011905,0,0.041667,0.2,0,0,0,0,0,no
0,0,0,0,0.011905,0,0.041667,0.2,0,0,0,0,1,no
0,0.272727,0,0,0.011905,0,0.041667,0.2,0,0,0,0,0,no
0,0.090909,0,0,0.011905,0,0.041667,0.2,0,0,0,0,0,no
0.021583,0.181818,0,0,0,0,0.041667,0.2,0.021429,0,0.024793,0.024793,0,no
0.021583,0.272727,0,0,0,0,0.041667,0.2,0.021429,0,0.024793,0.024793,0,no
0.014388,0,0,0,0,0,0.041667,0.2,0.014286,0,0.016529,0.016529,1,no
0.079137,0.363636,0,0,0,0,0.041667,0.2,0.078571,0,0.090909,0.090909,0,no
0.028777,0.090909,0,0,0.011905,0.02439,0.041667,0.2,0.028571,0,0.033058,0.033058,0,no
0.021583,0.090909,0,0,0,0,0.041667,0.2,0.021429,0,0.024793,0.024793,0,no
0.035971,0.090909,0,0,0,0.02439,0.125,0.6,0.057143,0.030928,0.057851,0.030303,1,no
0.028777,0.181818,0,0,0,0,0.041667,0.2,0.028571,0,0.033058,0.033058,0,no
0.035971,0.272727,0,0,0,0,0.041667,0.2,0.035714,0,0.041322,0.041322,0,no
0.028777,0.181818,0,0,0,0,0.041667,0.2,0.028571,0,0.033058,0.033058,0,no
0.021583,0.090909,0,0,0,0,0.041667,0.2,0.021429,0,0.024793,0.024793,0,no
0.021583,0.090909,0,0,0,0,0.041667,0.2,0.021429,0,0.024793,0.024793,0,no
0.028777,0.181818,0,0,0,0,0.041667,0.2,0.028571,0,0.033058,0.033058,0,no
0.028777,0.181818,0,0,0,0,0.041667,0.2,0.028571,0,0.033058,0.033058,0,no
0.021583,0,0,0,0,0,0.041667,0.2,0.021429,0,0.024793,0.024793,0,no
0.021583,0,0,0,0,0,0.041667,0.2,0.021429,0,0.024793,0.024793,0,no
0.021583,0,0,0,0,0,0.041667,0.2,0.021429,0,0.024793,0.024793,0,no
0.05036,0.363636,0,0,0,0,0.041667,0.2,0.05,0,0.057851,0.057851,0,no
0.028777,0.181818,0,0,0.011905,0,0.041667,0.2,0.028571,0,0.033058,0.033058,0,no
0,0.363636,0,0,0,0,0.041667,0.2,0,0,0,0,0,no
0,0.272727,0,0,0,0,0.041667,0.2,0,0,0,0,0,no
0,0.272727,0,0,0,0,0.041667,0.2,0,0,0,0,0,no
0,0.272727,0,0,0,0,0.041667,0.2,0,0,0,0,0,no
0,0.363636,0,0,0,0,0.041667,0.2,0,0,0,0,0,no
0.028777,0.090909,0,0,0,0.02439,0.041667,0.2,0.028571,0,0.033058,0.033058,0,no
0.021583,0.090909,0,0,0,0,0.041667,0.2,0.021429,0,0.024793,0.024793,0,no
0,0.454545,0,0,0,0,0.041667,0.2,0,0,0,0,0,no
0,0.363636,0,0,0,0,0.041667,0.2,0,0,0,0,0,no
0,0.454545,0,0,0,0,0.041667,0.2,0,0,0,0,0,no
0,0.363636,0,0,0,0,0.041667,0.2,0,0,0,0,0,no
0,0.363636,0,0,0,0,0.041667,0.2,0,0,0,0,0,no
0,0.272727,0,0,0,0,0.041667,0.2,0,0,0,0,0,no
0.035971,0.272727,0,0,0.011905,0.02439,0.041667,0.2,0.035714,0,0.041322,0.041322,0,no
0.057554,0.363636,0,0,0.011905,0,0.041667,0.2,0.057143,0,0.066116,0.066116,0,no
