LOC,NumParameters,NumBranches,NestingDepth,NumCodeSmells,NumLocalVariables,NumRevisions,NumAuthors,TotalStmtAdded,TotalStmtDeleted,MaxChurn,AvgChurn,HasFixHistory,Buggy
0.054217,0,0.021277,0.066667,0,0.048387,0,0,0,0,0,0,0,no
0.018072,0.047619,0.010638,0.066667,0,0,0.074074,0.166667,0.013483,0,0.025862,0.025862,0,no
0.057229,0.095238,0.053191,0.2,0,0.048387,0,0,0,0,0,0,0,no
0.081325,0.047619,0.031915,0.133333,0,0.16129,0.074074,0.083333,0,0.004734,0.012931,0.008621,0,no
0.090361,0.047619,0.042553,0.2,0,0.129032,0.074074,0.083333,0,0.004734,0.012931,0.008621,0,no
0.021084,0.095238,0.010638,0.066667,0.007937,0,0,0,0,0,0,0,0,no
0.051205,0.047619,0.021277,0.066667,0,0.145161,0,0,0,0,0,0,0,no
0.027108,0.095238,0.010638,0.066667,0,0.064516,0,0,0,0,0,0,0,no
0.01506,0.095238,0.010638,0.066667,0.007937,0,0,0,0,0,0,0,0,no
0.039157,0.047619,0.021277,0.133333,0,0.032258,0.074074,0.083333,0,0.004734,0.012931,0.008621,0,no
0.078313,0.047619,0.021277,0.133333,0.007937,0.193548,0.074074,0.083333,0,0.004734,0.012931,0.008621,0,no
0.018072,0.047619,0.010638,0.066667,0,0,0,0,0,0,0,0,0,no
0.051205,0,0.021277,0.066667,0,0.032258,0,0,0,0,0,0,0,no
0.078313,0.047619,0.021277,0.133333,0.007937,0.193548,0.074074,0.083333,0,0.004734,0.012931,0.008621,0,no
0.018072,0.047619,0.010638,0.066667,0,0,0,0,0,0,0,0,0,no
0.051205,0,0.021277,0.066667,0,0.032258,0,0,0,0,0,0,0,no
0.126506,0.047619,0.021277,0.066667,0,0.225806,0.074074,0.125,0.002247,0.002367,0.008621,0.008621,1,no
0.11747,0.095238,0.085106,0.333333,0,0.290323,0.037037,0.083333,0.04382,0,0.168103,0.168103,0,no
0.027108,0.047619,0.010638,0.066667,0.007937,0,0,0,0,0,0,0,0,no
0.057229,0.095238,0.053191,0.2,0,0.048387,0,0,0,0,0,0,0,no
0.054217,0.047619,0.021277,0.133333,0.007937,0.080645,0.074074,0.083333,0.001124,0.002367,0.008621,0.006466,0,no
0.054217,0.047619,0.021277,0.133333,0.007937,0.080645,0.074074,0.083333,0.001124,0.002367,0.008621,0.006466,0,no
0.105422,0.047619,0.042553,0.066667,0.02381,0.241935,0.074074,0.083333,0,0.008284,0.017241,0.015086,0,no
0.066265,0,0.031915,0.2,0.007937,0.064516,0,0,0,0,0,0,0,no
0.027108,0.142857,0.010638,0.066667,0,0,0,0,0,0,0,0,0,no
0.075301,0.047619,0.021277,0.066667,0,0.177419,0.092593,0.125,0.000562,0.011243,0.025862,0.017241,0,no
0.018072,0.047619,0.010638,0.066667,0,0,0,0,0,0,0,0,0,no
0.054217,0,0.021277,0.066667,0,0.048387,0,0,0,0,0,0,0,no
0.078313,0.047619,0.021277,0.066667,0,0.193548,0.074074,0.083333,0,0.010651,0.025862,0.019397,0,no
0.018072,0.047619,0.010638,0.066667,0,0,0,0,0,0,0,0,0,no
0.054217,0,0.021277,0.066667,0,0.048387,0,0,0,0,0,0,0,no
0.060241,0.238095,0.010638,0.066667,0.007937,0.177419,0,0,0,0,0,0,0,no
0.081325,0.047619,0.053191,0.133333,0.02381,0.112903,0.074074,0.083333,0,0.011834,0.025862,0.021552,0,no
0.018072,0.047619,0.010638,0.066667,0,0,0,0,0,0,0,0,0,no
0.057229,0.095238,0.053191,0.2,0,0.048387,0,0,0,0,0,0,0,no
0.10241,0.047619,0.042553,0.066667,0,0.145161,0.074074,0.083333,0,0.005917,0.017241,0.010776,0,no
0.11747,0.047619,0.010638,0.066667,0.007937,0.16129,0.037037,0.083333,0,0.004734,0.017241,0.017241,0,no
0.01506,0.047619,0.010638,0.066667,0,0,0,0,0,0,0,0,0,no
0.045181,0.047619,0.031915,0.133333,0.02381,0,0,0,0,0,0,0,0,no
0.024096,0.047619,0.010638,0.066667,0,0.016129,0,0,0,0,0,0,0,no
0.042169,0.047619,0.010638,0.066667,0,0.080645,0.037037,0.083333,0.01573,0,0.060345,0.060345,0,no
0.048193,0.047619,0.031915,0.2,0.007937,0.032258,0.037037,0.083333,0.017978,0,0.068966,0.068966,0,no
0.018072,0.047619,0.010638,0.066667,0,0,0.074074,0.083333,0,0.004734,0.012931,0.008621,0,no
0.512048,0.095238,0.361702,0.4,0.007937,1.193548,0.055556,0.083333,0.191011,0,0.732759,0.488506,0,no
0.024096,0.142857,0.021277,0.133333,0,0.016129,0.037037,0.083333,0.008989,0,0.034483,0.034483,0,no
0.042169,0.142857,0.042553,0.133333,0,0.032258,0.037037,0.083333,0.01573,0,0.060345,0.060345,0,no
0.045181,0.142857,0.042553,0.266667,0,0.064516,0.055556,0.083333,0.017416,0.000592,0.064655,0.045977,0,no
0.033133,0.095238,0.021277,0.133333,0,0.048387,0.037037,0.083333,0.01236,0,0.047414,0.047414,0,no
0.033133,0.095238,0.021277,0.133333,0,0.048387,0.037037,0.083333,0.01236,0,0.047414,0.047414,0,no
0.141566,0.047619,0.074468,0.266667,0,0.225806,0.055556,0.083333,0.053933,0.001183,0.211207,0.140805,0,no
0.084337,0.047619,0.053191,0.2,0.015873,0.112903,0.037037,0.083333,0.031461,0,0.12069,0.12069,0,no
0.144578,0.047619,0.085106,0.266667,0,0.258065,0.055556,0.083333,0.055056,0.001183,0.215517,0.143678,0,no
0.042169,0.190476,0.042553,0.066667,0,0.048387,0.037037,0.083333,0.01573,0,0.060345,0.060345,0,no
0.051205,0.095238,0.042553,0.266667,0.007937,0.080645,0.037037,0.083333,0.019101,0,0.073276,0.073276,0,no
0.391566,0.047619,0.265957,0.333333,0.007937,0.5,0.111111,0.083333,0.146067,0,0.491379,0.186782,0,no
0.192771,0.095238,0.148936,0.2,0,0.258065,0.055556,0.083333,0.07191,0,0.275862,0.183908,0,no
0.033133,0.047619,0.010638,0.066667,0,0.080645,0.037037,0.083333,0.01236,0,0.047414,0.047414,0,no
0.021084,0.047619,0.010638,0.066667,0,0.016129,0.037037,0.083333,0.007865,0,0.030172,0.030172,0,no
0.042169,0.095238,0.010638,0.133333,0.007937,0.048387,0.055556,0.083333,0.001685,0.001775,0.008621,0.008621,0,no
0.03012,0.190476,0.010638,0.066667,0,0,0.055556,0.083333,0.001685,0.000592,0.008621,0.005747,0,no
0.018072,0.047619,0.010638,0.066667,0,0,0.037037,0.083333,0.001124,0.001183,0.008621,0.008621,0,no
0.072289,0.047619,0.042553,0.133333,0.007937,0.032258,0.037037,0.083333,0.001124,0,0.00431,0.00431,0,no
0.060241,0.285714,0.042553,0.066667,0,0,0.037037,0.083333,0.022472,0,0.086207,0.086207,0,no
0.018072,0,0.010638,0.066667,0,0,0.037037,0.083333,0.006742,0,0.025862,0.025862,0,no
0.018072,0,0.010638,0.066667,0,0,0.037037,0.083333,0.006742,0,0.025862,0.025862,0,no
0.120482,0.047619,0.106383,0.2,0.007937,0.096774,0.037037,0.083333,0.044944,0,0.172414,0.172414,0,no
0.01506,0.047619,0.010638,0.066667,0,0.016129,0.037037,0.083333,0.005618,0,0.021552,0.021552,0,no
0.021084,0.047619,0.021277,0.133333,0,0.016129,0.037037,0.083333,0.007865,0,0.030172,0.030172,0,no
0.033133,0.285714,0.010638,0.066667,0,0,0.037037,0.083333,0.01236,0,0.047414,0.047414,0,no
0.054217,0.047619,0.031915,0.133333,0,0.129032,0.092593,0.083333,0.020225,0,0.060345,0.031034,0,no
0.033133,0,0.031915,0.2,0,0.032258,0.037037,0.083333,0.01236,0,0.047414,0.047414,0,no
0.021084,0.047619,0.010638,0.066667,0,0,0.037037,0.083333,0.007865,0,0.030172,0.030172,0,no
0.024096,0.047619,0.010638,0.066667,0,0.016129,0.092593,0.083333,0.010674,0.001775,0.034483,0.018966,0,no
0.066265,0,0.053191,0.133333,0,0.048387,0.092593,0.083333,0.024719,0,0.081897,0.037931,0,no
0.021084,0.047619,0.010638,0.066667,0,0,0.037037,0.083333,0.007865,0,0.030172,0.030172,0,no
0.198795,0.142857,0.191489,0.266667,0.007937,0.258065,0.074074,0.083333,0.074719,0.000592,0.284483,0.144397,0,no
0.018072,0.142857,0.010638,0.066667,0,0,0.037037,0.083333,0.006742,0,0.025862,0.025862,0,no
0.01506,0,0.010638,0.066667,0,0.016129,0.037037,0.083333,0.005618,0,0.021552,0.021552,0,no
0.180723,0.142857,0.191489,0.6,0.015873,0.274194,0.074074,0.083333,0.067416,0,0.258621,0.12931,0,no
0.027108,0.142857,0.010638,0.066667,0,0.032258,0.037037,0.083333,0.010112,0,0.038793,0.038793,0,no
0.237952,0.095238,0.12766,0.466667,0.015873,0.548387,0.111111,0.083333,0.089326,0.000592,0.340517,0.114943,0,no
0.021084,0,0.010638,0.066667,0,0.032258,0.037037,0.083333,0.007865,0,0.030172,0.030172,0,no
0.01506,0,0.010638,0.066667,0,0.016129,0.037037,0.083333,0.005618,0,0.021552,0.021552,0,no
0.114458,0.190476,0.085106,0.2,0.015873,0.080645,0.037037,0.083333,0.042697,0,0.163793,0.163793,0,no
0.021084,0.047619,0.021277,0.066667,0,0,0.037037,0.083333,0.007865,0,0.030172,0.030172,0,no
0.063253,0.047619,0.042553,0.266667,0,0.096774,0.037037,0.083333,0.023596,0,0.090517,0.090517,0,no
0.072289,0.142857,0.031915,0.133333,0.007937,0.064516,0.055556,0.083333,0.026966,0,0.103448,0.068966,0,no
0.01506,0.047619,0.010638,0.066667,0,0,0.055556,0.083333,0.00618,0.000592,0.021552,0.017241,0,no
0.027108,0.047619,0.021277,0.133333,0,0,0.037037,0.083333,0.010112,0,0.038793,0.038793,0,no
0.045181,0.095238,0.031915,0.133333,0,0.032258,0.037037,0.083333,0.016854,0,0.064655,0.064655,0,no
0.045181,0,0.031915,0.133333,0,0.032258,0.037037,0.083333,0.016854,0,0.064655,0.064655,0,no
0.033133,0.142857,0.021277,0.133333,0.007937,0,0.037037,0.083333,0.01236,0,0.047414,0.047414,0,no
0.03012,0.095238,0.010638,0.066667,0,0.048387,0.037037,0.083333,0.011236,0,0.043103,0.043103,0,no
0.045181,0.142857,0.031915,0.066667,0,0.032258,0.037037,0.083333,0.016854,0,0.064655,0.064655,0,no
0.042169,0.095238,0.021277,0.133333,0,0.016129,0.037037,0.083333,0.01573,0,0.060345,0.060345,0,no
0.051205,0.095238,0.031915,0.133333,0,0.064516,0.074074,0.083333,0.020225,0.001183,0.073276,0.040948,0,no
0.045181,0,0.031915,0.133333,0,0.032258,0.055556,0.083333,0.017416,0.000592,0.064655,0.045977,0,no
0.01506,0.047619,0.010638,0.066667,0,0.016129,0.037037,0.083333,0.005618,0,0.021552,0.021552,0,no
0.039157,0,0.021277,0.133333,0,0.096774,0.037037,0.083333,0.014607,0,0.056034,0.056034,0,no
0.075301,0.047619,0.053191,0.066667,0,0.145161,0.037037,0.083333,0.02809,0,0.107759,0.107759,0,no
0.03012,0.095238,0.010638,0.066667,0,0.064516,0.037037,0.083333,0.011236,0,0.043103,0.043103,0,no
0.027108,0,0.010638,0.066667,0,0.016129,0.037037,0.083333,0.010112,0,0.038793,0.038793,0,no
0.03012,0,0.010638,0.066667,0,0.016129,0.037037,0.083333,0.011236,0,0.043103,0.043103,0,no
0.048193,0,0.031915,0.066667,0,0.016129,0.037037,0.083333,0.017978,0,0.068966,0.068966,0,no
0.03012,0.047619,0.010638,0.066667,0,0,0.055556,0.083333,0.011236,0,0.043103,0.028736,0,no
0.075301,0,0.053191,0.2,0,0.064516,0.055556,0.083333,0.02809,0,0.107759,0.071839,0,no
0.03012,0.047619,0.021277,0.066667,0,0.064516,0.037037,0.083333,0.011236,0,0.043103,0.043103,0,no
0.274096,0.047619,0.12766,0.133333,0,0.33871,0.092593,0.083333,0.057303,0.007692,0.366379,0.099138,0,no
0.024096,0.095238,0.010638,0.066667,0,0.032258,0.055556,0.083333,0.005618,0,0.025862,0.014368,0,no
0.03012,0.095238,0.010638,0.066667,0,0.032258,0.037037,0.083333,0.00618,0,0.043103,0.023707,0,no
0.13253,0,0.095745,0.2,0,0.290323,0.037037,0.083333,0.049438,0,0.189655,0.189655,0,no
0.042169,0.047619,0.031915,0.2,0,0.064516,0.037037,0.083333,0.01573,0,0.060345,0.060345,0,no
0.03012,0.047619,0.010638,0.066667,0,0.048387,0.037037,0.083333,0.011236,0,0.043103,0.043103,0,no
0.054217,0.047619,0.042553,0.2,0,0.080645,0.037037,0.083333,0.020225,0,0.077586,0.077586,0,no
0.075301,0.047619,0.06383,0.133333,0,0.145161,0.037037,0.083333,0.02809,0,0.107759,0.107759,0,no
0.021084,0,0.010638,0.066667,0,0.032258,0.055556,0.083333,0.008427,0.000592,0.030172,0.022989,0,no
0.021084,0,0.010638,0.066667,0,0.032258,0.055556,0.083333,0.008427,0.000592,0.030172,0.022989,0,no
0.057229,0,0.06383,0.4,0,0.064516,0.037037,0.083333,0.021348,0,0.081897,0.081897,0,no
0.054217,0,0.06383,0.133333,0.007937,0.048387,0.037037,0.083333,0.020225,0,0.077586,0.077586,0,no
0.024096,0.047619,0.021277,0.133333,0,0.016129,0.037037,0.083333,0.008989,0,0.034483,0.034483,0,no
0.024096,0.095238,0.010638,0.066667,0,0.032258,0.037037,0.083333,0.008989,0,0.034483,0.034483,0,no
0.024096,0.047619,0.010638,0.066667,0,0.032258,0.037037,0.083333,0.008989,0,0.034483,0.034483,0,no
0.024096,0.142857,0.010638,0.066667,0,0.032258,0.037037,0.083333,0.008989,0,0.034483,0.034483,0,no
0.024096,0.142857,0.010638,0.066667,0,0.032258,0.037037,0.083333,0.008989,0,0.034483,0.034483,0,no
0.024096,0.095238,0.010638,0.066667,0,0.032258,0.037037,0.083333,0.008989,0,0.034483,0.034483,0,no
0.024096,0.095238,0.010638,0.066667,0,0.032258,0.037037,0.083333,0.008989,0,0.034483,0.034483,0,no
0.057229,0,0.053191,0.066667,0,0.016129,0.037037,0.083333,0.021348,0,0.081897,0.081897,0,no
0.018072,0.047619,0,0.066667,0,0.032258,0.037037,0.083333,0.006742,0,0.025862,0.025862,0,no
0.075301,0.047619,0.031915,0.133333,0,0.145161,0.074074,0.083333,0,0.004734,0.012931,0.008621,0,no
0.078313,0.047619,0.031915,0.133333,0,0.16129,0.074074,0.166667,0.033708,0.004734,0.12931,0.073276,0,no
0.021084,0.095238,0.010638,0.066667,0.007937,0,0.037037,0.083333,0.007865,0,0.030172,0.030172,0,no
0.078313,0.047619,0.031915,0.133333,0,0.16129,0.111111,0.166667,0.001124,0.005917,0.012931,0.008621,0,no
0.036145,0.095238,0.010638,0.066667,0,0.032258,0,0,0,0,0,0,0,no
0.01506,0.095238,0.010638,0.066667,0.007937,0,0.037037,0.083333,0.005618,0,0.021552,0.021552,0,no
0.039157,0.047619,0.021277,0.133333,0,0.032258,0.074074,0.083333,0,0.004734,0.012931,0.008621,0,no
0.039157,0.047619,0.021277,0.133333,0,0.032258,0.074074,0.166667,0.019101,0.004734,0.073276,0.045259,0,no
0.039157,0,0.010638,0.066667,0,0.080645,0,0,0,0,0,0,0,no
0.057229,0,0.010638,0.066667,0,0,0,0,0,0,0,0,0,no
0.057229,0,0.010638,0.066667,0,0.016129,0,0,0,0,0,0,0,no
0.024096,0,0.010638,0.066667,0,0,0,0,0,0,0,0,0,no
0.024096,0,0.010638,0.066667,0,0,0,0,0,0,0,0,0,no
0.045181,0.095238,0.031915,0.133333,0,0.048387,0,0,0,0,0,0,0,no
0.021084,0,0.010638,0.066667,0,0,0,0,0,0,0,0,0,no
0.060241,0.047619,0.021277,0.066667,0,0.096774,0.074074,0.083333,0.001124,0.007101,0.021552,0.015086,0,no
0.072289,0.047619,0.021277,0.066667,0,0.112903,0.074074,0.083333,0.001124,0.007101,0.021552,0.015086,0,no
0.045181,0.047619,0.031915,0.066667,0,0.032258,0.037037,0.083333,0,0.00355,0.012931,0.012931,0,no
0.039157,0.047619,0.021277,0.133333,0.02381,0.080645,0,0,0,0,0,0,0,no
0.045181,0.047619,0.031915,0.066667,0,0.032258,0.037037,0.083333,0,0.00355,0.012931,0.012931,0,no
0.045181,0.047619,0.031915,0.066667,0,0.032258,0.037037,0.083333,0,0.001183,0.00431,0.00431,0,no
0.045181,0.047619,0.031915,0.066667,0,0.032258,0.037037,0.083333,0,0.004734,0.017241,0.017241,0,no
0.027108,0.047619,0.010638,0.066667,0,0.032258,0.018519,0.041667,0.000562,0.000592,0.008621,0.008621,0,no
0.03012,0.047619,0.010638,0.066667,0,0.048387,0.018519,0.041667,0.000562,0.000592,0.008621,0.008621,0,no
0.027108,0.047619,0.010638,0.066667,0,0.032258,0.018519,0.041667,0.000562,0.000592,0.008621,0.008621,0,no
0.048193,0.047619,0.031915,0.066667,0,0.048387,0.037037,0.083333,0,0.002367,0.008621,0.008621,0,no
0.027108,0.095238,0.010638,0.066667,0.007937,0.032258,0,0,0,0,0,0,0,no
0.01506,0.095238,0.010638,0.066667,0,0.016129,0,0,0,0,0,0,0,no
0.018072,0.047619,0.010638,0.066667,0.007937,0,0,0,0,0,0,0,0,no
0.024096,0,0.010638,0.066667,0,0,0,0,0,0,0,0,0,no
0.03012,0.142857,0.021277,0.066667,0,0.016129,0,0,0,0,0,0,0,no
0.057229,0.047619,0.031915,0.2,0,0.048387,0,0,0,0,0,0,0,no
0.042169,0.047619,0.021277,0.133333,0,0,0,0,0,0,0,0,0,no
0.024096,0,0.010638,0.066667,0,0.016129,0,0,0,0,0,0,0,no
0.021084,0.095238,0.010638,0.066667,0.007937,0.032258,0,0,0,0,0,0,0,no
0.024096,0,0.010638,0.066667,0,0.016129,0,0,0,0,0,0,0,no
0.054217,0.047619,0.021277,0.133333,0,0,0.037037,0.083333,0.020225,0,0.077586,0.077586,0,no
0.078313,0,0.042553,0.133333,0,0.112903,0,0,0,0,0,0,0,no
0.027108,0.047619,0.021277,0.066667,0,0,0,0,0,0,0,0,0,no
0.081325,0.047619,0.042553,0.066667,0,0.016129,0,0,0,0,0,0,0,no
0.027108,0.047619,0.010638,0.066667,0,0.048387,0,0,0,0,0,0,0,no
0.03012,0.095238,0.010638,0.066667,0,0.016129,0.018519,0.041667,0.000562,0.000592,0.008621,0.008621,0,no
0.063253,0.142857,0.031915,0.2,0,0.080645,0.037037,0.083333,0.023596,0,0.090517,0.090517,0,no
0.042169,0.047619,0.010638,0.066667,0.007937,0.032258,0.037037,0.083333,0.001124,0.001183,0.008621,0.008621,0,no
0.024096,0,0.010638,0.066667,0.007937,0,0,0,0,0,0,0,0,no
0.216867,0.047619,0.138298,0.266667,0,0.419355,0,0,0,0,0,0,0,no
0.024096,0.095238,0.021277,0.133333,0,0.016129,0,0,0,0,0,0,0,no
0.027108,0.095238,0.010638,0.066667,0,0.016129,0.055556,0.125,0.015169,0,0.038793,0.038793,0,no
0.03012,0.047619,0.010638,0.066667,0,0.016129,0.092593,0.166667,0.018539,0.001183,0.047414,0.030172,1,no
0.03012,0,0.010638,0.066667,0,0.048387,0.092593,0.166667,0.014045,0,0.021552,0.021552,1,no
0.105422,0.047619,0.085106,0.333333,0.02381,0.016129,0.12963,0.25,0.053933,0.002367,0.094828,0.061576,1,no
0.039157,0,0.042553,0.133333,0,0,0.037037,0.083333,0.014607,0,0.056034,0.056034,1,no
0.027108,0,0.021277,0.133333,0,0,0.055556,0.125,0.015169,0,0.038793,0.038793,0,no
0.036145,0.047619,0,0.066667,0,0.064516,0.055556,0.125,0.020225,0,0.051724,0.051724,0,no
0.033133,0,0.021277,0.133333,0,0.016129,0.055556,0.125,0.018539,0,0.047414,0.047414,0,no
0.027108,0,0.010638,0.066667,0,0,0.055556,0.125,0.015169,0,0.038793,0.038793,0,no
0.033133,0.047619,0.010638,0.066667,0,0.096774,0.037037,0.041667,0.01236,0,0.047414,0.047414,0,no
0.057229,0.047619,0.021277,0.066667,0,0.177419,0.037037,0.041667,0.021348,0,0.081897,0.081897,0,no
0.033133,0.047619,0,0.066667,0,0.032258,0.037037,0.041667,0.01236,0,0.047414,0.047414,0,no
0.042169,0.095238,0.010638,0.066667,0,0.048387,0.037037,0.041667,0.01573,0,0.060345,0.060345,0,no
0.078313,0.047619,0.031915,0.133333,0,0.16129,0.074074,0.083333,0,0.004734,0.012931,0.008621,0,no
0.036145,0.047619,0.021277,0.133333,0.007937,0.048387,0,0,0,0,0,0,0,no
0.078313,0.047619,0.031915,0.133333,0,0.16129,0.074074,0.083333,0,0.004734,0.012931,0.008621,0,no
0.084337,0.047619,0.031915,0.133333,0,0.177419,0.074074,0.083333,0,0.004734,0.012931,0.008621,0,no
0.036145,0.047619,0.021277,0.133333,0.007937,0.048387,0,0,0,0,0,0,0,no
0.036145,0.095238,0.010638,0.066667,0,0.032258,0,0,0,0,0,0,0,no
0.01506,0.095238,0.010638,0.066667,0.007937,0,0,0,0,0,0,0,0,no
0.036145,0.047619,0.010638,0.066667,0,0.048387,0.074074,0.083333,0,0.014201,0.047414,0.025862,0,no
0.063253,0.047619,0.010638,0.066667,0.007937,0.193548,0,0,0,0,0,0,0,no
0.033133,0.047619,0.010638,0.066667,0,0.032258,0.074074,0.083333,0,0.014201,0.047414,0.025862,0,no
0.054217,0.047619,0.010638,0.066667,0.007937,0.177419,0,0,0,0,0,0,0,no
0.033133,0.047619,0.010638,0.066667,0,0.032258,0.074074,0.083333,0,0.014201,0.047414,0.025862,0,no
0.036145,0.047619,0.010638,0.066667,0,0.048387,0.074074,0.083333,0,0.014201,0.047414,0.025862,0,no
0.048193,0.047619,0.021277,0.133333,0,0.048387,0.037037,0.041667,0.017978,0,0.068966,0.068966,0,no
0.036145,0.095238,0.010638,0.066667,0,0.032258,0.055556,0.041667,0.015169,0.001775,0.064655,0.043103,0,no
0.048193,0.047619,0.021277,0.133333,0,0.048387,0.037037,0.041667,0.017978,0,0.068966,0.068966,0,no
0.027108,0.047619,0.010638,0.066667,0,0.048387,0.037037,0.083333,0.001124,0.001183,0.008621,0.008621,0,no
0.057229,0.047619,0.031915,0.2,0,0.096774,0.185185,0.25,0.044944,0.002367,0.081897,0.036207,1,no
0.042169,0.047619,0.010638,0.066667,0,0.032258,0.074074,0.166667,0.031461,0,0.060345,0.060345,1,no
0.027108,0.047619,0.010638,0.066667,0,0.016129,0.074074,0.166667,0.020225,0,0.038793,0.038793,1,no
0.027108,0,0.010638,0.066667,0,0.064516,0.074074,0.166667,0.020225,0,0.038793,0.038793,1,no
0.051205,0.047619,0.031915,0.133333,0,0.048387,0.074074,0.166667,0.038202,0,0.073276,0.073276,1,no
0.039157,0.047619,0.021277,0.066667,0,0.048387,0.074074,0.166667,0.029213,0,0.056034,0.056034,1,no
0.03012,0.047619,0.010638,0.066667,0.007937,0.048387,0.074074,0.166667,0.022472,0,0.043103,0.043103,1,no
0.03012,0.095238,0.010638,0.066667,0.015873,0.048387,0.074074,0.166667,0.022472,0,0.043103,0.043103,1,no
0.060241,0.095238,0.042553,0.2,0,0.016129,0.074074,0.166667,0.044944,0,0.086207,0.086207,1,no
0.039157,0.047619,0.010638,0.066667,0,0.032258,0.092593,0.166667,0.028652,0.004734,0.073276,0.050862,0,no
0.066265,0.047619,0.021277,0.066667,0,0.096774,0.111111,0.208333,0.050562,0.001183,0.094828,0.066092,1,no
0.11747,0.095238,0.085106,0.333333,0,0.290323,0.037037,0.083333,0.04382,0,0.168103,0.168103,0,no
0.018072,0.095238,0.010638,0.066667,0,0.032258,0.074074,0.166667,0.013483,0,0.025862,0.025862,1,no
0.027108,0.095238,0.010638,0.066667,0.007937,0.032258,0.074074,0.166667,0.020225,0,0.038793,0.038793,1,no
0.063253,0.047619,0.021277,0.066667,0,0.096774,0.111111,0.208333,0.048315,0.001183,0.090517,0.063218,1,no
0.11747,0.095238,0.085106,0.333333,0,0.290323,0.037037,0.083333,0.04382,0,0.168103,0.168103,0,no
0.039157,0.095238,0.021277,0.066667,0.007937,0.048387,0.074074,0.166667,0.029213,0,0.056034,0.056034,1,no
0.01506,0.047619,0.010638,0.066667,0,0.016129,0.018519,0.041667,0.002809,0,0.021552,0.021552,1,no
0.033133,0.047619,0.021277,0.133333,0,0.032258,0.018519,0.041667,0.00618,0,0.047414,0.047414,1,no
0.051205,0.047619,0.010638,0.066667,0,0.080645,0.074074,0.125,0.011236,0.001775,0.077586,0.024784,1,no
0.039157,0.047619,0,0.066667,0,0.064516,0.148148,0.208333,0.031461,0.002367,0.056034,0.032328,1,no
0.042169,0.047619,0.010638,0.066667,0,0.048387,0.148148,0.208333,0.040449,0.004734,0.077586,0.043103,1,no
0.054217,0.047619,0.010638,0.066667,0,0.048387,0.055556,0.083333,0.030337,0,0.077586,0.077586,0,no
0.042169,0.047619,0.010638,0.066667,0,0.064516,0.055556,0.083333,0.023596,0,0.060345,0.060345,0,no
0.048193,0.047619,0.021277,0.133333,0,0.096774,0.148148,0.208333,0.042697,0.00355,0.081897,0.044181,1,no
0.03012,0.095238,0.021277,0.133333,0,0.064516,0.074074,0.166667,0.022472,0,0.043103,0.043103,1,no
0.03012,0.095238,0.021277,0.133333,0,0.064516,0.074074,0.166667,0.022472,0,0.043103,0.043103,1,no
0.057229,0.047619,0.010638,0.066667,0,0.096774,0.388889,0.416667,0.061798,0.014201,0.107759,0.027504,1,no
0.033133,0.095238,0.021277,0.133333,0,0.032258,0.055556,0.125,0.018539,0,0.047414,0.047414,0,no
0.03012,0.047619,0.010638,0.066667,0,0.032258,0.12963,0.25,0.019101,0,0.025862,0.020936,1,no
0.051205,0.047619,0.010638,0.066667,0.007937,0.096774,0.055556,0.125,0.028652,0,0.073276,0.073276,0,no
0.078313,0.047619,0.042553,0.133333,0,0.112903,0.148148,0.208333,0.060674,0.002367,0.112069,0.060345,1,no
0.057229,0.047619,0.010638,0.066667,0.007937,0.112903,0.055556,0.125,0.032022,0,0.081897,0.081897,0,no
0.045181,0.047619,0.010638,0.066667,0,0.064516,0.148148,0.208333,0.042697,0.004734,0.081897,0.045259,1,no
0.045181,0.047619,0.010638,0.066667,0,0.048387,0.240741,0.375,0.045506,0.007692,0.081897,0.031167,1,no
0.033133,0.047619,0.021277,0.133333,0.015873,0.048387,0.074074,0.166667,0.024719,0,0.047414,0.047414,1,no
0.045181,0.047619,0.010638,0.066667,0,0.048387,0.037037,0.083333,0,0.00355,0.012931,0.012931,0,no
0.042169,0.047619,0.010638,0.066667,0,0.048387,0.037037,0.083333,0,0.00355,0.012931,0.012931,0,no
0.021084,0.047619,0.010638,0.066667,0,0.016129,0,0,0,0,0,0,0,no
0.039157,0.047619,0.010638,0.066667,0,0.048387,0.148148,0.208333,0.031461,0.002367,0.056034,0.032328,1,no
0.051205,0,0.021277,0.133333,0,0.032258,0.074074,0.166667,0.038202,0,0.073276,0.073276,1,no
0.042169,0.047619,0.010638,0.066667,0,0.048387,0.148148,0.208333,0.033708,0.002367,0.060345,0.034483,1,no
0.024096,0.047619,0.010638,0.066667,0.007937,0.048387,0.074074,0.166667,0.017978,0,0.034483,0.034483,1,no
0.051205,0,0.031915,0.2,0.007937,0.048387,0.074074,0.166667,0.038202,0,0.073276,0.073276,1,no
0.048193,0.095238,0.031915,0.133333,0,0.080645,0.074074,0.166667,0.035955,0,0.068966,0.068966,1,no
0.021084,0.047619,0.010638,0.066667,0.007937,0.032258,0.074074,0.166667,0.01573,0,0.030172,0.030172,1,no
0.057229,0,0.031915,0.2,0,0.048387,0.111111,0.25,0.04382,0.001183,0.081897,0.057471,1,no
0.039157,0.047619,0.010638,0.066667,0,0.032258,0.092593,0.166667,0.030337,0.005917,0.077586,0.055172,0,no
0.027108,0.095238,0.010638,0.066667,0.007937,0.032258,0.074074,0.166667,0.020225,0,0.038793,0.038793,1,no
0.042169,0.047619,0.010638,0.066667,0,0.048387,0.148148,0.208333,0.041573,0.005917,0.077586,0.045259,1,no
0.027108,0.095238,0.010638,0.066667,0.007937,0.032258,0.074074,0.166667,0.020225,0,0.038793,0.038793,1,no
0.033133,0.095238,0.021277,0.066667,0,0,0.074074,0.166667,0.024719,0,0.047414,0.047414,1,no
0.024096,0.095238,0.010638,0.066667,0,0,0.074074,0.166667,0.017978,0,0.034483,0.034483,1,no
0.048193,0.047619,0.021277,0.066667,0,0.096774,0.074074,0.166667,0.035955,0,0.068966,0.068966,1,no
0.021084,0.095238,0.010638,0.066667,0,0.048387,0.074074,0.166667,0.01573,0,0.030172,0.030172,1,no
0.027108,0,0.010638,0.066667,0.007937,0.032258,0.074074,0.166667,0.020225,0,0.038793,0.038793,1,no
0.024096,0.047619,0.010638,0.066667,0,0,0.074074,0.166667,0.017978,0,0.034483,0.034483,1,no
0.069277,0.047619,0.053191,0.133333,0.007937,0.112903,0.074074,0.166667,0.051685,0,0.099138,0.099138,1,no
0.081325,0.142857,0.06383,0.266667,0.015873,0.112903,0.074074,0.166667,0.060674,0,0.116379,0.116379,1,no
0.01506,0.095238,0.010638,0.066667,0,0.016129,0.074074,0.166667,0.011236,0,0.021552,0.021552,1,no
0.039157,0.047619,0.021277,0.066667,0.007937,0.080645,0.074074,0.166667,0.029213,0,0.056034,0.056034,1,no
0.057229,0.095238,0.042553,0.2,0,0.080645,0.166667,0.25,0.096067,0,0.081897,0.081897,0,no
0.033133,0.047619,0.010638,0.066667,0,0.048387,0.111111,0.166667,0.024157,0.004142,0.064655,0.03592,0,no
0.066265,0.047619,0.010638,0.066667,0.015873,0.064516,0.111111,0.166667,0.042697,0.004142,0.112069,0.059626,0,no
0.078313,0.047619,0.021277,0.066667,0,0.048387,0.111111,0.166667,0.048876,0.00355,0.125,0.06681,0,no
0.021084,0,0.010638,0.066667,0,0.016129,0.055556,0.125,0.011798,0,0.030172,0.030172,0,no
0.063253,0.047619,0.010638,0.066667,0,0.080645,0.111111,0.166667,0.041011,0.004142,0.107759,0.057471,0,no
0.075301,0.047619,0.010638,0.066667,0,0.064516,0.148148,0.166667,0.048315,0.004734,0.12069,0.050647,0,no
0.018072,0,0.010638,0.066667,0,0.016129,0.055556,0.125,0.010112,0,0.025862,0.025862,0,no
0.078313,0.047619,0.010638,0.066667,0,0.048387,0.12963,0.166667,0.049438,0.004142,0.125,0.058498,0,no
0.039157,0.047619,0.010638,0.066667,0,0.080645,0.111111,0.166667,0.027528,0.004142,0.073276,0.04023,0,no
0.090361,0.047619,0.010638,0.066667,0,0.048387,0.12963,0.166667,0.060112,0.008284,0.176724,0.074507,0,no
0.078313,0.047619,0.010638,0.066667,0.007937,0.096774,0.12963,0.166667,0.051124,0.005917,0.142241,0.062192,0,no
0.021084,0.047619,0.010638,0.066667,0,0,0.074074,0.166667,0.01573,0,0.030172,0.030172,1,no
0.018072,0,0.010638,0.066667,0,0.032258,0.074074,0.166667,0.013483,0,0.025862,0.025862,1,no
0.033133,0.142857,0.021277,0.066667,0,0,0.074074,0.166667,0.024719,0,0.047414,0.047414,1,no
0.03012,0.047619,0.021277,0.133333,0,0.016129,0.074074,0.166667,0.022472,0,0.043103,0.043103,1,no
0.03012,0.047619,0.021277,0.066667,0,0.016129,0.074074,0.166667,0.022472,0,0.043103,0.043103,1,no
0.039157,0,0.010638,0.066667,0,0.032258,0.074074,0.166667,0.029213,0,0.056034,0.056034,1,no
0.018072,0.047619,0.010638,0.066667,0,0,0.074074,0.166667,0.013483,0,0.025862,0.025862,1,no
0.024096,0.047619,0.010638,0.066667,0,0.016129,0.074074,0.166667,0.017978,0,0.034483,0.034483,1,no
0.03012,0.047619,0.021277,0.133333,0,0.048387,0.074074,0.166667,0.022472,0,0.043103,0.043103,1,no
0.021084,0,0.010638,0.066667,0,0.032258,0.074074,0.166667,0.01573,0,0.030172,0.030172,1,no
0.03012,0,0.021277,0.133333,0,0.016129,0.074074,0.166667,0.022472,0,0.043103,0.043103,1,no
0.01506,0,0.010638,0.066667,0,0,0.074074,0.166667,0.011236,0,0.021552,0.021552,1,no
0.01506,0.047619,0.010638,0.066667,0,0.016129,0.074074,0.166667,0.011236,0,0.021552,0.021552,1,no
0.027108,0.047619,0.010638,0.066667,0,0,0.074074,0.166667,0.020225,0,0.038793,0.038793,1,no
0.018072,0.047619,0.010638,0.066667,0,0,0.074074,0.166667,0.013483,0,0.025862,0.025862,1,no
0.024096,0.047619,0.010638,0.066667,0,0.048387,0.074074,0.166667,0.017978,0,0.034483,0.034483,1,no
0.024096,0.095238,0.010638,0.066667,0,0.016129,0.074074,0.166667,0.017978,0,0.034483,0.034483,1,no
0.021084,0,0.010638,0.066667,0,0.032258,0.074074,0.166667,0.01573,0,0.030172,0.030172,1,no
0.024096,0.095238,0.010638,0.066667,0,0.016129,0.074074,0.166667,0.017978,0,0.034483,0.034483,1,no
0.01506,0.047619,0.010638,0.066667,0,0.016129,0.074074,0.166667,0.011236,0,0.021552,0.021552,1,no
0.024096,0,0.021277,0.133333,0,0.032258,0.203704,0.333333,0.024719,0.012426,0.047414,0.02547,1,no
0.024096,0.095238,0.010638,0.066667,0.015873,0,0.074074,0.125,0.017978,0,0.034483,0.034483,0,no
0.021084,0.095238,0.010638,0.066667,0.007937,0.048387,0.12963,0.166667,0.017416,0.001775,0.030172,0.020936,1,no
0.036145,0.047619,0.010638,0.066667,0,0.048387,0.166667,0.208333,0.041011,0.007692,0.077586,0.041188,0,no
0.048193,0.047619,0.021277,0.133333,0,0.064516,0.240741,0.333333,0.065169,0.002367,0.068966,0.039788,0,no
0.021084,0.047619,0.010638,0.066667,0,0.032258,0.12963,0.25,0.027528,0,0.030172,0.030172,0,no
0.024096,0.047619,0.010638,0.066667,0.007937,0.048387,0.166667,0.25,0.040449,0,0.034483,0.034483,0,no
0.024096,0.047619,0.010638,0.066667,0.007937,0.048387,0.166667,0.25,0.040449,0,0.034483,0.034483,0,no
0.03012,0.047619,0,0.066667,0,0.032258,0.148148,0.208333,0.026966,0.002367,0.051724,0.028017,1,no
0.024096,0.095238,0.021277,0.133333,0,0.032258,0.074074,0.166667,0.017978,0,0.034483,0.034483,1,no
0.024096,0.047619,0.010638,0.066667,0,0.048387,0.074074,0.166667,0.017978,0,0.034483,0.034483,1,no
0.03012,0.047619,0.010638,0.066667,0,0.048387,0.148148,0.208333,0.039326,0.009467,0.073276,0.046336,0,no
0.048193,0.047619,0.021277,0.133333,0,0.064516,0.148148,0.208333,0.037079,0.001183,0.068966,0.036638,1,no
0.018072,0.095238,0.010638,0.066667,0,0.032258,0.074074,0.166667,0.013483,0,0.025862,0.025862,1,no
0.03012,0.095238,0.021277,0.133333,0,0.016129,0.037037,0.041667,0.011236,0,0.043103,0.043103,0,no
0.066265,0.047619,0.06383,0.4,0.015873,0.064516,0.074074,0.041667,0.024719,0,0.086207,0.047414,1,no
0.021084,0.047619,0.010638,0.066667,0.007937,0.032258,0.037037,0.041667,0.007865,0,0.030172,0.030172,0,no
0.060241,0.142857,0.042553,0.2,0.007937,0.064516,0.037037,0.041667,0.022472,0,0.086207,0.086207,0,yes
0.045181,0.142857,0.031915,0.2,0,0.032258,0.037037,0.083333,0.016854,0,0.064655,0.064655,0,no
0.045181,0.142857,0.021277,0.133333,0,0.064516,0.037037,0.041667,0.016854,0,0.064655,0.064655,0,no
0.051205,0.142857,0.042553,0.2,0,0.064516,0.037037,0.041667,0.019101,0,0.073276,0.073276,0,no
0.099398,0.142857,0.042553,0.266667,0.02381,0.145161,0.037037,0.083333,0.037079,0,0.142241,0.142241,0,no
0.072289,0.095238,0.053191,0.266667,0.015873,0.032258,0.037037,0.041667,0.001124,0.001183,0.008621,0.008621,1,no
0.018072,0.047619,0.010638,0.066667,0,0,0.037037,0.041667,0.006742,0,0.025862,0.025862,0,no
0.063253,0.142857,0.042553,0.266667,0,0.096774,0.037037,0.083333,0.023596,0,0.090517,0.090517,0,no
0.111446,0.142857,0.053191,0.266667,0,0.129032,0.037037,0.083333,0.041573,0,0.159483,0.159483,0,no
0.03012,0.047619,0.021277,0.066667,0.007937,0,0.037037,0.041667,0.011236,0,0.043103,0.043103,0,no
0.042169,0,0.021277,0.133333,0,0.032258,0.037037,0.041667,0.01573,0,0.060345,0.060345,0,no
0.054217,0.095238,0.053191,0.266667,0.015873,0.032258,0,0,0,0,0,0,0,no
0.021084,0.047619,0.010638,0.066667,0,0,0.037037,0.041667,0.007865,0,0.030172,0.030172,0,no
0.069277,0.142857,0.042553,0.266667,0,0.129032,0.037037,0.083333,0.025843,0,0.099138,0.099138,0,no
0.051205,0.142857,0.010638,0.133333,0.015873,0.064516,0.037037,0.041667,0.019101,0,0.073276,0.073276,0,no
0.093373,0.142857,0.031915,0.2,0.007937,0.145161,0.037037,0.083333,0.034831,0,0.133621,0.133621,0,no
0.018072,0.047619,0.010638,0.066667,0.015873,0,0.037037,0.041667,0.006742,0,0.025862,0.025862,0,no
0.018072,0.047619,0.010638,0.066667,0.015873,0,0.037037,0.041667,0.006742,0,0.025862,0.025862,0,no
0.03012,0.047619,0.021277,0.066667,0.007937,0,0.037037,0.041667,0.011236,0,0.043103,0.043103,0,no
0.075301,0.142857,0.042553,0.266667,0.007937,0.064516,0.037037,0.041667,0.02809,0,0.107759,0.107759,0,no
0.009036,0.142857,0.010638,0.066667,0.007937,0.016129,0.074074,0.166667,0.006742,0,0.012931,0.012931,0,no
0.042169,0.142857,0.042553,0.266667,0,0,0.074074,0.166667,0.031461,0,0.060345,0.060345,0,no
0.018072,0.047619,0.010638,0.066667,0.007937,0.016129,0.074074,0.166667,0.013483,0,0.025862,0.025862,0,no
0.027108,0.047619,0.010638,0.066667,0,0.032258,0.092593,0.208333,0.020787,0.000592,0.038793,0.032759,0,no
0.018072,0.047619,0.010638,0.066667,0.015873,0.048387,0.074074,0.166667,0.013483,0,0.025862,0.025862,0,no
0.01506,0.095238,0.010638,0.066667,0.007937,0.032258,0.166667,0.333333,0.014045,0.002959,0.021552,0.014368,1,no
0.024096,0.095238,0.010638,0.066667,0,0.016129,0.111111,0.166667,0.019101,0.001183,0.034483,0.025862,0,no
0.021084,0.047619,0.010638,0.066667,0,0.032258,0.092593,0.166667,0.019663,0,0.030172,0.030172,0,no
0.045181,0.047619,0.010638,0.133333,0,0.080645,0.074074,0.166667,0.033708,0,0.064655,0.064655,0,no
0.024096,0.142857,0.010638,0.066667,0,0.032258,0.111111,0.166667,0.020787,0,0.034483,0.02658,0,no
0.03012,0.047619,0.031915,0.133333,0.007937,0.032258,0.12963,0.208333,0.020225,0.001183,0.034483,0.023399,0,no
0.01506,0,0.010638,0.066667,0.007937,0,0.074074,0.166667,0.011236,0,0.021552,0.021552,0,no
0.039157,0.142857,0.021277,0.066667,0,0.016129,0.166667,0.375,0.027528,0.000592,0.047414,0.023946,0,no
0.021084,0.047619,0.010638,0.066667,0,0,0.018519,0.041667,0.003933,0,0.030172,0.030172,0,no
0.018072,0.095238,0.010638,0.066667,0.007937,0,0.074074,0.166667,0.013483,0,0.025862,0.025862,0,no
0.024096,0.047619,0.021277,0.133333,0.015873,0.064516,0.092593,0.208333,0.018539,0.000592,0.034483,0.02931,0,no
0.012048,0.047619,0.010638,0.066667,0.015873,0,0.111111,0.166667,0.010112,0.001183,0.017241,0.014368,0,no
0.018072,0,0.010638,0.066667,0,0,0.074074,0.166667,0.013483,0,0.025862,0.025862,0,no
0.081325,0,0.042553,0.2,0.039683,0.129032,0.12963,0.208333,0.06236,0.001775,0.116379,0.070197,0,no
0.021084,0.047619,0.010638,0.066667,0.007937,0,0.074074,0.166667,0.01573,0,0.030172,0.030172,0,no
0.018072,0,0.010638,0.066667,0,0,0.074074,0.166667,0.013483,0,0.025862,0.025862,0,no
0.021084,0.047619,0.010638,0.066667,0.015873,0.016129,0.092593,0.208333,0.016292,0.000592,0.030172,0.025862,0,no
0.045181,0,0.010638,0.066667,0,0.064516,0.074074,0.166667,0.033708,0,0.064655,0.064655,0,no
0.027108,0.047619,0.010638,0.066667,0,0.048387,0.074074,0.166667,0.020225,0,0.038793,0.038793,0,no
0.021084,0.095238,0.010638,0.066667,0,0.016129,0.074074,0.166667,0.01573,0,0.030172,0.030172,0,no
0.033133,0.095238,0.031915,0.133333,0,0,0.055556,0.125,0.018539,0,0.047414,0.047414,0,no
0.039157,0,0.031915,0.133333,0,0.016129,0.055556,0.125,0.02191,0,0.056034,0.056034,0,no
0.033133,0.095238,0.031915,0.133333,0,0,0.092593,0.166667,0.030899,0,0.047414,0.047414,0,no
0.027108,0,0.031915,0.066667,0.02381,0,0.148148,0.291667,0.026966,0.001775,0.038793,0.027478,0,no
0.063253,0.047619,0.010638,0.066667,0,0.096774,0.185185,0.333333,0.04382,0.001775,0.051724,0.034914,0,no
0.021084,0,0.010638,0.066667,0.007937,0,0.111111,0.166667,0.016854,0.001183,0.030172,0.022989,0,no
0.045181,0,0.031915,0.133333,0.031746,0.016129,0.111111,0.166667,0.034831,0.001183,0.064655,0.045977,0,no
0.01506,0.047619,0.010638,0.066667,0.007937,0,0.092593,0.208333,0.011798,0.000592,0.021552,0.018966,0,no
0.03012,0,0.010638,0.066667,0,0.032258,0.074074,0.166667,0.022472,0,0.043103,0.043103,0,no
0.021084,0.047619,0.010638,0.066667,0.007937,0.016129,0.074074,0.166667,0.01573,0,0.030172,0.030172,0,no
0.033133,0.142857,0.021277,0.066667,0.007937,0.032258,0.092593,0.208333,0.025281,0.000592,0.047414,0.039655,0,no
0.144578,0.190476,0.06383,0.266667,0.047619,0.096774,0.037037,0.083333,0.053933,0,0.206897,0.206897,0,no
0.048193,0.095238,0.010638,0.066667,0.015873,0.048387,0.074074,0.166667,0.035955,0,0.068966,0.068966,0,no
0.018072,0,0.010638,0.066667,0,0,0.074074,0.166667,0.013483,0,0.025862,0.025862,0,no
0.033133,0.047619,0.010638,0.066667,0.015873,0,0.111111,0.25,0.019101,0,0.025862,0.024425,0,no
0.03012,0.047619,0.010638,0.066667,0.007937,0,0.111111,0.25,0.016854,0,0.021552,0.021552,0,no
0.027108,0,0.010638,0.066667,0.007937,0,0.037037,0.083333,0.010112,0,0.038793,0.038793,0,no
0.036145,0,0.021277,0.133333,0.007937,0.016129,0.037037,0.083333,0.013483,0,0.051724,0.051724,0,no
0.027108,0.047619,0.010638,0.066667,0,0.048387,0.037037,0.083333,0.010112,0,0.038793,0.038793,0,no
0.024096,0,0.010638,0.066667,0,0.032258,0.037037,0.083333,0.008989,0,0.034483,0.034483,0,no
0.021084,0.095238,0.010638,0.066667,0,0.016129,0.111111,0.25,0.016854,0.001183,0.030172,0.022989,0,no
0.012048,0.095238,0.021277,0.066667,0.015873,0.032258,0.074074,0.166667,0.008989,0,0.017241,0.017241,0,no
0.018072,0.047619,0.010638,0.066667,0,0.016129,0.074074,0.166667,0.013483,0,0.025862,0.025862,0,no
0.018072,0.047619,0.010638,0.066667,0,0.016129,0.074074,0.166667,0.013483,0,0.025862,0.025862,0,no
0.021084,0.142857,0.010638,0.066667,0,0.032258,0.074074,0.166667,0.01573,0,0.030172,0.030172,0,no
0.036145,0.047619,0.06383,0.066667,0.039683,0.016129,0.092593,0.208333,0.033708,0,0.051724,0.051724,1,no
0.01506,0.047619,0.010638,0.066667,0.007937,0.032258,0.092593,0.208333,0.014045,0,0.021552,0.021552,1,no
0.01506,0.095238,0.010638,0.066667,0.007937,0,0.074074,0.166667,0.011236,0,0.021552,0.021552,0,no
0.018072,0.095238,0.010638,0.066667,0.007937,0.016129,0.074074,0.166667,0.013483,0,0.025862,0.025862,0,no
0.01506,0.047619,0.010638,0.066667,0.007937,0.032258,0.092593,0.208333,0.014045,0,0.021552,0.021552,1,no
0.01506,0.047619,0.010638,0.066667,0.007937,0.032258,0.092593,0.208333,0.014045,0,0.021552,0.021552,1,no
0.03012,0,0.010638,0.066667,0,0.016129,0.037037,0.083333,0.011236,0,0.043103,0.043103,0,no
0.01506,0.142857,0.010638,0.066667,0.007937,0.032258,0.092593,0.208333,0.014045,0,0.021552,0.021552,1,no
0.024096,0.095238,0.010638,0.066667,0,0.016129,0.092593,0.208333,0.022472,0,0.034483,0.034483,1,no
0.039157,0.142857,0.021277,0.133333,0.02381,0.064516,0.092593,0.208333,0.036517,0,0.056034,0.056034,1,no
0.051205,0.047619,0.031915,0.133333,0,0.064516,0.037037,0.083333,0.019101,0,0.073276,0.073276,0,no
0.123494,0.142857,0.138298,0.2,0.02381,0.16129,0.037037,0.083333,0.046067,0,0.176724,0.176724,0,no
0.036145,0.095238,0.021277,0.133333,0,0.048387,0.166667,0.291667,0.035955,0.002367,0.051724,0.032567,1,no
0.027108,0.047619,0.010638,0.066667,0,0.064516,0.166667,0.291667,0.024719,0,0.034483,0.021073,1,no
0.036145,0.142857,0.021277,0.133333,0.02381,0.048387,0.092593,0.208333,0.033708,0,0.051724,0.051724,1,no
0.063253,0.047619,0.042553,0.133333,0.015873,0.145161,0.037037,0.083333,0.023596,0,0.090517,0.090517,0,no
0.045181,0.095238,0.021277,0.066667,0.015873,0.064516,0.037037,0.083333,0.016854,0,0.064655,0.064655,0,no
0.048193,0,0.010638,0.066667,0.007937,0.032258,0.037037,0.083333,0.017978,0,0.068966,0.068966,0,no
0.060241,0.190476,0.053191,0.066667,0,0.048387,0.037037,0.083333,0.022472,0,0.086207,0.086207,0,no
0.01506,0.142857,0.010638,0.066667,0,0.016129,0.092593,0.208333,0.014045,0,0.021552,0.021552,0,no
0.051205,0.047619,0.031915,0.2,0.007937,0.080645,0.111111,0.208333,0.048315,0.000592,0.077586,0.0625,0,no
0.027108,0,0.010638,0.066667,0,0,0.111111,0.208333,0.025281,0,0.038793,0.032328,0,no
0.063253,0.095238,0.042553,0.2,0.007937,0.064516,0.111111,0.208333,0.058989,0,0.090517,0.075431,0,no
0.099398,0,0.053191,0.066667,0.02381,0.145161,0.037037,0.083333,0.037079,0,0.142241,0.142241,0,no
0.036145,0.047619,0.042553,0.066667,0,0,0.037037,0.083333,0.013483,0,0.051724,0.051724,0,no
0.018072,0.047619,0.010638,0.066667,0.007937,0,0.037037,0.083333,0.006742,0,0.025862,0.025862,0,no
0.036145,0.190476,0.021277,0.066667,0,0.048387,0.037037,0.083333,0.013483,0,0.051724,0.051724,0,no
0.069277,0.047619,0.053191,0.066667,0.007937,0.112903,0.037037,0.083333,0.025843,0,0.099138,0.099138,0,no
0.024096,0.047619,0.021277,0.133333,0,0.016129,0.037037,0.083333,0.008989,0,0.034483,0.034483,0,no
0.057229,0.047619,0.042553,0.133333,0,0.048387,0.037037,0.083333,0.021348,0,0.081897,0.081897,0,no
0.03012,0.047619,0.021277,0.133333,0.007937,0.016129,0.037037,0.083333,0.011236,0,0.043103,0.043103,0,no
0.063253,0.047619,0.074468,0.2,0.007937,0.016129,0.037037,0.083333,0.023596,0,0.090517,0.090517,0,no
0.051205,0.047619,0.053191,0.066667,0,0.032258,0.037037,0.083333,0.019101,0,0.073276,0.073276,0,no
0.024096,0.095238,0.010638,0.066667,0,0,0.037037,0.083333,0.011236,0,0.043103,0.043103,0,no
0.03012,0.095238,0.021277,0.066667,0,0.016129,0.037037,0.083333,0.011236,0,0.043103,0.043103,0,no
0.027108,0.095238,0.010638,0.066667,0,0.016129,0.037037,0.083333,0.010112,0,0.038793,0.038793,0,no
0.021084,0.047619,0.010638,0.066667,0,0.032258,0.037037,0.083333,0.007865,0,0.030172,0.030172,0,no
0.027108,0.095238,0.010638,0.066667,0,0.032258,0.037037,0.083333,0.010112,0,0.038793,0.038793,0,no
0.069277,0.047619,0.053191,0.133333,0.007937,0.112903,0.037037,0.083333,0.025843,0,0.099138,0.099138,0,no
0.036145,0.047619,0.021277,0.133333,0,0.032258,0.037037,0.083333,0.013483,0,0.051724,0.051724,0,no
0.045181,0.095238,0.031915,0.2,0,0.064516,0.037037,0.083333,0.016854,0,0.064655,0.064655,0,no
0.11747,0.142857,0.06383,0.266667,0,0.16129,0.037037,0.083333,0.04382,0,0.168103,0.168103,0,no
0.054217,0.095238,0.042553,0.266667,0,0.080645,0.037037,0.083333,0.020225,0,0.077586,0.077586,0,no
0.060241,0.142857,0.031915,0.2,0.015873,0.080645,0.111111,0.25,0.05618,0.001183,0.086207,0.073276,0,no
0.072289,0.047619,0.021277,0.133333,0.015873,0.032258,0.055556,0.083333,0.026404,0,0.099138,0.067529,1,no
0.033133,0.047619,0.021277,0.133333,0.015873,0,0.203704,0.375,0.039326,0.000592,0.038793,0.027821,1,no
0.021084,0,0.010638,0.066667,0,0,0.12963,0.25,0.027528,0,0.030172,0.030172,1,no
0.069277,0.095238,0.042553,0.2,0.007937,0.129032,0.12963,0.25,0.090449,0,0.099138,0.099138,1,no
0.027108,0.047619,0.010638,0.066667,0,0.016129,0.037037,0.083333,0.010112,0,0.038793,0.038793,0,no
0.039157,0.142857,0.021277,0.066667,0,0.016129,0.037037,0.083333,0.014607,0,0.056034,0.056034,0,no
0.036145,0.142857,0.021277,0.133333,0,0,0.388889,0.416667,0.088202,0.039645,0.090517,0.045977,0,no
0.042169,0.047619,0.010638,0.066667,0,0.080645,0.074074,0.125,0.01573,0,0.056034,0.030172,1,no
0.027108,0.047619,0.010638,0.066667,0,0.016129,0.037037,0.041667,0.010112,0,0.038793,0.038793,1,no
0.018072,0.095238,0.010638,0.066667,0,0.016129,0.203704,0.333333,0.037079,0,0.025862,0.025862,0,no
0.063253,0.047619,0.031915,0.2,0,0.129032,0.074074,0.125,0.023596,0,0.073276,0.045259,1,no
0.042169,0.095238,0.042553,0.133333,0,0.048387,0.037037,0.083333,0.01573,0,0.060345,0.060345,0,no
0.03012,0.047619,0.021277,0.066667,0,0.032258,0.037037,0.083333,0.011236,0,0.043103,0.043103,0,no
0.021084,0.047619,0.010638,0.066667,0.007937,0,0.037037,0.083333,0.007865,0,0.030172,0.030172,0,no
0.066265,0,0.06383,0.066667,0,0.016129,0.222222,0.458333,0.051685,0,0.068966,0.033046,0,no
0.036145,0,0.031915,0.133333,0,0.032258,0.037037,0.083333,0.013483,0,0.051724,0.051724,0,no
0.018072,0,0.010638,0.066667,0,0,0.037037,0.083333,0.006742,0,0.025862,0.025862,0,no
0.042169,0.047619,0.010638,0.066667,0,0.129032,0.037037,0.083333,0.01573,0,0.060345,0.060345,0,no
0.033133,0,0.021277,0.133333,0,0,0.185185,0.375,0.061798,0,0.047414,0.047414,0,no
0.042169,0.047619,0.021277,0.133333,0.015873,0.048387,0.240741,0.458333,0.084831,0.001775,0.064655,0.051061,0,no
0.03012,0.047619,0.021277,0.133333,0,0.032258,0.12963,0.291667,0.039326,0,0.043103,0.043103,0,no
0.069277,0,0.053191,0.266667,0.039683,0,0.037037,0.083333,0.025843,0,0.099138,0.099138,0,no
0.063253,0.047619,0.06383,0.333333,0.007937,0.016129,0.240741,0.458333,0.061236,0.002367,0.090517,0.037467,0,no
0.051205,0.142857,0.031915,0.133333,0.007937,0.016129,0.240741,0.458333,0.063483,0.002367,0.064655,0.038793,0,no
0.027108,0.333333,0.010638,0.066667,0.007937,0,0.185185,0.375,0.037079,0.001775,0.038793,0.029741,0,no
0.027108,0.190476,0.010638,0.066667,0,0,0.12963,0.291667,0.035393,0,0.038793,0.038793,0,no
0.063253,0.047619,0.031915,0.2,0.015873,0.064516,0.074074,0.083333,0.024719,0.001183,0.090517,0.049569,0,no
0.072289,0.047619,0.042553,0.266667,0.015873,0.048387,0.074074,0.083333,0.029213,0.002367,0.112069,0.060345,0,no
0.069277,0,0.053191,0.266667,0.047619,0,0.166667,0.291667,0.045506,0,0.068966,0.038793,1,no
0.066265,0.047619,0.053191,0.2,0.02381,0.032258,0.037037,0.083333,0.024719,0,0.094828,0.094828,0,no
0.063253,0,0.021277,0.066667,0.015873,0.096774,0.037037,0.083333,0.023596,0,0.090517,0.090517,0,no
0.078313,0.190476,0.021277,0.066667,0,0,0.12963,0.208333,0.102247,0,0.112069,0.112069,1,no
0.01506,0,0.010638,0.066667,0,0.016129,0.12963,0.208333,0.019663,0,0.021552,0.021552,1,no
0.021084,0,0.010638,0.066667,0,0.016129,0.12963,0.208333,0.027528,0,0.030172,0.030172,1,no
0.018072,0,0.010638,0.066667,0,0.016129,0.12963,0.208333,0.023596,0,0.025862,0.025862,1,no
0.021084,0.047619,0.010638,0.066667,0,0,0.148148,0.25,0.014045,0,0.017241,0.01347,1,no
0.069277,0,0.053191,0.133333,0.007937,0.096774,0.166667,0.291667,0.094382,0.001183,0.103448,0.081418,1,no
0.084337,0.142857,0.031915,0.066667,0.007937,0.080645,0.240741,0.375,0.113483,0.00355,0.12069,0.068966,1,no
0.075301,0.190476,0.053191,0.266667,0,0.096774,0.203704,0.333333,0.100562,0.002367,0.107759,0.071708,1,no
0.021084,0,0.010638,0.066667,0,0.032258,0.12963,0.208333,0.027528,0,0.030172,0.030172,1,no
0.021084,0,0.010638,0.066667,0,0.032258,0.12963,0.208333,0.027528,0,0.030172,0.030172,1,no
0.048193,0,0.042553,0.133333,0.015873,0.032258,0.12963,0.208333,0.062921,0,0.068966,0.068966,1,no
0.048193,0,0.031915,0.066667,0,0.016129,0.166667,0.291667,0.064045,0.001183,0.068966,0.055556,1,no
0.024096,0.047619,0,0.133333,0,0.032258,0.037037,0.083333,0.008989,0,0.034483,0.034483,0,no
0.024096,0,0.010638,0.066667,0.007937,0.016129,0.12963,0.208333,0.031461,0,0.034483,0.034483,1,no
0.042169,0,0.021277,0.066667,0.007937,0.032258,0.259259,0.458333,0.058989,0.004142,0.060345,0.034483,1,no
0.021084,0,0.010638,0.066667,0,0.016129,0.166667,0.291667,0.028652,0.001183,0.030172,0.025383,1,no
0.045181,0.285714,0.010638,0.066667,0,0.064516,0.12963,0.208333,0.058989,0,0.064655,0.064655,1,no
0.024096,0,0.010638,0.066667,0.007937,0.032258,0.12963,0.208333,0.031461,0,0.034483,0.034483,1,no
0.066265,0.047619,0.042553,0.266667,0.015873,0.032258,0.037037,0.083333,0.024719,0,0.094828,0.094828,0,no
0.027108,0.142857,0.010638,0.066667,0,0.016129,0.12963,0.208333,0.035393,0,0.038793,0.038793,1,no
0.042169,0.047619,0.021277,0.133333,0.007937,0.032258,0.12963,0.208333,0.055056,0,0.060345,0.060345,1,no
0.042169,0.095238,0.031915,0.133333,0.007937,0.016129,0.12963,0.208333,0.055056,0,0.060345,0.060345,1,no
0.033133,0,0.021277,0.066667,0.007937,0.016129,0.12963,0.208333,0.043258,0,0.047414,0.047414,1,no
0.069277,0.190476,0.021277,0.066667,0,0,0.12963,0.208333,0.090449,0,0.099138,0.099138,1,no
0.01506,0,0.010638,0.066667,0,0.016129,0.12963,0.208333,0.019663,0,0.021552,0.021552,1,no
0.045181,0.190476,0.021277,0.066667,0.015873,0.096774,0.166667,0.291667,0.060112,0.001183,0.064655,0.052203,1,no
0.057229,0.190476,0.021277,0.066667,0,0.112903,0.166667,0.291667,0.075843,0.001183,0.081897,0.065613,1,no
0.033133,0.047619,0.010638,0.066667,0,0.032258,0.12963,0.208333,0.043258,0,0.047414,0.047414,1,no
0.042169,0.047619,0.021277,0.133333,0.007937,0,0.259259,0.458333,0.058989,0.004142,0.060345,0.034483,1,no
0.054217,0.095238,0.042553,0.133333,0,0.048387,0.166667,0.291667,0.07191,0.001183,0.077586,0.062261,1,no
0.021084,0,0.010638,0.066667,0,0,0.111111,0.208333,0.023596,0,0.030172,0.030172,1,no
0.051205,0.142857,0.031915,0.066667,0,0.064516,0.351852,0.416667,0.073034,0.004142,0.073276,0.03108,1,no
0.060241,0.047619,0.042553,0.133333,0,0.048387,0.685185,0.875,0.142697,0.050888,0.090517,0.039609,1,no
0.069277,0.047619,0.042553,0.133333,0,0.064516,0.574074,0.666667,0.081461,0.010059,0.060345,0.022525,1,no
0.054217,0.142857,0.021277,0.133333,0,0.048387,0.037037,0.083333,0.020225,0,0.077586,0.077586,0,no
0.021084,0.047619,0.010638,0.066667,0,0.016129,0.037037,0.083333,0.007865,0,0.030172,0.030172,0,no
0.042169,0.047619,0.042553,0.133333,0,0.048387,0.12963,0.25,0.055056,0,0.060345,0.060345,1,no
0.018072,0,0.010638,0.066667,0.007937,0,0.12963,0.25,0.023596,0,0.025862,0.025862,1,no
0.018072,0,0.010638,0.066667,0.007937,0,0.037037,0.041667,0.006742,0,0.025862,0.025862,0,no
0.018072,0,0.010638,0.066667,0.007937,0,0.12963,0.25,0.023596,0,0.025862,0.025862,1,no
0.024096,0.142857,0.010638,0.066667,0,0.016129,0.166667,0.291667,0.051124,0.005917,0.056034,0.048372,1,no
0.024096,0.047619,0.010638,0.066667,0,0,0.12963,0.25,0.031461,0,0.034483,0.034483,1,no
0.036145,0.047619,0.021277,0.066667,0.007937,0.016129,0.12963,0.25,0.047191,0,0.051724,0.051724,1,no
0.036145,0.095238,0.031915,0.133333,0,0.048387,0.12963,0.25,0.047191,0,0.051724,0.051724,1,no
0.11747,0.142857,0.095745,0.2,0,0.112903,0.166667,0.291667,0.119663,0,0.116379,0.102011,1,no
0.024096,0.047619,0.010638,0.066667,0,0,0.037037,0.041667,0.008989,0,0.034483,0.034483,0,no
0.045181,0.095238,0.031915,0.133333,0,0.016129,0.037037,0.041667,0.016854,0,0.064655,0.064655,0,no
0.063253,0.142857,0.021277,0.133333,0.02381,0.032258,0.037037,0.041667,0.023596,0,0.090517,0.090517,1,no
0.072289,0.047619,0.095745,0.6,0.015873,0,0.314815,0.583333,0.097753,0,0.094828,0.044118,1,no
0.033133,0.047619,0.021277,0.133333,0.007937,0.016129,0.12963,0.25,0.043258,0,0.047414,0.047414,1,no
0.042169,0.047619,0.021277,0.133333,0,0.080645,0.037037,0.041667,0.01573,0,0.060345,0.060345,0,no
0.021084,0.095238,0.010638,0.066667,0,0.032258,0.037037,0.041667,0.007865,0,0.030172,0.030172,0,no
0.036145,0,0.021277,0.133333,0,0,0.037037,0.041667,0.013483,0,0.051724,0.051724,0,no
0.051205,0.047619,0.021277,0.133333,0,0,0.037037,0.041667,0.019101,0,0.073276,0.073276,0,no
0.084337,0.047619,0.042553,0.2,0,0.129032,0.037037,0.041667,0.031461,0,0.12069,0.12069,0,no
0.057229,0,0.021277,0.133333,0,0.080645,0.037037,0.041667,0.021348,0,0.081897,0.081897,0,no
0.054217,0,0.021277,0.133333,0,0.080645,0.037037,0.041667,0.020225,0,0.077586,0.077586,0,no
0.024096,0.047619,0.010638,0.066667,0,0.032258,0.037037,0.041667,0.008989,0,0.034483,0.034483,0,no
0.087349,0.047619,0.053191,0.266667,0,0.048387,0.037037,0.041667,0.032584,0,0.125,0.125,0,no
0.072289,0,0.042553,0.133333,0,0.016129,0.037037,0.041667,0.026966,0,0.103448,0.103448,0,no
0.042169,0.047619,0.042553,0.133333,0,0.032258,0.037037,0.041667,0.01573,0,0.060345,0.060345,0,no
0.024096,0.047619,0.021277,0.133333,0,0.016129,0.037037,0.041667,0.008989,0,0.034483,0.034483,0,no
0.033133,0,0.021277,0.066667,0.007937,0.016129,0.037037,0.041667,0.01236,0,0.047414,0.047414,0,no
0.057229,0,0.031915,0.133333,0,0.112903,0.037037,0.041667,0.021348,0,0.081897,0.081897,0,no
0.01506,0.095238,0.010638,0.066667,0,0,0.037037,0.041667,0.005618,0,0.021552,0.021552,0,no
0.03012,0.095238,0.021277,0.066667,0,0.016129,0.037037,0.041667,0.011236,0,0.043103,0.043103,0,no
0.021084,0.047619,0.010638,0.066667,0,0.032258,0.037037,0.041667,0.007865,0,0.030172,0.030172,0,no
0.036145,0.142857,0.021277,0.133333,0,0.032258,0.055556,0.083333,0.020225,0,0.051724,0.051724,0,no
0.048193,0.047619,0.010638,0.066667,0,0.048387,0.092593,0.125,0.019663,0.001775,0.068966,0.032759,0,no
0.036145,0.142857,0.021277,0.133333,0,0.032258,0.055556,0.083333,0.020225,0,0.051724,0.051724,0,no
0.024096,0.142857,0.010638,0.066667,0,0,0.092593,0.125,0.010674,0.001775,0.034483,0.018966,0,no
0.036145,0.047619,0.021277,0.133333,0,0.032258,0.148148,0.25,0.053933,0,0.051724,0.051724,1,no
0.042169,0.047619,0.042553,0.133333,0,0.048387,0.12963,0.25,0.055056,0,0.060345,0.060345,1,no
0.072289,0.142857,0.042553,0.133333,0.007937,0.064516,0.259259,0.375,0.116854,0.008876,0.125,0.068658,1,no
0.084337,0.047619,0.042553,0.2,0,0.177419,0.277778,0.458333,0.11236,0,0.103448,0.057471,1,no
0.063253,0.095238,0.042553,0.066667,0,0.096774,0.407407,0.541667,0.087079,0,0.073276,0.030368,1,no
0.039157,0.095238,0.031915,0.066667,0,0,0.277778,0.458333,0.052809,0,0.043103,0.027011,1,no
0.066265,0.190476,0.053191,0.066667,0,0.032258,0.12963,0.25,0.086517,0,0.094828,0.094828,1,no
0.01506,0.142857,0.010638,0.066667,0,0.016129,0.12963,0.25,0.019663,0,0.021552,0.021552,1,no
0.063253,0.047619,0.031915,0.133333,0,0.145161,0.259259,0.333333,0.085955,0,0.090517,0.047106,1,no
0.054217,0,0.031915,0.133333,0.007937,0.064516,0.351852,0.375,0.075281,0.002367,0.077586,0.031307,1,no
0.042169,0.095238,0.021277,0.066667,0,0.064516,0.314815,0.5,0.060674,0.005917,0.060345,0.029919,1,no
0.066265,0.238095,0.010638,0.066667,0,0.016129,0.111111,0.166667,0.06236,0.000592,0.094828,0.08046,0,no
0.021084,0.047619,0.010638,0.066667,0,0,0.074074,0.125,0.01573,0,0.030172,0.030172,0,no
0.075301,0.047619,0.042553,0.133333,0.007937,0.129032,0.203704,0.208333,0.06236,0.006509,0.116379,0.047806,0,no
0.045181,0.047619,0.021277,0.066667,0,0.048387,0.185185,0.208333,0.042135,0.008876,0.077586,0.038793,0,no
0.111446,0,0.021277,0.066667,0,0.080645,0.074074,0.125,0.083146,0,0.159483,0.159483,0,no
0.042169,0.095238,0.021277,0.066667,0,0.016129,0.203704,0.208333,0.040449,0.009467,0.073276,0.034483,0,no
0.039157,0.047619,0.021277,0.066667,0,0.048387,0.203704,0.208333,0.038202,0.009467,0.068966,0.032915,0,no
0.027108,0.047619,0.010638,0.066667,0,0.016129,0.074074,0.125,0.020225,0,0.038793,0.038793,0,no
0.039157,0.047619,0.021277,0.066667,0,0.048387,0.074074,0.125,0.029213,0,0.056034,0.056034,0,no
0.027108,0,0.021277,0.133333,0.007937,0.016129,0.092593,0.125,0.020787,0.000592,0.038793,0.032759,0,no
0.03012,0,0.010638,0.066667,0,0.032258,0.074074,0.125,0.022472,0,0.043103,0.043103,0,no
0.027108,0,0.010638,0.066667,0,0.016129,0.074074,0.125,0.020225,0,0.038793,0.038793,0,no
0.027108,0.047619,0.021277,0.133333,0,0.032258,0.111111,0.166667,0.025843,0.000592,0.038793,0.033764,0,no
0.036145,0.142857,0.010638,0.066667,0,0.064516,0.111111,0.208333,0.040449,0,0.051724,0.051724,1,no
0.033133,0.142857,0.010638,0.066667,0,0.048387,0.111111,0.208333,0.037079,0,0.047414,0.047414,1,no
0.03012,0.047619,0.010638,0.066667,0,0.016129,0.111111,0.208333,0.033708,0,0.043103,0.043103,1,no
0.03012,0.047619,0.010638,0.066667,0,0.032258,0.111111,0.208333,0.033708,0,0.043103,0.043103,1,no
0.027108,0.047619,0.010638,0.066667,0,0.016129,0.111111,0.208333,0.030337,0,0.038793,0.038793,1,no
0.036145,0,0.010638,0.066667,0.015873,0.096774,0.111111,0.208333,0.040449,0,0.051724,0.051724,1,no
0.018072,0.047619,0.010638,0.066667,0,0,0.074074,0.166667,0.013483,0,0.025862,0.025862,0,yes
0.10241,0.142857,0.053191,0.2,0.007937,0.048387,0.074074,0.166667,0.076404,0,0.146552,0.146552,0,yes
0.036145,0.095238,0.010638,0.066667,0,0.016129,0.074074,0.166667,0.026966,0,0.051724,0.051724,0,yes
0.033133,0.095238,0.010638,0.066667,0,0.016129,0.074074,0.166667,0.024719,0,0.047414,0.047414,0,yes
0.045181,0.095238,0.010638,0.066667,0,0.048387,0.074074,0.166667,0.033708,0,0.064655,0.064655,0,yes
0.033133,0.095238,0.010638,0.066667,0,0.016129,0.074074,0.166667,0.024719,0,0.047414,0.047414,0,yes
0.042169,0,0.010638,0.066667,0,0.016129,0.074074,0.166667,0.031461,0,0.060345,0.060345,0,no
0.087349,0.047619,0.053191,0.2,0.015873,0.080645,0.074074,0.166667,0.065169,0,0.125,0.125,0,yes
0.021084,0,0.010638,0.066667,0,0,0.074074,0.166667,0.01573,0,0.030172,0.030172,0,yes
0.11747,0.142857,0.085106,0.266667,0,0.048387,0.074074,0.166667,0.08764,0,0.168103,0.168103,0,yes
0.039157,0.142857,0.010638,0.066667,0.007937,0.032258,0.074074,0.166667,0.029213,0,0.056034,0.056034,0,yes
0.039157,0.095238,0.010638,0.066667,0,0.032258,0.074074,0.166667,0.029213,0,0.056034,0.056034,0,yes
0.039157,0.142857,0.010638,0.066667,0,0.016129,0.074074,0.166667,0.029213,0,0.056034,0.056034,0,yes
0.060241,0.095238,0.031915,0.2,0.007937,0.032258,0.074074,0.166667,0.044944,0,0.086207,0.086207,0,yes
0.060241,0.142857,0.031915,0.133333,0,0.016129,0.074074,0.166667,0.044944,0,0.086207,0.086207,0,no
0.048193,0.190476,0.021277,0.066667,0,0,0.074074,0.166667,0.035955,0,0.068966,0.068966,0,no
0.01506,0,0.010638,0.066667,0,0,0.074074,0.166667,0.011236,0,0.021552,0.021552,0,no
0.01506,0,0.010638,0.066667,0,0,0.074074,0.166667,0.011236,0,0.021552,0.021552,0,no
0.03012,0,0.010638,0.066667,0,0.032258,0.074074,0.166667,0.022472,0,0.043103,0.043103,0,no
0.021084,0,0.010638,0.066667,0,0.016129,0.074074,0.166667,0.01573,0,0.030172,0.030172,0,no
0.066265,0,0.031915,0.133333,0.015873,0.048387,0.074074,0.166667,0.049438,0,0.094828,0.094828,0,no
0.084337,0.142857,0.042553,0.133333,0,0.048387,0.111111,0.25,0.064045,0.001183,0.12069,0.083333,0,no
0.033133,0.047619,0.010638,0.066667,0.007937,0.032258,0.074074,0.166667,0.024719,0,0.047414,0.047414,0,no
0.072289,0.047619,0.06383,0.266667,0.007937,0.096774,0.074074,0.166667,0.053933,0,0.103448,0.103448,0,no
0.042169,0.047619,0.031915,0.2,0.007937,0.048387,0.074074,0.166667,0.031461,0,0.060345,0.060345,0,no
0.042169,0.047619,0.031915,0.2,0.007937,0.048387,0.074074,0.166667,0.031461,0,0.060345,0.060345,0,no
0.018072,0,0.010638,0.066667,0,0,0.074074,0.166667,0.013483,0,0.025862,0.025862,0,no
0.021084,0,0.010638,0.066667,0,0,0.074074,0.166667,0.01573,0,0.030172,0.030172,0,no
0.063253,0,0.042553,0.2,0,0.016129,0.074074,0.166667,0.047191,0,0.090517,0.090517,0,no
0.051205,0,0.031915,0.133333,0,0.032258,0.074074,0.166667,0.038202,0,0.073276,0.073276,0,no
0.018072,0,0.010638,0.066667,0,0,0.12963,0.291667,0.011236,0,0.017241,0.012315,1,no
0.033133,0,0.021277,0.133333,0,0.016129,0.12963,0.25,0.019101,0.001183,0.043103,0.022167,1,no
0.03012,0.095238,0.010638,0.066667,0,0,0.037037,0.083333,0.011236,0,0.043103,0.043103,0,no
0.171687,0.047619,0.095745,0.266667,0.02381,0.129032,0.314815,0.583333,0.235955,0.006509,0.25431,0.10928,1,no
0.033133,0.047619,0.010638,0.066667,0,0.032258,0.055556,0.083333,0.018539,0,0.047414,0.047414,0,no
0.03012,0.095238,0.010638,0.066667,0,0.032258,0.092593,0.166667,0.017978,0.001183,0.043103,0.02931,0,no
0.087349,0.142857,0.074468,0.133333,0.015873,0.032258,0.444444,0.625,0.114045,0.038462,0.176724,0.048132,1,no
0.039157,0.047619,0.010638,0.066667,0.007937,0.048387,0.037037,0.083333,0.014607,0,0.056034,0.056034,0,no
0.01506,0,0.010638,0.066667,0,0.016129,0.092593,0.166667,0.009551,0.001183,0.021552,0.016379,0,no
0.039157,0.047619,0.021277,0.133333,0,0,0.092593,0.166667,0.016292,0,0.043103,0.025,0,no
0.021084,0.142857,0.010638,0.066667,0.007937,0,0.074074,0.125,0.01573,0,0.030172,0.030172,0,no
0.021084,0.047619,0.010638,0.066667,0,0,0.074074,0.125,0.01573,0,0.030172,0.030172,0,no
0.021084,0.047619,0.010638,0.066667,0,0,0.074074,0.125,0.01573,0,0.030172,0.030172,0,no
0.039157,0.047619,0.031915,0.133333,0,0.064516,0.074074,0.125,0.029213,0,0.056034,0.056034,0,no
0.027108,0.095238,0.010638,0.066667,0,0,0.092593,0.208333,0.025281,0,0.038793,0.038793,1,no
0.027108,0.047619,0.010638,0.066667,0.007937,0,0.092593,0.208333,0.025281,0,0.038793,0.038793,1,no
0.027108,0,0.010638,0.066667,0,0,0.055556,0.083333,0.015169,0,0.038793,0.038793,0,no
0.024096,0,0.010638,0.066667,0,0,0.055556,0.083333,0.013483,0,0.034483,0.034483,0,no
0.057229,0.142857,0.042553,0.2,0.015873,0.080645,0.12963,0.166667,0.04382,0.001183,0.081897,0.049261,0,no
0.042169,0.095238,0.031915,0.133333,0.007937,0.016129,0.092593,0.166667,0.032022,0.000592,0.060345,0.05,0,no
0.027108,0.095238,0.021277,0.066667,0,0,0.092593,0.166667,0.020225,0,0.038793,0.031034,0,no
0.03012,0.047619,0.031915,0.066667,0,0.016129,0.092593,0.166667,0.022472,0,0.043103,0.034483,0,no
0.021084,0.095238,0.010638,0.066667,0,0,0.092593,0.166667,0.01573,0,0.030172,0.024138,0,no
0.021084,0,0.010638,0.066667,0.015873,0,0.111111,0.166667,0.016292,0.000592,0.030172,0.021552,0,no
0.048193,0.095238,0.042553,0.133333,0.007937,0.016129,0.111111,0.166667,0.035955,0,0.068966,0.045977,0,no
0.042169,0.142857,0.021277,0.133333,0,0.064516,0.092593,0.166667,0.031461,0,0.060345,0.048276,0,no
0.051205,0.095238,0.021277,0.133333,0.02381,0.032258,0.148148,0.166667,0.042135,0.004142,0.073276,0.044181,0,no
0.063253,0.190476,0.053191,0.2,0,0.096774,0.148148,0.166667,0.047753,0.000592,0.090517,0.046336,0,no
0.027108,0.095238,0.010638,0.066667,0.007937,0.064516,0.074074,0.166667,0.020225,0,0.038793,0.038793,0,no
0.054217,0.142857,0.053191,0.266667,0.02381,0.032258,0.148148,0.166667,0.041011,0.000592,0.077586,0.039871,0,no
0.048193,0.142857,0.031915,0.133333,0,0.080645,0.092593,0.166667,0.035955,0,0.068966,0.055172,0,no
0.036145,0.095238,0.010638,0.066667,0,0.048387,0.12963,0.166667,0.02809,0.001183,0.051724,0.03202,0,no
0.024096,0,0.010638,0.066667,0,0,0.166667,0.166667,0.019663,0.001775,0.034483,0.018199,0,no
0.057229,0.190476,0.042553,0.2,0.007937,0,0.166667,0.166667,0.044382,0.001775,0.081897,0.039272,0,no
0.048193,0.190476,0.021277,0.133333,0.007937,0.032258,0.166667,0.166667,0.038202,0.002367,0.068966,0.034483,0,no
0.048193,0.047619,0.042553,0.066667,0,0.016129,0.092593,0.166667,0.035955,0,0.068966,0.055172,0,no
0.048193,0.047619,0.021277,0.066667,0,0.016129,0.12963,0.166667,0.036517,0.000592,0.068966,0.04064,0,no
0.018072,0,0.010638,0.066667,0,0,0.111111,0.166667,0.014045,0.000592,0.025862,0.018678,0,no
0.057229,0.047619,0.042553,0.133333,0.039683,0.016129,0.148148,0.25,0.039326,0.001183,0.064655,0.038793,0,no
0.051205,0.047619,0.031915,0.133333,0.007937,0.016129,0.148148,0.166667,0.039326,0.001183,0.073276,0.038793,0,no
0.048193,0.047619,0.031915,0.066667,0.007937,0.032258,0.12963,0.166667,0.037079,0.001183,0.068966,0.041872,0,no
0.048193,0.095238,0.031915,0.066667,0.007937,0.032258,0.111111,0.166667,0.036517,0.000592,0.068966,0.047414,0,no
0.021084,0.047619,0.010638,0.066667,0,0,0.148148,0.208333,0.014045,0.000592,0.017241,0.014009,1,no
0.024096,0.095238,0.010638,0.066667,0.015873,0,0.166667,0.208333,0.017416,0.001183,0.021552,0.015805,1,no
0.024096,0.047619,0.010638,0.066667,0,0.016129,0.111111,0.166667,0.017978,0,0.034483,0.022989,0,no
0.036145,0.095238,0.021277,0.066667,0,0.032258,0.111111,0.166667,0.027528,0.000592,0.051724,0.03592,0,no
0.114458,0,0.06383,0.133333,0.007937,0.048387,0.166667,0.166667,0.086517,0.001183,0.163793,0.074713,0,no
0.045181,0.047619,0.021277,0.133333,0.015873,0.064516,0.166667,0.166667,0.036517,0.002959,0.064655,0.033525,0,no
0.027108,0.047619,0.010638,0.066667,0.007937,0.016129,0.166667,0.166667,0.022472,0.002367,0.038793,0.021073,0,no
0.162651,0,0.117021,0.266667,0.02381,0.048387,0.185185,0.166667,0.123596,0.002367,0.232759,0.096552,0,no
0.319277,0.142857,0.265957,0.2,0.039683,0.064516,0.37037,0.458333,0.279213,0.026627,0.474138,0.11681,1,no
0.120482,0,0.074468,0.2,0.02381,0.096774,0.203704,0.166667,0.091573,0.001775,0.172414,0.065047,0,no
0.03012,0.095238,0.021277,0.133333,0.015873,0,0.074074,0.166667,0.022472,0,0.043103,0.043103,0,no
0.036145,0.047619,0.010638,0.066667,0,0.064516,0.12963,0.166667,0.028652,0.001775,0.051724,0.033251,0,no
0.033133,0.047619,0.021277,0.133333,0,0.016129,0.092593,0.166667,0.024719,0,0.047414,0.037931,0,no
0.036145,0,0.010638,0.066667,0,0.016129,0.111111,0.166667,0.027528,0.000592,0.051724,0.03592,0,no
0.048193,0.142857,0.042553,0.2,0.02381,0,0.111111,0.166667,0.037079,0.001183,0.068966,0.048851,0,no
0.027108,0.047619,0.021277,0.066667,0,0,0.092593,0.166667,0.020225,0,0.038793,0.031034,0,no
0.018072,0,0.010638,0.066667,0,0,0.092593,0.166667,0.013483,0,0.025862,0.02069,0,no
0.03012,0.047619,0.021277,0.066667,0,0.016129,0.092593,0.166667,0.022472,0,0.043103,0.034483,0,no
0.036145,0,0.021277,0.066667,0.007937,0.032258,0.092593,0.166667,0.026966,0,0.051724,0.041379,0,no
0.021084,0,0.010638,0.066667,0.007937,0,0.111111,0.166667,0.016854,0.001183,0.030172,0.022989,0,no
0.027108,0,0.010638,0.066667,0.007937,0.016129,0.074074,0.166667,0.020225,0,0.038793,0.038793,0,no
0.018072,0.142857,0.010638,0.066667,0,0.016129,0.074074,0.166667,0.013483,0,0.025862,0.025862,0,no
0.069277,0.047619,0.031915,0.133333,0.015873,0.016129,0.12963,0.166667,0.051685,0,0.099138,0.05665,0,no
0.03012,0.047619,0.021277,0.066667,0.007937,0.016129,0.092593,0.166667,0.022472,0,0.043103,0.034483,0,no
0.03012,0.047619,0.021277,0.066667,0,0.016129,0.092593,0.166667,0.022472,0,0.043103,0.034483,0,no
0.033133,0.095238,0.010638,0.066667,0,0,0.074074,0.166667,0.024719,0,0.047414,0.047414,0,no
0.021084,0.047619,0.010638,0.066667,0.007937,0.016129,0.074074,0.166667,0.01573,0,0.030172,0.030172,0,no
0.033133,0.190476,0.031915,0.066667,0.015873,0.048387,0.12963,0.166667,0.025843,0.001183,0.047414,0.029557,0,no
0.021084,0,0.010638,0.066667,0.007937,0,0.111111,0.166667,0.016854,0.001183,0.030172,0.022989,0,no
0.021084,0,0.010638,0.066667,0.007937,0.016129,0.092593,0.166667,0.016854,0.001183,0.038793,0.027586,0,no
0.054217,0.047619,0.042553,0.2,0,0.048387,0.092593,0.166667,0.041011,0.000592,0.077586,0.063793,0,no
0.051205,0.047619,0.031915,0.133333,0.015873,0.016129,0.148148,0.166667,0.038764,0.000592,0.073276,0.037716,0,no
0.03012,0.047619,0.021277,0.066667,0.007937,0.016129,0.092593,0.166667,0.022472,0,0.043103,0.034483,0,no
0.036145,0.047619,0.031915,0.066667,0.007937,0.016129,0.111111,0.166667,0.027528,0.000592,0.051724,0.03592,0,no
0.021084,0.047619,0.010638,0.066667,0.007937,0.016129,0.092593,0.166667,0.016292,0.000592,0.030172,0.025862,0,no
0.027108,0.047619,0.010638,0.066667,0,0.016129,0.314815,0.458333,0.052809,0.001183,0.038793,0.024341,1,no
0.024096,0.047619,0.010638,0.066667,0,0,0.296296,0.458333,0.044944,0,0.025862,0.021552,1,no
0.027108,0.047619,0.021277,0.133333,0,0.016129,0.240741,0.375,0.061236,0.000592,0.038793,0.036472,1,no
0.033133,0.095238,0.010638,0.066667,0,0.016129,0.222222,0.375,0.074157,0,0.047414,0.047414,1,no
0.051205,0.047619,0.021277,0.133333,0.015873,0.064516,0.222222,0.375,0.114607,0,0.073276,0.073276,1,no
0.057229,0.047619,0.010638,0.066667,0,0.064516,0.296296,0.458333,0.196067,0.018343,0.125,0.102371,1,no
0.024096,0.095238,0.010638,0.066667,0,0,0.074074,0.125,0.017978,0,0.034483,0.034483,0,no
0.024096,0.142857,0.010638,0.066667,0,0.032258,0.240741,0.375,0.054494,0.000592,0.034483,0.032493,1,no
0.039157,0.047619,0.021277,0.133333,0,0,0.240741,0.375,0.088764,0.001183,0.064655,0.05305,1,no
0.021084,0.047619,0.010638,0.066667,0,0.032258,0.333333,0.458333,0.051685,0.113609,0.099138,0.068008,1,no
0.099398,0.142857,0.074468,0.2,0.007937,0.048387,0.407407,0.458333,0.093258,0.043787,0.163793,0.047022,1,no
0.054217,0.095238,0.021277,0.133333,0,0.016129,0.240741,0.375,0.121348,0,0.077586,0.071618,1,no
0.048193,0.047619,0.021277,0.133333,0.007937,0.064516,0.240741,0.375,0.108989,0.001183,0.077586,0.064987,1,no
0.024096,0.047619,0.010638,0.066667,0,0,0.240741,0.375,0.055056,0.001183,0.043103,0.033156,1,no
0.021084,0.142857,0.010638,0.066667,0.007937,0,0.074074,0.125,0.01573,0,0.030172,0.030172,0,no
0.024096,0.095238,0.010638,0.066667,0,0.048387,0.222222,0.375,0.053933,0,0.034483,0.034483,1,no
0.01506,0.047619,0.010638,0.066667,0,0.016129,0.333333,0.458333,0.029213,0.056805,0.056034,0.035441,1,no
0.021084,0.047619,0.010638,0.066667,0,0,0.074074,0.125,0.01573,0,0.030172,0.030172,0,no
0.021084,0.047619,0.010638,0.066667,0,0,0.074074,0.125,0.01573,0,0.030172,0.030172,0,no
0.036145,0.047619,0.021277,0.133333,0,0.048387,0.074074,0.125,0.026966,0,0.051724,0.051724,0,no
0.024096,0.142857,0.010638,0.066667,0,0,0.092593,0.208333,0.022472,0,0.034483,0.034483,1,no
0.027108,0.047619,0.010638,0.066667,0.007937,0,0.092593,0.208333,0.025281,0,0.038793,0.038793,1,no
0.027108,0,0.021277,0.133333,0.007937,0.016129,0.092593,0.125,0.025281,0,0.038793,0.038793,1,no
0.024096,0,0.010638,0.066667,0,0,0.092593,0.125,0.022472,0,0.034483,0.034483,1,no
0.084337,0,0.06383,0.2,0.039683,0.064516,0.277778,0.25,0.168539,0.005917,0.12931,0.08908,1,no
0.03012,0,0.021277,0.133333,0,0.016129,0.277778,0.25,0.058989,0.002959,0.043103,0.031609,1,no
0.078313,0.047619,0.053191,0.133333,0,0.048387,0.87037,0.875,0.226966,0.053254,0.168103,0.045304,1,no
0.01506,0.047619,0.010638,0.066667,0,0.016129,0.185185,0.291667,0.02809,0,0.021552,0.021552,1,no
0.024096,0,0.021277,0.066667,0.015873,0.016129,0.37037,0.625,0.064045,0.009467,0.034483,0.028017,1,no
0.066265,0.047619,0.042553,0.266667,0.02381,0.032258,0.314815,0.291667,0.119101,0.001183,0.086207,0.05426,1,no
0.063253,0.142857,0.021277,0.133333,0.007937,0.016129,0.62963,0.875,0.180899,0.027219,0.116379,0.046653,1,no
0.048193,0.047619,0.042553,0.133333,0.02381,0.016129,0.037037,0.083333,0.017978,0,0.068966,0.068966,1,no
0.066265,0,0.053191,0.133333,0.031746,0.048387,0.277778,0.25,0.115169,0,0.081897,0.058908,1,no
0.036145,0,0.021277,0.133333,0,0.048387,0.314815,0.333333,0.13764,0.016568,0.099138,0.069219,1,no
0.01506,0,0.010638,0.066667,0,0.016129,0.092593,0.125,0.014045,0,0.021552,0.021552,1,no
0.054217,0,0.031915,0.2,0,0,0.277778,0.25,0.081461,0,0.047414,0.041667,1,no
0.033133,0,0.021277,0.133333,0,0,0.277778,0.25,0.042135,0,0.030172,0.021552,1,no
0.036145,0.047619,0.031915,0.133333,0,0.032258,0.185185,0.166667,0.067416,0,0.051724,0.051724,1,no
0.036145,0.047619,0.031915,0.133333,0,0.032258,0.185185,0.166667,0.067416,0,0.051724,0.051724,1,no
0.03012,0.047619,0.021277,0.133333,0,0.032258,0.185185,0.166667,0.05618,0,0.043103,0.043103,1,no
0.03012,0.047619,0.021277,0.133333,0,0.032258,0.185185,0.166667,0.05618,0,0.043103,0.043103,1,no
0.036145,0.047619,0.031915,0.133333,0,0.032258,0.185185,0.166667,0.067416,0,0.051724,0.051724,1,no
0.036145,0.047619,0.031915,0.133333,0,0.032258,0.185185,0.166667,0.067416,0,0.051724,0.051724,1,no
0.027108,0.047619,0.021277,0.133333,0,0.032258,0.185185,0.166667,0.050562,0,0.038793,0.038793,1,no
0.027108,0.047619,0.021277,0.133333,0,0.032258,0.185185,0.166667,0.050562,0,0.038793,0.038793,1,no
0.090361,0.142857,0.074468,0.133333,0.007937,0.032258,0.037037,0.083333,0.033708,0,0.12931,0.12931,0,no
0.021084,0.047619,0.010638,0.066667,0,0,0.037037,0.083333,0.007865,0,0.030172,0.030172,0,no
0.01506,0.047619,0.010638,0.066667,0.007937,0.016129,0.092593,0.125,0.014045,0,0.021552,0.021552,1,no
0.018072,0.095238,0.010638,0.066667,0,0,0.185185,0.166667,0.033708,0,0.025862,0.025862,1,no
0.063253,0.380952,0.031915,0.066667,0.007937,0,0.037037,0.083333,0.023596,0,0.090517,0.090517,0,no
0.054217,0,0.031915,0.066667,0.02381,0,0.185185,0.166667,0.101124,0,0.077586,0.077586,1,no
0.099398,0.047619,0.085106,0.4,0.015873,0.032258,0.185185,0.166667,0.185393,0,0.142241,0.142241,1,no
0.01506,0,0.010638,0.066667,0.007937,0,0.185185,0.166667,0.02809,0,0.021552,0.021552,1,no
0.042169,0,0.010638,0.066667,0.007937,0,0.185185,0.166667,0.078652,0,0.060345,0.060345,1,no
0.054217,0,0.031915,0.133333,0.007937,0,0.185185,0.166667,0.101124,0,0.077586,0.077586,1,no
0.048193,0,0.021277,0.066667,0.015873,0,0.185185,0.166667,0.089888,0,0.068966,0.068966,1,no
0.024096,0.095238,0.010638,0.066667,0.007937,0.016129,0.037037,0.083333,0.008989,0,0.034483,0.034483,0,no
0.042169,0.047619,0.021277,0.066667,0.007937,0,0.444444,0.458333,0.128652,0.028994,0.099138,0.049928,1,no
0.024096,0.047619,0.010638,0.066667,0.007937,0.032258,0.185185,0.166667,0.044944,0,0.034483,0.034483,1,no
0.042169,0.095238,0.021277,0.066667,0.007937,0,0.037037,0.083333,0.01573,0,0.060345,0.060345,0,no
0.066265,0,0.031915,0.133333,0.02381,0,0.277778,0.25,0.117978,0,0.086207,0.060345,1,no
0.042169,0.095238,0.021277,0.066667,0.007937,0,0.037037,0.083333,0.01573,0,0.060345,0.060345,0,no
0.036145,0.047619,0.031915,0.133333,0,0,0.092593,0.125,0.033708,0,0.051724,0.051724,1,no
0.057229,0.047619,0.021277,0.066667,0.007937,0.016129,0.351852,0.375,0.111798,0.005325,0.081897,0.047187,1,no
0.066265,0.047619,0.042553,0.066667,0.007937,0,0.277778,0.25,0.115169,0,0.081897,0.058908,1,no
0.027108,0,0.010638,0.066667,0.015873,0,0.185185,0.166667,0.022472,0,0.017241,0.017241,1,no
0.018072,0,0.010638,0.066667,0,0,0.185185,0.166667,0.022472,0,0.017241,0.017241,1,no
0.01506,0,0.010638,0.066667,0,0.016129,0.185185,0.166667,0.02809,0,0.021552,0.021552,1,no
0.027108,0,0.010638,0.066667,0,0,0.277778,0.25,0.05618,0.002959,0.043103,0.030172,1,no
0.087349,0,0.06383,0.2,0.039683,0.064516,0.277778,0.25,0.160112,0,0.12069,0.081897,1,no
0.018072,0,0.010638,0.066667,0,0.016129,0.185185,0.166667,0.033708,0,0.025862,0.025862,1,no
0.01506,0,0.010638,0.066667,0,0.016129,0.185185,0.166667,0.02809,0,0.021552,0.021552,1,no
0.060241,0.047619,0.042553,0.266667,0.015873,0.032258,0.314815,0.291667,0.116292,0.004142,0.086207,0.05426,1,no
0.054217,0.190476,0.021277,0.133333,0.007937,0.016129,0.314815,0.291667,0.148876,0.012426,0.112069,0.072515,1,no
0.063253,0,0.053191,0.133333,0.031746,0.048387,0.296296,0.333333,0.112921,0.000592,0.081897,0.054418,1,no
0.075301,0,0.06383,0.133333,0.02381,0.080645,0.277778,0.291667,0.134831,0,0.099138,0.068966,1,no
0.01506,0,0.010638,0.066667,0,0.016129,0.092593,0.125,0.014045,0,0.021552,0.021552,1,no
0.054217,0,0.031915,0.2,0,0,0.277778,0.25,0.081461,0,0.047414,0.041667,1,no
0.027108,0.095238,0.010638,0.066667,0,0,0.185185,0.166667,0.050562,0,0.038793,0.038793,1,no
0.039157,0.047619,0.021277,0.133333,0,0.064516,0.277778,0.25,0.089888,0.008876,0.068966,0.050287,1,no
0.033133,0,0.021277,0.133333,0,0,0.277778,0.25,0.042135,0,0.030172,0.021552,1,no
0.027108,0.142857,0.010638,0.066667,0,0.016129,0.37037,0.458333,0.047191,0.004734,0.038793,0.019828,1,no
0.018072,0.142857,0.010638,0.066667,0,0,0.148148,0.208333,0.026966,0,0.025862,0.025862,1,no
0.048193,0.047619,0.021277,0.133333,0,0.032258,0.037037,0.041667,0.017978,0,0.068966,0.068966,1,no
0.021084,0.047619,0.010638,0.066667,0,0,0.314815,0.458333,0.033146,0,0.017241,0.014959,1,no
0.021084,0.047619,0.010638,0.066667,0,0,0.333333,0.458333,0.035393,0,0.017241,0.015086,1,no
0.054217,0.047619,0.042553,0.266667,0.007937,0.080645,0.037037,0.041667,0.020225,0,0.077586,0.077586,1,no
0.036145,0.047619,0.053191,0.066667,0.031746,0.016129,0.277778,0.416667,0.069663,0.007101,0.060345,0.03908,1,no
0.01506,0,0.010638,0.066667,0,0,0.222222,0.458333,0.022472,0.002959,0.021552,0.016164,1,no
0.021084,0,0.010638,0.066667,0,0,0.12963,0.291667,0.027528,0,0.030172,0.030172,0,no
0.042169,0,0.031915,0.2,0.015873,0.032258,0.166667,0.375,0.041011,0,0.038793,0.034962,0,no
0.048193,0.095238,0.042553,0.2,0.007937,0,0.055556,0.125,0.026966,0,0.068966,0.068966,0,no
0.114458,0.095238,0.074468,0.266667,0.007937,0.096774,0.351852,0.583333,0.162921,0.00355,0.146552,0.067151,1,no
0.048193,0.047619,0.021277,0.133333,0.007937,0.048387,0.351852,0.541667,0.064045,0.00355,0.051724,0.027223,1,no
0.063253,0.047619,0.031915,0.133333,0.02381,0.080645,0.314815,0.5,0.086517,0.00355,0.073276,0.040568,1,no
0.180723,0.095238,0.170213,1.066667,0.015873,0.193548,0.462963,0.583333,0.25618,0.00355,0.232759,0.079655,1,no
0.10241,0.095238,0.138298,0.866667,0,0.048387,0.148148,0.166667,0.152809,0,0.146552,0.146552,1,no
0.051205,0.095238,0.042553,0.266667,0,0.064516,0.277778,0.208333,0.089326,0.00355,0.073276,0.047414,1,no
0.13253,0.047619,0.12766,0.8,0,0.241935,0.185185,0.166667,0.223034,0.000592,0.189655,0.171552,1,no
0.01506,0.142857,0.010638,0.066667,0,0.016129,0.166667,0.166667,0.025281,0,0.021552,0.021552,1,no
0.051205,0.047619,0.031915,0.2,0,0.096774,0.166667,0.166667,0.085955,0,0.073276,0.073276,1,no
0.03012,0,0.021277,0.066667,0,0,0.444444,0.458333,0.054494,0.004734,0.047414,0.018858,1,no
0.048193,0.095238,0.031915,0.133333,0,0.032258,0.277778,0.208333,0.078652,0,0.068966,0.04023,1,no
0.027108,0,0.010638,0.066667,0,0,0.018519,0.041667,0.005056,0,0.038793,0.038793,0,no
0.051205,0.142857,0.021277,0.066667,0,0.032258,0.018519,0.041667,0.009551,0,0.073276,0.073276,0,no
0.063253,0.047619,0.042553,0.2,0.015873,0.016129,0,0,0,0,0,0,0,no
0.024096,0.047619,0.010638,0.066667,0,0.016129,0.018519,0.041667,0.004494,0,0.034483,0.034483,0,no
0.03012,0.047619,0.021277,0.133333,0,0,0.018519,0.041667,0.005618,0,0.043103,0.043103,0,no
0.048193,0,0.021277,0.066667,0,0.032258,0.018519,0.041667,0.008989,0,0.068966,0.068966,0,no
0.060241,0.095238,0.053191,0.266667,0,0.032258,0.018519,0.041667,0.011236,0,0.086207,0.086207,0,no
0.021084,0.142857,0.010638,0.066667,0,0,0.018519,0.041667,0.003933,0,0.030172,0.030172,0,no
0.051205,0.142857,0.031915,0.133333,0.015873,0,0.092593,0.166667,0.038764,0.000592,0.073276,0.060345,1,no
0.138554,0.047619,0.074468,0.266667,0.007937,0.080645,0.037037,0.041667,0.051685,0,0.198276,0.198276,1,no
0.03012,0.095238,0.010638,0.066667,0,0,0.074074,0.125,0.022472,0,0.043103,0.043103,1,no
0.021084,0.095238,0.010638,0.066667,0,0,0.074074,0.125,0.01573,0,0.030172,0.030172,1,no
0.024096,0.047619,0.010638,0.066667,0,0,0.074074,0.125,0.017978,0,0.034483,0.034483,1,no
0.024096,0.047619,0.010638,0.066667,0,0,0.074074,0.125,0.017978,0,0.034483,0.034483,1,no
0.036145,0.047619,0.031915,0.133333,0,0.048387,0.074074,0.125,0.026966,0,0.051724,0.051724,1,no
0.024096,0.095238,0.010638,0.066667,0,0,0.074074,0.125,0.017978,0,0.034483,0.034483,1,no
0.048193,0.047619,0.031915,0.133333,0,0.016129,0.37037,0.5,0.030899,0.004142,0.034483,0.013362,1,yes
0.021084,0,0.010638,0.066667,0,0,0.12963,0.208333,0.013483,0,0.017241,0.014778,1,yes
0.021084,0,0.010638,0.066667,0,0,0.12963,0.208333,0.013483,0,0.017241,0.014778,1,no
0.066265,0,0.042553,0.133333,0,0.112903,0.12963,0.208333,0.046629,0.000592,0.081897,0.051724,1,yes
0.021084,0,0.010638,0.066667,0,0,0.12963,0.208333,0.013483,0,0.017241,0.014778,1,no
0.018072,0.047619,0.010638,0.066667,0,0.032258,0.148148,0.208333,0.013483,0,0.012931,0.012931,1,no
0.018072,0,0.010638,0.066667,0,0.032258,0.333333,0.416667,0.031461,0.013018,0.047414,0.018678,1,no
0.01506,0,0.010638,0.066667,0,0,0.12963,0.208333,0.010674,0,0.017241,0.0117,1,no
0.13253,0.047619,0.085106,0.4,0,0.064516,0.462963,0.541667,0.083146,0.002367,0.077586,0.026207,1,yes
0.048193,0.047619,0.021277,0.066667,0,0.016129,0.333333,0.375,0.036517,0.004734,0.047414,0.017481,1,yes
0.036145,0,0.010638,0.066667,0,0.032258,0.203704,0.333333,0.035393,0.010651,0.064655,0.03174,1,no
0.069277,0,0.06383,0.266667,0,0,0.259259,0.333333,0.051685,0.002367,0.064655,0.029557,1,yes
0.057229,0.142857,0.010638,0.066667,0,0,0.37037,0.416667,0.045506,0.004734,0.073276,0.019181,1,yes
0.045181,0,0.031915,0.133333,0,0.048387,0.351852,0.416667,0.053371,0.011243,0.043103,0.025862,1,yes
0.03012,0,0.010638,0.066667,0,0.032258,0.351852,0.416667,0.028652,0.006509,0.030172,0.014065,1,yes
0.01506,0.095238,0.010638,0.066667,0,0,0.12963,0.208333,0.012921,0.001775,0.021552,0.01601,1,no
0.021084,0.047619,0.010638,0.066667,0,0.032258,0.185185,0.25,0.017978,0.00355,0.034483,0.016379,1,no
0.027108,0,0.010638,0.133333,0,0,0.148148,0.208333,0.022472,0.002367,0.043103,0.023707,1,yes
0.069277,0.095238,0.053191,0.2,0,0.016129,0.277778,0.375,0.057865,0.006509,0.099138,0.032759,1,yes
0.063253,0.047619,0.042553,0.133333,0,0.096774,0.388889,0.458333,0.044944,0.005917,0.056034,0.018473,1,yes
0.021084,0.047619,0.010638,0.066667,0.007937,0,0.185185,0.25,0.019101,0.00355,0.030172,0.017241,1,yes
0.018072,0.047619,0.010638,0.066667,0,0,0.148148,0.208333,0.01573,0.002367,0.025862,0.017241,1,no
0.027108,0.095238,0.010638,0.066667,0,0,0.055556,0.083333,0.015169,0,0.038793,0.038793,0,no
0.03012,0.047619,0.010638,0.066667,0,0,0.12963,0.166667,0.020225,0,0.025862,0.022167,1,no
0.021084,0.047619,0.010638,0.066667,0,0,0.074074,0.125,0.01573,0,0.030172,0.030172,1,no
0.021084,0.047619,0.010638,0.066667,0,0,0.037037,0.083333,0.007865,0,0.030172,0.030172,0,no
0.039157,0.047619,0.031915,0.066667,0,0.016129,0.074074,0.083333,0.029213,0,0.056034,0.056034,0,no
0.045181,0,0.021277,0.133333,0,0.080645,0.037037,0.083333,0.016854,0,0.064655,0.064655,1,no
0.033133,0.047619,0.031915,0.2,0,0.032258,0.037037,0.083333,0.01236,0,0.047414,0.047414,1,no
0.054217,0.047619,0.042553,0.266667,0,0.048387,0.111111,0.166667,0.041573,0.001183,0.077586,0.054598,1,yes
0.036145,0,0.021277,0.133333,0,0.048387,0.037037,0.083333,0.013483,0,0.051724,0.051724,1,no
0.051205,0.047619,0.042553,0.2,0,0.048387,0.074074,0.083333,0.038202,0,0.073276,0.073276,0,yes
0.048193,0.047619,0.021277,0.133333,0,0.080645,0.074074,0.083333,0.035955,0,0.068966,0.068966,0,no
0.066265,0.047619,0.042553,0.266667,0,0.048387,0.12963,0.208333,0.048315,0,0.086207,0.052956,0,yes
0.021084,0.095238,0.010638,0.066667,0,0.016129,0.111111,0.166667,0.011236,0,0.017241,0.014368,1,no
0.021084,0.095238,0.010638,0.066667,0,0,0.092593,0.208333,0.019663,0,0.030172,0.030172,1,no
0.069277,0.047619,0.042553,0.133333,0,0.064516,0.148148,0.25,0.023596,0.001183,0.064655,0.023707,1,yes
0.114458,0,0.06383,0.333333,0.007937,0.096774,0.111111,0.166667,0.038764,0.004142,0.116379,0.054598,1,yes
0.021084,0,0.010638,0.066667,0,0.016129,0.12963,0.208333,0.020787,0.001183,0.030172,0.024015,1,no
0.039157,0,0.021277,0.133333,0,0.032258,0.018519,0.041667,0.007303,0,0.056034,0.056034,0,no
0.027108,0.047619,0.021277,0.133333,0,0.048387,0.018519,0.041667,0.005056,0,0.038793,0.038793,0,no
0.039157,0.047619,0.031915,0.2,0,0.048387,0.018519,0.041667,0.007303,0,0.056034,0.056034,0,no
0.027108,0.095238,0.010638,0.066667,0,0.064516,0,0,0,0,0,0,0,no
0.090361,0.190476,0.053191,0.2,0.015873,0.096774,0.037037,0.083333,0.033708,0,0.12931,0.12931,0,yes
0.021084,0.095238,0.010638,0.066667,0,0.032258,0.166667,0.25,0.015169,0.00355,0.030172,0.015805,1,no
0.03012,0.047619,0.031915,0.133333,0,0.032258,0.037037,0.083333,0.011236,0,0.043103,0.043103,1,yes
0.081325,0.142857,0.06383,0.4,0,0.016129,0.037037,0.083333,0.030337,0,0.116379,0.116379,0,yes
0.054217,0,0.042553,0.266667,0,0.048387,0.111111,0.208333,0.032022,0,0.077586,0.040948,1,no
0.03012,0.047619,0.031915,0.066667,0,0.016129,0.092593,0.166667,0.01573,0,0.034483,0.024138,1,yes
0.144578,0.095238,0.085106,0.266667,0.031746,0.258065,0.148148,0.208333,0.094382,0.001183,0.150862,0.091595,1,no
0.048193,0.047619,0.074468,0.066667,0.047619,0.016129,0.074074,0.166667,0.035955,0,0.068966,0.068966,1,no
0.174699,0.047619,0.117021,0.333333,0,0.354839,0.12963,0.25,0.132022,0.001775,0.25,0.146552,1,no
0.087349,0.047619,0.06383,0.333333,0.007937,0.145161,0.074074,0.166667,0.065169,0,0.125,0.125,1,no
0.114458,0.047619,0.074468,0.266667,0,0.16129,0.166667,0.333333,0.082584,0.002367,0.150862,0.072318,1,no
0.078313,0.047619,0.085106,0.266667,0.007937,0.177419,0.203704,0.333333,0.06236,0.004142,0.112069,0.046238,1,no
0.105422,0.095238,0.085106,0.333333,0,0.16129,0.222222,0.333333,0.080899,0.002367,0.137931,0.053161,1,no
0.039157,0.047619,0.021277,0.133333,0,0.064516,0.092593,0.208333,0.036517,0,0.056034,0.056034,1,no
0.186747,0.047619,0.148936,0.266667,0,0.209677,0.166667,0.333333,0.140449,0.002367,0.262931,0.121648,1,no
0.036145,0.047619,0.042553,0.066667,0.031746,0.016129,0.092593,0.208333,0.033708,0,0.051724,0.051724,1,no
0.036145,0.047619,0.074468,0.066667,0.031746,0.016129,0.074074,0.166667,0.026966,0,0.051724,0.051724,1,no
0.060241,0.047619,0.148936,0.066667,0.063492,0.016129,0.074074,0.166667,0.044944,0,0.086207,0.086207,1,no
0.021084,0.047619,0.010638,0.066667,0,0,0.074074,0.166667,0.01573,0,0.030172,0.030172,1,no
0.03012,0.047619,0.021277,0.066667,0,0.016129,0.074074,0.166667,0.022472,0,0.043103,0.043103,1,no
0.036145,0.047619,0.021277,0.133333,0,0.032258,0.074074,0.166667,0.026966,0,0.051724,0.051724,1,no
0.051205,0.190476,0.010638,0.066667,0,0,0.111111,0.25,0.039326,0.001183,0.073276,0.051724,1,no
0.036145,0.047619,0.021277,0.066667,0,0.048387,0.12963,0.25,0.025843,0,0.043103,0.028325,1,no
0.087349,0,0.053191,0.266667,0.007937,0.177419,0.074074,0.166667,0.065169,0,0.125,0.125,1,no
0.048193,0.095238,0.031915,0.133333,0,0.064516,0.12963,0.25,0.03764,0.001775,0.068966,0.043103,1,no
0.027108,0.047619,0.010638,0.066667,0,0.032258,0.074074,0.166667,0.020225,0,0.038793,0.038793,1,no
0.060241,0,0.042553,0.266667,0.007937,0.048387,0.074074,0.166667,0.044944,0,0.086207,0.086207,1,no
0.018072,0,0.010638,0.066667,0,0.016129,0.074074,0.166667,0.013483,0,0.025862,0.025862,1,no
0.021084,0.047619,0.010638,0.066667,0,0.016129,0.074074,0.166667,0.01573,0,0.030172,0.030172,1,no
0.024096,0.142857,0.010638,0.066667,0,0.016129,0.074074,0.166667,0.017978,0,0.034483,0.034483,1,no
0.024096,0.142857,0.010638,0.066667,0,0.016129,0.074074,0.166667,0.017978,0,0.034483,0.034483,1,no
0.018072,0.047619,0.010638,0.066667,0,0.016129,0.074074,0.166667,0.013483,0,0.025862,0.025862,1,no
0.039157,0.047619,0.031915,0.2,0,0.048387,0.092593,0.125,0.036517,0,0.056034,0.056034,1,no
0.042169,0,0.031915,0.2,0,0.016129,0.166667,0.291667,0.03427,0.002959,0.060345,0.031609,1,no
0.024096,0.047619,0.010638,0.066667,0,0.016129,0.074074,0.166667,0.017978,0,0.034483,0.034483,1,no
0.021084,0.047619,0.010638,0.066667,0,0,0.074074,0.166667,0.01573,0,0.030172,0.030172,1,no
0.036145,0.047619,0.021277,0.133333,0,0.048387,0.111111,0.25,0.021348,0,0.030172,0.027299,1,no
0.018072,0,0.010638,0.066667,0,0.016129,0.074074,0.166667,0.013483,0,0.025862,0.025862,1,no
0.021084,0.047619,0.010638,0.066667,0,0,0.074074,0.166667,0.01573,0,0.030172,0.030172,1,no
0.036145,0.047619,0.021277,0.133333,0,0.048387,0.111111,0.25,0.021348,0,0.030172,0.027299,1,no
0.11747,0,0.074468,0.2,0.007937,0.225806,0.074074,0.166667,0.08764,0,0.168103,0.168103,1,no
0.024096,0.047619,0.021277,0.133333,0,0.016129,0.037037,0.083333,0.008989,0,0.034483,0.034483,1,no
0.066265,0,0.053191,0.2,0.007937,0.064516,0.074074,0.166667,0.049438,0,0.094828,0.094828,1,no
0.153614,0.142857,0.06383,0.066667,0,0.209677,0.296296,0.458333,0.121348,0.007101,0.219828,0.061422,1,no
0.036145,0,0.021277,0.066667,0,0.064516,0.074074,0.166667,0.017978,0,0.034483,0.034483,1,no
0.024096,0,0.010638,0.066667,0,0.048387,0.074074,0.166667,0.017978,0,0.034483,0.034483,1,no
0.054217,0.190476,0.031915,0.066667,0.007937,0.096774,0.037037,0.083333,0.020225,0,0.077586,0.077586,0,no
0.10241,0.190476,0.042553,0.133333,0.031746,0.145161,0.203704,0.375,0.07809,0.001775,0.142241,0.055643,1,no
0.054217,0.142857,0.031915,0.133333,0,0.048387,0.074074,0.166667,0.040449,0,0.077586,0.077586,1,no
0.021084,0.190476,0.010638,0.066667,0,0.016129,0.074074,0.166667,0.01573,0,0.030172,0.030172,1,no
0.036145,0.190476,0.010638,0.066667,0,0.064516,0.074074,0.166667,0.026966,0,0.051724,0.051724,1,no
0.024096,0.190476,0.010638,0.066667,0.015873,0.016129,0.037037,0.083333,0.008989,0,0.034483,0.034483,0,no
0.021084,0.095238,0.010638,0.066667,0,0,0.092593,0.208333,0.016292,0.000592,0.030172,0.025862,1,no
0.177711,0,0.085106,0.266667,0.015873,0.258065,0.259259,0.416667,0.139326,0.002367,0.237069,0.077586,1,no
0.027108,0.047619,0.021277,0.133333,0,0.016129,0.074074,0.166667,0.020225,0,0.038793,0.038793,1,no
0.021084,0.095238,0.010638,0.066667,0.015873,0.016129,0.074074,0.166667,0.01573,0,0.030172,0.030172,1,no
0.024096,0.142857,0.010638,0.066667,0,0.016129,0.074074,0.166667,0.017978,0,0.034483,0.034483,1,no
0.03012,0.047619,0.021277,0.066667,0,0.016129,0.074074,0.166667,0.022472,0,0.043103,0.043103,1,no
0.021084,0,0.010638,0.066667,0,0,0.074074,0.166667,0.01573,0,0.030172,0.030172,1,no
0.192771,0.333333,0.074468,0.2,0.063492,0.112903,0.074074,0.166667,0.108427,0.000592,0.275862,0.209052,0,no
0.024096,0.047619,0.010638,0.066667,0,0,0.074074,0.166667,0.017978,0,0.034483,0.034483,1,no
0.036145,0,0.010638,0.066667,0,0.032258,0.092593,0.208333,0.027528,0.000592,0.051724,0.043103,1,no
0.060241,0.047619,0.031915,0.133333,0.007937,0,0.259259,0.375,0.048876,0.001183,0.051724,0.027401,1,no
0.162651,0,0.117021,0.266667,0.015873,0.145161,0.62963,0.708333,0.136517,0.008284,0.202586,0.032581,1,no
0.021084,0,0.010638,0.066667,0,0,0.074074,0.166667,0.01573,0,0.030172,0.030172,1,no
0.108434,0.047619,0.095745,0.266667,0.007937,0.064516,0.12963,0.291667,0.082584,0.001775,0.155172,0.092365,1,no
0.03012,0.380952,0.010638,0.066667,0,0.064516,0.037037,0.083333,0.011236,0,0.043103,0.043103,0,no
0.021084,0.047619,0.010638,0.066667,0,0,0.074074,0.166667,0.01573,0,0.030172,0.030172,1,no
0.01506,0,0.010638,0.066667,0,0.016129,0.074074,0.166667,0.011236,0,0.021552,0.021552,1,no
0.021084,0.047619,0.010638,0.066667,0,0.016129,0.074074,0.166667,0.01573,0,0.030172,0.030172,1,no
0.024096,0.095238,0.010638,0.066667,0,0.032258,0.074074,0.166667,0.017978,0,0.034483,0.034483,1,no
0.024096,0.047619,0.010638,0.066667,0,0.016129,0.111111,0.25,0.019101,0.001183,0.034483,0.025862,1,no
0.021084,0,0.010638,0.066667,0,0,0.074074,0.166667,0.01573,0,0.030172,0.030172,1,no
0.090361,0,0.053191,0.2,0.039683,0.16129,0.185185,0.333333,0.066854,0.001775,0.112069,0.052586,1,no
0.027108,0.047619,0.010638,0.066667,0,0,0.074074,0.166667,0.020225,0,0.038793,0.038793,1,no
0.024096,0.047619,0.010638,0.066667,0,0.048387,0.111111,0.25,0.019101,0.001183,0.034483,0.025862,1,no
0.033133,0.047619,0.021277,0.133333,0.007937,0,0.074074,0.166667,0.024719,0,0.047414,0.047414,1,no
0.033133,0.047619,0.021277,0.133333,0.007937,0.016129,0.12963,0.25,0.026404,0.001775,0.047414,0.030788,1,no
0.033133,0.095238,0.021277,0.133333,0,0,0.074074,0.166667,0.024719,0,0.047414,0.047414,1,no
0.042169,0.142857,0.031915,0.133333,0,0,0.148148,0.333333,0.029775,0.000592,0.043103,0.029095,1,no
0.138554,0.047619,0.074468,0.266667,0.007937,0.080645,0.037037,0.041667,0.051685,0,0.198276,0.198276,1,no
0.03012,0.095238,0.010638,0.066667,0,0,0.074074,0.166667,0.022472,0,0.043103,0.043103,1,no
0.024096,0.047619,0.010638,0.066667,0.007937,0,0.092593,0.208333,0.022472,0,0.034483,0.034483,1,no
0.024096,0.047619,0.010638,0.066667,0.007937,0,0.092593,0.208333,0.022472,0,0.034483,0.034483,1,no
0.03012,0.047619,0.021277,0.066667,0,0.016129,0.074074,0.166667,0.022472,0,0.043103,0.043103,1,no
0.021084,0,0.010638,0.066667,0,0.032258,0.074074,0.166667,0.01573,0,0.030172,0.030172,1,no
0.027108,0.095238,0.021277,0.066667,0,0,0.074074,0.166667,0.020225,0,0.038793,0.038793,1,no
0.01506,0.047619,0.010638,0.066667,0.007937,0,0.074074,0.166667,0.011236,0,0.021552,0.021552,1,no
0.129518,0.238095,0.053191,0.133333,0.007937,0.129032,0.074074,0.125,0.096629,0,0.185345,0.185345,0,no
0.048193,0.238095,0.031915,0.133333,0,0.032258,0.074074,0.125,0.035955,0,0.068966,0.068966,0,no
0.057229,0.190476,0.021277,0.133333,0.015873,0.016129,0.074074,0.166667,0.042697,0,0.081897,0.081897,1,no
0.01506,0.047619,0.010638,0.066667,0.007937,0.032258,0.074074,0.166667,0.011236,0,0.021552,0.021552,1,no
0.069277,0.190476,0.053191,0.266667,0.007937,0.096774,0.148148,0.291667,0.053933,0.002367,0.099138,0.053879,1,no
0.105422,0.095238,0.074468,0.2,0.015873,0.145161,0.166667,0.291667,0.078652,0,0.103448,0.06705,1,no
0.03012,0.142857,0.010638,0.066667,0,0,0.074074,0.166667,0.022472,0,0.043103,0.043103,1,no
0.024096,0.047619,0.021277,0.133333,0.007937,0.016129,0.074074,0.166667,0.017978,0,0.034483,0.034483,1,no
0.036145,0,0.021277,0.133333,0.007937,0.016129,0.074074,0.166667,0.026966,0,0.051724,0.051724,1,no
0.063253,0.047619,0.031915,0.066667,0.02381,0.016129,0.185185,0.375,0.073034,0.002367,0.090517,0.057759,1,no
0.033133,0,0.021277,0.133333,0.007937,0.016129,0.166667,0.375,0.038764,0.001775,0.047414,0.034483,1,no
0.048193,0.047619,0.021277,0.133333,0.015873,0.064516,0.111111,0.25,0.053933,0,0.068966,0.068966,1,no
0.033133,0,0.031915,0.066667,0,0,0.111111,0.25,0.037079,0,0.047414,0.047414,1,no
0.078313,0,0.085106,0.066667,0,0,0.111111,0.25,0.08764,0,0.112069,0.112069,1,no
0.066265,0.238095,0.042553,0.2,0.015873,0.048387,0.111111,0.25,0.074157,0,0.094828,0.094828,1,no
0.054217,0.047619,0.021277,0.133333,0.015873,0.064516,0.111111,0.25,0.060674,0,0.077586,0.077586,1,no
0.036145,0.190476,0.021277,0.066667,0,0,0.12963,0.25,0.041573,0.001183,0.060345,0.046798,1,no
0.018072,0,0.010638,0.066667,0,0,0.111111,0.25,0.020225,0,0.025862,0.025862,1,no
0.018072,0,0.010638,0.066667,0,0,0.111111,0.25,0.020225,0,0.025862,0.025862,1,no
0.036145,0.047619,0.074468,0.066667,0.031746,0.016129,0.111111,0.25,0.040449,0,0.051724,0.051724,1,no
0.069277,0.047619,0.053191,0.066667,0,0.048387,0.185185,0.375,0.079775,0.002367,0.099138,0.062931,1,no
0.10241,0,0.085106,0.266667,0.02381,0.112903,0.185185,0.375,0.116854,0.002367,0.150862,0.091379,1,no
0.018072,0.095238,0.010638,0.066667,0,0,0.111111,0.25,0.020225,0,0.025862,0.025862,1,no
0.039157,0.047619,0.031915,0.2,0,0.080645,0.12963,0.25,0.044382,0.000592,0.056034,0.049261,1,no
0.048193,0.142857,0.021277,0.133333,0.015873,0.032258,0.12963,0.25,0.054494,0.000592,0.068966,0.060345,1,no
0.054217,0.047619,0.031915,0.133333,0,0.048387,0.185185,0.375,0.062921,0.002367,0.077586,0.05,1,no
0.11747,0.047619,0.095745,0.333333,0.031746,0.080645,0.203704,0.375,0.13427,0.002959,0.168103,0.095611,1,no
0.10241,0,0.074468,0.266667,0.031746,0.080645,0.203704,0.375,0.117416,0.002959,0.146552,0.083856,1,no
0.042169,0,0.031915,0.066667,0,0.064516,0.166667,0.375,0.048876,0.001775,0.060345,0.043103,1,no
0.051205,0.095238,0.010638,0.066667,0.02381,0.032258,0.12963,0.25,0.057865,0.000592,0.073276,0.064039,1,no
0.036145,0,0.031915,0.2,0.007937,0.048387,0.12963,0.25,0.041011,0.000592,0.051724,0.045567,1,no
0.108434,0.047619,0.085106,0.2,0.02381,0.032258,0.12963,0.25,0.12191,0.000592,0.155172,0.134236,1,no
0.024096,0.047619,0.010638,0.066667,0.007937,0.016129,0.148148,0.25,0.02809,0.001183,0.034483,0.028017,1,no
0.03012,0.047619,0.021277,0.066667,0.015873,0.048387,0.148148,0.25,0.034831,0.001183,0.043103,0.034483,1,no
0.01506,0,0.010638,0.066667,0,0.016129,0.111111,0.25,0.016854,0,0.021552,0.021552,1,no
0.03012,0,0.021277,0.133333,0,0.032258,0.111111,0.25,0.033708,0,0.043103,0.043103,1,no
0.039157,0.142857,0.021277,0.133333,0.007937,0.032258,0.111111,0.25,0.04382,0,0.056034,0.056034,1,no
0.036145,0.095238,0.021277,0.066667,0.007937,0.016129,0.111111,0.25,0.040449,0,0.051724,0.051724,1,no
0.048193,0.095238,0.031915,0.133333,0,0.048387,0.166667,0.333333,0.055618,0.001775,0.068966,0.048851,1,no
0.01506,0.095238,0.010638,0.066667,0.007937,0,0.111111,0.25,0.016854,0,0.021552,0.021552,1,no
0.01506,0.095238,0.010638,0.066667,0.007937,0,0.111111,0.25,0.016854,0,0.021552,0.021552,1,no
0.039157,0,0.021277,0.066667,0,0,0.111111,0.25,0.04382,0,0.056034,0.056034,1,no
0.036145,0.142857,0.031915,0.066667,0.015873,0.016129,0.12963,0.25,0.047191,0,0.051724,0.051724,0,no
0.051205,0,0.010638,0.066667,0,0.096774,0.12963,0.25,0.066854,0,0.073276,0.073276,0,no
0.039157,0.047619,0.031915,0.133333,0,0,0.314815,0.333333,0.096629,0.059172,0.099138,0.068966,1,no
0.024096,0,0.010638,0.066667,0,0.048387,0.092593,0.166667,0.022472,0,0.034483,0.034483,1,no
0.051205,0.047619,0.031915,0.133333,0,0.064516,0.074074,0.125,0.019101,0,0.060345,0.036638,1,no
0.042169,0.047619,0.021277,0.066667,0,0.032258,0.222222,0.291667,0.053933,0.001183,0.047414,0.035201,1,no
0.021084,0.095238,0.010638,0.066667,0,0.016129,0.055556,0.125,0.011798,0,0.030172,0.030172,0,no
0.033133,0.190476,0.021277,0.066667,0,0.016129,0.055556,0.125,0.018539,0,0.047414,0.047414,0,no
0.036145,0.047619,0.021277,0.133333,0,0.032258,0.055556,0.125,0.020225,0,0.051724,0.051724,0,no
0.039157,0.095238,0.021277,0.133333,0,0.048387,0.037037,0.083333,0.014607,0,0.056034,0.056034,0,no
0.021084,0.047619,0.010638,0.066667,0,0.032258,0.148148,0.208333,0.031461,0,0.030172,0.030172,1,no
0.021084,0.047619,0.010638,0.066667,0,0.032258,0.148148,0.208333,0.031461,0,0.030172,0.030172,1,no
0.054217,0.047619,0.031915,0.2,0,0.064516,0.037037,0.083333,0.020225,0,0.077586,0.077586,0,no
0.045181,0.095238,0.021277,0.133333,0,0.080645,0.037037,0.083333,0.016854,0,0.064655,0.064655,0,no
0.03012,0.095238,0.021277,0.066667,0,0,0.037037,0.083333,0.011236,0,0.043103,0.043103,0,no
0.063253,0.190476,0.053191,0.066667,0,0.032258,0.037037,0.083333,0.023596,0,0.090517,0.090517,0,no
0.045181,0.047619,0.021277,0.133333,0,0.080645,0.037037,0.083333,0.016854,0,0.064655,0.064655,0,no
0.039157,0.095238,0.021277,0.066667,0,0.048387,0.259259,0.291667,0.04382,0.002367,0.034483,0.025246,1,no
0.01506,0.142857,0.010638,0.066667,0,0.016129,0.037037,0.083333,0.005618,0,0.021552,0.021552,0,no
0.033133,0.142857,0.010638,0.066667,0,0,0,0,0,0,0,0,0,no
0.033133,0.047619,0.010638,0.066667,0,0.016129,0,0,0,0,0,0,0,no
0.018072,0.047619,0.010638,0.066667,0,0,0,0,0,0,0,0,0,no
0.018072,0.047619,0.010638,0.066667,0,0,0,0,0,0,0,0,0,no
0.081325,0.142857,0.021277,0.066667,0.02381,0.048387,0,0,0,0,0,0,0,no
0.051205,0.047619,0.042553,0.066667,0,0.016129,0,0,0,0,0,0,0,no
0.03012,0.095238,0.021277,0.066667,0.02381,0.032258,0,0,0,0,0,0,0,no
0.039157,0.047619,0.031915,0.066667,0,0.016129,0,0,0,0,0,0,0,no
0.060241,0,0.031915,0.133333,0,0.096774,0,0,0,0,0,0,0,no
0.021084,0.047619,0.010638,0.066667,0,0,0,0,0,0,0,0,0,no
0.021084,0,0.010638,0.066667,0,0,0,0,0,0,0,0,0,no
0.03012,0,0.010638,0.066667,0,0.032258,0,0,0,0,0,0,0,no
0.024096,0.142857,0.010638,0.066667,0.007937,0,0,0,0,0,0,0,0,no
0.042169,0.142857,0.010638,0.066667,0,0,0,0,0,0,0,0,0,no
0.021084,0,0.010638,0.066667,0,0,0,0,0,0,0,0,0,no
0.027108,0.095238,0.010638,0.066667,0.007937,0.016129,0,0,0,0,0,0,0,no
0.03012,0.095238,0.010638,0.066667,0,0,0,0,0,0,0,0,0,no
0.027108,0.190476,0.010638,0.066667,0,0,0.074074,0.166667,0.020225,0,0.038793,0.038793,1,no
0.042169,0.047619,0.053191,0.066667,0.047619,0.016129,0.074074,0.166667,0.031461,0,0.060345,0.060345,1,no
0.13253,0.047619,0.106383,0.4,0.007937,0.129032,0.074074,0.166667,0.098876,0,0.189655,0.189655,1,no
0.021084,0.047619,0.010638,0.066667,0,0.032258,0.148148,0.25,0.017978,0.002367,0.030172,0.019397,1,no
0.042169,0.047619,0.053191,0.066667,0.039683,0.016129,0.074074,0.166667,0.031461,0,0.060345,0.060345,1,no
0.03012,0.047619,0.031915,0.066667,0.02381,0.016129,0.074074,0.166667,0.022472,0,0.043103,0.043103,1,no
0.03012,0.047619,0.031915,0.066667,0.02381,0.016129,0.074074,0.166667,0.022472,0,0.043103,0.043103,1,no
0.036145,0.047619,0.042553,0.066667,0.031746,0.016129,0.074074,0.166667,0.026966,0,0.051724,0.051724,1,no
0.042169,0,0.031915,0.066667,0.007937,0.032258,0.074074,0.166667,0.031461,0,0.060345,0.060345,1,no
0.057229,0.095238,0.042553,0.2,0.007937,0.080645,0.148148,0.25,0.044944,0.002367,0.081897,0.045259,1,no
0.018072,0.047619,0.010638,0.066667,0,0.016129,0.055556,0.125,0.010112,0,0.025862,0.025862,0,no
0.051205,0.047619,0.031915,0.2,0,0.032258,0.037037,0.041667,0.019101,0,0.073276,0.073276,1,no
0.036145,0.095238,0.021277,0.066667,0,0.080645,0.092593,0.166667,0.021348,0.001183,0.051724,0.034483,0,no
0.021084,0.047619,0.010638,0.066667,0,0,0.055556,0.125,0.011798,0,0.030172,0.030172,0,no
0.021084,0.047619,0.010638,0.066667,0,0,0.055556,0.125,0.011798,0,0.030172,0.030172,0,no
0.021084,0.095238,0.010638,0.066667,0,0,0.037037,0.083333,0.007865,0,0.030172,0.030172,1,no
0.021084,0.095238,0.010638,0.066667,0,0,0.055556,0.125,0.011798,0,0.030172,0.030172,0,no
0.021084,0.095238,0.010638,0.066667,0,0,0.055556,0.125,0.011798,0,0.030172,0.030172,0,no
0.021084,0.142857,0.010638,0.066667,0,0,0.037037,0.083333,0.007865,0,0.030172,0.030172,1,no
0.027108,0.047619,0.010638,0.066667,0,0.032258,0.055556,0.125,0.015169,0,0.038793,0.038793,0,no
0.027108,0.047619,0.010638,0.066667,0,0.032258,0.055556,0.125,0.015169,0,0.038793,0.038793,0,no
0.048193,0.047619,0.031915,0.066667,0,0.112903,0.055556,0.125,0.026966,0,0.068966,0.068966,0,no
0.027108,0.095238,0.010638,0.066667,0,0,0.037037,0.083333,0.010112,0,0.038793,0.038793,1,no
0.021084,0,0.010638,0.066667,0,0,0.037037,0.083333,0.007865,0,0.030172,0.030172,1,no
0.021084,0,0.010638,0.066667,0,0,0.037037,0.083333,0.007865,0,0.030172,0.030172,1,no
0.03012,0.142857,0.021277,0.133333,0,0,0.203704,0.291667,0.061798,0,0.043103,0.043103,1,no
0.03012,0.095238,0.010638,0.066667,0,0.016129,0.092593,0.166667,0.02809,0,0.043103,0.043103,1,no
0.120482,0.047619,0.095745,0.133333,0.015873,0.064516,0.037037,0.041667,0.044944,0,0.172414,0.172414,1,no
0.129518,0.047619,0.106383,0.133333,0,0.080645,0.037037,0.041667,0.048315,0,0.185345,0.185345,1,no
0.135542,0.047619,0.106383,0.2,0,0.096774,0.037037,0.041667,0.050562,0,0.193966,0.193966,1,no
0.021084,0,0.010638,0.066667,0,0.032258,0.166667,0.333333,0.015169,0.00355,0.030172,0.015805,1,no
0.021084,0,0.010638,0.066667,0,0,0.148148,0.291667,0.016292,0,0.017241,0.015625,1,no
0.03012,0.047619,0.021277,0.066667,0,0,0.166667,0.208333,0.016854,0.017751,0.043103,0.028736,1,no
0.021084,0,0.010638,0.066667,0,0,0.037037,0.041667,0.007865,0,0.030172,0.030172,0,no
0.03012,0.047619,0.021277,0.066667,0,0,0.037037,0.041667,0.011236,0,0.043103,0.043103,0,no
0.027108,0.095238,0.021277,0.133333,0,0,0.240741,0.416667,0.043258,0.002959,0.038793,0.027188,1,no
0.042169,0,0.010638,0.133333,0,0.016129,0.166667,0.25,0.03427,0.002959,0.060345,0.031609,1,no
0.105422,0.047619,0.053191,0.266667,0,0.096774,0.203704,0.291667,0.054494,0.001775,0.081897,0.039185,1,no
0.072289,0.047619,0.031915,0.2,0,0.064516,0.203704,0.291667,0.061236,0.010651,0.103448,0.049765,1,no
0.051205,0,0.010638,0.133333,0,0.032258,0.166667,0.25,0.03764,0.001775,0.064655,0.033525,1,no
0.042169,0,0.010638,0.133333,0,0.016129,0.12963,0.208333,0.032584,0.001183,0.060345,0.036946,1,no
0.024096,0.047619,0.010638,0.066667,0,0.032258,0.111111,0.208333,0.019101,0.001183,0.034483,0.025862,1,no
0.084337,0.047619,0.042553,0.266667,0,0.048387,0.296296,0.375,0.070225,0.004734,0.099138,0.03583,1,no
0.078313,0,0.031915,0.133333,0,0.032258,0.185185,0.25,0.061236,0.002959,0.112069,0.049138,1,no
0.042169,0.047619,0.042553,0.133333,0,0.032258,0.074074,0.166667,0.031461,0,0.060345,0.060345,1,no
0.024096,0.047619,0.021277,0.133333,0,0.016129,0.092593,0.166667,0.019663,0.001775,0.047414,0.032759,1,no
0.042169,0,0.010638,0.133333,0,0.048387,0.074074,0.041667,0.016854,0.001183,0.060345,0.034483,1,no
0.036145,0.142857,0.021277,0.133333,0,0.032258,0.055556,0.083333,0.020225,0,0.051724,0.051724,0,no
0.036145,0.190476,0.021277,0.066667,0,0.032258,0.055556,0.083333,0.020225,0,0.051724,0.051724,0,no
0.039157,0.047619,0.010638,0.066667,0,0.048387,0.166667,0.25,0.032022,0.002959,0.056034,0.029693,1,no
0.036145,0.142857,0.021277,0.133333,0,0.032258,0.055556,0.083333,0.020225,0,0.051724,0.051724,0,no
0.024096,0.142857,0.010638,0.066667,0,0,0.148148,0.25,0.020225,0.002367,0.034483,0.021552,1,no
0.021084,0.047619,0.010638,0.066667,0,0.032258,0.12963,0.291667,0.027528,0,0.030172,0.030172,0,no
0.033133,0.095238,0.021277,0.133333,0,0.032258,0.12963,0.291667,0.043258,0,0.047414,0.047414,0,no
0.024096,0.047619,0.010638,0.066667,0.007937,0.032258,0.12963,0.291667,0.031461,0,0.034483,0.034483,0,no
0.036145,0.095238,0.021277,0.066667,0.007937,0.064516,0.12963,0.291667,0.047191,0,0.051724,0.051724,0,no
0.036145,0.095238,0.021277,0.066667,0,0.080645,0.12963,0.291667,0.047191,0,0.051724,0.051724,0,no
0.01506,0.142857,0.010638,0.066667,0,0.016129,0.12963,0.291667,0.019663,0,0.021552,0.021552,0,no
0.021084,0.047619,0.010638,0.066667,0,0,0.12963,0.291667,0.027528,0,0.030172,0.030172,0,no
0.027108,0.142857,0.010638,0.066667,0,0.064516,0.12963,0.291667,0.035393,0,0.038793,0.038793,0,no
0.01506,0.047619,0.010638,0.066667,0.007937,0,0.12963,0.291667,0.019663,0,0.021552,0.021552,0,no
0.051205,0.047619,0.042553,0.133333,0.007937,0.080645,0.148148,0.291667,0.066854,0,0.073276,0.064116,0,no
0.066265,0.047619,0.06383,0.2,0,0.032258,0.166667,0.333333,0.082584,0,0.094828,0.070402,0,no
0.048193,0.142857,0.031915,0.133333,0,0,0.296296,0.458333,0.093258,0.00355,0.068966,0.046336,1,no
0.048193,0.190476,0.031915,0.2,0,0.064516,0.240741,0.333333,0.1,0.001183,0.068966,0.059682,1,no
0.072289,0.095238,0.053191,0.2,0,0.048387,0.203704,0.333333,0.096629,0.002367,0.103448,0.068966,0,no
0.093373,0.095238,0.074468,0.266667,0,0.064516,0.12963,0.291667,0.12191,0,0.133621,0.133621,0,no
0.027108,0.047619,0.010638,0.066667,0,0.048387,0.12963,0.291667,0.035393,0,0.038793,0.038793,0,no
0.060241,0.047619,0.042553,0.133333,0.007937,0.048387,0.148148,0.291667,0.078652,0,0.086207,0.075431,0,no
0.096386,0.047619,0.074468,0.266667,0,0.080645,0.166667,0.333333,0.120225,0,0.137931,0.10249,0,no
0.048193,0.142857,0.031915,0.133333,0,0,0.296296,0.458333,0.093258,0.00355,0.068966,0.046336,1,no
0.048193,0.190476,0.031915,0.2,0,0.064516,0.222222,0.25,0.09382,0.004142,0.068966,0.0625,1,no
0.069277,0.095238,0.042553,0.133333,0.007937,0.048387,0.203704,0.333333,0.092697,0.002367,0.099138,0.066223,0,no
0.099398,0.095238,0.074468,0.266667,0,0.080645,0.12963,0.291667,0.129775,0,0.142241,0.142241,0,no
0.018072,0.047619,0.010638,0.066667,0.007937,0,0.037037,0.041667,0.006742,0,0.025862,0.025862,0,no
0.057229,0.142857,0.021277,0.133333,0,0.080645,0.055556,0.041667,0.02191,0.000592,0.081897,0.057471,0,no
0.033133,0.047619,0.021277,0.066667,0,0.016129,0.055556,0.041667,0.012921,0.000592,0.047414,0.034483,0,no
0.03012,0,0.021277,0.133333,0,0.064516,0.055556,0.041667,0.011798,0.000592,0.043103,0.031609,0,no
0.090361,0.095238,0.053191,0.066667,0.007937,0.048387,0.055556,0.125,0.050562,0,0.12931,0.12931,0,no
0.033133,0.047619,0.010638,0.066667,0.007937,0.048387,0.055556,0.125,0.018539,0,0.047414,0.047414,0,no
0.036145,0.095238,0.010638,0.066667,0,0.064516,0.055556,0.125,0.020225,0,0.051724,0.051724,0,no
0.024096,0,0.010638,0.066667,0,0,0.055556,0.125,0.013483,0,0.034483,0.034483,0,no
0.105422,0.047619,0.042553,0.2,0.007937,0.080645,0.055556,0.125,0.058989,0,0.150862,0.150862,0,no
0.051205,0.142857,0.021277,0.133333,0,0,0.055556,0.125,0.028652,0,0.073276,0.073276,0,no
0.018072,0.047619,0.010638,0.066667,0,0,0.055556,0.125,0.010112,0,0.025862,0.025862,0,no
0.021084,0.047619,0.010638,0.066667,0.007937,0.016129,0.037037,0.041667,0.007865,0,0.030172,0.030172,0,no
0.024096,0.047619,0.010638,0.066667,0,0,0.037037,0.041667,0.008989,0,0.034483,0.034483,0,no
0.024096,0.047619,0.010638,0.066667,0,0,0.037037,0.041667,0.008989,0,0.034483,0.034483,0,no
0.099398,0,0.042553,0.133333,0,0.016129,0.055556,0.125,0.055618,0,0.142241,0.142241,0,no
0.024096,0,0.010638,0.066667,0,0,0.055556,0.125,0.013483,0,0.034483,0.034483,0,no
0.048193,0,0.031915,0.066667,0,0.032258,0.055556,0.125,0.026966,0,0.068966,0.068966,0,no
0.042169,0.142857,0.010638,0.066667,0,0.048387,0.055556,0.125,0.023596,0,0.060345,0.060345,0,no
0.042169,0.047619,0.031915,0.133333,0,0.048387,0.055556,0.125,0.023596,0,0.060345,0.060345,0,no
0.021084,0.095238,0.010638,0.066667,0,0,0.055556,0.125,0.011798,0,0.030172,0.030172,0,no
0.021084,0.095238,0.010638,0.066667,0,0,0.055556,0.125,0.011798,0,0.030172,0.030172,0,no
0.024096,0.095238,0.010638,0.066667,0,0.032258,0.037037,0.041667,0.008989,0,0.034483,0.034483,0,no
0.024096,0.047619,0.010638,0.066667,0,0.016129,0.092593,0.166667,0.010674,0.001775,0.034483,0.018966,0,no
0.03012,0,0.010638,0.066667,0,0,0.055556,0.125,0.016854,0,0.043103,0.043103,0,no
0.057229,0.095238,0.031915,0.2,0.007937,0.096774,0.055556,0.125,0.032022,0,0.081897,0.081897,0,no
0.045181,0.047619,0.031915,0.133333,0,0.016129,0.314815,0.541667,0.084831,0.004142,0.064655,0.040061,1,no
0.018072,0,0.010638,0.066667,0,0.032258,0.203704,0.416667,0.037079,0,0.025862,0.025862,0,no
0.027108,0.095238,0.010638,0.066667,0,0.016129,0.222222,0.416667,0.056742,0.001183,0.047414,0.036997,0,no
0.01506,0.047619,0.010638,0.066667,0,0.016129,0.203704,0.416667,0.030899,0,0.021552,0.021552,0,no
0.018072,0,0.010638,0.066667,0,0,0.166667,0.208333,0.015169,0.005325,0.043103,0.017241,1,no
0.027108,0.047619,0.010638,0.066667,0,0.016129,0.037037,0.041667,0.010112,0,0.038793,0.038793,1,no
0.018072,0.047619,0.010638,0.066667,0,0,0.203704,0.375,0.03427,0.000592,0.025862,0.024295,0,no
0.021084,0.142857,0.010638,0.066667,0,0.032258,0.203704,0.375,0.039888,0.000592,0.030172,0.028213,0,no
0.051205,0.047619,0.031915,0.2,0,0.064516,0.203704,0.375,0.096067,0.000592,0.073276,0.067398,0,no
0.03012,0.047619,0.010638,0.066667,0,0.048387,0.203704,0.375,0.05618,0,0.043103,0.039185,0,no
0.021084,0.047619,0.010638,0.066667,0.007937,0.016129,0.203704,0.375,0.039888,0.000592,0.034483,0.028213,0,no
0.027108,0.047619,0.010638,0.066667,0,0.032258,0.203704,0.375,0.050562,0,0.038793,0.035266,0,no
0.03012,0.047619,0.010638,0.066667,0,0.032258,0.185185,0.375,0.05618,0,0.043103,0.043103,0,no
0.027108,0.047619,0.010638,0.066667,0,0.016129,0.185185,0.375,0.050562,0,0.038793,0.038793,0,no
0.027108,0.047619,0.010638,0.066667,0,0.048387,0.185185,0.375,0.050562,0,0.038793,0.038793,0,no
0.024096,0.095238,0.010638,0.066667,0,0.016129,0.185185,0.375,0.044944,0,0.034483,0.034483,0,no
0.024096,0.047619,0.010638,0.066667,0,0,0.185185,0.375,0.044944,0,0.034483,0.034483,0,no
0.024096,0,0.010638,0.066667,0,0.016129,0.203704,0.375,0.045506,0.000592,0.038793,0.032132,0,no
0.027108,0.095238,0.021277,0.133333,0,0.048387,0.185185,0.375,0.050562,0,0.038793,0.038793,0,no
0.027108,0,0.010638,0.066667,0,0.048387,0.203704,0.375,0.051124,0.000592,0.038793,0.03605,0,no
0.036145,0.047619,0.031915,0.2,0,0.032258,0.203704,0.375,0.067978,0.000592,0.051724,0.047806,0,no
0.03012,0.095238,0.021277,0.133333,0,0.032258,0.185185,0.375,0.05618,0,0.043103,0.043103,0,no
0.033133,0.047619,0.031915,0.133333,0,0.016129,0.203704,0.375,0.06236,0.000592,0.047414,0.043887,0,no
0.060241,0.095238,0.06383,0.2,0,0,0.203704,0.375,0.11236,0,0.086207,0.07837,0,no
0.033133,0.047619,0.010638,0.066667,0,0.032258,0.185185,0.375,0.061798,0,0.047414,0.047414,0,no
0.063253,0.047619,0.010638,0.066667,0,0.048387,0,0,0,0,0,0,0,no
0.033133,0,0.021277,0.133333,0.02381,0.064516,0,0,0,0,0,0,0,no
0.060241,0.047619,0.042553,0.133333,0,0.064516,0,0,0,0,0,0,0,no
0.13253,0.047619,0.074468,0.2,0,0.16129,0.037037,0.083333,0,0.03787,0.137931,0.137931,0,no
0.060241,0.142857,0.053191,0.266667,0,0.096774,0,0,0,0,0,0,0,no
0.021084,0.047619,0.010638,0.066667,0.007937,0.048387,0,0,0,0,0,0,0,no
0.027108,0.047619,0.021277,0.133333,0,0.048387,0,0,0,0,0,0,0,no
0.036145,0.095238,0.010638,0.066667,0,0.064516,0,0,0,0,0,0,0,no
0.072289,0.095238,0.031915,0.133333,0.007937,0.080645,0,0,0,0,0,0,0,no
0.060241,0.095238,0.053191,0.2,0,0.048387,0.037037,0.083333,0.014607,0,0.056034,0.056034,0,no
0.225904,0.095238,0.244681,0.4,0.007937,0.129032,0.037037,0.083333,0.01573,0,0.060345,0.060345,0,no
0.063253,0.047619,0.021277,0.066667,0,0.064516,0,0,0,0,0,0,0,no
0.096386,0.095238,0.095745,0.466667,0.007937,0.064516,0,0,0,0,0,0,0,no
0.072289,0.095238,0.042553,0.2,0.007937,0.096774,0,0,0,0,0,0,0,no
0.087349,0.142857,0.053191,0.2,0.015873,0.096774,0,0,0,0,0,0,0,no
0.078313,0.095238,0.074468,0.133333,0.015873,0.080645,0,0,0,0,0,0,0,no
0.036145,0.142857,0.021277,0.133333,0.015873,0.064516,0,0,0,0,0,0,0,no
0.195783,0.095238,0.159574,0.533333,0.007937,0.16129,0,0,0,0,0,0,0,no
0.075301,0.142857,0.053191,0.133333,0.007937,0.129032,0,0,0,0,0,0,0,no
0.060241,0.095238,0.042553,0.266667,0,0.080645,0,0,0,0,0,0,0,no
0.060241,0.047619,0.042553,0.266667,0,0.048387,0,0,0,0,0,0,0,no
0.060241,0.047619,0.042553,0.266667,0,0.048387,0,0,0,0,0,0,0,no
0.018072,0.047619,0.010638,0.066667,0,0,0,0,0,0,0,0,0,no
0.018072,0.047619,0.010638,0.066667,0,0,0,0,0,0,0,0,0,no
0.03012,0.095238,0.021277,0.133333,0,0.032258,0,0,0,0,0,0,0,no
0.03012,0.095238,0.021277,0.133333,0,0.032258,0,0,0,0,0,0,0,no
0.03012,0.095238,0.021277,0.133333,0,0.032258,0,0,0,0,0,0,0,no
0.018072,0.047619,0.010638,0.066667,0,0.016129,0,0,0,0,0,0,0,no
0.018072,0.047619,0.010638,0.066667,0,0.016129,0,0,0,0,0,0,0,no
0.021084,0.095238,0.010638,0.066667,0,0,0,0,0,0,0,0,0,no
0.018072,0.047619,0.010638,0.066667,0,0.016129,0,0,0,0,0,0,0,no
0.039157,0,0.021277,0.066667,0.055556,0.064516,0,0,0,0,0,0,0,no
0.093373,0.190476,0.053191,0.2,0,0.129032,0.055556,0.125,0.001685,0,0.00431,0.00431,0,no
0.048193,0.238095,0.031915,0.066667,0,0.032258,0,0,0,0,0,0,0,no
0.138554,0.190476,0.12766,0.4,0.02381,0.096774,0,0,0,0,0,0,0,no
0.078313,0.047619,0.031915,0.133333,0,0.193548,0,0,0,0,0,0,0,no
0.018072,0.095238,0.010638,0.066667,0,0,0,0,0,0,0,0,0,no
0.018072,0.095238,0.010638,0.066667,0,0,0,0,0,0,0,0,0,no
0.039157,0.047619,0.021277,0.133333,0.007937,0.064516,0,0,0,0,0,0,0,no
0.018072,0.095238,0.010638,0.066667,0,0,0,0,0,0,0,0,0,no
0.018072,0.095238,0.010638,0.066667,0,0,0,0,0,0,0,0,0,no
0.039157,0.047619,0.021277,0.133333,0.007937,0.064516,0,0,0,0,0,0,0,no
0.033133,0.047619,0.010638,0.066667,0,0.048387,0.185185,0.25,0.026966,0.006509,0.064655,0.025431,1,no
0.036145,0.047619,0.042553,0.066667,0.031746,0.016129,0.055556,0.125,0.020225,0,0.051724,0.051724,0,no
0.027108,0,0.010638,0.066667,0,0.048387,0.055556,0.125,0.015169,0,0.038793,0.038793,0,no
0.036145,0.142857,0.010638,0.066667,0,0.016129,0.055556,0.125,0.020225,0,0.051724,0.051724,0,no
0.021084,0.047619,0.010638,0.066667,0,0.016129,0.055556,0.125,0.011798,0,0.030172,0.030172,0,no
0.021084,0.047619,0.010638,0.066667,0.007937,0,0.055556,0.125,0.011798,0,0.030172,0.030172,0,no
0.021084,0.047619,0.010638,0.066667,0.007937,0,0.055556,0.125,0.011798,0,0.030172,0.030172,0,no
0.03012,0,0.010638,0.066667,0,0.016129,0,0,0,0,0,0,0,no
0.063253,0.095238,0.031915,0.2,0,0.177419,0,0,0,0,0,0,0,no
0.084337,0.047619,0.031915,0.2,0,0.16129,0,0,0,0,0,0,0,no
0.027108,0.095238,0.021277,0.133333,0,0.032258,0,0,0,0,0,0,0,no
0.048193,0.047619,0.031915,0.133333,0.015873,0.032258,0,0,0,0,0,0,0,no
0.03012,0.095238,0.021277,0.133333,0,0.032258,0,0,0,0,0,0,0,no
0.03012,0.095238,0.021277,0.133333,0,0.032258,0,0,0,0,0,0,0,no
0.054217,0.095238,0.031915,0.266667,0,0.096774,0,0,0,0,0,0,0,no
0.081325,0.285714,0.042553,0.333333,0,0.129032,0.018519,0.041667,0.000562,0.000592,0.008621,0.008621,0,no
0.054217,0.047619,0.021277,0.066667,0.007937,0.129032,0,0,0,0,0,0,0,no
0.066265,0.047619,0.031915,0.133333,0,0.145161,0.018519,0.041667,0.000562,0.000592,0.008621,0.008621,0,no
0.036145,0.095238,0.021277,0.066667,0,0.080645,0,0,0,0,0,0,0,no
0.129518,0,0.021277,0.066667,0,0.064516,0,0,0,0,0,0,0,no
0.024096,0,0.021277,0.066667,0,0.032258,0,0,0,0,0,0,0,no
0.033133,0.142857,0.010638,0.066667,0,0.032258,0,0,0,0,0,0,0,no
0.021084,0.047619,0.010638,0.066667,0,0.032258,0,0,0,0,0,0,0,no
0.021084,0.142857,0.010638,0.066667,0,0.032258,0,0,0,0,0,0,0,no
0.021084,0.095238,0.010638,0.066667,0,0.032258,0,0,0,0,0,0,0,no
0.051205,0.142857,0.010638,0.066667,0.015873,0.129032,0,0,0,0,0,0,0,no
0.033133,0.047619,0.021277,0.133333,0,0.032258,0,0,0,0,0,0,0,no
0.024096,0.095238,0.021277,0.133333,0,0.016129,0,0,0,0,0,0,0,no
0.03012,0.190476,0.021277,0.066667,0,0.032258,0,0,0,0,0,0,0,no
0.033133,0.047619,0,0.066667,0,0.048387,0,0,0,0,0,0,0,no
0.033133,0.095238,0.010638,0.066667,0,0.064516,0,0,0,0,0,0,0,no
0.11747,0.047619,0.170213,1,0,0.032258,0,0,0,0,0,0,0,no
0.066265,0.047619,0.053191,0.2,0.007937,0.080645,0,0,0,0,0,0,0,no
0.051205,0.095238,0.021277,0.133333,0,0.096774,0,0,0,0,0,0,0,no
0.021084,0.047619,0.010638,0.066667,0,0.016129,0,0,0,0,0,0,0,no
0.069277,0.190476,0.031915,0.133333,0.007937,0.080645,0,0,0,0,0,0,0,no
0.048193,0.190476,0.010638,0.066667,0.007937,0.096774,0,0,0,0,0,0,0,no
0.024096,0.047619,0.010638,0.066667,0,0.048387,0,0,0,0,0,0,0,no
0.024096,0.142857,0.021277,0.133333,0,0.016129,0,0,0,0,0,0,0,no
0.033133,0.047619,0.021277,0.133333,0.007937,0.048387,0,0,0,0,0,0,0,no
0.033133,0.095238,0.021277,0.133333,0.007937,0.048387,0,0,0,0,0,0,0,no
0.021084,0.190476,0.010638,0.066667,0,0,0,0,0,0,0,0,0,no
0.024096,0.047619,0.010638,0.066667,0.007937,0.016129,0,0,0,0,0,0,0,no
0.045181,0.095238,0.010638,0.066667,0,0.016129,0,0,0,0,0,0,0,no
0.051205,0.095238,0.010638,0.066667,0,0.048387,0,0,0,0,0,0,0,no
0.018072,0.190476,0.010638,0.066667,0,0,0,0,0,0,0,0,0,no
0.021084,0.047619,0.010638,0.066667,0,0.016129,0,0,0,0,0,0,0,no
0.042169,0.190476,0.010638,0.066667,0,0.016129,0,0,0,0,0,0,0,no
0.027108,0,0.010638,0.066667,0,0.016129,0,0,0,0,0,0,0,no
0.021084,0.047619,0.010638,0.066667,0,0,0,0,0,0,0,0,0,no
0.024096,0.190476,0.010638,0.066667,0,0.032258,0,0,0,0,0,0,0,no
0.024096,0,0.010638,0.066667,0,0.016129,0,0,0,0,0,0,0,no
0.039157,0,0.021277,0.133333,0.007937,0.048387,0,0,0,0,0,0,0,no
0.054217,0.190476,0.042553,0.066667,0,0.032258,0,0,0,0,0,0,0,no
0.018072,0.047619,0.010638,0.066667,0,0.016129,0,0,0,0,0,0,0,no
0.036145,0.047619,0.021277,0.133333,0,0.016129,0,0,0,0,0,0,0,no
0.033133,0.095238,0.010638,0.066667,0.007937,0.016129,0,0,0,0,0,0,0,no
0.018072,0.047619,0.010638,0.066667,0,0,0,0,0,0,0,0,0,no
0.021084,0,0.010638,0.066667,0.007937,0,0,0,0,0,0,0,0,no
0.087349,0.047619,0.042553,0.133333,0,0.225806,0,0,0,0,0,0,0,no
0.03012,0.047619,0.010638,0.066667,0,0.064516,0,0,0,0,0,0,0,no
0.069277,0.047619,0.031915,0.133333,0,0.193548,0,0,0,0,0,0,0,no
0.045181,0.047619,0.031915,0.066667,0,0.064516,0,0,0,0,0,0,0,no
0.051205,0,0.010638,0.066667,0,0.129032,0,0,0,0,0,0,0,no
0.066265,0.238095,0.031915,0.133333,0,0.177419,0.055556,0.083333,0.001685,0.001775,0.008621,0.008621,0,no
0.042169,0.047619,0.031915,0.133333,0,0.064516,0.055556,0.083333,0.023596,0,0.060345,0.060345,0,no
0.054217,0.238095,0.021277,0.066667,0,0.16129,0,0,0,0,0,0,0,no
0.03012,0.047619,0.021277,0.133333,0,0.032258,0,0,0,0,0,0,0,no
0.024096,0.047619,0.010638,0.066667,0,0.032258,0,0,0,0,0,0,0,no
0.021084,0.190476,0.010638,0.066667,0,0.016129,0,0,0,0,0,0,0,no
0.021084,0.238095,0.010638,0.066667,0,0.016129,0,0,0,0,0,0,0,no
0.018072,0.095238,0.010638,0.066667,0,0,0,0,0,0,0,0,0,no
0.018072,0.095238,0.010638,0.066667,0,0,0,0,0,0,0,0,0,no
0.033133,0.238095,0.010638,0.066667,0,0.080645,0,0,0,0,0,0,0,no
0.03012,0.190476,0.010638,0.066667,0.007937,0.032258,0,0,0,0,0,0,0,no
0.042169,0.142857,0.021277,0.133333,0,0.048387,0,0,0,0,0,0,0,no
0.024096,0.047619,0.021277,0.133333,0.007937,0,0,0,0,0,0,0,0,no
0.018072,0.047619,0.010638,0.066667,0.007937,0,0.055556,0.083333,0.001685,0.001775,0.008621,0.008621,0,no
0.054217,0.095238,0.042553,0.2,0,0.064516,0,0,0,0,0,0,0,no
0.039157,0.095238,0.010638,0.066667,0.007937,0,0,0,0,0,0,0,0,no
0.039157,0,0.031915,0.2,0.007937,0.016129,0.055556,0.083333,0.001685,0.001775,0.008621,0.008621,0,no
0.048193,0.047619,0.021277,0.133333,0,0.112903,0,0,0,0,0,0,0,no
0.060241,0.095238,0.021277,0.133333,0,0.112903,0,0,0,0,0,0,0,no
0.024096,0.047619,0.010638,0.066667,0,0.016129,0,0,0,0,0,0,0,no
0.045181,0.047619,0.021277,0.133333,0,0.080645,0,0,0,0,0,0,0,no
0.036145,0.095238,0.021277,0.133333,0,0.048387,0,0,0,0,0,0,0,no
0.042169,0.047619,0.021277,0.133333,0,0.064516,0,0,0,0,0,0,0,no
0.045181,0.095238,0.021277,0.133333,0,0.048387,0,0,0,0,0,0,0,no
0.039157,0.095238,0.021277,0.133333,0,0.048387,0,0,0,0,0,0,0,no
0.048193,0.047619,0.031915,0.133333,0,0.016129,0,0,0,0,0,0,0,no
0.024096,0.095238,0.021277,0.066667,0.031746,0,0,0,0,0,0,0,0,no
0.01506,0.095238,0.010638,0.066667,0.015873,0,0,0,0,0,0,0,0,no
0.01506,0.095238,0.010638,0.066667,0.007937,0,0,0,0,0,0,0,0,no
0.039157,0.047619,0.031915,0.2,0,0.016129,0,0,0,0,0,0,0,no
0.021084,0.047619,0.010638,0.066667,0,0.032258,0,0,0,0,0,0,0,no
0.027108,0.047619,0.010638,0.066667,0,0.064516,0,0,0,0,0,0,0,no
0.066265,0.142857,0.053191,0.333333,0,0.048387,0.037037,0.083333,0.001124,0.001183,0.008621,0.008621,0,no
0.066265,0.142857,0.053191,0.333333,0,0.048387,0.037037,0.083333,0.001124,0.001183,0.008621,0.008621,0,no
0.063253,0.095238,0.042553,0.2,0,0.080645,0,0,0,0,0,0,0,no
0.018072,0.047619,0.010638,0.066667,0.007937,0,0.074074,0.166667,0.013483,0,0.025862,0.025862,0,no
0.018072,0.047619,0.010638,0.066667,0,0.016129,0.074074,0.166667,0.013483,0,0.025862,0.025862,0,no
0.036145,0.142857,0.021277,0.066667,0,0.064516,0.074074,0.166667,0.026966,0,0.051724,0.051724,0,no
0.072289,0.095238,0.031915,0.2,0,0.096774,0.148148,0.208333,0.107865,0,0.103448,0.103448,1,no
0.033133,0,0.021277,0.133333,0.007937,0.016129,0.148148,0.208333,0.049438,0,0.047414,0.047414,1,no
0.021084,0.047619,0.010638,0.066667,0,0.032258,0.148148,0.208333,0.031461,0,0.030172,0.030172,1,no
0.024096,0.047619,0.010638,0.066667,0,0.032258,0.148148,0.208333,0.035955,0,0.034483,0.034483,1,no
0.093373,0,0.053191,0.266667,0,0.048387,0.148148,0.208333,0.139326,0,0.133621,0.133621,1,no
0.036145,0,0.010638,0.066667,0.007937,0.016129,0.148148,0.208333,0.053933,0,0.051724,0.051724,1,no
0.027108,0.047619,0.010638,0.066667,0,0.048387,0.148148,0.208333,0.040449,0,0.038793,0.038793,1,no
0.069277,0.047619,0.06383,0.2,0.007937,0.048387,0.148148,0.208333,0.103371,0,0.099138,0.099138,1,no
0.066265,0.047619,0.06383,0.2,0.007937,0.048387,0.148148,0.208333,0.098876,0,0.094828,0.094828,1,no
0.072289,0.047619,0.06383,0.2,0.007937,0.048387,0.148148,0.208333,0.107865,0,0.103448,0.103448,1,no
0.078313,0.047619,0.042553,0.266667,0,0.064516,0.148148,0.208333,0.116854,0,0.112069,0.112069,1,no
0.03012,0.047619,0.010638,0.066667,0,0.016129,0,0,0,0,0,0,0,no
0.03012,0.047619,0.010638,0.066667,0,0.016129,0,0,0,0,0,0,0,no
0.036145,0.190476,0.010638,0.066667,0,0.032258,0,0,0,0,0,0,0,no
0.01506,0.047619,0.010638,0.066667,0,0,0,0,0,0,0,0,0,no
0.063253,0.047619,0.021277,0.133333,0.015873,0.096774,0,0,0,0,0,0,0,no
0.054217,0,0.031915,0.133333,0,0.048387,0,0,0,0,0,0,0,no
0.057229,0.190476,0.031915,0.2,0,0.048387,0.018519,0.041667,0.000562,0.000592,0.008621,0.008621,0,no
0.033133,0.095238,0.021277,0.066667,0.007937,0.032258,0,0,0,0,0,0,0,no
0.033133,0.047619,0.010638,0.066667,0.007937,0.032258,0.037037,0.083333,0.001124,0,0.00431,0.00431,1,no
0.075301,0.142857,0.031915,0.2,0.007937,0.048387,0.018519,0.041667,0.000562,0.000592,0.008621,0.008621,0,no
0.099398,0.190476,0.074468,0.2,0.02381,0.080645,0,0,0,0,0,0,0,no
0.024096,0.190476,0.010638,0.066667,0,0.016129,0,0,0,0,0,0,0,no
0.201807,0.285714,0.117021,0.266667,0.02381,0.145161,0.018519,0.041667,0.000562,0.000592,0.008621,0.008621,0,no
0.057229,0.380952,0.031915,0.133333,0.015873,0.016129,0.037037,0.083333,0.001124,0,0.00431,0.00431,0,no
0.021084,0.095238,0.010638,0.066667,0,0,0,0,0,0,0,0,0,no
0.033133,0.047619,0.010638,0.066667,0.007937,0.048387,0,0,0,0,0,0,0,no
0.033133,0.047619,0.010638,0.066667,0.007937,0.048387,0,0,0,0,0,0,0,no
0.021084,0.047619,0.010638,0.066667,0,0.016129,0,0,0,0,0,0,0,no
0.045181,0.095238,0.021277,0.066667,0,0,0,0,0,0,0,0,0,no
0.01506,0,0.010638,0.066667,0,0,0,0,0,0,0,0,0,no
0.021084,0,0.010638,0.066667,0,0,0,0,0,0,0,0,0,no
0.042169,0.190476,0.031915,0.066667,0,0.032258,0,0,0,0,0,0,0,no
0.063253,0,0.053191,0.266667,0.031746,0.016129,0,0,0,0,0,0,0,no
0.01506,0.095238,0.010638,0.066667,0,0.016129,0,0,0,0,0,0,0,no
0.066265,0.095238,0.031915,0.133333,0,0.145161,0,0,0,0,0,0,0,no
0.018072,0.047619,0.010638,0.066667,0,0,0,0,0,0,0,0,0,no
0.018072,0.047619,0.010638,0.066667,0,0,0,0,0,0,0,0,0,no
0.021084,0.047619,0.010638,0.066667,0,0,0,0,0,0,0,0,0,no
0.096386,0.047619,0.085106,0.466667,0,0.112903,0,0,0,0,0,0,0,no
0.018072,0.047619,0.010638,0.066667,0,0,0,0,0,0,0,0,0,no
0.054217,0.190476,0.042553,0.066667,0,0.048387,0,0,0,0,0,0,0,no
0.054217,0.190476,0.031915,0.133333,0,0.048387,0,0,0,0,0,0,0,no
0.039157,0.190476,0.010638,0.133333,0,0.016129,0,0,0,0,0,0,0,no
0.036145,0.047619,0.021277,0.133333,0,0.064516,0,0,0,0,0,0,0,no
0.048193,0.142857,0.021277,0.133333,0,0.048387,0,0,0,0,0,0,0,no
0.039157,0.142857,0.010638,0.133333,0,0.016129,0.018519,0.041667,0.007303,0,0.056034,0.056034,0,no
0.018072,0.047619,0.010638,0.066667,0,0,0,0,0,0,0,0,0,no
0.021084,0,0,0.066667,0,0,0,0,0,0,0,0,0,no
0.027108,0,0.010638,0.066667,0,0,0,0,0,0,0,0,0,no
0.024096,0,0.010638,0.066667,0,0.016129,0,0,0,0,0,0,0,no
0.03012,0,0.021277,0.133333,0,0.016129,0,0,0,0,0,0,0,no
0.042169,0.047619,0.031915,0.066667,0,0,0,0,0,0,0,0,0,no
0.060241,0.047619,0.042553,0.066667,0,0.016129,0,0,0,0,0,0,0,no
0.027108,0.047619,0.021277,0.133333,0,0.032258,0,0,0,0,0,0,0,no
0.081325,0.142857,0.074468,0.333333,0,0.080645,0.037037,0.041667,0.007865,0,0.030172,0.030172,1,no
0.060241,0.142857,0.042553,0.2,0,0.096774,0.037037,0.041667,0.022472,0,0.086207,0.086207,1,no
0.039157,0.095238,0.042553,0.133333,0,0,0,0,0,0,0,0,0,no
0.027108,0.047619,0.021277,0.133333,0,0.032258,0,0,0,0,0,0,0,no
0.054217,0.190476,0.042553,0.133333,0,0.048387,0,0,0,0,0,0,0,no
0.057229,0.190476,0.042553,0.066667,0,0.048387,0,0,0,0,0,0,0,no
0.027108,0.047619,0.021277,0.133333,0,0.032258,0,0,0,0,0,0,0,no
0.039157,0.047619,0.031915,0.2,0,0.048387,0,0,0,0,0,0,0,no
0.018072,0.047619,0.010638,0.066667,0.007937,0,0,0,0,0,0,0,0,no
0.033133,0.095238,0.031915,0.2,0,0.032258,0,0,0,0,0,0,0,no
0.045181,0.047619,0.031915,0.066667,0,0.016129,0,0,0,0,0,0,0,no
0.045181,0.190476,0.031915,0.133333,0.015873,0.048387,0.037037,0.041667,0.001124,0,0.00431,0.00431,1,no
0.024096,0.047619,0.021277,0.133333,0,0,0,0,0,0,0,0,0,no
0.048193,0.047619,0.053191,0.333333,0.007937,0.032258,0,0,0,0,0,0,0,no
0.078313,0.047619,0.042553,0.266667,0,0.080645,0,0,0,0,0,0,0,no
0.033133,0.047619,0.021277,0.133333,0.015873,0.032258,0,0,0,0,0,0,0,no
0.045181,0.095238,0.031915,0.133333,0.007937,0.080645,0,0,0,0,0,0,0,no
0.03012,0.047619,0.021277,0.133333,0,0.032258,0,0,0,0,0,0,0,no
0.018072,0.095238,0.010638,0.066667,0,0,0,0,0,0,0,0,0,no
0.018072,0.095238,0.010638,0.066667,0,0,0,0,0,0,0,0,0,no
0.027108,0.047619,0,0.066667,0,0.032258,0,0,0,0,0,0,0,no
0.033133,0.095238,0.021277,0.066667,0,0,0,0,0,0,0,0,0,no
0.027108,0.047619,0.010638,0.066667,0,0,0,0,0,0,0,0,0,no
0.033133,0.047619,0.021277,0.066667,0,0,0,0,0,0,0,0,0,no
0.033133,0.047619,0.021277,0.066667,0,0,0,0,0,0,0,0,0,no
0.033133,0.047619,0.021277,0.066667,0,0,0,0,0,0,0,0,0,no
0.027108,0.047619,0.021277,0.066667,0,0,0,0,0,0,0,0,0,no
0.027108,0,0.010638,0.066667,0,0,0,0,0,0,0,0,0,no
0.018072,0.047619,0.010638,0.066667,0,0,0.037037,0.083333,0.001124,0.001183,0.008621,0.008621,0,no
0.033133,0.095238,0.021277,0.066667,0,0,0,0,0,0,0,0,0,no
0.03012,0.095238,0.021277,0.066667,0,0,0.037037,0.083333,0.001124,0.001183,0.008621,0.008621,0,no
0.018072,0,0.010638,0.066667,0,0,0,0,0,0,0,0,0,no
0.033133,0.047619,0.021277,0.066667,0,0,0,0,0,0,0,0,0,no
0.027108,0.095238,0.021277,0.066667,0,0,0,0,0,0,0,0,0,no
0.057229,0,0.042553,0.2,0,0.032258,0,0,0,0,0,0,0,no
0.048193,0.142857,0.031915,0.2,0,0.016129,0,0,0,0,0,0,0,no
0.045181,0,0.021277,0.133333,0,0.032258,0,0,0,0,0,0,0,no
0.03012,0,0.021277,0.133333,0,0,0,0,0,0,0,0,0,no
0.024096,0,0.010638,0.066667,0,0.016129,0,0,0,0,0,0,0,no
0.033133,0,0.021277,0.133333,0,0,0,0,0,0,0,0,0,no
0.027108,0,0.010638,0.066667,0,0,0,0,0,0,0,0,0,no
0.03012,0,0.010638,0.066667,0,0,0,0,0,0,0,0,0,no
0.042169,0.142857,0.021277,0.133333,0.007937,0.048387,0,0,0,0,0,0,0,no
0.027108,0.047619,0.010638,0.066667,0,0,0,0,0,0,0,0,0,no
0.01506,0,0.010638,0.066667,0,0.016129,0,0,0,0,0,0,0,no
0.033133,0.047619,0.021277,0.066667,0,0.032258,0,0,0,0,0,0,0,no
0.054217,0.190476,0.042553,0.266667,0,0.129032,0,0,0,0,0,0,0,no
0.039157,0.190476,0.053191,0.066667,0.007937,0.016129,0,0,0,0,0,0,0,no
0.063253,0.190476,0.042553,0.266667,0,0.145161,0,0,0,0,0,0,0,no
0.054217,0.095238,0.042553,0.2,0.02381,0.080645,0,0,0,0,0,0,0,no
0.033133,0.047619,0.021277,0.133333,0.015873,0.064516,0,0,0,0,0,0,0,no
0.021084,0.095238,0.010638,0.066667,0,0.016129,0,0,0,0,0,0,0,no
0.03012,0.047619,0.031915,0.066667,0,0,0,0,0,0,0,0,0,no
0.087349,0.047619,0.053191,0.2,0.007937,0.16129,0,0,0,0,0,0,0,no
0.036145,0.190476,0.021277,0.066667,0.007937,0.032258,0,0,0,0,0,0,0,no
0.057229,0.095238,0.053191,0.2,0.02381,0.032258,0,0,0,0,0,0,0,no
0.039157,0.142857,0.031915,0.133333,0,0.032258,0,0,0,0,0,0,0,no
0.024096,0.047619,0.010638,0.066667,0,0.032258,0,0,0,0,0,0,0,no
0.048193,0.047619,0.031915,0.133333,0,0.016129,0,0,0,0,0,0,0,no
0.021084,0.095238,0.010638,0.066667,0,0,0,0,0,0,0,0,0,no
0.027108,0.142857,0.031915,0.066667,0.015873,0,0,0,0,0,0,0,0,no
0.018072,0.095238,0.010638,0.066667,0,0,0,0,0,0,0,0,0,no
0.024096,0.047619,0.021277,0.133333,0.007937,0.032258,0,0,0,0,0,0,0,no
0.042169,0.095238,0.021277,0.133333,0,0.112903,0,0,0,0,0,0,0,no
0.021084,0.095238,0.010638,0.066667,0,0,0,0,0,0,0,0,0,no
0.018072,0.095238,0.010638,0.066667,0,0,0,0,0,0,0,0,0,no
0.039157,0.190476,0.010638,0.066667,0.007937,0.064516,0,0,0,0,0,0,0,no
0.024096,0.142857,0.010638,0.066667,0.007937,0.016129,0,0,0,0,0,0,0,no
0.036145,0.047619,0.010638,0.066667,0,0.064516,0,0,0,0,0,0,0,no
0.021084,0.047619,0.010638,0.066667,0,0.032258,0,0,0,0,0,0,0,no
0.033133,0.047619,0.021277,0.133333,0,0.048387,0,0,0,0,0,0,0,yes
0.021084,0,0.010638,0.066667,0,0.032258,0,0,0,0,0,0,0,no
0.03012,0,0.021277,0.133333,0,0.048387,0,0,0,0,0,0,0,no
0.111446,0.047619,0.074468,0.266667,0.007937,0.096774,0,0,0,0,0,0,0,no
0.114458,0.095238,0.085106,0.266667,0.02381,0.145161,0,0,0,0,0,0,0,no
0.081325,0.095238,0.06383,0.266667,0.007937,0.080645,0,0,0,0,0,0,0,no
0.069277,0.142857,0.042553,0.2,0.007937,0.064516,0,0,0,0,0,0,0,no
0.027108,0.190476,0.010638,0.066667,0.007937,0.032258,0,0,0,0,0,0,0,no
0.159639,0.190476,0.106383,0.533333,0.02381,0.080645,0.037037,0.083333,0.001124,0.001183,0.008621,0.008621,0,no
0.045181,0.095238,0.010638,0.066667,0,0,0,0,0,0,0,0,0,no
0.021084,0.095238,0.010638,0.066667,0,0.016129,0,0,0,0,0,0,0,no
0.039157,0.095238,0.021277,0.066667,0,0.048387,0,0,0,0,0,0,0,no
0.018072,0.095238,0.010638,0.066667,0,0,0,0,0,0,0,0,0,no
0.018072,0.047619,0.010638,0.066667,0,0,0,0,0,0,0,0,0,no
0.021084,0.047619,0.010638,0.066667,0,0,0,0,0,0,0,0,0,no
0.021084,0.095238,0.010638,0.066667,0,0.016129,0,0,0,0,0,0,0,no
0.01506,0,0.010638,0.066667,0.007937,0,0,0,0,0,0,0,0,no
0.057229,0.095238,0.031915,0.2,0.007937,0.096774,0,0,0,0,0,0,0,no
0.048193,0.095238,0.031915,0.133333,0.007937,0.129032,0,0,0,0,0,0,0,no
0.045181,0.047619,0.031915,0.2,0.007937,0.112903,0,0,0,0,0,0,0,no
0.03012,0.095238,0.021277,0.133333,0.007937,0.064516,0,0,0,0,0,0,0,no
0.01506,0.047619,0.010638,0.066667,0.007937,0.016129,0,0,0,0,0,0,0,no
0.01506,0.095238,0.010638,0.066667,0.007937,0.016129,0,0,0,0,0,0,0,no
0.024096,0.095238,0.010638,0.066667,0.007937,0.032258,0,0,0,0,0,0,0,no
0.036145,0,0.021277,0.133333,0,0.080645,0,0,0,0,0,0,0,no
0.033133,0.047619,0.021277,0.133333,0,0,0,0,0,0,0,0,0,no
0.021084,0.142857,0.010638,0.066667,0,0.032258,0,0,0,0,0,0,0,no
0.087349,0.238095,0.031915,0.2,0,0.096774,0.074074,0.166667,0.020225,0,0.038793,0.038793,0,no
0.018072,0.095238,0.010638,0.066667,0,0,0,0,0,0,0,0,0,no
0.018072,0.047619,0.010638,0.066667,0,0,0,0,0,0,0,0,0,no
0.033133,0.047619,0.021277,0.133333,0,0,0,0,0,0,0,0,0,no
0.033133,0.047619,0.021277,0.133333,0,0,0,0,0,0,0,0,0,no
0.03012,0.047619,0.021277,0.133333,0.007937,0.048387,0.037037,0.083333,0.011236,0,0.043103,0.043103,0,no
0.039157,0.095238,0.021277,0.066667,0.007937,0.032258,0,0,0,0,0,0,0,no
0.021084,0.095238,0.010638,0.066667,0,0.016129,0,0,0,0,0,0,0,no
0.210843,0.095238,0.191489,0.2,0.031746,0.209677,0.092593,0.208333,0.010112,0,0.025862,0.015517,0,no
0.036145,0.190476,0.031915,0.133333,0.007937,0.032258,0,0,0,0,0,0,0,no
0.018072,0.190476,0.010638,0.066667,0,0.016129,0,0,0,0,0,0,0,no
0.024096,0.095238,0.010638,0.066667,0,0,0,0,0,0,0,0,0,no
0.096386,0.095238,0.095745,0.533333,0.007937,0.048387,0.037037,0.083333,0.001124,0.001183,0.008621,0.008621,0,no
0.051205,0.190476,0.021277,0.066667,0.007937,0.032258,0.037037,0.083333,0.001124,0.001183,0.008621,0.008621,0,no
0.021084,0,0.010638,0.066667,0,0,0,0,0,0,0,0,0,no
0.048193,0.142857,0.031915,0.2,0,0,0.037037,0.083333,0.001124,0.001183,0.008621,0.008621,0,no
0.048193,0.142857,0.031915,0.2,0,0,0.037037,0.083333,0.001124,0.001183,0.008621,0.008621,0,no
0.045181,0.142857,0.042553,0.2,0,0.032258,0,0,0,0,0,0,0,no
0.021084,0.190476,0.010638,0.066667,0.007937,0,0,0,0,0,0,0,0,no
0.069277,0.047619,0.06383,0.133333,0,0.032258,0.037037,0.083333,0.001124,0.001183,0.008621,0.008621,0,no
0.066265,0,0.031915,0.2,0.015873,0.145161,0,0,0,0,0,0,0,no
0.048193,0.047619,0.042553,0.2,0,0.064516,0,0,0,0,0,0,0,no
0.021084,0,0.010638,0.066667,0,0,0,0,0,0,0,0,0,no
0.066265,0,0.042553,0.2,0.015873,0.145161,0,0,0,0,0,0,0,no
0.033133,0.047619,0.031915,0.2,0,0.032258,0.037037,0.083333,0.001124,0.001183,0.008621,0.008621,0,no
0.027108,0.047619,0.021277,0.133333,0,0.032258,0,0,0,0,0,0,0,no
0.066265,0.047619,0.053191,0.133333,0.02381,0.064516,0.037037,0.083333,0.001124,0.001183,0.008621,0.008621,0,no
0.027108,0.047619,0.010638,0.066667,0.007937,0,0,0,0,0,0,0,0,no
0.018072,0,0.010638,0.066667,0,0,0,0,0,0,0,0,0,no
0.093373,0.047619,0.074468,0.2,0.007937,0.064516,0,0,0,0,0,0,0,no
0.045181,0,0.042553,0.133333,0,0.048387,0,0,0,0,0,0,0,no
0.045181,0,0.031915,0.133333,0.007937,0.064516,0,0,0,0,0,0,0,no
0.024096,0,0.010638,0.066667,0,0.048387,0,0,0,0,0,0,0,no
0.021084,0,0.010638,0.066667,0,0,0,0,0,0,0,0,0,no
0.024096,0,0.010638,0.066667,0,0.048387,0,0,0,0,0,0,0,no
0.018072,0.047619,0.021277,0.066667,0,0,0,0,0,0,0,0,0,no
0.033133,0.142857,0.010638,0.066667,0,0.032258,0,0,0,0,0,0,0,no
0.021084,0.047619,0.010638,0.066667,0,0,0,0,0,0,0,0,0,no
0.03012,0.095238,0.021277,0.133333,0.007937,0.048387,0,0,0,0,0,0,0,no
0.072289,0.095238,0.106383,0.066667,0.007937,0,0,0,0,0,0,0,0,no
0.039157,0.047619,0.031915,0.066667,0,0.016129,0,0,0,0,0,0,0,no
0.033133,0.047619,0.021277,0.133333,0,0.064516,0,0,0,0,0,0,0,no
0.03012,0.047619,0.021277,0.066667,0.007937,0.032258,0,0,0,0,0,0,0,no
0.048193,0.095238,0.021277,0.133333,0,0.064516,0,0,0,0,0,0,0,no
0.057229,0.047619,0.053191,0.066667,0.007937,0.016129,0,0,0,0,0,0,0,no
0.10241,0.047619,0.12766,0.133333,0,0.016129,0,0,0,0,0,0,0,no
0.024096,0.047619,0.021277,0.133333,0,0.016129,0,0,0,0,0,0,0,no
0.021084,0.047619,0.010638,0.066667,0.031746,0.016129,0,0,0,0,0,0,0,no
0.021084,0.047619,0.010638,0.066667,0,0,0,0,0,0,0,0,0,no
0.051205,0.047619,0.021277,0.133333,0,0.048387,0,0,0,0,0,0,0,no
0.057229,0.047619,0.031915,0.133333,0,0.112903,0,0,0,0,0,0,0,no
0.033133,0,0.010638,0.066667,0,0.096774,0,0,0,0,0,0,0,no
0.033133,0.047619,0.010638,0.066667,0,0.096774,0,0,0,0,0,0,0,no
0.021084,0.047619,0.010638,0.066667,0.007937,0,0,0,0,0,0,0,0,no
0.066265,0.047619,0.06383,0.066667,0.007937,0.016129,0,0,0,0,0,0,0,no
0.027108,0,0.010638,0.066667,0,0.064516,0,0,0,0,0,0,0,no
0.126506,0.047619,0.095745,0.266667,0,0.145161,0,0,0,0,0,0,0,no
0.027108,0.095238,0.010638,0.066667,0,0.032258,0,0,0,0,0,0,0,no
0.072289,0.047619,0.053191,0.133333,0,0.064516,0,0,0,0,0,0,0,no
0.078313,0.047619,0.085106,0.133333,0.007937,0.016129,0,0,0,0,0,0,0,no
0.039157,0.047619,0.031915,0.066667,0,0.016129,0,0,0,0,0,0,0,no
0.021084,0.047619,0.010638,0.066667,0,0.048387,0,0,0,0,0,0,0,no
0.033133,0.047619,0.031915,0.2,0.02381,0,0,0,0,0,0,0,0,no
0.039157,0.047619,0.021277,0.066667,0,0.048387,0,0,0,0,0,0,0,no
0.027108,0,0.010638,0.066667,0,0.064516,0,0,0,0,0,0,0,no
0.033133,0.047619,0.010638,0.066667,0,0.032258,0,0,0,0,0,0,0,no
0.027108,0.047619,0.010638,0.066667,0,0.016129,0,0,0,0,0,0,0,no
0.021084,0.047619,0.010638,0.066667,0,0.032258,0,0,0,0,0,0,0,no
0.105422,0.047619,0.095745,0.2,0,0.209677,0.074074,0.166667,0.005618,0.000592,0.012931,0.011853,0,no
0.024096,0.142857,0.010638,0.066667,0.007937,0.032258,0,0,0,0,0,0,0,no
0.021084,0.142857,0.010638,0.066667,0.007937,0,0,0,0,0,0,0,0,no
0.177711,0.095238,0.148936,0.333333,0.007937,0.16129,0.037037,0.083333,0.001124,0.001183,0.008621,0.008621,0,no
0.093373,0.047619,0.042553,0.133333,0.007937,0.064516,0,0,0,0,0,0,0,no
0.027108,0.047619,0.021277,0.133333,0,0,0,0,0,0,0,0,0,no
0.072289,0.142857,0.06383,0.2,0,0.064516,0,0,0,0,0,0,0,no
0.042169,0.047619,0.021277,0.066667,0.007937,0.048387,0,0,0,0,0,0,0,no
0.03012,0.047619,0.010638,0.066667,0.007937,0.032258,0,0,0,0,0,0,0,no
0.036145,0.095238,0.021277,0.133333,0,0.064516,0.037037,0.083333,0.001124,0.001183,0.008621,0.008621,0,no
0.024096,0.095238,0.010638,0.066667,0,0,0,0,0,0,0,0,0,no
0.171687,0.047619,0.138298,0.333333,0.015873,0.096774,0,0,0,0,0,0,0,yes
0.168675,0.333333,0.159574,0.133333,0.015873,0.064516,0,0,0,0,0,0,0,no
0.018072,0.095238,0.010638,0.066667,0.007937,0,0,0,0,0,0,0,0,no
0.042169,0.047619,0.021277,0.066667,0,0.080645,0,0,0,0,0,0,0,no
0.087349,0.095238,0.021277,0.066667,0,0.16129,0.037037,0.083333,0.001124,0.001183,0.008621,0.008621,0,no
0.036145,0.095238,0.010638,0.066667,0,0.080645,0.037037,0.083333,0.001124,0.001183,0.008621,0.008621,0,no
0.018072,0.095238,0.010638,0.066667,0,0.032258,0,0,0,0,0,0,0,no
0.021084,0.047619,0.010638,0.066667,0,0.048387,0,0,0,0,0,0,0,no
0.021084,0.047619,0.010638,0.066667,0,0.048387,0,0,0,0,0,0,0,no
0.039157,0.047619,0.021277,0.133333,0,0.048387,0,0,0,0,0,0,0,no
0.03012,0.047619,0.010638,0.066667,0,0.048387,0,0,0,0,0,0,0,no
0.027108,0.047619,0.010638,0.066667,0,0.032258,0,0,0,0,0,0,0,no
0.033133,0.047619,0.031915,0.2,0,0.016129,0,0,0,0,0,0,0,no
0.021084,0.047619,0.010638,0.066667,0,0.032258,0,0,0,0,0,0,0,no
0.021084,0.047619,0.010638,0.066667,0,0,0,0,0,0,0,0,0,no
0.060241,0.047619,0.010638,0.066667,0,0.209677,0.018519,0.041667,0.000562,0.000592,0.008621,0.008621,0,no
0.123494,0.095238,0.042553,0.2,0,0.354839,0.055556,0.125,0.001685,0.001183,0.008621,0.007184,0,no
0.042169,0.095238,0.031915,0.2,0,0.032258,0,0,0,0,0,0,0,no
0.066265,0.095238,0.031915,0.133333,0,0.177419,0.055556,0.083333,0.001685,0.001775,0.008621,0.008621,0,no
0.042169,0.095238,0.010638,0.066667,0,0.016129,0.018519,0.041667,0.000562,0.000592,0.008621,0.008621,0,no
0.03012,0.047619,0.021277,0.133333,0,0.064516,0,0,0,0,0,0,0,no
0.072289,0.047619,0.06383,0.266667,0,0.16129,0.055556,0.083333,0.001685,0.001775,0.008621,0.008621,0,no
0.01506,0.047619,0.010638,0.066667,0,0,0,0,0,0,0,0,0,no
0.054217,0.047619,0.053191,0.2,0,0.096774,0.037037,0.083333,0.020225,0,0.077586,0.077586,0,no
0.03012,0.047619,0.010638,0.066667,0,0.032258,0.037037,0.083333,0,0.021302,0.077586,0.077586,0,no
0.087349,0.047619,0.06383,0.266667,0.007937,0.209677,0,0,0,0,0,0,0,no
0.036145,0,0.031915,0.2,0.007937,0.032258,0.018519,0.041667,0.000562,0.000592,0.008621,0.008621,0,no
0.087349,0.142857,0.074468,0.2,0,0.048387,0,0,0,0,0,0,0,no
0.084337,0.095238,0.074468,0.2,0,0.048387,0.074074,0.125,0.002247,0.002367,0.008621,0.008621,0,no
0.087349,0,0.06383,0.2,0,0.096774,0,0,0,0,0,0,0,no
0.01506,0.095238,0.010638,0.066667,0,0.016129,0.018519,0.041667,0.000562,0.000592,0.008621,0.008621,0,no
0.024096,0.095238,0.021277,0.133333,0,0,0,0,0,0,0,0,0,no
0.054217,0.142857,0.021277,0.133333,0,0.096774,0.018519,0.041667,0.000562,0.000592,0.008621,0.008621,0,no
0.01506,0.142857,0.010638,0.066667,0,0,0.018519,0.041667,0.000562,0.000592,0.008621,0.008621,0,no
0.024096,0.142857,0.010638,0.066667,0,0.064516,0.018519,0.041667,0.000562,0.000592,0.008621,0.008621,0,no
0.036145,0,0.021277,0.133333,0,0.080645,0,0,0,0,0,0,0,no
0.045181,0.095238,0.031915,0.133333,0,0.032258,0,0,0,0,0,0,0,no
0.03012,0.047619,0.021277,0.133333,0,0.016129,0,0,0,0,0,0,0,no
0.027108,0.095238,0.010638,0.066667,0,0.032258,0,0,0,0,0,0,0,no
0.027108,0.047619,0.021277,0.066667,0,0,0.037037,0.083333,0.001124,0.001183,0.008621,0.008621,0,no
0.021084,0.047619,0.010638,0.066667,0,0,0,0,0,0,0,0,0,no
0.057229,0.142857,0.042553,0.2,0,0.032258,0.092593,0.166667,0.004494,0.001183,0.008621,0.008621,0,no
0.018072,0.047619,0.010638,0.066667,0,0,0.037037,0.083333,0.001124,0.001183,0.008621,0.008621,0,no
0.045181,0.095238,0.042553,0.066667,0.039683,0.064516,0.037037,0.083333,0.016854,0,0.064655,0.064655,0,no
0.096386,0.238095,0.06383,0.2,0,0.048387,0.037037,0.083333,0.035955,0,0.137931,0.137931,0,no
0.066265,0.380952,0.031915,0.066667,0,0.064516,0.037037,0.083333,0.024719,0,0.094828,0.094828,0,no
0.039157,0.238095,0.021277,0.066667,0.007937,0.032258,0.037037,0.083333,0.014607,0,0.056034,0.056034,0,no
0.027108,0.142857,0.010638,0.066667,0,0.032258,0.037037,0.083333,0.010112,0,0.038793,0.038793,0,no
0.027108,0.142857,0.010638,0.066667,0,0.032258,0.037037,0.083333,0.010112,0,0.038793,0.038793,0,no
0.045181,0,0.031915,0.133333,0,0,0.037037,0.083333,0.016854,0,0.064655,0.064655,0,no
0.024096,0,0.010638,0.066667,0,0.048387,0,0,0,0,0,0,0,no
0.123494,0.047619,0.117021,0.266667,0.02381,0.193548,0,0,0,0,0,0,0,no
0.060241,0,0.021277,0.133333,0,0.112903,0.018519,0.041667,0.000562,0,0.00431,0.00431,0,no
0.039157,0.142857,0.010638,0.066667,0,0.064516,0,0,0,0,0,0,0,no
0.03012,0,0.031915,0.133333,0,0.032258,0,0,0,0,0,0,0,no
0.045181,0,0.021277,0.066667,0,0.048387,0,0,0,0,0,0,0,no
0.021084,0,0.010638,0.066667,0,0.032258,0.074074,0.125,0.008989,0.001183,0.030172,0.019397,0,no
0.060241,0,0.042553,0.2,0,0.129032,0.037037,0.083333,0.022472,0,0.086207,0.086207,0,no
0.078313,0,0.031915,0.133333,0.015873,0.112903,0,0,0,0,0,0,0,no
0.129518,0,0.031915,0.133333,0,0.032258,0.037037,0.083333,0.001124,0,0.00431,0.00431,0,no
0.301205,0,0.095745,0.133333,0.031746,0.209677,0.12963,0.125,0.015169,0.002959,0.047414,0.019704,0,yes
0.231928,0,0.074468,0.133333,0.02381,0.096774,0.111111,0.125,0.014607,0.002367,0.047414,0.021552,0,no
0.018072,0,0.010638,0.066667,0,0,0.037037,0.083333,0.002247,0,0.008621,0.008621,0,no
0.024096,0,0.010638,0.066667,0.007937,0,0.037037,0.083333,0.002247,0,0.008621,0.008621,0,no
0.060241,0.047619,0.031915,0.133333,0.015873,0.096774,0.037037,0.083333,0.022472,0,0.086207,0.086207,0,no
0.180723,0.428571,0.074468,0.133333,0,0.096774,0.074074,0.125,0.002247,0.001183,0.008621,0.006466,0,no
0.045181,0,0.010638,0.066667,0,0.032258,0,0,0,0,0,0,0,no
0.01506,0.095238,0.010638,0.066667,0,0.016129,0,0,0,0,0,0,0,no
0.027108,0,0.010638,0.066667,0,0.032258,0,0,0,0,0,0,0,no
0.021084,0.095238,0.010638,0.066667,0,0.032258,0.037037,0.083333,0.001124,0.001183,0.008621,0.008621,0,no
0.039157,0.190476,0.021277,0.133333,0,0.064516,0,0,0,0,0,0,0,no
0.021084,0,0.010638,0.066667,0,0,0,0,0,0,0,0,0,no
0.171687,0.047619,0.085106,0.266667,0.007937,0.274194,0,0,0,0,0,0,0,no
0.054217,0.047619,0.021277,0.066667,0,0.112903,0.037037,0.083333,0.020225,0,0.077586,0.077586,0,no
0.051205,0.047619,0.042553,0.2,0.031746,0.048387,0,0,0,0,0,0,0,no
0.027108,0,0.021277,0.133333,0,0.048387,0.037037,0.083333,0.002247,0,0.008621,0.008621,0,no
0.03012,0,0.021277,0.133333,0,0.064516,0.037037,0.083333,0.002247,0,0.008621,0.008621,0,no
0.039157,0.142857,0.010638,0.133333,0.007937,0.016129,0,0,0,0,0,0,0,no
0.072289,0.095238,0.06383,0.2,0,0.064516,0,0,0,0,0,0,0,no
0.072289,0.047619,0.053191,0.133333,0,0.096774,0,0,0,0,0,0,0,no
0.048193,0,0.042553,0.133333,0,0.096774,0,0,0,0,0,0,0,no
0.024096,0,0.010638,0.066667,0,0,0,0,0,0,0,0,0,no
0.03012,0.047619,0.010638,0.066667,0,0.032258,0.037037,0.083333,0.011236,0,0.043103,0.043103,0,no
0.036145,0.047619,0.021277,0.133333,0,0.048387,0,0,0,0,0,0,0,no
0.036145,0.047619,0.010638,0.066667,0,0.016129,0,0,0,0,0,0,0,no
0.021084,0.047619,0.021277,0.133333,0,0.016129,0,0,0,0,0,0,0,no
0.027108,0.047619,0.021277,0.133333,0.007937,0.016129,0,0,0,0,0,0,0,no
0.018072,0,0.010638,0.066667,0,0,0,0,0,0,0,0,0,no
0.01506,0,0.010638,0.066667,0,0,0,0,0,0,0,0,0,no
0.057229,0.047619,0.031915,0.2,0.015873,0.080645,0.037037,0.083333,0.001124,0.001183,0.008621,0.008621,0,no
0.045181,0.095238,0.010638,0.066667,0,0.048387,0.037037,0.083333,0.003371,0,0.012931,0.012931,1,no
0.066265,0.095238,0.042553,0.2,0.007937,0.064516,0.037037,0.083333,0.001124,0.001183,0.008621,0.008621,0,no
0.042169,0.047619,0.031915,0.133333,0,0.016129,0,0,0,0,0,0,0,no
0.042169,0.095238,0.031915,0.133333,0,0.016129,0,0,0,0,0,0,0,no
0.042169,0.047619,0.031915,0.133333,0,0.016129,0,0,0,0,0,0,0,no
0.018072,0,0.010638,0.066667,0,0,0,0,0,0,0,0,0,no
0.042169,0.095238,0.031915,0.133333,0,0.016129,0,0,0,0,0,0,0,no
0.024096,0.047619,0.010638,0.066667,0,0,0.037037,0.083333,0.005618,0,0.021552,0.021552,0,no
0.042169,0,0.031915,0.133333,0,0.032258,0,0,0,0,0,0,0,no
0.01506,0,0.010638,0.066667,0,0.016129,0,0,0,0,0,0,0,no
0.081325,0.047619,0.053191,0.2,0,0.064516,0,0,0,0,0,0,0,no
0.171687,0,0.117021,0.266667,0.015873,0.129032,0.037037,0.083333,0,0.007101,0.025862,0.025862,0,no
0.066265,0.142857,0.042553,0.2,0,0.096774,0.037037,0.083333,0.001124,0.001183,0.008621,0.008621,0,no
0.024096,0.047619,0.010638,0.066667,0,0,0,0,0,0,0,0,0,no
0.057229,0.047619,0.021277,0.066667,0.007937,0.064516,0,0,0,0,0,0,0,no
0.01506,0.047619,0.010638,0.066667,0,0,0,0,0,0,0,0,0,no
0.057229,0.142857,0.031915,0.133333,0,0,0.018519,0.041667,0.000562,0.000592,0.008621,0.008621,0,no
0.024096,0,0.021277,0.133333,0,0,0,0,0,0,0,0,0,no
0.021084,0.095238,0.010638,0.066667,0.007937,0.016129,0,0,0,0,0,0,0,no
0.189759,0.047619,0.138298,0.2,0.015873,0.274194,0.055556,0.125,0.005056,0,0.012931,0.012931,0,no
0.01506,0,0.010638,0.066667,0,0.016129,0,0,0,0,0,0,0,no
0.168675,0.047619,0.095745,0.266667,0.007937,0.16129,0.037037,0.083333,0.001124,0.001183,0.008621,0.008621,0,no
0.03012,0.047619,0.021277,0.133333,0,0,0,0,0,0,0,0,0,no
0.171687,0.142857,0.053191,0.133333,0.007937,0.048387,0.203704,0.25,0.010674,0.002959,0.021552,0.009404,0,no
0.051205,0,0.031915,0.133333,0.047619,0.096774,0.037037,0.083333,0.019101,0,0.073276,0.073276,0,no
0.036145,0.095238,0.021277,0.133333,0,0.048387,0,0,0,0,0,0,0,no
0.084337,0.095238,0.06383,0.266667,0,0.16129,0,0,0,0,0,0,0,no
0.078313,0.142857,0.031915,0.133333,0,0.129032,0.037037,0.083333,0.001124,0.001183,0.008621,0.008621,0,no
0.111446,0.142857,0.031915,0.133333,0,0.080645,0.055556,0.083333,0.001685,0.001775,0.008621,0.008621,0,no
0.051205,0.142857,0.042553,0.2,0,0.080645,0,0,0,0,0,0,0,no
0.078313,0.142857,0.053191,0.133333,0.007937,0.209677,0.018519,0.041667,0.000562,0.000592,0.008621,0.008621,0,no
0.01506,0.047619,0.010638,0.066667,0,0.016129,0.037037,0.083333,0.005618,0,0.021552,0.021552,0,no
0.033133,0.285714,0.031915,0.066667,0.02381,0.048387,0,0,0,0,0,0,0,no
0.021084,0.190476,0.010638,0.066667,0,0.048387,0,0,0,0,0,0,0,no
0.039157,0,0.010638,0.066667,0,0.064516,0,0,0,0,0,0,0,no
0.057229,0.047619,0.021277,0.133333,0.015873,0.080645,0.055556,0.083333,0.001685,0.001775,0.008621,0.008621,0,yes
0.111446,0,0.095745,0.333333,0.02381,0.112903,0,0,0,0,0,0,0,no
0.024096,0.142857,0.010638,0.066667,0,0.016129,0,0,0,0,0,0,0,no
0.021084,0.095238,0.010638,0.066667,0,0.016129,0,0,0,0,0,0,0,no
0.039157,0.142857,0.010638,0.066667,0,0.016129,0,0,0,0,0,0,0,no
0.018072,0.095238,0.010638,0.066667,0,0,0,0,0,0,0,0,0,no
0.093373,0.047619,0.042553,0.133333,0.015873,0.129032,0.12963,0.208333,0.003933,0.001775,0.008621,0.006158,0,yes
0.096386,0.095238,0.095745,0.2,0.007937,0.129032,0.055556,0.125,0.001685,0.001775,0.008621,0.008621,0,no
0.048193,0.047619,0.031915,0.066667,0,0.080645,0.037037,0.083333,0.001124,0.001183,0.008621,0.008621,0,no
0.090361,0.190476,0.074468,0.333333,0.015873,0.145161,0,0,0,0,0,0,0,no
0.045181,0.047619,0.031915,0.066667,0,0.064516,0.037037,0.083333,0.001124,0.001183,0.008621,0.008621,0,no
0.021084,0.142857,0.010638,0.066667,0,0.016129,0,0,0,0,0,0,0,no
0.018072,0.047619,0.010638,0.066667,0,0.032258,0,0,0,0,0,0,0,no
0.021084,0.047619,0.010638,0.066667,0,0.016129,0.037037,0.083333,0.001124,0,0.00431,0.00431,0,no
0.042169,0.047619,0.031915,0.133333,0,0,0,0,0,0,0,0,0,no
0.036145,0.095238,0.021277,0.066667,0.007937,0,0,0,0,0,0,0,0,no
0.048193,0.190476,0.031915,0.133333,0.007937,0.032258,0,0,0,0,0,0,0,no
0.153614,0,0.106383,0.2,0.031746,0.145161,0.074074,0.083333,0.003371,0.001183,0.008621,0.008621,0,no
0.048193,0.238095,0.031915,0.133333,0.007937,0.032258,0,0,0,0,0,0,0,no
0.126506,0.047619,0.053191,0.133333,0.015873,0.129032,0.166667,0.25,0.005056,0.002959,0.008621,0.006705,0,yes
0.114458,0.095238,0.117021,0.466667,0,0.145161,0,0,0,0,0,0,0,no
0.135542,0,0.106383,0.2,0.031746,0.145161,0.111111,0.208333,0.102247,0.001183,0.193966,0.132184,0,no
0.021084,0.095238,0.010638,0.066667,0,0.016129,0,0,0,0,0,0,0,no
0.171687,0.190476,0.106383,0.133333,0.007937,0.209677,0,0,0,0,0,0,0,no
0.03012,0.047619,0.021277,0.066667,0,0,0,0,0,0,0,0,0,no
0.111446,0.047619,0.106383,0.133333,0,0.016129,0,0,0,0,0,0,0,no
0.087349,0.047619,0.106383,0.133333,0.111111,0.096774,0,0,0,0,0,0,0,no
0.021084,0.047619,0.021277,0.066667,0.015873,0,0,0,0,0,0,0,0,no
0.033133,0.047619,0.031915,0.066667,0.007937,0,0,0,0,0,0,0,0,no
0.048193,0,0.031915,0.066667,0.063492,0.064516,0,0,0,0,0,0,0,no
0.042169,0.047619,0.042553,0.066667,0.007937,0,0,0,0,0,0,0,0,no
0.024096,0.047619,0.010638,0.066667,0.007937,0,0,0,0,0,0,0,0,no
0.075301,0.095238,0.06383,0.133333,0.007937,0,0,0,0,0,0,0,0,no
0.01506,0.047619,0.010638,0.066667,0.007937,0,0,0,0,0,0,0,0,no
0.01506,0.047619,0.010638,0.066667,0.007937,0,0,0,0,0,0,0,0,no
0.087349,0,0.053191,0.133333,0.015873,0.032258,0,0,0,0,0,0,0,no
0.024096,0,0.021277,0.066667,0.02381,0,0,0,0,0,0,0,0,no
0.021084,0.047619,0.010638,0.066667,0.007937,0,0,0,0,0,0,0,0,no
0.13253,0.095238,0.095745,0.2,0.02381,0.016129,0,0,0,0,0,0,0,no
0.063253,0.095238,0.031915,0.133333,0.007937,0,0,0,0,0,0,0,0,no
0.036145,0.095238,0.010638,0.066667,0.015873,0.032258,0,0,0,0,0,0,0,no
0.039157,0.095238,0.021277,0.066667,0.007937,0.032258,0,0,0,0,0,0,0,no
0.045181,0.047619,0.042553,0.066667,0,0,0,0,0,0,0,0,0,no
0.018072,0.047619,0.010638,0.066667,0.007937,0.016129,0,0,0,0,0,0,0,no
0.03012,0.047619,0.031915,0.066667,0,0,0,0,0,0,0,0,0,no
0.01506,0.047619,0.010638,0.066667,0,0,0,0,0,0,0,0,0,no
0.051205,0.047619,0.042553,0.133333,0,0.016129,0,0,0,0,0,0,0,no
0.039157,0.047619,0.042553,0.133333,0.047619,0.032258,0,0,0,0,0,0,0,no
0.021084,0.047619,0.021277,0.066667,0.015873,0,0,0,0,0,0,0,0,no
0.021084,0.047619,0.010638,0.066667,0.007937,0,0,0,0,0,0,0,0,no
0.024096,0,0.010638,0.066667,0.02381,0.032258,0,0,0,0,0,0,0,no
0.03012,0.047619,0.021277,0.066667,0.007937,0,0,0,0,0,0,0,0,no
0.021084,0.047619,0.010638,0.066667,0.007937,0,0,0,0,0,0,0,0,no
0.033133,0.095238,0.021277,0.133333,0.007937,0,0,0,0,0,0,0,0,no
0.01506,0.047619,0.010638,0.066667,0.007937,0,0,0,0,0,0,0,0,no
0.039157,0,0.010638,0.066667,0.007937,0.032258,0,0,0,0,0,0,0,no
0.01506,0,0.010638,0.066667,0.015873,0,0,0,0,0,0,0,0,no
0.021084,0.047619,0.010638,0.066667,0.007937,0,0,0,0,0,0,0,0,no
0.078313,0.095238,0.053191,0.2,0.015873,0.016129,0,0,0,0,0,0,0,no
0.033133,0.095238,0.010638,0.066667,0.007937,0,0,0,0,0,0,0,0,no
0.027108,0.047619,0.021277,0.066667,0,0,0,0,0,0,0,0,0,no
0.018072,0.047619,0.010638,0.066667,0.007937,0.016129,0,0,0,0,0,0,0,no
0.14759,0.047619,0.106383,0.133333,0.15873,0.322581,0.074074,0.166667,0.010112,0,0.030172,0.019397,0,no
0.231928,0.047619,0.234043,0.133333,0,0.016129,0.074074,0.166667,0.02809,0,0.086207,0.053879,0,no
0.183735,0.047619,0.234043,0.133333,0.238095,0.225806,0.074074,0.166667,0.022472,0,0.068966,0.043103,0,no
0.021084,0.047619,0.021277,0.066667,0.015873,0,0,0,0,0,0,0,0,no
0.057229,0.047619,0.074468,0.066667,0.007937,0,0.074074,0.166667,0.005618,0,0.017241,0.010776,0,no
0.096386,0,0.074468,0.066667,0.166667,0.129032,0.074074,0.166667,0.011236,0,0.034483,0.021552,0,no
0.066265,0.047619,0.085106,0.066667,0.007937,0,0.074074,0.166667,0.005618,0,0.017241,0.010776,0,no
0.018072,0.095238,0.010638,0.066667,0.007937,0,0,0,0,0,0,0,0,no
0.018072,0.095238,0.010638,0.066667,0.007937,0,0,0,0,0,0,0,0,no
0.018072,0.095238,0.010638,0.066667,0.007937,0,0,0,0,0,0,0,0,no
0.018072,0.095238,0.010638,0.066667,0.007937,0,0.055556,0.125,0.010112,0,0.025862,0.025862,0,no
0.018072,0.095238,0.010638,0.066667,0.007937,0,0,0,0,0,0,0,0,no
0.021084,0.047619,0.010638,0.066667,0.007937,0,0,0,0,0,0,0,0,no
0.159639,0.095238,0.148936,0.133333,0.007937,0,0.074074,0.166667,0.019663,0,0.060345,0.037716,0,no
0.01506,0.047619,0.010638,0.066667,0.007937,0,0,0,0,0,0,0,0,no
0.01506,0.047619,0.010638,0.066667,0.007937,0,0,0,0,0,0,0,0,no
0.01506,0.047619,0.010638,0.066667,0.007937,0,0,0,0,0,0,0,0,no
0.01506,0.047619,0.010638,0.066667,0.007937,0,0,0,0,0,0,0,0,no
0.01506,0.047619,0.010638,0.066667,0.007937,0,0.037037,0.083333,0.005618,0,0.021552,0.021552,0,no
0.01506,0.047619,0.010638,0.066667,0.007937,0,0.055556,0.125,0.008427,0,0.021552,0.021552,0,no
0.01506,0.047619,0.010638,0.066667,0.007937,0,0,0,0,0,0,0,0,no
0.237952,0,0.202128,0.133333,0.047619,0.032258,0.074074,0.166667,0.030899,0,0.094828,0.059267,0,no
0.01506,0,0.010638,0.066667,0.015873,0,0,0,0,0,0,0,0,no
0.021084,0.047619,0.010638,0.066667,0.007937,0,0,0,0,0,0,0,0,no
0.46988,0.095238,0.255319,0.333333,0.222222,0.435484,0.074074,0.166667,0.04382,0,0.125,0.084052,0,no
0.301205,0.095238,0.212766,0.266667,0.063492,0.112903,0.074074,0.166667,0.031461,0,0.090517,0.060345,0,no
0.298193,0.095238,0.138298,0.2,0.214286,0.451613,0.074074,0.166667,0.02809,0,0.077586,0.053879,0,no
0.246988,0.095238,0.202128,0.2,0.063492,0.145161,0.074074,0.166667,0.026966,0,0.077586,0.051724,0,no
0.081325,0.047619,0.085106,0.066667,0,0,0.074074,0.166667,0.008427,0,0.025862,0.016164,0,no
0.018072,0.047619,0.010638,0.066667,0.007937,0.016129,0,0,0,0,0,0,0,no
0.01506,0.047619,0.010638,0.066667,0,0,0,0,0,0,0,0,0,no
0.051205,0.047619,0.042553,0.133333,0,0.016129,0,0,0,0,0,0,0,no
0.039157,0.047619,0.042553,0.133333,0.047619,0.032258,0,0,0,0,0,0,0,no
0.021084,0.047619,0.021277,0.066667,0.015873,0,0,0,0,0,0,0,0,no
0.021084,0.047619,0.010638,0.066667,0.007937,0,0,0,0,0,0,0,0,no
0.024096,0,0.010638,0.066667,0.02381,0.032258,0,0,0,0,0,0,0,no
0.03012,0.047619,0.021277,0.066667,0.007937,0,0,0,0,0,0,0,0,no
0.021084,0.047619,0.010638,0.066667,0.007937,0,0,0,0,0,0,0,0,no
0.033133,0.095238,0.021277,0.133333,0.007937,0,0,0,0,0,0,0,0,no
0.01506,0.047619,0.010638,0.066667,0.007937,0,0,0,0,0,0,0,0,no
0.039157,0,0.010638,0.066667,0.007937,0.032258,0,0,0,0,0,0,0,no
0.01506,0,0.010638,0.066667,0.015873,0,0,0,0,0,0,0,0,no
0.021084,0.047619,0.010638,0.066667,0.007937,0,0,0,0,0,0,0,0,no
0.078313,0.095238,0.053191,0.2,0.015873,0.016129,0,0,0,0,0,0,0,no
0.033133,0.095238,0.010638,0.066667,0.007937,0,0,0,0,0,0,0,0,no
0.027108,0.047619,0.021277,0.066667,0,0,0,0,0,0,0,0,0,no
0.018072,0.047619,0.010638,0.066667,0.007937,0.016129,0,0,0,0,0,0,0,no
0.024096,0.047619,0.010638,0.066667,0,0,0,0,0,0,0,0,0,no
0.111446,0.047619,0.106383,0.133333,0,0.016129,0,0,0,0,0,0,0,no
0.087349,0.047619,0.106383,0.133333,0.111111,0.096774,0,0,0,0,0,0,0,no
0.021084,0.047619,0.021277,0.066667,0.015873,0,0,0,0,0,0,0,0,no
0.033133,0.047619,0.031915,0.066667,0.007937,0,0,0,0,0,0,0,0,no
0.048193,0,0.031915,0.066667,0.063492,0.064516,0,0,0,0,0,0,0,no
0.042169,0.047619,0.042553,0.066667,0.007937,0,0,0,0,0,0,0,0,no
0.024096,0.047619,0.010638,0.066667,0.007937,0,0,0,0,0,0,0,0,no
0.075301,0.095238,0.06383,0.133333,0.007937,0,0,0,0,0,0,0,0,no
0.01506,0.047619,0.010638,0.066667,0.007937,0,0,0,0,0,0,0,0,no
0.075301,0,0.042553,0.133333,0.015873,0.032258,0,0,0,0,0,0,0,no
0.024096,0,0.021277,0.066667,0.02381,0,0,0,0,0,0,0,0,no
0.021084,0.047619,0.010638,0.066667,0.007937,0,0,0,0,0,0,0,0,no
0.13253,0.095238,0.095745,0.2,0.015873,0.016129,0,0,0,0,0,0,0,no
0.057229,0.095238,0.021277,0.066667,0.007937,0,0,0,0,0,0,0,0,no
0.036145,0.095238,0.010638,0.066667,0.007937,0.032258,0,0,0,0,0,0,0,no
0.039157,0.095238,0.021277,0.066667,0.007937,0.032258,0,0,0,0,0,0,0,no
0.045181,0.047619,0.042553,0.066667,0,0,0,0,0,0,0,0,0,no
0.018072,0.047619,0.010638,0.066667,0.007937,0.016129,0,0,0,0,0,0,0,no
0.024096,0.047619,0.021277,0.066667,0,0,0,0,0,0,0,0,0,no
0.081325,0.047619,0.074468,0.133333,0,0.016129,0,0,0,0,0,0,0,no
0.063253,0.047619,0.074468,0.133333,0.079365,0.064516,0,0,0,0,0,0,0,no
0.021084,0.047619,0.021277,0.066667,0.015873,0,0,0,0,0,0,0,0,no
0.027108,0.047619,0.021277,0.066667,0.007937,0,0,0,0,0,0,0,0,no
0.036145,0,0.021277,0.066667,0.047619,0.048387,0,0,0,0,0,0,0,no
0.036145,0.047619,0.031915,0.066667,0.007937,0,0,0,0,0,0,0,0,no
0.021084,0.047619,0.010638,0.066667,0.007937,0,0,0,0,0,0,0,0,no
0.054217,0.095238,0.042553,0.133333,0.007937,0,0,0,0,0,0,0,0,no
0.01506,0.047619,0.010638,0.066667,0.007937,0,0,0,0,0,0,0,0,no
0.01506,0.047619,0.010638,0.066667,0.007937,0,0,0,0,0,0,0,0,no
0.066265,0,0.031915,0.066667,0.007937,0.032258,0,0,0,0,0,0,0,no
0.033133,0,0.031915,0.066667,0.02381,0,0,0,0,0,0,0,0,no
0.021084,0.047619,0.010638,0.066667,0.007937,0,0,0,0,0,0,0,0,no
0.111446,0.095238,0.074468,0.2,0.015873,0.016129,0,0,0,0,0,0,0,no
0.048193,0.095238,0.021277,0.066667,0.007937,0,0,0,0,0,0,0,0,no
0.036145,0.047619,0.031915,0.066667,0,0,0,0,0,0,0,0,0,no
0.018072,0.047619,0.010638,0.066667,0.007937,0.016129,0,0,0,0,0,0,0,no
0.141566,0.047619,0.138298,0.133333,0,0.016129,0,0,0,0,0,0,0,no
0.111446,0.047619,0.138298,0.133333,0.142857,0.129032,0,0,0,0,0,0,0,no
0.021084,0.047619,0.021277,0.066667,0.015873,0,0,0,0,0,0,0,0,no
0.039157,0.047619,0.042553,0.066667,0.007937,0,0,0,0,0,0,0,0,no
0.060241,0,0.042553,0.066667,0.095238,0.080645,0,0,0,0,0,0,0,no
0.048193,0.047619,0.053191,0.066667,0.007937,0,0,0,0,0,0,0,0,no
0.024096,0.047619,0.010638,0.066667,0.007937,0,0,0,0,0,0,0,0,no
0.096386,0.095238,0.085106,0.133333,0.007937,0,0,0,0,0,0,0,0,no
0.096386,0,0.074468,0.133333,0.02381,0.032258,0,0,0,0,0,0,0,no
0.021084,0.047619,0.010638,0.066667,0.007937,0,0,0,0,0,0,0,0,no
0.159639,0.095238,0.117021,0.2,0.015873,0.016129,0,0,0,0,0,0,0,no
0.078313,0.095238,0.042553,0.066667,0.007937,0,0,0,0,0,0,0,0,no
0.060241,0.095238,0.042553,0.066667,0.007937,0.032258,0,0,0,0,0,0,0,no
0.087349,0.095238,0.085106,0.066667,0.007937,0.032258,0,0,0,0,0,0,0,no
0.054217,0.047619,0.053191,0.066667,0,0,0,0,0,0,0,0,0,no
0.018072,0.047619,0.010638,0.066667,0.007937,0.016129,0,0,0,0,0,0,0,no
0.277108,0.047619,0.159574,0.2,0.436508,0.887097,0,0,0,0,0,0,0,no
0.171687,0.047619,0.170213,0.133333,0,0.016129,0,0,0,0,0,0,0,no
0.135542,0.047619,0.170213,0.133333,0.174603,0.16129,0,0,0,0,0,0,0,no
0.021084,0.047619,0.021277,0.066667,0.015873,0,0,0,0,0,0,0,0,no
0.045181,0.047619,0.053191,0.066667,0.007937,0,0,0,0,0,0,0,0,no
0.072289,0,0.053191,0.066667,0.119048,0.096774,0,0,0,0,0,0,0,no
0.054217,0.047619,0.06383,0.066667,0.007937,0,0,0,0,0,0,0,0,no
0.018072,0.095238,0.010638,0.066667,0.007937,0,0,0,0,0,0,0,0,no
0.018072,0.095238,0.010638,0.066667,0.007937,0,0,0,0,0,0,0,0,no
0.018072,0.095238,0.010638,0.066667,0.007937,0,0,0,0,0,0,0,0,no
0.018072,0.095238,0.010638,0.066667,0.007937,0,0,0,0,0,0,0,0,no
0.018072,0.095238,0.010638,0.066667,0.007937,0,0,0,0,0,0,0,0,no
0.021084,0.047619,0.010638,0.066667,0.007937,0,0,0,0,0,0,0,0,no
0.11747,0.095238,0.106383,0.133333,0.007937,0,0,0,0,0,0,0,0,no
0.01506,0.047619,0.010638,0.066667,0.007937,0,0,0,0,0,0,0,0,no
0.01506,0.047619,0.010638,0.066667,0.007937,0,0,0,0,0,0,0,0,no
0.01506,0.047619,0.010638,0.066667,0.007937,0,0,0,0,0,0,0,0,no
0.01506,0.047619,0.010638,0.066667,0.007937,0,0,0,0,0,0,0,0,no
0.01506,0.047619,0.010638,0.066667,0.007937,0,0,0,0,0,0,0,0,no
0.14759,0,0.095745,0.066667,0.031746,0.032258,0,0,0,0,0,0,0,no
0.051205,0,0.053191,0.066667,0.047619,0,0,0,0,0,0,0,0,no
0.021084,0.047619,0.010638,0.066667,0.007937,0,0,0,0,0,0,0,0,no
0.533133,0.095238,0.244681,0.333333,0.333333,0.66129,0.055556,0.125,0.001685,0.001775,0.008621,0.008621,0,no
0.304217,0.095238,0.159574,0.2,0.087302,0.16129,0.055556,0.125,0.001685,0.001775,0.008621,0.008621,0,no
0.355422,0.095238,0.106383,0.133333,0.325397,0.66129,0.055556,0.125,0.001685,0.001775,0.008621,0.008621,0,no
0.204819,0.095238,0.106383,0.133333,0.087302,0.177419,0.055556,0.125,0.001685,0.001775,0.008621,0.008621,0,no
0.063253,0.047619,0.06383,0.066667,0,0,0,0,0,0,0,0,0,no
0.018072,0.047619,0.010638,0.066667,0.007937,0.016129,0,0,0,0,0,0,0,no
0.075301,0.047619,0.06383,0.133333,0.047619,0.096774,0,0,0,0,0,0,0,no
0.018072,0.047619,0.010638,0.066667,0.007937,0,0,0,0,0,0,0,0,no
0.018072,0.047619,0.010638,0.066667,0.007937,0,0,0,0,0,0,0,0,no
0.018072,0.047619,0.010638,0.066667,0.007937,0,0,0,0,0,0,0,0,no
0.141566,0.047619,0.138298,0.133333,0,0.016129,0,0,0,0,0,0,0,no
0.111446,0.047619,0.138298,0.133333,0.142857,0.129032,0,0,0,0,0,0,0,no
0.021084,0.047619,0.021277,0.066667,0.015873,0,0,0,0,0,0,0,0,no
0.039157,0.047619,0.042553,0.066667,0.007937,0,0,0,0,0,0,0,0,no
0.060241,0,0.042553,0.066667,0.095238,0.080645,0,0,0,0,0,0,0,no
0.048193,0.047619,0.053191,0.066667,0.007937,0,0,0,0,0,0,0,0,no
0.024096,0.047619,0.010638,0.066667,0.007937,0,0,0,0,0,0,0,0,no
0.096386,0.095238,0.085106,0.133333,0.007937,0,0,0,0,0,0,0,0,no
0.01506,0.047619,0.010638,0.066667,0.007937,0,0,0,0,0,0,0,0,no
0.01506,0.047619,0.010638,0.066667,0.007937,0,0,0,0,0,0,0,0,no
0.01506,0.047619,0.010638,0.066667,0.007937,0,0,0,0,0,0,0,0,no
0.114458,0,0.074468,0.133333,0.02381,0.032258,0,0,0,0,0,0,0,no
0.033133,0,0.031915,0.066667,0.031746,0,0,0,0,0,0,0,0,no
0.021084,0.047619,0.010638,0.066667,0.007937,0,0,0,0,0,0,0,0,no
0.25,0.095238,0.148936,0.266667,0.087302,0.16129,0.055556,0.125,0.001685,0.001775,0.008621,0.008621,0,no
0.13253,0.095238,0.074468,0.133333,0.031746,0.048387,0.055556,0.125,0.001685,0.001775,0.008621,0.008621,0,no
0.123494,0.095238,0.042553,0.066667,0.079365,0.177419,0.055556,0.125,0.001685,0.001775,0.008621,0.008621,0,no
0.087349,0.095238,0.053191,0.066667,0.031746,0.080645,0.055556,0.125,0.001685,0.001775,0.008621,0.008621,0,no
0.054217,0.047619,0.053191,0.066667,0,0,0,0,0,0,0,0,0,no
0.018072,0.047619,0.010638,0.066667,0.007937,0.016129,0,0,0,0,0,0,0,no
0.057229,0.047619,0.031915,0.133333,0.047619,0.096774,0,0,0,0,0,0,0,no
0.141566,0.047619,0.138298,0.133333,0,0.016129,0,0,0,0,0,0,0,no
0.111446,0.047619,0.138298,0.133333,0.142857,0.129032,0,0,0,0,0,0,0,no
0.021084,0.047619,0.021277,0.066667,0.015873,0,0,0,0,0,0,0,0,no
0.039157,0.047619,0.042553,0.066667,0.007937,0,0,0,0,0,0,0,0,no
0.060241,0,0.042553,0.066667,0.079365,0.080645,0,0,0,0,0,0,0,no
0.048193,0.047619,0.053191,0.066667,0.007937,0,0,0,0,0,0,0,0,no
0.018072,0.095238,0.010638,0.066667,0.007937,0,0,0,0,0,0,0,0,no
0.024096,0.047619,0.010638,0.066667,0.007937,0,0,0,0,0,0,0,0,no
0.096386,0.095238,0.085106,0.133333,0.007937,0,0,0,0,0,0,0,0,no
0.01506,0.047619,0.010638,0.066667,0.007937,0,0,0,0,0,0,0,0,no
0.01506,0.047619,0.010638,0.066667,0.007937,0,0,0,0,0,0,0,0,no
0.096386,0,0.053191,0.066667,0.02381,0.032258,0,0,0,0,0,0,0,no
0.042169,0,0.042553,0.066667,0.039683,0,0,0,0,0,0,0,0,no
0.021084,0.047619,0.010638,0.066667,0.007937,0,0,0,0,0,0,0,0,no
0.198795,0.095238,0.12766,0.266667,0.047619,0.080645,0.055556,0.125,0.001685,0.001775,0.008621,0.008621,0,no
0.087349,0.095238,0.031915,0.133333,0.015873,0.016129,0.055556,0.125,0.001685,0.001775,0.008621,0.008621,0,no
0.069277,0.095238,0.010638,0.066667,0.039683,0.080645,0.055556,0.125,0.001685,0.001775,0.008621,0.008621,0,no
0.039157,0.095238,0.010638,0.066667,0.015873,0.032258,0.055556,0.125,0.001685,0.001775,0.008621,0.008621,0,no
0.054217,0.047619,0.053191,0.066667,0,0,0,0,0,0,0,0,0,no
0.018072,0.047619,0.010638,0.066667,0.007937,0.016129,0,0,0,0,0,0,0,no
0.039157,0.047619,0.010638,0.066667,0.007937,0.016129,0,0,0,0,0,0,0,no
0.231928,0.047619,0.234043,0.133333,0,0.016129,0,0,0,0,0,0,0,no
0.183735,0.047619,0.234043,0.133333,0.238095,0.225806,0,0,0,0,0,0,0,no
0.021084,0.047619,0.021277,0.066667,0.015873,0,0,0,0,0,0,0,0,no
0.057229,0.047619,0.074468,0.066667,0.007937,0,0,0,0,0,0,0,0,no
0.096386,0,0.074468,0.066667,0.166667,0.129032,0,0,0,0,0,0,0,no
0.066265,0.047619,0.085106,0.066667,0.007937,0,0,0,0,0,0,0,0,no
0.018072,0.095238,0.010638,0.066667,0.007937,0,0,0,0,0,0,0,0,no
0.024096,0.047619,0.010638,0.066667,0.007937,0,0,0,0,0,0,0,0,no
0.159639,0.095238,0.148936,0.133333,0.007937,0,0,0,0,0,0,0,0,no
0.01506,0.047619,0.010638,0.066667,0.007937,0,0,0,0,0,0,0,0,no
0.171687,0,0.148936,0.133333,0.047619,0.032258,0,0,0,0,0,0,0,no
0.021084,0.047619,0.010638,0.066667,0.007937,0,0,0,0,0,0,0,0,no
0.274096,0.095238,0.191489,0.266667,0.047619,0.080645,0.055556,0.125,0.001685,0.001775,0.008621,0.008621,0,no
0.150602,0.095238,0.095745,0.2,0.015873,0.016129,0.055556,0.125,0.001685,0.001775,0.008621,0.008621,0,no
0.126506,0.095238,0.085106,0.133333,0.039683,0.096774,0.055556,0.125,0.001685,0.001775,0.008621,0.008621,0,no
0.159639,0.095238,0.159574,0.133333,0.015873,0.048387,0.055556,0.125,0.001685,0.001775,0.008621,0.008621,0,no
0.081325,0.047619,0.085106,0.066667,0,0,0,0,0,0,0,0,0,no
0.018072,0.047619,0.010638,0.066667,0.007937,0.016129,0,0,0,0,0,0,0,no
0.042169,0.047619,0.042553,0.066667,0,0,0,0,0,0,0,0,0,no
0.141566,0.047619,0.138298,0.133333,0,0.016129,0,0,0,0,0,0,0,no
0.111446,0.047619,0.138298,0.133333,0.142857,0.129032,0,0,0,0,0,0,0,no
0.021084,0.047619,0.021277,0.066667,0.015873,0,0,0,0,0,0,0,0,no
0.039157,0.047619,0.042553,0.066667,0.007937,0,0,0,0,0,0,0,0,no
0.060241,0,0.042553,0.066667,0.095238,0.080645,0,0,0,0,0,0,0,no
0.048193,0.047619,0.053191,0.066667,0.007937,0,0,0,0,0,0,0,0,no
0.021084,0.047619,0.010638,0.066667,0.007937,0,0,0,0,0,0,0,0,no
0.096386,0.095238,0.085106,0.133333,0.007937,0,0,0,0,0,0,0,0,no
0.01506,0.047619,0.010638,0.066667,0.007937,0,0,0,0,0,0,0,0,no
0.01506,0.047619,0.010638,0.066667,0.007937,0,0,0,0,0,0,0,0,no
0.01506,0.047619,0.010638,0.066667,0.007937,0,0,0,0,0,0,0,0,no
0.01506,0.047619,0.010638,0.066667,0.007937,0,0,0,0,0,0,0,0,no
0.144578,0,0.117021,0.133333,0.02381,0.032258,0,0,0,0,0,0,0,no
0.024096,0,0.021277,0.066667,0.007937,0,0,0,0,0,0,0,0,no
0.021084,0.047619,0.010638,0.066667,0.007937,0,0,0,0,0,0,0,0,no
0.168675,0.095238,0.117021,0.2,0.02381,0.016129,0,0,0,0,0,0,0,no
0.10241,0.095238,0.085106,0.133333,0.007937,0,0,0,0,0,0,0,0,no
0.069277,0.095238,0.042553,0.066667,0.015873,0.032258,0,0,0,0,0,0,0,no
0.087349,0.095238,0.085106,0.066667,0.007937,0.032258,0,0,0,0,0,0,0,no
0.054217,0.047619,0.053191,0.066667,0,0,0,0,0,0,0,0,0,no
0.018072,0.047619,0.010638,0.066667,0.007937,0.016129,0,0,0,0,0,0,0,no
0.087349,0.047619,0.053191,0.133333,0.095238,0.193548,0,0,0,0,0,0,0,no
0.141566,0.047619,0.138298,0.133333,0,0.016129,0,0,0,0,0,0,0,no
0.111446,0.047619,0.138298,0.133333,0.142857,0.129032,0,0,0,0,0,0,0,no
0.021084,0.047619,0.021277,0.066667,0.015873,0,0,0,0,0,0,0,0,no
0.039157,0.047619,0.042553,0.066667,0.007937,0,0,0,0,0,0,0,0,no
0.060241,0,0.042553,0.066667,0.095238,0.080645,0,0,0,0,0,0,0,no
0.048193,0.047619,0.053191,0.066667,0.007937,0,0,0,0,0,0,0,0,no
0.018072,0.095238,0.010638,0.066667,0.007937,0,0,0,0,0,0,0,0,no
0.018072,0.095238,0.010638,0.066667,0.007937,0,0,0,0,0,0,0,0,no
0.024096,0.047619,0.010638,0.066667,0.007937,0,0,0,0,0,0,0,0,no
0.096386,0.095238,0.085106,0.133333,0.007937,0,0,0,0,0,0,0,0,no
0.01506,0.047619,0.010638,0.066667,0.007937,0,0,0,0,0,0,0,0,no
0.01506,0.047619,0.010638,0.066667,0.007937,0,0,0,0,0,0,0,0,no
0.01506,0.047619,0.010638,0.066667,0.007937,0,0,0,0,0,0,0,0,no
0.120482,0,0.085106,0.133333,0.02381,0.032258,0,0,0,0,0,0,0,no
0.024096,0,0.021277,0.066667,0.02381,0,0,0,0,0,0,0,0,no
0.021084,0.047619,0.010638,0.066667,0.007937,0,0,0,0,0,0,0,0,no
0.23494,0.095238,0.138298,0.266667,0.079365,0.145161,0,0,0,0,0,0,0,no
0.126506,0.095238,0.074468,0.133333,0.02381,0.032258,0,0,0,0,0,0,0,no
0.11747,0.095238,0.042553,0.066667,0.071429,0.16129,0,0,0,0,0,0,0,no
0.093373,0.095238,0.06383,0.066667,0.02381,0.064516,0,0,0,0,0,0,0,no
0.054217,0.047619,0.053191,0.066667,0,0,0,0,0,0,0,0,0,no
0.018072,0.047619,0.010638,0.066667,0.007937,0.016129,0,0,0,0,0,0,0,no
0.021084,0,0.010638,0.066667,0.007937,0,0,0,0,0,0,0,0,no
0.063253,0.095238,0.074468,0.133333,0,0,0,0,0,0,0,0,0,no
0.021084,0.047619,0.010638,0.066667,0,0.016129,0,0,0,0,0,0,0,no
0.021084,0.047619,0.010638,0.066667,0,0,0,0,0,0,0,0,0,no
0.036145,0.047619,0.042553,0.066667,0,0,0,0,0,0,0,0,0,no
0.021084,0,0.010638,0.066667,0.007937,0,0,0,0,0,0,0,0,no
0.021084,0,0.010638,0.066667,0.007937,0,0,0,0,0,0,0,0,no
0.045181,0,0.021277,0.133333,0,0.048387,0,0,0,0,0,0,0,no
0.021084,0.047619,0.010638,0.066667,0.007937,0,0,0,0,0,0,0,0,no
0.018072,0.047619,0.010638,0.066667,0.015873,0,0,0,0,0,0,0,0,no
0.018072,0.047619,0.010638,0.066667,0.015873,0,0,0,0,0,0,0,0,no
0.018072,0.047619,0.010638,0.066667,0.015873,0,0,0,0,0,0,0,0,no
0.123494,0.095238,0.085106,0.2,0.02381,0.064516,0,0,0,0,0,0,0,no
0.054217,0.047619,0.042553,0.066667,0.02381,0.048387,0,0,0,0,0,0,0,no
0.075301,0.095238,0.053191,0.133333,0.02381,0.064516,0,0,0,0,0,0,0,no
0.054217,0.047619,0.042553,0.066667,0.02381,0.048387,0,0,0,0,0,0,0,no
0.021084,0.047619,0.010638,0.066667,0.007937,0,0,0,0,0,0,0,0,no
0.045181,0.047619,0.042553,0.066667,0,0,0,0,0,0,0,0,0,no
0.018072,0.047619,0.010638,0.066667,0.007937,0.016129,0,0,0,0,0,0,0,no
0.23494,0.047619,0.191489,0.133333,0.18254,0.370968,0,0,0,0,0,0,0,no
0.018072,0.047619,0.010638,0.066667,0.007937,0,0,0,0,0,0,0,0,no
0.018072,0.047619,0.010638,0.066667,0.007937,0,0,0,0,0,0,0,0,no
0.503012,0.047619,0.521277,0.133333,0,0.016129,0,0,0,0,0,0,0,no
0.400602,0.047619,0.521277,0.133333,0.52381,0.516129,0,0,0,0,0,0,0,no
0.021084,0.047619,0.021277,0.066667,0.015873,0,0,0,0,0,0,0,0,no
0.111446,0.047619,0.170213,0.066667,0.007937,0,0,0,0,0,0,0,0,no
0.204819,0,0.170213,0.066667,0.380952,0.274194,0,0,0,0,0,0,0,no
0.120482,0.047619,0.180851,0.066667,0.007937,0,0,0,0,0,0,0,0,no
0.018072,0.095238,0.010638,0.066667,0.007937,0,0,0,0,0,0,0,0,no
0.018072,0.095238,0.010638,0.066667,0.007937,0,0,0,0,0,0,0,0,no
0.018072,0.095238,0.010638,0.066667,0.007937,0,0,0,0,0,0,0,0,no
0.018072,0.095238,0.010638,0.066667,0.007937,0,0,0,0,0,0,0,0,no
0.024096,0.047619,0.010638,0.066667,0.007937,0,0,0,0,0,0,0,0,no
0.349398,0.095238,0.340426,0.133333,0.007937,0,0,0,0,0,0,0,0,no
0.01506,0.047619,0.010638,0.066667,0.007937,0,0,0,0,0,0,0,0,no
0.01506,0.047619,0.010638,0.066667,0.007937,0,0,0,0,0,0,0,0,no
0.01506,0.047619,0.010638,0.066667,0.007937,0,0,0,0,0,0,0,0,no
0.01506,0.047619,0.010638,0.066667,0.007937,0,0,0,0,0,0,0,0,no
0.01506,0.047619,0.010638,0.066667,0.007937,0,0,0,0,0,0,0,0,no
0.01506,0.047619,0.010638,0.066667,0.007937,0,0,0,0,0,0,0,0,no
0.01506,0.047619,0.010638,0.066667,0.007937,0,0,0,0,0,0,0,0,no
0.01506,0.047619,0.010638,0.066667,0.007937,0,0,0,0,0,0,0,0,no
0.01506,0.047619,0.010638,0.066667,0.007937,0,0,0,0,0,0,0,0,no
0.01506,0.047619,0.010638,0.066667,0.007937,0,0,0,0,0,0,0,0,no
0.01506,0.047619,0.010638,0.066667,0.007937,0,0,0,0,0,0,0,0,no
0.01506,0.047619,0.010638,0.066667,0.007937,0,0,0,0,0,0,0,0,no
0.01506,0.047619,0.010638,0.066667,0.007937,0,0,0,0,0,0,0,0,no
0.493976,0,0.446809,0.133333,0.119048,0.032258,0,0,0,0,0,0,0,no
0.033133,0,0.031915,0.066667,0.02381,0,0,0,0,0,0,0,0,no
0.021084,0.047619,0.010638,0.066667,0.007937,0,0,0,0,0,0,0,0,no
0.692771,0.095238,0.43617,0.266667,0.198413,0.370968,0.055556,0.125,0.001685,0.001775,0.008621,0.008621,0,no
0.445783,0.095238,0.351064,0.2,0.055556,0.096774,0.055556,0.125,0.001685,0.001775,0.008621,0.008621,0,no
0.38253,0.095238,0.212766,0.133333,0.190476,0.387097,0.055556,0.125,0.001685,0.001775,0.008621,0.008621,0,no
0.376506,0.095238,0.361702,0.133333,0.055556,0.129032,0.055556,0.125,0.001685,0.001775,0.008621,0.008621,0,no
0.162651,0.047619,0.180851,0.066667,0,0,0,0,0,0,0,0,0,no
0.018072,0.047619,0.010638,0.066667,0.007937,0.016129,0,0,0,0,0,0,0,no
0.03012,0.047619,0.031915,0.066667,0,0,0,0,0,0,0,0,0,no
0.018072,0.047619,0.010638,0.066667,0.007937,0.016129,0,0,0,0,0,0,0,no
0.051205,0.047619,0.042553,0.133333,0,0.016129,0,0,0,0,0,0,0,no
0.039157,0.047619,0.042553,0.133333,0.047619,0.032258,0,0,0,0,0,0,0,no
0.021084,0.047619,0.021277,0.066667,0.015873,0,0,0,0,0,0,0,0,no
0.021084,0.047619,0.010638,0.066667,0.007937,0,0,0,0,0,0,0,0,no
0.024096,0,0.010638,0.066667,0.02381,0.032258,0,0,0,0,0,0,0,no
0.03012,0.047619,0.021277,0.066667,0.007937,0,0,0,0,0,0,0,0,no
0.018072,0.095238,0.010638,0.066667,0.007937,0,0,0,0,0,0,0,0,no
0.021084,0.047619,0.010638,0.066667,0.007937,0,0,0,0,0,0,0,0,no
0.033133,0.095238,0.021277,0.133333,0.007937,0,0,0,0,0,0,0,0,no
0.01506,0.047619,0.010638,0.066667,0.007937,0,0,0,0,0,0,0,0,no
0.039157,0,0.010638,0.066667,0.007937,0.032258,0,0,0,0,0,0,0,no
0.01506,0,0.010638,0.066667,0.015873,0,0,0,0,0,0,0,0,no
0.021084,0.047619,0.010638,0.066667,0.007937,0,0,0,0,0,0,0,0,no
0.111446,0.095238,0.06383,0.266667,0.047619,0.080645,0.055556,0.125,0.001685,0.001775,0.008621,0.008621,0,no
0.054217,0.095238,0.021277,0.133333,0.015873,0.016129,0.055556,0.125,0.001685,0.001775,0.008621,0.008621,0,no
0.045181,0.095238,0.010638,0.066667,0.039683,0.080645,0.055556,0.125,0.001685,0.001775,0.008621,0.008621,0,no
0.03012,0.095238,0.010638,0.066667,0.015873,0.032258,0.055556,0.125,0.001685,0.001775,0.008621,0.008621,0,no
0.027108,0.047619,0.021277,0.066667,0,0,0,0,0,0,0,0,0,no
0.018072,0.047619,0.010638,0.066667,0.007937,0.016129,0,0,0,0,0,0,0,no
0.042169,0.047619,0.053191,0.066667,0,0,0,0,0,0,0,0,0,no
0.024096,0.047619,0.021277,0.066667,0,0,0,0,0,0,0,0,0,no
0.081325,0.047619,0.074468,0.133333,0,0.016129,0,0,0,0,0,0,0,no
0.063253,0.047619,0.074468,0.133333,0.079365,0.064516,0,0,0,0,0,0,0,no
0.021084,0.047619,0.021277,0.066667,0.015873,0,0,0,0,0,0,0,0,no
0.027108,0.047619,0.021277,0.066667,0.007937,0,0,0,0,0,0,0,0,no
0.036145,0,0.021277,0.066667,0.047619,0.048387,0,0,0,0,0,0,0,no
0.036145,0.047619,0.031915,0.066667,0.007937,0,0,0,0,0,0,0,0,no
0.021084,0.047619,0.010638,0.066667,0.007937,0,0,0,0,0,0,0,0,no
0.054217,0.095238,0.042553,0.133333,0.007937,0,0,0,0,0,0,0,0,no
0.01506,0.047619,0.010638,0.066667,0.007937,0,0,0,0,0,0,0,0,no
0.01506,0.047619,0.010638,0.066667,0.007937,0,0,0,0,0,0,0,0,no
0.072289,0,0.042553,0.133333,0.007937,0.032258,0,0,0,0,0,0,0,no
0.01506,0,0.010638,0.066667,0.015873,0,0,0,0,0,0,0,0,no
0.021084,0.047619,0.010638,0.066667,0.007937,0,0,0,0,0,0,0,0,no
0.105422,0.095238,0.074468,0.2,0.02381,0.016129,0,0,0,0,0,0,0,no
0.054217,0.095238,0.031915,0.133333,0.007937,0,0,0,0,0,0,0,0,no
0.03012,0.095238,0.010638,0.066667,0.015873,0.032258,0,0,0,0,0,0,0,no
0.036145,0.095238,0.021277,0.066667,0.007937,0.032258,0,0,0,0,0,0,0,no
0.036145,0.047619,0.031915,0.066667,0,0,0,0,0,0,0,0,0,no
0.018072,0.047619,0.010638,0.066667,0.007937,0.016129,0,0,0,0,0,0,0,no
0.024096,0.047619,0.021277,0.066667,0,0,0,0,0,0,0,0,0,no
0.081325,0.047619,0.074468,0.133333,0,0.016129,0,0,0,0,0,0,0,no
0.063253,0.047619,0.074468,0.133333,0.079365,0.064516,0,0,0,0,0,0,0,no
0.021084,0.047619,0.021277,0.066667,0.015873,0,0,0,0,0,0,0,0,no
0.027108,0.047619,0.021277,0.066667,0.007937,0,0,0,0,0,0,0,0,no
0.036145,0,0.021277,0.066667,0.047619,0.048387,0,0,0,0,0,0,0,no
0.036145,0.047619,0.031915,0.066667,0.007937,0,0,0,0,0,0,0,0,no
0.021084,0.047619,0.010638,0.066667,0.007937,0,0,0,0,0,0,0,0,no
0.054217,0.095238,0.042553,0.133333,0.007937,0,0,0,0,0,0,0,0,no
0.01506,0.047619,0.010638,0.066667,0.007937,0,0,0,0,0,0,0,0,no
0.01506,0.047619,0.010638,0.066667,0.007937,0,0,0,0,0,0,0,0,no
0.066265,0,0.031915,0.066667,0.007937,0.032258,0,0,0,0,0,0,0,no
0.024096,0,0.021277,0.066667,0.02381,0,0,0,0,0,0,0,0,no
0.021084,0.047619,0.010638,0.066667,0.007937,0,0,0,0,0,0,0,0,no
0.105422,0.095238,0.074468,0.2,0.015873,0.016129,0,0,0,0,0,0,0,no
0.048193,0.095238,0.021277,0.066667,0.007937,0,0,0,0,0,0,0,0,no
0.036145,0.047619,0.031915,0.066667,0,0,0,0,0,0,0,0,0,no
0.018072,0.047619,0.010638,0.066667,0.007937,0.016129,0,0,0,0,0,0,0,no
0.081325,0.047619,0.074468,0.133333,0,0.016129,0,0,0,0,0,0,0,no
0.063253,0.047619,0.074468,0.133333,0.079365,0.064516,0,0,0,0,0,0,0,no
0.021084,0.047619,0.021277,0.066667,0.015873,0,0,0,0,0,0,0,0,no
0.027108,0.047619,0.021277,0.066667,0.007937,0,0,0,0,0,0,0,0,no
0.036145,0,0.021277,0.066667,0.047619,0.048387,0,0,0,0,0,0,0,no
0.036145,0.047619,0.031915,0.066667,0.007937,0,0,0,0,0,0,0,0,no
0.024096,0.047619,0.010638,0.066667,0.007937,0,0,0,0,0,0,0,0,no
0.054217,0.095238,0.042553,0.133333,0.007937,0,0,0,0,0,0,0,0,no
0.054217,0,0.031915,0.133333,0.007937,0.032258,0,0,0,0,0,0,0,no
0.021084,0.047619,0.010638,0.066667,0.007937,0,0,0,0,0,0,0,0,no
0.105422,0.095238,0.074468,0.2,0.015873,0.016129,0,0,0,0,0,0,0,no
0.048193,0.095238,0.021277,0.066667,0.007937,0,0,0,0,0,0,0,0,no
0.036145,0.095238,0.021277,0.066667,0.007937,0.032258,0,0,0,0,0,0,0,no
0.051205,0.095238,0.042553,0.066667,0.007937,0.032258,0,0,0,0,0,0,0,no
0.036145,0.047619,0.031915,0.066667,0,0,0,0,0,0,0,0,0,no
0.018072,0.047619,0.010638,0.066667,0.007937,0.016129,0,0,0,0,0,0,0,no
0.024096,0,0.010638,0.066667,0.015873,0.032258,0,0,0,0,0,0,0,no
0.120482,0.095238,0.042553,0.133333,0,0.080645,0,0,0,0,0,0,0,no
0.033133,0.047619,0.010638,0.066667,0,0.016129,0,0,0,0,0,0,0,no
0.072289,0.047619,0.031915,0.133333,0,0.048387,0,0,0,0,0,0,0,no
0.042169,0,0.031915,0.066667,0.015873,0.016129,0,0,0,0,0,0,0,no
0.033133,0.095238,0.021277,0.066667,0.007937,0.016129,0,0,0,0,0,0,0,no
0.024096,0.047619,0.021277,0.066667,0,0,0,0,0,0,0,0,0,no
0.081325,0.047619,0.074468,0.133333,0,0.016129,0,0,0,0,0,0,0,no
0.021084,0.047619,0.021277,0.066667,0.015873,0,0,0,0,0,0,0,0,no
0.063253,0.047619,0.074468,0.133333,0.079365,0.064516,0,0,0,0,0,0,0,no
0.027108,0.047619,0.021277,0.066667,0.007937,0,0,0,0,0,0,0,0,no
0.036145,0,0.021277,0.066667,0.047619,0.048387,0,0,0,0,0,0,0,no
0.036145,0.047619,0.031915,0.066667,0.007937,0,0,0,0,0,0,0,0,no
0.021084,0.047619,0.010638,0.066667,0.007937,0,0,0,0,0,0,0,0,no
0.054217,0.095238,0.042553,0.133333,0.007937,0,0,0,0,0,0,0,0,no
0.01506,0.047619,0.010638,0.066667,0.007937,0,0,0,0,0,0,0,0,no
0.01506,0.047619,0.010638,0.066667,0.007937,0,0,0,0,0,0,0,0,no
0.066265,0,0.031915,0.066667,0.007937,0.032258,0,0,0,0,0,0,0,no
0.021084,0.047619,0.010638,0.066667,0.007937,0,0,0,0,0,0,0,0,no
0.036145,0.047619,0.031915,0.066667,0,0,0,0,0,0,0,0,0,no
0.018072,0.047619,0.010638,0.066667,0.007937,0.016129,0,0,0,0,0,0,0,no
0.105422,0.095238,0.074468,0.2,0.015873,0.016129,0,0,0,0,0,0,0,no
0.048193,0.095238,0.021277,0.066667,0.007937,0,0,0,0,0,0,0,0,no
0.036145,0.095238,0.021277,0.066667,0.007937,0.032258,0,0,0,0,0,0,0,no
0.051205,0.095238,0.042553,0.066667,0.007937,0.032258,0,0,0,0,0,0,0,no
0.033133,0.047619,0.031915,0.066667,0,0,0,0,0,0,0,0,0,no
0.111446,0.047619,0.106383,0.133333,0,0.016129,0,0,0,0,0,0,0,no
0.021084,0.047619,0.021277,0.066667,0.015873,0,0,0,0,0,0,0,0,no
0.087349,0.047619,0.106383,0.133333,0.111111,0.096774,0,0,0,0,0,0,0,no
0.033133,0.047619,0.031915,0.066667,0.007937,0,0,0,0,0,0,0,0,no
0.048193,0,0.031915,0.066667,0.071429,0.064516,0,0,0,0,0,0,0,no
0.042169,0.047619,0.042553,0.066667,0.007937,0,0,0,0,0,0,0,0,no
0.021084,0.047619,0.010638,0.066667,0.007937,0,0,0,0,0,0,0,0,no
0.075301,0.095238,0.06383,0.133333,0.007937,0,0,0,0,0,0,0,0,no
0.01506,0.047619,0.010638,0.066667,0.007937,0,0,0,0,0,0,0,0,no
0.01506,0.047619,0.010638,0.066667,0.007937,0,0,0,0,0,0,0,0,no
0.01506,0.047619,0.010638,0.066667,0.007937,0,0,0,0,0,0,0,0,no
0.093373,0,0.053191,0.066667,0.015873,0.032258,0,0,0,0,0,0,0,no
0.021084,0.047619,0.010638,0.066667,0.007937,0,0,0,0,0,0,0,0,no
0.045181,0.047619,0.042553,0.066667,0,0,0,0,0,0,0,0,0,no
0.018072,0.047619,0.010638,0.066667,0.007937,0.016129,0,0,0,0,0,0,0,no
0.138554,0.095238,0.095745,0.2,0.015873,0.016129,0,0,0,0,0,0,0,no
0.063253,0.095238,0.031915,0.066667,0.007937,0,0,0,0,0,0,0,0,no
0.054217,0.095238,0.031915,0.066667,0.007937,0.032258,0,0,0,0,0,0,0,no
0.069277,0.095238,0.06383,0.066667,0.007937,0.032258,0,0,0,0,0,0,0,no
0.024096,0,0.010638,0.066667,0.007937,0.032258,0,0,0,0,0,0,0,no
0.024096,0,0.010638,0.066667,0.007937,0.032258,0,0,0,0,0,0,0,no
0.024096,0,0.010638,0.066667,0.015873,0.032258,0,0,0,0,0,0,0,no
0.024096,0,0.010638,0.066667,0.007937,0.032258,0,0,0,0,0,0,0,no
0.105422,0.095238,0.031915,0.066667,0,0.080645,0,0,0,0,0,0,0,no
0.03012,0.047619,0.010638,0.066667,0,0.016129,0,0,0,0,0,0,0,no
0.060241,0.047619,0.021277,0.066667,0,0.048387,0,0,0,0,0,0,0,no
0.105422,0.095238,0.031915,0.066667,0,0.080645,0,0,0,0,0,0,0,no
0.03012,0.047619,0.010638,0.066667,0,0.016129,0,0,0,0,0,0,0,no
0.060241,0.047619,0.021277,0.066667,0,0.048387,0,0,0,0,0,0,0,no
0.108434,0.095238,0.031915,0.066667,0,0.080645,0,0,0,0,0,0,0,no
0.033133,0.047619,0.010638,0.066667,0,0.016129,0,0,0,0,0,0,0,no
0.060241,0.047619,0.021277,0.066667,0,0.048387,0,0,0,0,0,0,0,no
0.105422,0.095238,0.031915,0.066667,0,0.080645,0,0,0,0,0,0,0,no
0.03012,0.047619,0.010638,0.066667,0,0.016129,0,0,0,0,0,0,0,no
0.060241,0.047619,0.021277,0.066667,0,0.048387,0,0,0,0,0,0,0,no
0.024096,0,0.010638,0.066667,0.02381,0.016129,0,0,0,0,0,0,0,no
0.024096,0,0.010638,0.066667,0.02381,0.016129,0,0,0,0,0,0,0,no
0.033133,0,0.021277,0.066667,0.015873,0.016129,0,0,0,0,0,0,0,no
0.024096,0,0.010638,0.066667,0.02381,0.016129,0,0,0,0,0,0,0,no
0.027108,0.095238,0.010638,0.066667,0.007937,0.016129,0,0,0,0,0,0,0,no
0.027108,0.095238,0.010638,0.066667,0.007937,0.016129,0,0,0,0,0,0,0,no
0.027108,0.095238,0.010638,0.066667,0.007937,0.016129,0,0,0,0,0,0,0,no
0.027108,0.095238,0.010638,0.066667,0.007937,0.016129,0,0,0,0,0,0,0,no
0.024096,0.047619,0.021277,0.066667,0,0,0,0,0,0,0,0,0,no
0.081325,0.047619,0.074468,0.133333,0,0.016129,0,0,0,0,0,0,0,no
0.021084,0.047619,0.021277,0.066667,0.015873,0,0,0,0,0,0,0,0,no
0.063253,0.047619,0.074468,0.133333,0.079365,0.064516,0,0,0,0,0,0,0,no
0.027108,0.047619,0.021277,0.066667,0.007937,0,0,0,0,0,0,0,0,no
0.036145,0,0.021277,0.066667,0.047619,0.048387,0,0,0,0,0,0,0,no
0.036145,0.047619,0.031915,0.066667,0.007937,0,0,0,0,0,0,0,0,no
0.021084,0.047619,0.010638,0.066667,0.007937,0,0,0,0,0,0,0,0,no
0.054217,0.095238,0.042553,0.133333,0.007937,0,0,0,0,0,0,0,0,no
0.01506,0.047619,0.010638,0.066667,0.007937,0,0,0,0,0,0,0,0,no
0.01506,0.047619,0.010638,0.066667,0.007937,0,0,0,0,0,0,0,0,no
0.066265,0,0.031915,0.066667,0.007937,0.032258,0,0,0,0,0,0,0,no
0.021084,0.047619,0.010638,0.066667,0.007937,0,0,0,0,0,0,0,0,no
0.036145,0.047619,0.031915,0.066667,0,0,0,0,0,0,0,0,0,no
0.018072,0.047619,0.010638,0.066667,0.007937,0.016129,0,0,0,0,0,0,0,no
0.108434,0.095238,0.074468,0.2,0.015873,0.016129,0,0,0,0,0,0,0,no
0.048193,0.095238,0.021277,0.066667,0.007937,0,0,0,0,0,0,0,0,no
0.039157,0.095238,0.021277,0.066667,0.007937,0.032258,0,0,0,0,0,0,0,no
0.051205,0.095238,0.042553,0.066667,0.007937,0.032258,0,0,0,0,0,0,0,no
0.01506,0.047619,0.010638,0.066667,0,0,0,0,0,0,0,0,0,no
0.051205,0.047619,0.042553,0.133333,0,0.016129,0,0,0,0,0,0,0,no
0.021084,0.047619,0.021277,0.066667,0.015873,0,0,0,0,0,0,0,0,no
0.039157,0.047619,0.042553,0.133333,0.047619,0.032258,0,0,0,0,0,0,0,no
0.021084,0.047619,0.010638,0.066667,0.007937,0,0,0,0,0,0,0,0,no
0.024096,0,0.010638,0.066667,0.02381,0.032258,0,0,0,0,0,0,0,no
0.03012,0.047619,0.021277,0.066667,0.007937,0,0,0,0,0,0,0,0,no
0.021084,0.047619,0.010638,0.066667,0.007937,0,0,0,0,0,0,0,0,no
0.033133,0.095238,0.021277,0.133333,0.007937,0,0,0,0,0,0,0,0,no
0.01506,0.047619,0.010638,0.066667,0.007937,0,0,0,0,0,0,0,0,no
0.039157,0,0.010638,0.066667,0.007937,0.032258,0,0,0,0,0,0,0,no
0.021084,0.047619,0.010638,0.066667,0.007937,0,0,0,0,0,0,0,0,no
0.027108,0.047619,0.021277,0.066667,0,0,0,0,0,0,0,0,0,no
0.018072,0.047619,0.010638,0.066667,0.007937,0.016129,0,0,0,0,0,0,0,no
0.081325,0.095238,0.053191,0.2,0.015873,0.016129,0,0,0,0,0,0,0,no
0.033133,0.095238,0.010638,0.066667,0.007937,0,0,0,0,0,0,0,0,no
0.027108,0.095238,0.010638,0.066667,0.007937,0.032258,0,0,0,0,0,0,0,no
0.033133,0.095238,0.021277,0.066667,0.007937,0.032258,0,0,0,0,0,0,0,no
0.01506,0.047619,0.010638,0.066667,0,0,0,0,0,0,0,0,0,no
0.051205,0.047619,0.042553,0.133333,0,0.016129,0,0,0,0,0,0,0,no
0.021084,0.047619,0.021277,0.066667,0.015873,0,0,0,0,0,0,0,0,no
0.039157,0.047619,0.042553,0.133333,0.047619,0.032258,0,0,0,0,0,0,0,no
0.021084,0.047619,0.010638,0.066667,0.007937,0,0,0,0,0,0,0,0,no
0.024096,0,0.010638,0.066667,0.02381,0.032258,0,0,0,0,0,0,0,no
0.03012,0.047619,0.021277,0.066667,0.007937,0,0,0,0,0,0,0,0,no
0.021084,0.047619,0.010638,0.066667,0.007937,0,0,0,0,0,0,0,0,no
0.033133,0.095238,0.021277,0.133333,0.007937,0,0,0,0,0,0,0,0,no
0.01506,0.047619,0.010638,0.066667,0.007937,0,0,0,0,0,0,0,0,no
0.039157,0,0.010638,0.066667,0.007937,0.032258,0,0,0,0,0,0,0,no
0.021084,0.047619,0.010638,0.066667,0.007937,0,0,0,0,0,0,0,0,no
0.027108,0.047619,0.021277,0.066667,0,0,0,0,0,0,0,0,0,no
0.018072,0.047619,0.010638,0.066667,0.007937,0.016129,0,0,0,0,0,0,0,no
0.078313,0.095238,0.053191,0.2,0.015873,0.016129,0,0,0,0,0,0,0,no
0.033133,0.095238,0.010638,0.066667,0.007937,0,0,0,0,0,0,0,0,no
0.024096,0.095238,0.010638,0.066667,0.007937,0.032258,0,0,0,0,0,0,0,no
0.033133,0.095238,0.021277,0.066667,0.007937,0.032258,0,0,0,0,0,0,0,no
0.01506,0.047619,0.010638,0.066667,0,0,0,0,0,0,0,0,0,no
0.051205,0.047619,0.042553,0.133333,0,0.016129,0,0,0,0,0,0,0,no
0.021084,0.047619,0.021277,0.066667,0.015873,0,0,0,0,0,0,0,0,no
0.039157,0.047619,0.042553,0.133333,0.047619,0.032258,0,0,0,0,0,0,0,no
0.021084,0.047619,0.010638,0.066667,0.007937,0,0,0,0,0,0,0,0,no
0.024096,0,0.010638,0.066667,0.02381,0.032258,0,0,0,0,0,0,0,no
0.03012,0.047619,0.021277,0.066667,0.007937,0,0,0,0,0,0,0,0,no
0.021084,0.047619,0.010638,0.066667,0.007937,0,0,0,0,0,0,0,0,no
0.033133,0.095238,0.021277,0.133333,0.007937,0,0,0,0,0,0,0,0,no
0.01506,0.047619,0.010638,0.066667,0.007937,0,0,0,0,0,0,0,0,no
0.039157,0,0.010638,0.066667,0.007937,0.032258,0,0,0,0,0,0,0,no
0.021084,0.047619,0.010638,0.066667,0.007937,0,0,0,0,0,0,0,0,no
0.027108,0.047619,0.021277,0.066667,0,0,0,0,0,0,0,0,0,no
0.018072,0.047619,0.010638,0.066667,0.007937,0.016129,0,0,0,0,0,0,0,no
0.081325,0.095238,0.053191,0.2,0.015873,0.016129,0,0,0,0,0,0,0,no
0.033133,0.095238,0.010638,0.066667,0.007937,0,0,0,0,0,0,0,0,no
0.027108,0.095238,0.010638,0.066667,0.007937,0.032258,0,0,0,0,0,0,0,no
0.033133,0.095238,0.021277,0.066667,0.007937,0.032258,0,0,0,0,0,0,0,no
0.01506,0.047619,0.010638,0.066667,0,0,0,0,0,0,0,0,0,no
0.051205,0.047619,0.042553,0.133333,0,0.016129,0,0,0,0,0,0,0,no
0.021084,0.047619,0.021277,0.066667,0.015873,0,0,0,0,0,0,0,0,no
0.039157,0.047619,0.042553,0.133333,0.047619,0.032258,0,0,0,0,0,0,0,no
0.021084,0.047619,0.010638,0.066667,0.007937,0,0,0,0,0,0,0,0,no
0.024096,0,0.010638,0.066667,0.02381,0.032258,0,0,0,0,0,0,0,no
0.03012,0.047619,0.021277,0.066667,0.007937,0,0,0,0,0,0,0,0,no
0.021084,0.047619,0.010638,0.066667,0.007937,0,0,0,0,0,0,0,0,no
0.033133,0.095238,0.021277,0.133333,0.007937,0,0,0,0,0,0,0,0,no
0.01506,0.047619,0.010638,0.066667,0.007937,0,0,0,0,0,0,0,0,no
0.039157,0,0.010638,0.066667,0.007937,0.032258,0,0,0,0,0,0,0,no
0.021084,0.047619,0.010638,0.066667,0.007937,0,0,0,0,0,0,0,0,no
0.027108,0.047619,0.021277,0.066667,0,0,0,0,0,0,0,0,0,no
0.018072,0.047619,0.010638,0.066667,0.007937,0.016129,0,0,0,0,0,0,0,no
0.078313,0.095238,0.053191,0.2,0.015873,0.016129,0,0,0,0,0,0,0,no
0.033133,0.095238,0.010638,0.066667,0.007937,0,0,0,0,0,0,0,0,no
0.024096,0.095238,0.010638,0.066667,0.007937,0.032258,0,0,0,0,0,0,0,no
0.033133,0.095238,0.021277,0.066667,0.007937,0.032258,0,0,0,0,0,0,0,no
0.024096,0.047619,0.021277,0.066667,0,0,0,0,0,0,0,0,0,no
0.081325,0.047619,0.074468,0.133333,0,0.016129,0,0,0,0,0,0,0,no
0.021084,0.047619,0.021277,0.066667,0.015873,0,0,0,0,0,0,0,0,no
0.063253,0.047619,0.074468,0.133333,0.079365,0.064516,0,0,0,0,0,0,0,no
0.027108,0.047619,0.021277,0.066667,0.007937,0,0,0,0,0,0,0,0,no
0.036145,0,0.021277,0.066667,0.047619,0.048387,0,0,0,0,0,0,0,no
0.036145,0.047619,0.031915,0.066667,0.007937,0,0,0,0,0,0,0,0,no
0.021084,0.047619,0.010638,0.066667,0.007937,0,0,0,0,0,0,0,0,no
0.054217,0.095238,0.042553,0.133333,0.007937,0,0,0,0,0,0,0,0,no
0.01506,0.047619,0.010638,0.066667,0.007937,0,0,0,0,0,0,0,0,no
0.01506,0.047619,0.010638,0.066667,0.007937,0,0,0,0,0,0,0,0,no
0.066265,0,0.031915,0.066667,0.007937,0.032258,0,0,0,0,0,0,0,no
0.01506,0,0.010638,0.066667,0.007937,0,0,0,0,0,0,0,0,no
0.021084,0.047619,0.010638,0.066667,0.007937,0,0,0,0,0,0,0,0,no
0.036145,0.047619,0.031915,0.066667,0,0,0,0,0,0,0,0,0,no
0.018072,0.047619,0.010638,0.066667,0.007937,0.016129,0,0,0,0,0,0,0,no
0.111446,0.095238,0.074468,0.2,0.015873,0.016129,0,0,0,0,0,0,0,no
0.048193,0.095238,0.021277,0.066667,0.007937,0,0,0,0,0,0,0,0,no
0.042169,0.095238,0.021277,0.066667,0.007937,0.032258,0,0,0,0,0,0,0,no
0.051205,0.095238,0.042553,0.066667,0.007937,0.032258,0,0,0,0,0,0,0,no
0.024096,0.047619,0.021277,0.066667,0,0,0,0,0,0,0,0,0,no
0.081325,0.047619,0.074468,0.133333,0,0.016129,0,0,0,0,0,0,0,no
0.021084,0.047619,0.021277,0.066667,0.015873,0,0,0,0,0,0,0,0,no
0.063253,0.047619,0.074468,0.133333,0.079365,0.064516,0,0,0,0,0,0,0,no
0.027108,0.047619,0.021277,0.066667,0.007937,0,0,0,0,0,0,0,0,no
0.036145,0,0.021277,0.066667,0.047619,0.048387,0,0,0,0,0,0,0,no
0.036145,0.047619,0.031915,0.066667,0.007937,0,0,0,0,0,0,0,0,no
0.021084,0.047619,0.010638,0.066667,0.007937,0,0,0,0,0,0,0,0,no
0.054217,0.095238,0.042553,0.133333,0.007937,0,0,0,0,0,0,0,0,no
0.01506,0.047619,0.010638,0.066667,0.007937,0,0,0,0,0,0,0,0,no
0.01506,0.047619,0.010638,0.066667,0.007937,0,0,0,0,0,0,0,0,no
0.066265,0,0.031915,0.066667,0.007937,0.032258,0,0,0,0,0,0,0,no
0.021084,0.047619,0.010638,0.066667,0.007937,0,0,0,0,0,0,0,0,no
0.036145,0.047619,0.031915,0.066667,0,0,0,0,0,0,0,0,0,no
0.018072,0.047619,0.010638,0.066667,0.007937,0.016129,0,0,0,0,0,0,0,no
0.105422,0.095238,0.074468,0.2,0.015873,0.016129,0,0,0,0,0,0,0,no
0.048193,0.095238,0.021277,0.066667,0.007937,0,0,0,0,0,0,0,0,no
0.036145,0.095238,0.021277,0.066667,0.007937,0.032258,0,0,0,0,0,0,0,no
0.051205,0.095238,0.042553,0.066667,0.007937,0.032258,0,0,0,0,0,0,0,no
0.01506,0.047619,0.010638,0.066667,0,0,0,0,0,0,0,0,0,no
0.051205,0.047619,0.042553,0.133333,0,0.016129,0,0,0,0,0,0,0,no
0.021084,0.047619,0.021277,0.066667,0.015873,0,0,0,0,0,0,0,0,no
0.039157,0.047619,0.042553,0.133333,0.047619,0.032258,0,0,0,0,0,0,0,no
0.021084,0.047619,0.010638,0.066667,0.007937,0,0,0,0,0,0,0,0,no
0.024096,0,0.010638,0.066667,0.02381,0.032258,0,0,0,0,0,0,0,no
0.03012,0.047619,0.021277,0.066667,0.007937,0,0,0,0,0,0,0,0,no
0.021084,0.047619,0.010638,0.066667,0.007937,0,0,0,0,0,0,0,0,no
0.033133,0.095238,0.021277,0.133333,0.007937,0,0,0,0,0,0,0,0,no
0.01506,0.047619,0.010638,0.066667,0.007937,0,0,0,0,0,0,0,0,no
0.039157,0,0.010638,0.066667,0.007937,0.032258,0,0,0,0,0,0,0,no
0.021084,0.047619,0.010638,0.066667,0.007937,0,0,0,0,0,0,0,0,no
0.027108,0.047619,0.021277,0.066667,0,0,0,0,0,0,0,0,0,no
0.018072,0.047619,0.010638,0.066667,0.007937,0.016129,0,0,0,0,0,0,0,no
0.081325,0.095238,0.053191,0.2,0.015873,0.016129,0,0,0,0,0,0,0,no
0.033133,0.095238,0.010638,0.066667,0.007937,0,0,0,0,0,0,0,0,no
0.027108,0.095238,0.010638,0.066667,0.007937,0.032258,0,0,0,0,0,0,0,no
0.033133,0.095238,0.021277,0.066667,0.007937,0.032258,0,0,0,0,0,0,0,no
0.033133,0.047619,0.021277,0.066667,0,0,0,0,0,0,0,0,0,no
0.141566,0.047619,0.138298,0.133333,0,0.016129,0,0,0,0,0,0,0,no
0.111446,0.047619,0.138298,0.133333,0.142857,0.129032,0,0,0,0,0,0,0,no
0.021084,0.047619,0.021277,0.066667,0.015873,0,0,0,0,0,0,0,0,no
0.039157,0.047619,0.042553,0.066667,0.007937,0,0,0,0,0,0,0,0,no
0.060241,0,0.042553,0.066667,0.087302,0.080645,0,0,0,0,0,0,0,no
0.048193,0.047619,0.053191,0.066667,0.007937,0,0,0,0,0,0,0,0,no
0.024096,0.047619,0.010638,0.066667,0.007937,0,0,0,0,0,0,0,0,no
0.096386,0.095238,0.085106,0.133333,0.007937,0,0,0,0,0,0,0,0,no
0.01506,0.047619,0.010638,0.066667,0.007937,0,0,0,0,0,0,0,0,no
0.01506,0.047619,0.010638,0.066667,0.007937,0,0,0,0,0,0,0,0,no
0.108434,0,0.074468,0.133333,0.02381,0.032258,0,0,0,0,0,0,0,no
0.024096,0,0.021277,0.066667,0.02381,0,0,0,0,0,0,0,0,no
0.021084,0.047619,0.010638,0.066667,0.007937,0,0,0,0,0,0,0,0,no
0.159639,0.095238,0.117021,0.2,0.015873,0.016129,0,0,0,0,0,0,0,no
0.078313,0.095238,0.042553,0.133333,0.007937,0,0,0,0,0,0,0,0,no
0.048193,0.095238,0.021277,0.066667,0.007937,0.032258,0,0,0,0,0,0,0,no
0.057229,0.095238,0.042553,0.066667,0.007937,0.032258,0,0,0,0,0,0,0,no
0.054217,0.047619,0.053191,0.066667,0,0,0,0,0,0,0,0,0,no
0.018072,0.047619,0.010638,0.066667,0.007937,0.016129,0,0,0,0,0,0,0,no
0.024096,0.047619,0.021277,0.066667,0,0,0,0,0,0,0,0,0,no
0.081325,0.047619,0.074468,0.133333,0,0.016129,0,0,0,0,0,0,0,no
0.063253,0.047619,0.074468,0.133333,0.079365,0.064516,0,0,0,0,0,0,0,no
0.021084,0.047619,0.021277,0.066667,0.015873,0,0,0,0,0,0,0,0,no
0.027108,0.047619,0.021277,0.066667,0.007937,0,0,0,0,0,0,0,0,no
0.036145,0,0.021277,0.066667,0.047619,0.048387,0,0,0,0,0,0,0,no
0.036145,0.047619,0.031915,0.066667,0.007937,0,0,0,0,0,0,0,0,no
0.021084,0.047619,0.010638,0.066667,0.007937,0,0,0,0,0,0,0,0,no
0.054217,0.095238,0.042553,0.133333,0.007937,0,0,0,0,0,0,0,0,no
0.01506,0.047619,0.010638,0.066667,0.007937,0,0,0,0,0,0,0,0,no
0.01506,0.047619,0.010638,0.066667,0.007937,0,0,0,0,0,0,0,0,no
0.078313,0,0.053191,0.133333,0.007937,0.032258,0,0,0,0,0,0,0,no
0.024096,0,0.021277,0.066667,0.007937,0,0,0,0,0,0,0,0,no
0.021084,0.047619,0.010638,0.066667,0.007937,0,0,0,0,0,0,0,0,no
0.111446,0.095238,0.074468,0.2,0.015873,0.016129,0,0,0,0,0,0,0,no
0.060241,0.095238,0.042553,0.133333,0.007937,0,0,0,0,0,0,0,0,no
0.042169,0.095238,0.021277,0.066667,0.007937,0.032258,0,0,0,0,0,0,0,no
0.051205,0.095238,0.042553,0.066667,0.007937,0.032258,0,0,0,0,0,0,0,no
0.036145,0.047619,0.031915,0.066667,0,0,0,0,0,0,0,0,0,no
0.018072,0.047619,0.010638,0.066667,0.007937,0.016129,0,0,0,0,0,0,0,no
0.081325,0.047619,0.074468,0.133333,0,0.016129,0,0,0,0,0,0,0,no
0.063253,0.047619,0.074468,0.133333,0.079365,0.064516,0,0,0,0,0,0,0,no
0.021084,0.047619,0.021277,0.066667,0.015873,0,0,0,0,0,0,0,0,no
0.027108,0.047619,0.021277,0.066667,0.007937,0,0,0,0,0,0,0,0,no
0.036145,0,0.021277,0.066667,0.031746,0.048387,0,0,0,0,0,0,0,no
0.036145,0.047619,0.031915,0.066667,0.007937,0,0,0,0,0,0,0,0,no
0.024096,0.047619,0.010638,0.066667,0.007937,0,0,0,0,0,0,0,0,no
0.054217,0.095238,0.042553,0.133333,0.007937,0,0,0,0,0,0,0,0,no
0.042169,0,0.010638,0.066667,0.007937,0.032258,0,0,0,0,0,0,0,no
0.024096,0,0.021277,0.066667,0.02381,0,0,0,0,0,0,0,0,no
0.021084,0.047619,0.010638,0.066667,0.007937,0,0,0,0,0,0,0,0,no
0.105422,0.095238,0.074468,0.2,0.015873,0.016129,0,0,0,0,0,0,0,no
0.036145,0.047619,0.031915,0.066667,0,0,0,0,0,0,0,0,0,no
0.018072,0.047619,0.010638,0.066667,0.007937,0.016129,0,0,0,0,0,0,0,no
0.048193,0.095238,0.053191,0.133333,0,0,0,0,0,0,0,0,0,no
0.021084,0.047619,0.010638,0.066667,0,0.016129,0,0,0,0,0,0,0,no
0.021084,0.047619,0.010638,0.066667,0,0,0,0,0,0,0,0,0,no
0.03012,0.047619,0.031915,0.066667,0,0,0,0,0,0,0,0,0,no
0.021084,0,0.010638,0.066667,0.007937,0,0,0,0,0,0,0,0,no
0.021084,0,0.010638,0.066667,0.007937,0,0,0,0,0,0,0,0,no
0.045181,0,0.021277,0.133333,0,0.048387,0,0,0,0,0,0,0,no
0.021084,0.047619,0.010638,0.066667,0.007937,0,0,0,0,0,0,0,0,no
0.018072,0.047619,0.010638,0.066667,0.015873,0,0,0,0,0,0,0,0,no
0.018072,0.047619,0.010638,0.066667,0.015873,0,0,0,0,0,0,0,0,no
0.096386,0.095238,0.06383,0.2,0.007937,0.048387,0,0,0,0,0,0,0,no
0.042169,0.047619,0.031915,0.066667,0.007937,0.032258,0,0,0,0,0,0,0,no
0.063253,0.095238,0.042553,0.133333,0.007937,0.048387,0,0,0,0,0,0,0,no
0.042169,0.047619,0.031915,0.066667,0.007937,0.032258,0,0,0,0,0,0,0,no
0.021084,0.047619,0.010638,0.066667,0.007937,0,0,0,0,0,0,0,0,no
0.036145,0.047619,0.031915,0.066667,0,0,0,0,0,0,0,0,0,no
0.018072,0.047619,0.010638,0.066667,0.007937,0.016129,0,0,0,0,0,0,0,no
0.087349,0.047619,0.053191,0.133333,0.095238,0.193548,0,0,0,0,0,0,0,no
0.141566,0.047619,0.138298,0.133333,0,0.016129,0,0,0,0,0,0,0,no
0.111446,0.047619,0.138298,0.133333,0.142857,0.129032,0,0,0,0,0,0,0,no
0.021084,0.047619,0.021277,0.066667,0.015873,0,0,0,0,0,0,0,0,no
0.039157,0.047619,0.042553,0.066667,0.007937,0,0,0,0,0,0,0,0,no
0.060241,0,0.042553,0.066667,0.087302,0.080645,0,0,0,0,0,0,0,no
0.048193,0.047619,0.053191,0.066667,0.007937,0,0,0,0,0,0,0,0,no
0.018072,0.095238,0.010638,0.066667,0.007937,0,0,0,0,0,0,0,0,no
0.018072,0.095238,0.010638,0.066667,0.007937,0,0,0,0,0,0,0,0,no
0.024096,0.047619,0.010638,0.066667,0.007937,0,0,0,0,0,0,0,0,no
0.096386,0.095238,0.085106,0.133333,0.007937,0,0,0,0,0,0,0,0,no
0.01506,0.047619,0.010638,0.066667,0.007937,0,0,0,0,0,0,0,0,no
0.01506,0.047619,0.010638,0.066667,0.007937,0,0,0,0,0,0,0,0,no
0.01506,0.047619,0.010638,0.066667,0.007937,0,0,0,0,0,0,0,0,no
0.108434,0,0.06383,0.066667,0.02381,0.032258,0,0,0,0,0,0,0,no
0.042169,0,0.042553,0.066667,0.039683,0,0,0,0,0,0,0,0,no
0.021084,0.047619,0.010638,0.066667,0.007937,0,0,0,0,0,0,0,0,no
0.295181,0.095238,0.159574,0.333333,0.142857,0.274194,0.055556,0.125,0.001685,0.001775,0.008621,0.008621,0,no
0.156627,0.095238,0.074468,0.2,0.039683,0.064516,0.055556,0.125,0.001685,0.001775,0.008621,0.008621,0,no
0.156627,0.095238,0.042553,0.133333,0.134921,0.274194,0.055556,0.125,0.001685,0.001775,0.008621,0.008621,0,no
0.093373,0.095238,0.042553,0.133333,0.039683,0.080645,0.055556,0.125,0.001685,0.001775,0.008621,0.008621,0,no
0.054217,0.047619,0.053191,0.066667,0,0,0,0,0,0,0,0,0,no
0.018072,0.047619,0.010638,0.066667,0.007937,0.016129,0,0,0,0,0,0,0,no
0.051205,0.047619,0.042553,0.066667,0,0,0,0,0,0,0,0,0,no
0.201807,0.047619,0.202128,0.133333,0,0.016129,0,0,0,0,0,0,0,no
0.159639,0.047619,0.202128,0.133333,0.206349,0.193548,0,0,0,0,0,0,0,no
0.021084,0.047619,0.021277,0.066667,0.015873,0,0,0,0,0,0,0,0,no
0.051205,0.047619,0.06383,0.066667,0.007937,0,0,0,0,0,0,0,0,no
0.084337,0,0.06383,0.066667,0.126984,0.112903,0,0,0,0,0,0,0,no
0.060241,0.047619,0.074468,0.066667,0.007937,0,0,0,0,0,0,0,0,no
0.024096,0.047619,0.010638,0.066667,0.007937,0,0,0,0,0,0,0,0,no
0.138554,0.095238,0.12766,0.133333,0.007937,0,0,0,0,0,0,0,0,no
0.01506,0.047619,0.010638,0.066667,0.007937,0,0,0,0,0,0,0,0,no
0.01506,0.047619,0.010638,0.066667,0.007937,0,0,0,0,0,0,0,0,no
0.01506,0.047619,0.010638,0.066667,0.007937,0,0,0,0,0,0,0,0,no
0.01506,0.047619,0.010638,0.066667,0.007937,0,0,0,0,0,0,0,0,no
0.156627,0,0.106383,0.133333,0.039683,0.032258,0,0,0,0,0,0,0,no
0.069277,0,0.074468,0.066667,0.047619,0,0,0,0,0,0,0,0,no
0.021084,0.047619,0.010638,0.066667,0.007937,0,0,0,0,0,0,0,0,no
0.21988,0.095238,0.159574,0.2,0.015873,0.016129,0,0,0,0,0,0,0,no
0.10241,0.095238,0.053191,0.133333,0.007937,0,0,0,0,0,0,0,0,no
0.060241,0.095238,0.010638,0.066667,0.007937,0.032258,0,0,0,0,0,0,0,no
0.048193,0.095238,0.021277,0.066667,0.007937,0.032258,0,0,0,0,0,0,0,no
0.072289,0.047619,0.074468,0.066667,0,0,0,0,0,0,0,0,0,no
0.018072,0.047619,0.010638,0.066667,0.007937,0.016129,0,0,0,0,0,0,0,no
0.01506,0.047619,0.010638,0.066667,0,0,0,0,0,0,0,0,0,no
0.051205,0.047619,0.042553,0.133333,0,0.016129,0,0,0,0,0,0,0,no
0.039157,0.047619,0.042553,0.133333,0.047619,0.032258,0,0,0,0,0,0,0,no
0.021084,0.047619,0.021277,0.066667,0.015873,0,0,0,0,0,0,0,0,no
0.021084,0.047619,0.010638,0.066667,0.007937,0,0,0,0,0,0,0,0,no
0.024096,0,0.010638,0.066667,0.02381,0.032258,0,0,0,0,0,0,0,no
0.03012,0.047619,0.021277,0.066667,0.007937,0,0,0,0,0,0,0,0,no
0.021084,0.047619,0.010638,0.066667,0.007937,0,0,0,0,0,0,0,0,no
0.033133,0.095238,0.021277,0.133333,0.007937,0,0,0,0,0,0,0,0,no
0.01506,0.047619,0.010638,0.066667,0.007937,0,0,0,0,0,0,0,0,no
0.045181,0,0.021277,0.133333,0.007937,0.032258,0,0,0,0,0,0,0,no
0.021084,0.047619,0.010638,0.066667,0.007937,0,0,0,0,0,0,0,0,no
0.078313,0.095238,0.053191,0.2,0.02381,0.016129,0,0,0,0,0,0,0,no
0.039157,0.095238,0.021277,0.133333,0.007937,0,0,0,0,0,0,0,0,no
0.024096,0.095238,0.010638,0.066667,0.015873,0.032258,0,0,0,0,0,0,0,no
0.033133,0.095238,0.021277,0.066667,0.007937,0.032258,0,0,0,0,0,0,0,no
0.027108,0.047619,0.021277,0.066667,0,0,0,0,0,0,0,0,0,no
0.018072,0.047619,0.010638,0.066667,0.007937,0.016129,0,0,0,0,0,0,0,no
0.024096,0.047619,0.021277,0.066667,0,0,0,0,0,0,0,0,0,no
0.081325,0.047619,0.074468,0.133333,0,0.016129,0,0,0,0,0,0,0,no
0.063253,0.047619,0.074468,0.133333,0.079365,0.064516,0,0,0,0,0,0,0,no
0.021084,0.047619,0.021277,0.066667,0.015873,0,0,0,0,0,0,0,0,no
0.027108,0.047619,0.021277,0.066667,0.007937,0,0,0,0,0,0,0,0,no
0.036145,0,0.021277,0.066667,0.047619,0.048387,0,0,0,0,0,0,0,no
0.036145,0.047619,0.031915,0.066667,0.007937,0,0,0,0,0,0,0,0,no
0.021084,0.047619,0.010638,0.066667,0.007937,0,0,0,0,0,0,0,0,no
0.054217,0.095238,0.042553,0.133333,0.007937,0,0,0,0,0,0,0,0,no
0.01506,0.047619,0.010638,0.066667,0.007937,0,0,0,0,0,0,0,0,no
0.01506,0.047619,0.010638,0.066667,0.007937,0,0,0,0,0,0,0,0,no
0.066265,0,0.031915,0.066667,0.007937,0.032258,0,0,0,0,0,0,0,no
0.024096,0,0.021277,0.066667,0.02381,0,0,0,0,0,0,0,0,no
0.021084,0.047619,0.010638,0.066667,0.007937,0,0,0,0,0,0,0,0,no
0.105422,0.095238,0.074468,0.2,0.015873,0.016129,0,0,0,0,0,0,0,no
0.048193,0.095238,0.021277,0.066667,0.007937,0,0,0,0,0,0,0,0,no
0.036145,0.047619,0.031915,0.066667,0,0,0,0,0,0,0,0,0,no
0.018072,0.047619,0.010638,0.066667,0.007937,0.016129,0,0,0,0,0,0,0,no
0.021084,0,0.010638,0.066667,0.007937,0,0,0,0,0,0,0,0,no
0.138554,0.095238,0.180851,0.133333,0,0,0,0,0,0,0,0,0,no
0.021084,0.047619,0.010638,0.066667,0,0.016129,0,0,0,0,0,0,0,no
0.021084,0.047619,0.010638,0.066667,0,0,0,0,0,0,0,0,0,no
0.066265,0.047619,0.095745,0.066667,0,0,0,0,0,0,0,0,0,no
0.021084,0,0.010638,0.066667,0.007937,0,0,0,0,0,0,0,0,no
0.021084,0,0.010638,0.066667,0.007937,0,0,0,0,0,0,0,0,no
0.021084,0,0.010638,0.066667,0.007937,0,0,0,0,0,0,0,0,no
0.021084,0,0.010638,0.066667,0.007937,0,0,0,0,0,0,0,0,no
0.021084,0,0.010638,0.066667,0.007937,0,0,0,0,0,0,0,0,no
0.021084,0,0.010638,0.066667,0.007937,0,0,0,0,0,0,0,0,no
0.021084,0,0.010638,0.066667,0.007937,0,0,0,0,0,0,0,0,no
0.045181,0,0.021277,0.133333,0,0.048387,0,0,0,0,0,0,0,no
0.021084,0.047619,0.010638,0.066667,0.007937,0,0,0,0,0,0,0,0,no
0.018072,0.047619,0.010638,0.066667,0.015873,0,0,0,0,0,0,0,0,no
0.018072,0.047619,0.010638,0.066667,0.015873,0,0,0,0,0,0,0,0,no
0.018072,0.047619,0.010638,0.066667,0.015873,0,0,0,0,0,0,0,0,no
0.018072,0.047619,0.010638,0.066667,0.015873,0,0,0,0,0,0,0,0,no
0.018072,0.047619,0.010638,0.066667,0.015873,0,0,0,0,0,0,0,0,no
0.018072,0.047619,0.010638,0.066667,0.015873,0,0,0,0,0,0,0,0,no
0.018072,0.047619,0.010638,0.066667,0.015873,0,0,0,0,0,0,0,0,no
0.018072,0.047619,0.010638,0.066667,0.015873,0,0,0,0,0,0,0,0,no
0.298193,0.095238,0.202128,0.266667,0.055556,0.193548,0,0,0,0,0,0,0,no
0.13253,0.047619,0.106383,0.133333,0.039683,0.145161,0,0,0,0,0,0,0,no
0.174699,0.095238,0.117021,0.2,0.055556,0.193548,0,0,0,0,0,0,0,no
0.13253,0.047619,0.106383,0.133333,0.039683,0.145161,0,0,0,0,0,0,0,no
0.021084,0.047619,0.010638,0.066667,0.007937,0,0,0,0,0,0,0,0,no
0.090361,0.047619,0.095745,0.066667,0,0,0,0,0,0,0,0,0,no
0.018072,0.047619,0.010638,0.066667,0.007937,0.016129,0,0,0,0,0,0,0,no
0.01506,0.047619,0.010638,0.066667,0,0,0,0,0,0,0,0,0,no
0.051205,0.047619,0.042553,0.133333,0,0.016129,0,0,0,0,0,0,0,no
0.039157,0.047619,0.042553,0.133333,0.047619,0.032258,0,0,0,0,0,0,0,no
0.021084,0.047619,0.021277,0.066667,0.015873,0,0,0,0,0,0,0,0,no
0.021084,0.047619,0.010638,0.066667,0.007937,0,0,0,0,0,0,0,0,no
0.024096,0,0.010638,0.066667,0.02381,0.032258,0,0,0,0,0,0,0,no
0.03012,0.047619,0.021277,0.066667,0.007937,0,0,0,0,0,0,0,0,no
0.021084,0.047619,0.010638,0.066667,0.007937,0,0,0,0,0,0,0,0,no
0.033133,0.095238,0.021277,0.133333,0.007937,0,0,0,0,0,0,0,0,no
0.01506,0.047619,0.010638,0.066667,0.007937,0,0,0,0,0,0,0,0,no
0.039157,0,0.010638,0.066667,0.007937,0.032258,0,0,0,0,0,0,0,no
0.01506,0,0.010638,0.066667,0.015873,0,0,0,0,0,0,0,0,no
0.021084,0.047619,0.010638,0.066667,0.007937,0,0,0,0,0,0,0,0,no
0.078313,0.095238,0.053191,0.2,0.015873,0.016129,0,0,0,0,0,0,0,no
0.033133,0.095238,0.010638,0.066667,0.007937,0,0,0,0,0,0,0,0,no
0.027108,0.047619,0.021277,0.066667,0,0,0,0,0,0,0,0,0,no
0.018072,0.047619,0.010638,0.066667,0.007937,0.016129,0,0,0,0,0,0,0,no
0.01506,0.047619,0.010638,0.066667,0,0,0,0,0,0,0,0,0,no
0.051205,0.047619,0.042553,0.133333,0,0.016129,0,0,0,0,0,0,0,no
0.039157,0.047619,0.042553,0.133333,0.047619,0.032258,0,0,0,0,0,0,0,no
0.021084,0.047619,0.021277,0.066667,0.015873,0,0,0,0,0,0,0,0,no
0.021084,0.047619,0.010638,0.066667,0.007937,0,0,0,0,0,0,0,0,no
0.024096,0,0.010638,0.066667,0.02381,0.032258,0,0,0,0,0,0,0,no
0.03012,0.047619,0.021277,0.066667,0.007937,0,0,0,0,0,0,0,0,no
0.021084,0.047619,0.010638,0.066667,0.007937,0,0,0,0,0,0,0,0,no
0.033133,0.095238,0.021277,0.133333,0.007937,0,0,0,0,0,0,0,0,no
0.01506,0.047619,0.010638,0.066667,0.007937,0,0,0,0,0,0,0,0,no
0.039157,0,0.010638,0.066667,0.007937,0.032258,0,0,0,0,0,0,0,no
0.01506,0,0.010638,0.066667,0.015873,0,0,0,0,0,0,0,0,no
0.021084,0.047619,0.010638,0.066667,0.007937,0,0,0,0,0,0,0,0,no
0.078313,0.095238,0.053191,0.2,0.015873,0.016129,0,0,0,0,0,0,0,no
0.033133,0.095238,0.010638,0.066667,0.007937,0,0,0,0,0,0,0,0,no
0.027108,0.047619,0.021277,0.066667,0,0,0,0,0,0,0,0,0,no
0.018072,0.047619,0.010638,0.066667,0.007937,0.016129,0,0,0,0,0,0,0,no
0.03012,0.047619,0.021277,0.066667,0,0,0,0,0,0,0,0,0,no
0.111446,0.047619,0.106383,0.133333,0,0.016129,0,0,0,0,0,0,0,no
0.087349,0.047619,0.106383,0.133333,0.111111,0.096774,0,0,0,0,0,0,0,no
0.021084,0.047619,0.021277,0.066667,0.015873,0,0,0,0,0,0,0,0,no
0.033133,0.047619,0.031915,0.066667,0.007937,0,0,0,0,0,0,0,0,no
0.048193,0,0.031915,0.066667,0.071429,0.064516,0,0,0,0,0,0,0,no
0.042169,0.047619,0.042553,0.066667,0.007937,0,0,0,0,0,0,0,0,no
0.024096,0.047619,0.010638,0.066667,0.007937,0,0,0,0,0,0,0,0,no
0.075301,0.095238,0.06383,0.133333,0.007937,0,0,0,0,0,0,0,0,no
0.01506,0.047619,0.010638,0.066667,0.007937,0,0,0,0,0,0,0,0,no
0.01506,0.047619,0.010638,0.066667,0.007937,0,0,0,0,0,0,0,0,no
0.087349,0,0.053191,0.133333,0.015873,0.032258,0,0,0,0,0,0,0,no
0.021084,0.047619,0.010638,0.066667,0.007937,0,0,0,0,0,0,0,0,no
0.135542,0.095238,0.095745,0.2,0.02381,0.016129,0,0,0,0,0,0,0,no
0.063253,0.095238,0.031915,0.066667,0.007937,0,0,0,0,0,0,0,0,no
0.051205,0.095238,0.031915,0.066667,0.015873,0.032258,0,0,0,0,0,0,0,no
0.069277,0.095238,0.06383,0.066667,0.007937,0.032258,0,0,0,0,0,0,0,no
0.045181,0.047619,0.042553,0.066667,0,0,0,0,0,0,0,0,0,no
0.018072,0.047619,0.010638,0.066667,0.007937,0.016129,0,0,0,0,0,0,0,no
0.021084,0,0.010638,0.066667,0.007937,0,0,0,0,0,0,0,0,no
0.108434,0.095238,0.138298,0.133333,0,0,0,0,0,0,0,0,0,no
0.021084,0.047619,0.010638,0.066667,0,0.016129,0,0,0,0,0,0,0,no
0.021084,0.047619,0.010638,0.066667,0,0,0,0,0,0,0,0,0,no
0.054217,0.047619,0.074468,0.066667,0,0,0,0,0,0,0,0,0,no
0.021084,0,0.010638,0.066667,0.007937,0,0,0,0,0,0,0,0,no
0.021084,0,0.010638,0.066667,0.007937,0,0,0,0,0,0,0,0,no
0.021084,0,0.010638,0.066667,0.007937,0,0,0,0,0,0,0,0,no
0.021084,0,0.010638,0.066667,0.007937,0,0,0,0,0,0,0,0,no
0.021084,0,0.010638,0.066667,0.007937,0,0,0,0,0,0,0,0,no
0.045181,0,0.021277,0.133333,0,0.048387,0,0,0,0,0,0,0,no
0.021084,0.047619,0.010638,0.066667,0.007937,0,0,0,0,0,0,0,0,no
0.018072,0.047619,0.010638,0.066667,0.015873,0,0,0,0,0,0,0,0,no
0.018072,0.047619,0.010638,0.066667,0.015873,0,0,0,0,0,0,0,0,no
0.018072,0.047619,0.010638,0.066667,0.015873,0,0,0,0,0,0,0,0,no
0.018072,0.047619,0.010638,0.066667,0.015873,0,0,0,0,0,0,0,0,no
0.018072,0.047619,0.010638,0.066667,0.015873,0,0,0,0,0,0,0,0,no
0.207831,0.095238,0.148936,0.2,0.015873,0.112903,0,0,0,0,0,0,0,no
0.090361,0.047619,0.074468,0.066667,0.015873,0.096774,0,0,0,0,0,0,0,no
0.114458,0.095238,0.085106,0.133333,0.015873,0.112903,0,0,0,0,0,0,0,no
0.090361,0.047619,0.074468,0.066667,0.015873,0.096774,0,0,0,0,0,0,0,no
0.021084,0.047619,0.010638,0.066667,0.007937,0,0,0,0,0,0,0,0,no
0.072289,0.047619,0.074468,0.066667,0,0,0,0,0,0,0,0,0,no
0.018072,0.047619,0.010638,0.066667,0.007937,0.016129,0,0,0,0,0,0,0,no
0.018072,0.047619,0.010638,0.066667,0.007937,0.016129,0,0,0,0,0,0,0,no
0.018072,0.047619,0.010638,0.066667,0.007937,0,0,0,0,0,0,0,0,no
0.051205,0.047619,0.042553,0.133333,0,0.016129,0,0,0,0,0,0,0,no
0.039157,0.047619,0.042553,0.133333,0.047619,0.032258,0,0,0,0,0,0,0,no
0.021084,0.047619,0.021277,0.066667,0.015873,0,0,0,0,0,0,0,0,no
0.021084,0.047619,0.010638,0.066667,0.007937,0,0,0,0,0,0,0,0,no
0.024096,0,0.010638,0.066667,0.02381,0.032258,0,0,0,0,0,0,0,no
0.03012,0.047619,0.021277,0.066667,0.007937,0,0,0,0,0,0,0,0,no
0.021084,0.047619,0.010638,0.066667,0.007937,0,0,0,0,0,0,0,0,no
0.033133,0.095238,0.021277,0.133333,0.007937,0,0,0,0,0,0,0,0,no
0.01506,0.047619,0.010638,0.066667,0.007937,0,0,0,0,0,0,0,0,no
0.039157,0,0.010638,0.066667,0.007937,0.032258,0,0,0,0,0,0,0,no
0.021084,0.047619,0.010638,0.066667,0.007937,0,0,0,0,0,0,0,0,no
0.105422,0.095238,0.06383,0.266667,0.039683,0.064516,0.055556,0.125,0.001685,0.001775,0.008621,0.008621,0,no
0.051205,0.095238,0.021277,0.133333,0.015873,0.016129,0.055556,0.125,0.001685,0.001775,0.008621,0.008621,0,no
0.048193,0.095238,0.021277,0.133333,0.031746,0.080645,0.055556,0.125,0.001685,0.001775,0.008621,0.008621,0,no
0.048193,0.095238,0.031915,0.133333,0.015873,0.048387,0.055556,0.125,0.001685,0.001775,0.008621,0.008621,0,no
0.027108,0.047619,0.021277,0.066667,0,0,0,0,0,0,0,0,0,no
0.018072,0.047619,0.010638,0.066667,0.007937,0.016129,0,0,0,0,0,0,0,no
0.024096,0.047619,0.021277,0.066667,0,0,0,0,0,0,0,0,0,no
0.081325,0.047619,0.074468,0.133333,0,0.016129,0,0,0,0,0,0,0,no
0.063253,0.047619,0.074468,0.133333,0.079365,0.064516,0,0,0,0,0,0,0,no
0.021084,0.047619,0.021277,0.066667,0.015873,0,0,0,0,0,0,0,0,no
0.027108,0.047619,0.021277,0.066667,0.007937,0,0,0,0,0,0,0,0,no
0.036145,0,0.021277,0.066667,0.047619,0.048387,0,0,0,0,0,0,0,no
0.036145,0.047619,0.031915,0.066667,0.007937,0,0,0,0,0,0,0,0,no
0.021084,0.047619,0.010638,0.066667,0.007937,0,0,0,0,0,0,0,0,no
0.054217,0.095238,0.042553,0.133333,0.007937,0,0,0,0,0,0,0,0,no
0.01506,0.047619,0.010638,0.066667,0.007937,0,0,0,0,0,0,0,0,no
0.01506,0.047619,0.010638,0.066667,0.007937,0,0,0,0,0,0,0,0,no
0.066265,0,0.031915,0.066667,0.007937,0.032258,0,0,0,0,0,0,0,no
0.01506,0,0.010638,0.066667,0.015873,0,0,0,0,0,0,0,0,no
0.021084,0.047619,0.010638,0.066667,0.007937,0,0,0,0,0,0,0,0,no
0.105422,0.095238,0.074468,0.2,0.015873,0.016129,0,0,0,0,0,0,0,no
0.048193,0.095238,0.021277,0.066667,0.007937,0,0,0,0,0,0,0,0,no
0.03012,0.095238,0.010638,0.066667,0.007937,0.032258,0,0,0,0,0,0,0,no
0.036145,0.095238,0.021277,0.066667,0.007937,0.032258,0,0,0,0,0,0,0,no
0.036145,0.047619,0.031915,0.066667,0,0,0,0,0,0,0,0,0,no
0.018072,0.047619,0.010638,0.066667,0.007937,0.016129,0,0,0,0,0,0,0,no
0.027108,0.047619,0.021277,0.133333,0.015873,0.032258,0,0,0,0,0,0,0,no
0.018072,0.047619,0.010638,0.066667,0.007937,0,0,0,0,0,0,0,0,no
0.051205,0.047619,0.042553,0.133333,0,0.016129,0,0,0,0,0,0,0,no
0.039157,0.047619,0.042553,0.133333,0.047619,0.032258,0,0,0,0,0,0,0,no
0.021084,0.047619,0.021277,0.066667,0.015873,0,0,0,0,0,0,0,0,no
0.021084,0.047619,0.010638,0.066667,0.007937,0,0,0,0,0,0,0,0,no
0.024096,0,0.010638,0.066667,0.02381,0.032258,0,0,0,0,0,0,0,no
0.03012,0.047619,0.021277,0.066667,0.007937,0,0,0,0,0,0,0,0,no
0.021084,0.047619,0.010638,0.066667,0.007937,0,0,0,0,0,0,0,0,no
0.033133,0.095238,0.021277,0.133333,0.007937,0,0,0,0,0,0,0,0,no
0.01506,0.047619,0.010638,0.066667,0.007937,0,0,0,0,0,0,0,0,no
0.039157,0,0.010638,0.066667,0.007937,0.032258,0,0,0,0,0,0,0,no
0.021084,0.047619,0.010638,0.066667,0.007937,0,0,0,0,0,0,0,0,no
0.108434,0.095238,0.06383,0.266667,0.039683,0.064516,0.055556,0.125,0.001685,0.001775,0.008621,0.008621,0,no
0.051205,0.095238,0.021277,0.133333,0.015873,0.016129,0.055556,0.125,0.001685,0.001775,0.008621,0.008621,0,no
0.051205,0.095238,0.021277,0.133333,0.031746,0.080645,0.055556,0.125,0.001685,0.001775,0.008621,0.008621,0,no
0.048193,0.095238,0.031915,0.133333,0.015873,0.048387,0.055556,0.125,0.001685,0.001775,0.008621,0.008621,0,no
0.027108,0.047619,0.021277,0.066667,0,0,0,0,0,0,0,0,0,no
0.018072,0.047619,0.010638,0.066667,0.007937,0.016129,0,0,0,0,0,0,0,no
0.13253,0.047619,0.212766,0.066667,0,0,0,0,0,0,0,0,0,no
0.01506,0.047619,0.010638,0.066667,0,0,0,0,0,0,0,0,0,no
0.051205,0.047619,0.042553,0.133333,0,0.016129,0,0,0,0,0,0,0,no
0.039157,0.047619,0.042553,0.133333,0.047619,0.032258,0,0,0,0,0,0,0,no
0.021084,0.047619,0.021277,0.066667,0.015873,0,0,0,0,0,0,0,0,no
0.021084,0.047619,0.010638,0.066667,0.007937,0,0,0,0,0,0,0,0,no
0.024096,0,0.010638,0.066667,0.02381,0.032258,0,0,0,0,0,0,0,no
0.03012,0.047619,0.021277,0.066667,0.007937,0,0,0,0,0,0,0,0,no
0.021084,0.047619,0.010638,0.066667,0.007937,0,0,0,0,0,0,0,0,no
0.033133,0.095238,0.021277,0.133333,0.007937,0,0,0,0,0,0,0,0,no
0.01506,0.047619,0.010638,0.066667,0.007937,0,0,0,0,0,0,0,0,no
0.039157,0,0.010638,0.066667,0.007937,0.032258,0,0,0,0,0,0,0,no
0.01506,0,0.010638,0.066667,0.015873,0,0,0,0,0,0,0,0,no
0.021084,0.047619,0.010638,0.066667,0.007937,0,0,0,0,0,0,0,0,no
0.078313,0.095238,0.053191,0.2,0.015873,0.016129,0,0,0,0,0,0,0,no
0.033133,0.095238,0.010638,0.066667,0.007937,0,0,0,0,0,0,0,0,no
0.027108,0.047619,0.021277,0.066667,0,0,0,0,0,0,0,0,0,no
0.018072,0.047619,0.010638,0.066667,0.007937,0.016129,0,0,0,0,0,0,0,no
0.036145,0.047619,0.031915,0.133333,0.015873,0.032258,0,0,0,0,0,0,0,no
0.018072,0.047619,0.010638,0.066667,0.007937,0,0,0,0,0,0,0,0,no
0.081325,0.047619,0.074468,0.133333,0,0.016129,0,0,0,0,0,0,0,no
0.063253,0.047619,0.074468,0.133333,0.079365,0.064516,0,0,0,0,0,0,0,no
0.021084,0.047619,0.021277,0.066667,0.015873,0,0,0,0,0,0,0,0,no
0.027108,0.047619,0.021277,0.066667,0.007937,0,0,0,0,0,0,0,0,no
0.036145,0,0.021277,0.066667,0.047619,0.048387,0,0,0,0,0,0,0,no
0.036145,0.047619,0.031915,0.066667,0.007937,0,0,0,0,0,0,0,0,no
0.021084,0.047619,0.010638,0.066667,0.007937,0,0,0,0,0,0,0,0,no
0.054217,0.095238,0.042553,0.133333,0.007937,0,0,0,0,0,0,0,0,no
0.01506,0.047619,0.010638,0.066667,0.007937,0,0,0,0,0,0,0,0,no
0.01506,0.047619,0.010638,0.066667,0.007937,0,0,0,0,0,0,0,0,no
0.066265,0,0.031915,0.066667,0.007937,0.032258,0,0,0,0,0,0,0,no
0.024096,0,0.021277,0.066667,0.02381,0,0,0,0,0,0,0,0,no
0.021084,0.047619,0.010638,0.066667,0.007937,0,0,0,0,0,0,0,0,no
0.135542,0.095238,0.085106,0.266667,0.039683,0.064516,0,0,0,0,0,0,0,no
0.066265,0.095238,0.031915,0.133333,0.015873,0.016129,0,0,0,0,0,0,0,no
0.048193,0.095238,0.010638,0.066667,0.031746,0.064516,0,0,0,0,0,0,0,no
0.03012,0.095238,0.010638,0.066667,0.015873,0.032258,0,0,0,0,0,0,0,no
0.036145,0.047619,0.031915,0.066667,0,0,0,0,0,0,0,0,0,no
0.018072,0.047619,0.010638,0.066667,0.007937,0.016129,0,0,0,0,0,0,0,no
0.021084,0,0.010638,0.066667,0.007937,0,0,0,0,0,0,0,0,no
0.108434,0.095238,0.138298,0.133333,0,0,0,0,0,0,0,0,0,no
0.021084,0.047619,0.010638,0.066667,0,0.016129,0,0,0,0,0,0,0,no
0.021084,0.047619,0.010638,0.066667,0,0,0,0,0,0,0,0,0,no
0.054217,0.047619,0.074468,0.066667,0,0,0,0,0,0,0,0,0,no
0.021084,0,0.010638,0.066667,0.007937,0,0,0,0,0,0,0,0,no
0.021084,0,0.010638,0.066667,0.007937,0,0,0,0,0,0,0,0,no
0.021084,0,0.010638,0.066667,0.007937,0,0,0,0,0,0,0,0,no
0.021084,0,0.010638,0.066667,0.007937,0,0,0,0,0,0,0,0,no
0.021084,0,0.010638,0.066667,0.007937,0,0,0,0,0,0,0,0,no
0.045181,0,0.021277,0.133333,0,0.048387,0,0,0,0,0,0,0,no
0.021084,0.047619,0.010638,0.066667,0.007937,0,0,0,0,0,0,0,0,no
0.018072,0.047619,0.010638,0.066667,0.015873,0,0,0,0,0,0,0,0,no
0.018072,0.047619,0.010638,0.066667,0.015873,0,0,0,0,0,0,0,0,no
0.198795,0.095238,0.148936,0.2,0.055556,0.112903,0,0,0,0,0,0,0,no
0.090361,0.047619,0.074468,0.066667,0.055556,0.096774,0,0,0,0,0,0,0,no
0.105422,0.095238,0.085106,0.133333,0.055556,0.112903,0,0,0,0,0,0,0,no
0.090361,0.047619,0.074468,0.066667,0.055556,0.096774,0,0,0,0,0,0,0,no
0.021084,0.047619,0.010638,0.066667,0.007937,0,0,0,0,0,0,0,0,no
0.072289,0.047619,0.074468,0.066667,0,0,0,0,0,0,0,0,0,no
0.018072,0.047619,0.010638,0.066667,0.007937,0.016129,0,0,0,0,0,0,0,no
0.01506,0.047619,0.010638,0.066667,0,0,0,0,0,0,0,0,0,no
0.051205,0.047619,0.042553,0.133333,0,0.016129,0,0,0,0,0,0,0,no
0.039157,0.047619,0.042553,0.133333,0.047619,0.032258,0,0,0,0,0,0,0,no
0.021084,0.047619,0.021277,0.066667,0.015873,0,0,0,0,0,0,0,0,no
0.021084,0.047619,0.010638,0.066667,0.007937,0,0,0,0,0,0,0,0,no
0.024096,0,0.010638,0.066667,0.02381,0.032258,0,0,0,0,0,0,0,no
0.03012,0.047619,0.021277,0.066667,0.007937,0,0,0,0,0,0,0,0,no
0.021084,0.047619,0.010638,0.066667,0.007937,0,0,0,0,0,0,0,0,no
0.033133,0.095238,0.021277,0.133333,0.007937,0,0,0,0,0,0,0,0,no
0.01506,0.047619,0.010638,0.066667,0.007937,0,0,0,0,0,0,0,0,no
0.039157,0,0.010638,0.066667,0.007937,0.032258,0,0,0,0,0,0,0,no
0.01506,0,0.010638,0.066667,0.015873,0,0,0,0,0,0,0,0,no
0.021084,0.047619,0.010638,0.066667,0.007937,0,0,0,0,0,0,0,0,no
0.078313,0.095238,0.053191,0.2,0.015873,0.016129,0,0,0,0,0,0,0,no
0.033133,0.095238,0.010638,0.066667,0.007937,0,0,0,0,0,0,0,0,no
0.027108,0.047619,0.021277,0.066667,0,0,0,0,0,0,0,0,0,no
0.018072,0.047619,0.010638,0.066667,0.007937,0.016129,0,0,0,0,0,0,0,no
0.01506,0.047619,0.010638,0.066667,0,0,0,0,0,0,0,0,0,no
0.051205,0.047619,0.042553,0.133333,0,0.016129,0,0,0,0,0,0,0,no
0.039157,0.047619,0.042553,0.133333,0.047619,0.032258,0,0,0,0,0,0,0,no
0.021084,0.047619,0.021277,0.066667,0.015873,0,0,0,0,0,0,0,0,no
0.021084,0.047619,0.010638,0.066667,0.007937,0,0,0,0,0,0,0,0,no
0.024096,0,0.010638,0.066667,0.02381,0.032258,0,0,0,0,0,0,0,no
0.03012,0.047619,0.021277,0.066667,0.007937,0,0,0,0,0,0,0,0,no
0.021084,0.047619,0.010638,0.066667,0.007937,0,0,0,0,0,0,0,0,no
0.033133,0.095238,0.021277,0.133333,0.007937,0,0,0,0,0,0,0,0,no
0.01506,0.047619,0.010638,0.066667,0.007937,0,0,0,0,0,0,0,0,no
0.039157,0,0.010638,0.066667,0.007937,0.032258,0,0,0,0,0,0,0,no
0.01506,0,0.010638,0.066667,0.015873,0,0,0,0,0,0,0,0,no
0.021084,0.047619,0.010638,0.066667,0.007937,0,0,0,0,0,0,0,0,no
0.078313,0.095238,0.053191,0.2,0.015873,0.016129,0,0,0,0,0,0,0,no
0.033133,0.095238,0.010638,0.066667,0.007937,0,0,0,0,0,0,0,0,no
0.027108,0.047619,0.021277,0.066667,0,0,0,0,0,0,0,0,0,no
0.018072,0.047619,0.010638,0.066667,0.007937,0.016129,0,0,0,0,0,0,0,no
0.051205,0.047619,0.042553,0.133333,0,0.016129,0,0,0,0,0,0,0,no
0.039157,0.047619,0.042553,0.133333,0.047619,0.032258,0,0,0,0,0,0,0,no
0.021084,0.047619,0.021277,0.066667,0.015873,0,0,0,0,0,0,0,0,no
0.021084,0.047619,0.010638,0.066667,0.007937,0,0,0,0,0,0,0,0,no
0.024096,0,0.010638,0.066667,0.02381,0.032258,0,0,0,0,0,0,0,no
0.03012,0.047619,0.021277,0.066667,0.007937,0,0,0,0,0,0,0,0,no
0.024096,0.047619,0.010638,0.066667,0.007937,0,0,0,0,0,0,0,0,no
0.033133,0.095238,0.021277,0.133333,0.007937,0,0,0,0,0,0,0,0,no
0.033133,0,0.010638,0.066667,0.007937,0.032258,0,0,0,0,0,0,0,no
0.021084,0.047619,0.010638,0.066667,0.007937,0,0,0,0,0,0,0,0,no
0.078313,0.095238,0.053191,0.2,0.015873,0.016129,0,0,0,0,0,0,0,no
0.033133,0.095238,0.010638,0.066667,0.007937,0,0,0,0,0,0,0,0,no
0.024096,0.095238,0.010638,0.066667,0.007937,0.032258,0,0,0,0,0,0,0,no
0.033133,0.095238,0.021277,0.066667,0.007937,0.032258,0,0,0,0,0,0,0,no
0.027108,0.047619,0.021277,0.066667,0,0,0,0,0,0,0,0,0,no
0.018072,0.047619,0.010638,0.066667,0.007937,0.016129,0,0,0,0,0,0,0,no
0.018072,0.047619,0.010638,0.066667,0.007937,0.016129,0,0,0,0,0,0,0,no
0.051205,0.047619,0.042553,0.133333,0,0.016129,0,0,0,0,0,0,0,no
0.039157,0.047619,0.042553,0.133333,0.047619,0.032258,0,0,0,0,0,0,0,no
0.021084,0.047619,0.021277,0.066667,0.015873,0,0,0,0,0,0,0,0,no
0.021084,0.047619,0.010638,0.066667,0.007937,0,0,0,0,0,0,0,0,no
0.024096,0,0.010638,0.066667,0.02381,0.032258,0,0,0,0,0,0,0,no
0.03012,0.047619,0.021277,0.066667,0.007937,0,0,0,0,0,0,0,0,no
0.018072,0.095238,0.010638,0.066667,0.007937,0,0,0,0,0,0,0,0,no
0.021084,0.047619,0.010638,0.066667,0.007937,0,0,0,0,0,0,0,0,no
0.033133,0.095238,0.021277,0.133333,0.007937,0,0,0,0,0,0,0,0,no
0.01506,0.047619,0.010638,0.066667,0.007937,0,0,0,0,0,0,0,0,no
0.039157,0,0.010638,0.066667,0.007937,0.032258,0,0,0,0,0,0,0,no
0.01506,0,0.010638,0.066667,0.015873,0,0,0,0,0,0,0,0,no
0.021084,0.047619,0.010638,0.066667,0.007937,0,0,0,0,0,0,0,0,no
0.111446,0.095238,0.06383,0.266667,0.047619,0.080645,0.055556,0.125,0.001685,0.001775,0.008621,0.008621,0,no
0.054217,0.095238,0.021277,0.133333,0.015873,0.016129,0.055556,0.125,0.001685,0.001775,0.008621,0.008621,0,no
0.045181,0.095238,0.010638,0.066667,0.039683,0.080645,0.055556,0.125,0.001685,0.001775,0.008621,0.008621,0,no
0.03012,0.095238,0.010638,0.066667,0.015873,0.032258,0.055556,0.125,0.001685,0.001775,0.008621,0.008621,0,no
0.027108,0.047619,0.021277,0.066667,0,0,0,0,0,0,0,0,0,no
0.018072,0.047619,0.010638,0.066667,0.007937,0.016129,0,0,0,0,0,0,0,no
0.039157,0.047619,0.021277,0.133333,0.047619,0.096774,0,0,0,0,0,0,0,no
0.051205,0.047619,0.042553,0.133333,0,0.016129,0,0,0,0,0,0,0,no
0.039157,0.047619,0.042553,0.133333,0.047619,0.032258,0,0,0,0,0,0,0,no
0.021084,0.047619,0.021277,0.066667,0.015873,0,0,0,0,0,0,0,0,no
0.021084,0.047619,0.010638,0.066667,0.007937,0,0,0,0,0,0,0,0,no
0.024096,0,0.010638,0.066667,0.02381,0.032258,0,0,0,0,0,0,0,no
0.03012,0.047619,0.021277,0.066667,0.007937,0,0,0,0,0,0,0,0,no
0.018072,0.095238,0.010638,0.066667,0.007937,0,0,0,0,0,0,0,0,no
0.021084,0.047619,0.010638,0.066667,0.007937,0,0,0,0,0,0,0,0,no
0.033133,0.095238,0.021277,0.133333,0.007937,0,0,0,0,0,0,0,0,no
0.01506,0.047619,0.010638,0.066667,0.007937,0,0,0,0,0,0,0,0,no
0.039157,0,0.010638,0.066667,0.007937,0.032258,0,0,0,0,0,0,0,no
0.01506,0,0.010638,0.066667,0.015873,0,0,0,0,0,0,0,0,no
0.021084,0.047619,0.010638,0.066667,0.007937,0,0,0,0,0,0,0,0,no
0.114458,0.095238,0.06383,0.266667,0.047619,0.080645,0.055556,0.125,0.001685,0.001775,0.008621,0.008621,0,no
0.054217,0.095238,0.021277,0.133333,0.015873,0.016129,0.055556,0.125,0.001685,0.001775,0.008621,0.008621,0,no
0.048193,0.095238,0.010638,0.066667,0.039683,0.080645,0.055556,0.125,0.001685,0.001775,0.008621,0.008621,0,no
0.03012,0.095238,0.010638,0.066667,0.015873,0.032258,0.055556,0.125,0.001685,0.001775,0.008621,0.008621,0,no
0.027108,0.047619,0.021277,0.066667,0,0,0,0,0,0,0,0,0,no
0.018072,0.047619,0.010638,0.066667,0.007937,0.016129,0,0,0,0,0,0,0,no
0.01506,0.047619,0.010638,0.066667,0,0,0,0,0,0,0,0,0,no
0.051205,0.047619,0.042553,0.133333,0,0.016129,0,0,0,0,0,0,0,no
0.039157,0.047619,0.042553,0.133333,0.047619,0.032258,0,0,0,0,0,0,0,no
0.021084,0.047619,0.021277,0.066667,0.015873,0,0,0,0,0,0,0,0,no
0.021084,0.047619,0.010638,0.066667,0.007937,0,0,0,0,0,0,0,0,no
0.024096,0,0.010638,0.066667,0.02381,0.032258,0,0,0,0,0,0,0,no
0.03012,0.047619,0.021277,0.066667,0.007937,0,0,0,0,0,0,0,0,no
0.021084,0.047619,0.010638,0.066667,0.007937,0,0,0,0,0,0,0,0,no
0.033133,0.095238,0.021277,0.133333,0.007937,0,0,0,0,0,0,0,0,no
0.01506,0.047619,0.010638,0.066667,0.007937,0,0,0,0,0,0,0,0,no
0.039157,0,0.010638,0.066667,0.007937,0.032258,0,0,0,0,0,0,0,no
0.01506,0,0.010638,0.066667,0.015873,0,0,0,0,0,0,0,0,no
0.021084,0.047619,0.010638,0.066667,0.007937,0,0,0,0,0,0,0,0,no
0.078313,0.095238,0.053191,0.2,0.015873,0.016129,0,0,0,0,0,0,0,no
0.033133,0.095238,0.010638,0.066667,0.007937,0,0,0,0,0,0,0,0,no
0.027108,0.047619,0.021277,0.066667,0,0,0,0,0,0,0,0,0,no
0.018072,0.047619,0.010638,0.066667,0.007937,0.016129,0,0,0,0,0,0,0,no
0.045181,0.047619,0.031915,0.066667,0.015873,0.032258,0,0,0,0,0,0,0,no
0.018072,0.047619,0.010638,0.066667,0.007937,0,0,0,0,0,0,0,0,no
0.018072,0.047619,0.010638,0.066667,0.007937,0,0,0,0,0,0,0,0,no
0.141566,0.047619,0.138298,0.133333,0,0.016129,0,0,0,0,0,0,0,no
0.111446,0.047619,0.138298,0.133333,0.142857,0.129032,0,0,0,0,0,0,0,no
0.021084,0.047619,0.021277,0.066667,0.015873,0,0,0,0,0,0,0,0,no
0.039157,0.047619,0.042553,0.066667,0.007937,0,0,0,0,0,0,0,0,no
0.060241,0,0.042553,0.066667,0.087302,0.080645,0,0,0,0,0,0,0,no
0.048193,0.047619,0.053191,0.066667,0.007937,0,0,0,0,0,0,0,0,no
0.024096,0.047619,0.010638,0.066667,0.007937,0,0,0,0,0,0,0,0,no
0.096386,0.095238,0.085106,0.133333,0.007937,0,0,0,0,0,0,0,0,no
0.01506,0.047619,0.010638,0.066667,0.007937,0,0,0,0,0,0,0,0,no
0.01506,0.047619,0.010638,0.066667,0.007937,0,0,0,0,0,0,0,0,no
0.01506,0.047619,0.010638,0.066667,0.007937,0,0,0,0,0,0,0,0,no
0.108434,0,0.06383,0.066667,0.02381,0.032258,0,0,0,0,0,0,0,no
0.042169,0,0.042553,0.066667,0.039683,0,0,0,0,0,0,0,0,no
0.021084,0.047619,0.010638,0.066667,0.007937,0,0,0,0,0,0,0,0,no
0.213855,0.095238,0.138298,0.266667,0.063492,0.112903,0.055556,0.125,0.001685,0.001775,0.008621,0.008621,0,no
0.108434,0.095238,0.053191,0.133333,0.02381,0.032258,0.055556,0.125,0.001685,0.001775,0.008621,0.008621,0,no
0.081325,0.095238,0.021277,0.066667,0.055556,0.112903,0.055556,0.125,0.001685,0.001775,0.008621,0.008621,0,no
0.051205,0.095238,0.021277,0.066667,0.02381,0.048387,0.055556,0.125,0.001685,0.001775,0.008621,0.008621,0,no
0.054217,0.047619,0.053191,0.066667,0,0,0,0,0,0,0,0,0,no
0.018072,0.047619,0.010638,0.066667,0.007937,0.016129,0,0,0,0,0,0,0,no
0.027108,0.047619,0.021277,0.133333,0.015873,0.032258,0,0,0,0,0,0,0,no
0.018072,0.047619,0.010638,0.066667,0.007937,0,0,0,0,0,0,0,0,no
0.051205,0.047619,0.042553,0.133333,0,0.016129,0,0,0,0,0,0,0,no
0.039157,0.047619,0.042553,0.133333,0.047619,0.032258,0,0,0,0,0,0,0,no
0.021084,0.047619,0.021277,0.066667,0.015873,0,0,0,0,0,0,0,0,no
0.021084,0.047619,0.010638,0.066667,0.007937,0,0,0,0,0,0,0,0,no
0.024096,0,0.010638,0.066667,0.02381,0.032258,0,0,0,0,0,0,0,no
0.03012,0.047619,0.021277,0.066667,0.007937,0,0,0,0,0,0,0,0,no
0.021084,0.047619,0.010638,0.066667,0.007937,0,0,0,0,0,0,0,0,no
0.033133,0.095238,0.021277,0.133333,0.007937,0,0,0,0,0,0,0,0,no
0.01506,0.047619,0.010638,0.066667,0.007937,0,0,0,0,0,0,0,0,no
0.039157,0,0.010638,0.066667,0.007937,0.032258,0,0,0,0,0,0,0,no
0.01506,0,0.010638,0.066667,0.015873,0,0,0,0,0,0,0,0,no
0.021084,0.047619,0.010638,0.066667,0.007937,0,0,0,0,0,0,0,0,no
0.108434,0.095238,0.06383,0.266667,0.039683,0.064516,0.055556,0.125,0.001685,0.001775,0.008621,0.008621,0,no
0.051205,0.095238,0.021277,0.133333,0.015873,0.016129,0.055556,0.125,0.001685,0.001775,0.008621,0.008621,0,no
0.042169,0.095238,0.010638,0.066667,0.031746,0.064516,0.055556,0.125,0.001685,0.001775,0.008621,0.008621,0,no
0.027108,0.095238,0.010638,0.066667,0.015873,0.032258,0.055556,0.125,0.001685,0.001775,0.008621,0.008621,0,no
0.027108,0.047619,0.021277,0.066667,0,0,0,0,0,0,0,0,0,no
0.018072,0.047619,0.010638,0.066667,0.007937,0.016129,0,0,0,0,0,0,0,no
0.045181,0.047619,0.031915,0.133333,0.015873,0.032258,0,0,0,0,0,0,0,no
0.018072,0.047619,0.010638,0.066667,0.007937,0,0,0,0,0,0,0,0,no
0.141566,0.047619,0.138298,0.133333,0,0.016129,0,0,0,0,0,0,0,no
0.111446,0.047619,0.138298,0.133333,0.142857,0.129032,0,0,0,0,0,0,0,no
0.021084,0.047619,0.021277,0.066667,0.015873,0,0,0,0,0,0,0,0,no
0.039157,0.047619,0.042553,0.066667,0.007937,0,0,0,0,0,0,0,0,no
0.060241,0,0.042553,0.066667,0.079365,0.080645,0,0,0,0,0,0,0,no
0.048193,0.047619,0.053191,0.066667,0.007937,0,0,0,0,0,0,0,0,no
0.024096,0.047619,0.010638,0.066667,0.007937,0,0,0,0,0,0,0,0,no
0.096386,0.095238,0.085106,0.133333,0.007937,0,0,0,0,0,0,0,0,no
0.01506,0.047619,0.010638,0.066667,0.007937,0,0,0,0,0,0,0,0,no
0.01506,0.047619,0.010638,0.066667,0.007937,0,0,0,0,0,0,0,0,no
0.096386,0,0.053191,0.066667,0.02381,0.032258,0,0,0,0,0,0,0,no
0.042169,0,0.042553,0.066667,0.039683,0,0,0,0,0,0,0,0,no
0.021084,0.047619,0.010638,0.066667,0.007937,0,0,0,0,0,0,0,0,no
0.189759,0.095238,0.12766,0.266667,0.039683,0.064516,0.055556,0.125,0.001685,0.001775,0.008621,0.008621,0,no
0.084337,0.095238,0.031915,0.133333,0.015873,0.016129,0.055556,0.125,0.001685,0.001775,0.008621,0.008621,0,no
0.060241,0.095238,0.010638,0.066667,0.031746,0.064516,0.055556,0.125,0.001685,0.001775,0.008621,0.008621,0,no
0.036145,0.095238,0.010638,0.066667,0.015873,0.032258,0.055556,0.125,0.001685,0.001775,0.008621,0.008621,0,no
0.054217,0.047619,0.053191,0.066667,0,0,0,0,0,0,0,0,0,no
0.018072,0.047619,0.010638,0.066667,0.007937,0.016129,0,0,0,0,0,0,0,no
0.027108,0.047619,0.021277,0.066667,0.007937,0.016129,0,0,0,0,0,0,0,no
0.018072,0.047619,0.010638,0.066667,0.007937,0,0,0,0,0,0,0,0,no
0.081325,0.047619,0.074468,0.133333,0,0.016129,0,0,0,0,0,0,0,no
0.063253,0.047619,0.074468,0.133333,0.079365,0.064516,0,0,0,0,0,0,0,no
0.021084,0.047619,0.021277,0.066667,0.015873,0,0,0,0,0,0,0,0,no
0.027108,0.047619,0.021277,0.066667,0.007937,0,0,0,0,0,0,0,0,no
0.036145,0,0.021277,0.066667,0.047619,0.048387,0,0,0,0,0,0,0,no
0.036145,0.047619,0.031915,0.066667,0.007937,0,0,0,0,0,0,0,0,no
0.021084,0.047619,0.010638,0.066667,0.007937,0,0,0,0,0,0,0,0,no
0.054217,0.095238,0.042553,0.133333,0.007937,0,0,0,0,0,0,0,0,no
0.01506,0.047619,0.010638,0.066667,0.007937,0,0,0,0,0,0,0,0,no
0.01506,0.047619,0.010638,0.066667,0.007937,0,0,0,0,0,0,0,0,no
0.066265,0,0.031915,0.066667,0.007937,0.032258,0,0,0,0,0,0,0,no
0.024096,0,0.021277,0.066667,0.02381,0,0,0,0,0,0,0,0,no
0.021084,0.047619,0.010638,0.066667,0.007937,0,0,0,0,0,0,0,0,no
0.13253,0.095238,0.085106,0.266667,0.039683,0.064516,0.055556,0.125,0.001685,0.001775,0.008621,0.008621,0,no
0.066265,0.095238,0.031915,0.133333,0.015873,0.016129,0.055556,0.125,0.001685,0.001775,0.008621,0.008621,0,no
0.045181,0.095238,0.010638,0.066667,0.031746,0.064516,0.055556,0.125,0.001685,0.001775,0.008621,0.008621,0,no
0.03012,0.095238,0.010638,0.066667,0.015873,0.032258,0.055556,0.125,0.001685,0.001775,0.008621,0.008621,0,no
0.036145,0.047619,0.031915,0.066667,0,0,0,0,0,0,0,0,0,no
0.018072,0.047619,0.010638,0.066667,0.007937,0.016129,0,0,0,0,0,0,0,no
0.060241,0.047619,0.053191,0.133333,0.015873,0.032258,0.074074,0.166667,0.006742,0,0.021552,0.012931,0,no
0.018072,0.047619,0.010638,0.066667,0.007937,0,0,0,0,0,0,0,0,no
0.171687,0.047619,0.170213,0.133333,0,0.016129,0.074074,0.166667,0.02809,0,0.086207,0.053879,0,no
0.135542,0.047619,0.170213,0.133333,0.174603,0.16129,0.074074,0.166667,0.022472,0,0.068966,0.043103,0,no
0.021084,0.047619,0.021277,0.066667,0.015873,0,0,0,0,0,0,0,0,no
0.045181,0.047619,0.053191,0.066667,0.007937,0,0.074074,0.166667,0.005618,0,0.017241,0.010776,0,no
0.072289,0,0.053191,0.066667,0.119048,0.096774,0.074074,0.166667,0.011236,0,0.034483,0.021552,0,no
0.054217,0.047619,0.06383,0.066667,0.007937,0,0.074074,0.166667,0.005618,0,0.017241,0.010776,0,no
0.024096,0.047619,0.010638,0.066667,0.007937,0,0.055556,0.125,0.001685,0,0.00431,0.00431,0,no
0.11747,0.095238,0.106383,0.133333,0.007937,0,0.074074,0.166667,0.019663,0,0.060345,0.037716,0,no
0.01506,0.047619,0.010638,0.066667,0.007937,0,0,0,0,0,0,0,0,no
0.01506,0.047619,0.010638,0.066667,0.007937,0,0.037037,0.083333,0.005618,0,0.021552,0.021552,0,no
0.01506,0.047619,0.010638,0.066667,0.007937,0,0,0,0,0,0,0,0,no
0.01506,0.047619,0.010638,0.066667,0.007937,0,0,0,0,0,0,0,0,no
0.153614,0,0.117021,0.133333,0.031746,0.032258,0.074074,0.166667,0.024157,0,0.077586,0.046336,0,no
0.033133,0,0.031915,0.066667,0.02381,0,0,0,0,0,0,0,0,no
0.021084,0.047619,0.010638,0.066667,0.007937,0,0,0,0,0,0,0,0,no
0.21988,0.095238,0.148936,0.266667,0.039683,0.064516,0.074074,0.166667,0.025281,0,0.077586,0.048491,0,no
0.123494,0.095238,0.085106,0.133333,0.015873,0.016129,0.074074,0.166667,0.016292,0,0.051724,0.03125,0,no
0.090361,0.095238,0.042553,0.066667,0.031746,0.080645,0.074074,0.166667,0.011236,0,0.034483,0.021552,0,no
0.090361,0.095238,0.074468,0.066667,0.015873,0.048387,0.074074,0.166667,0.016854,0,0.051724,0.032328,0,no
0.063253,0.047619,0.06383,0.066667,0,0,0.074074,0.166667,0.008427,0,0.025862,0.016164,0,no
0.018072,0.047619,0.010638,0.066667,0.007937,0.016129,0,0,0,0,0,0,0,no
0.039157,0.047619,0.021277,0.133333,0.047619,0.096774,0,0,0,0,0,0,0,no
0.051205,0.047619,0.042553,0.133333,0,0.016129,0,0,0,0,0,0,0,no
0.039157,0.047619,0.042553,0.133333,0.047619,0.032258,0,0,0,0,0,0,0,no
0.021084,0.047619,0.021277,0.066667,0.015873,0,0,0,0,0,0,0,0,no
0.021084,0.047619,0.010638,0.066667,0.007937,0,0,0,0,0,0,0,0,no
0.024096,0,0.010638,0.066667,0.02381,0.032258,0,0,0,0,0,0,0,no
0.03012,0.047619,0.021277,0.066667,0.007937,0,0,0,0,0,0,0,0,no
0.018072,0.095238,0.010638,0.066667,0.007937,0,0,0,0,0,0,0,0,no
0.021084,0.047619,0.010638,0.066667,0.007937,0,0,0,0,0,0,0,0,no
0.033133,0.095238,0.021277,0.133333,0.007937,0,0,0,0,0,0,0,0,no
0.01506,0.047619,0.010638,0.066667,0.007937,0,0,0,0,0,0,0,0,no
0.039157,0,0.010638,0.066667,0.007937,0.032258,0,0,0,0,0,0,0,no
0.01506,0,0.010638,0.066667,0.015873,0,0,0,0,0,0,0,0,no
0.021084,0.047619,0.010638,0.066667,0.007937,0,0,0,0,0,0,0,0,no
0.114458,0.095238,0.06383,0.266667,0.047619,0.080645,0.055556,0.125,0.001685,0.001775,0.008621,0.008621,0,no
0.054217,0.095238,0.021277,0.133333,0.015873,0.016129,0.055556,0.125,0.001685,0.001775,0.008621,0.008621,0,no
0.048193,0.095238,0.010638,0.066667,0.039683,0.080645,0.055556,0.125,0.001685,0.001775,0.008621,0.008621,0,no
0.03012,0.095238,0.010638,0.066667,0.015873,0.032258,0.055556,0.125,0.001685,0.001775,0.008621,0.008621,0,no
0.027108,0.047619,0.021277,0.066667,0,0,0,0,0,0,0,0,0,no
0.018072,0.047619,0.010638,0.066667,0.007937,0.016129,0,0,0,0,0,0,0,no
0.039157,0.047619,0.021277,0.133333,0.047619,0.096774,0,0,0,0,0,0,0,no
0.051205,0.047619,0.042553,0.133333,0,0.016129,0,0,0,0,0,0,0,no
0.039157,0.047619,0.042553,0.133333,0.047619,0.032258,0,0,0,0,0,0,0,no
0.021084,0.047619,0.021277,0.066667,0.015873,0,0,0,0,0,0,0,0,no
0.021084,0.047619,0.010638,0.066667,0.007937,0,0,0,0,0,0,0,0,no
0.024096,0,0.010638,0.066667,0.02381,0.032258,0,0,0,0,0,0,0,no
0.03012,0.047619,0.021277,0.066667,0.007937,0,0,0,0,0,0,0,0,no
0.018072,0.095238,0.010638,0.066667,0.007937,0,0,0,0,0,0,0,0,no
0.021084,0.047619,0.010638,0.066667,0.007937,0,0,0,0,0,0,0,0,no
0.033133,0.095238,0.021277,0.133333,0.007937,0,0,0,0,0,0,0,0,no
0.01506,0.047619,0.010638,0.066667,0.007937,0,0,0,0,0,0,0,0,no
0.045181,0,0.021277,0.133333,0.007937,0.032258,0,0,0,0,0,0,0,no
0.021084,0.047619,0.010638,0.066667,0.007937,0,0,0,0,0,0,0,0,no
0.114458,0.095238,0.06383,0.266667,0.047619,0.080645,0.055556,0.125,0.001685,0.001775,0.008621,0.008621,0,no
0.060241,0.095238,0.031915,0.2,0.015873,0.016129,0.055556,0.125,0.001685,0.001775,0.008621,0.008621,0,no
0.057229,0.095238,0.021277,0.133333,0.039683,0.096774,0.055556,0.125,0.001685,0.001775,0.008621,0.008621,0,no
0.051205,0.095238,0.031915,0.133333,0.015873,0.048387,0.055556,0.125,0.001685,0.001775,0.008621,0.008621,0,no
0.027108,0.047619,0.021277,0.066667,0,0,0,0,0,0,0,0,0,no
0.018072,0.047619,0.010638,0.066667,0.007937,0.016129,0,0,0,0,0,0,0,no
0.042169,0.047619,0.031915,0.066667,0,0,0,0,0,0,0,0,0,no
0.171687,0.047619,0.170213,0.133333,0,0.016129,0,0,0,0,0,0,0,no
0.135542,0.047619,0.170213,0.133333,0.174603,0.16129,0,0,0,0,0,0,0,no
0.021084,0.047619,0.021277,0.066667,0.015873,0,0,0,0,0,0,0,0,no
0.045181,0.047619,0.053191,0.066667,0.007937,0,0,0,0,0,0,0,0,no
0.072289,0,0.053191,0.066667,0.119048,0.096774,0,0,0,0,0,0,0,no
0.054217,0.047619,0.06383,0.066667,0.007937,0,0,0,0,0,0,0,0,no
0.024096,0.047619,0.010638,0.066667,0.007937,0,0,0,0,0,0,0,0,no
0.11747,0.095238,0.106383,0.133333,0.007937,0,0,0,0,0,0,0,0,no
0.01506,0.047619,0.010638,0.066667,0.007937,0,0,0,0,0,0,0,0,no
0.01506,0.047619,0.010638,0.066667,0.007937,0,0,0,0,0,0,0,0,no
0.01506,0.047619,0.010638,0.066667,0.007937,0,0,0,0,0,0,0,0,no
0.14759,0,0.117021,0.133333,0.031746,0.032258,0,0,0,0,0,0,0,no
0.01506,0,0.010638,0.066667,0.015873,0,0,0,0,0,0,0,0,no
0.021084,0.047619,0.010638,0.066667,0.007937,0,0,0,0,0,0,0,0,no
0.186747,0.095238,0.138298,0.2,0.02381,0.016129,0,0,0,0,0,0,0,no
0.105422,0.095238,0.074468,0.133333,0.007937,0,0,0,0,0,0,0,0,no
0.066265,0.095238,0.042553,0.066667,0.015873,0.032258,0,0,0,0,0,0,0,no
0.090361,0.095238,0.085106,0.066667,0.007937,0.032258,0,0,0,0,0,0,0,no
0.063253,0.047619,0.06383,0.066667,0,0,0,0,0,0,0,0,0,no
0.018072,0.047619,0.010638,0.066667,0.007937,0.016129,0,0,0,0,0,0,0,no
0.036145,0.047619,0.042553,0.066667,0,0,0,0,0,0,0,0,0,no
0.024096,0,0.010638,0.066667,0.007937,0.032258,0,0,0,0,0,0,0,no
0.024096,0,0.010638,0.066667,0.015873,0.032258,0,0,0,0,0,0,0,no
0.024096,0,0.010638,0.066667,0.015873,0.032258,0,0,0,0,0,0,0,no
0.024096,0,0.010638,0.066667,0.015873,0.032258,0,0,0,0,0,0,0,no
0.024096,0,0.010638,0.066667,0.015873,0.032258,0,0,0,0,0,0,0,no
0.024096,0,0.010638,0.066667,0.015873,0.032258,0,0,0,0,0,0,0,no
0.024096,0,0.010638,0.066667,0.007937,0.032258,0,0,0,0,0,0,0,no
0.024096,0,0.010638,0.066667,0.007937,0.032258,0,0,0,0,0,0,0,no
0.024096,0,0.010638,0.066667,0.007937,0.032258,0,0,0,0,0,0,0,no
0.024096,0,0.010638,0.066667,0.007937,0.032258,0,0,0,0,0,0,0,no
0.024096,0,0.010638,0.066667,0.007937,0.032258,0,0,0,0,0,0,0,no
0.024096,0,0.010638,0.066667,0.015873,0.032258,0,0,0,0,0,0,0,no
0.024096,0,0.010638,0.066667,0.015873,0.032258,0,0,0,0,0,0,0,no
0.024096,0,0.010638,0.066667,0.007937,0.032258,0,0,0,0,0,0,0,no
0.024096,0,0.010638,0.066667,0.007937,0.032258,0,0,0,0,0,0,0,no
0.024096,0,0.010638,0.066667,0.015873,0.032258,0,0,0,0,0,0,0,no
0.024096,0,0.010638,0.066667,0.015873,0.032258,0,0,0,0,0,0,0,no
0.024096,0,0.010638,0.066667,0.015873,0.032258,0,0,0,0,0,0,0,no
0.024096,0,0.010638,0.066667,0.015873,0.032258,0,0,0,0,0,0,0,no
0.024096,0,0.010638,0.066667,0.015873,0.032258,0,0,0,0,0,0,0,no
0.024096,0,0.010638,0.066667,0.015873,0.032258,0,0,0,0,0,0,0,no
0.024096,0,0.010638,0.066667,0.015873,0.032258,0,0,0,0,0,0,0,no
0.024096,0,0.010638,0.066667,0.015873,0.032258,0,0,0,0,0,0,0,no
0.024096,0,0.010638,0.066667,0.015873,0.032258,0.037037,0.083333,0.008989,0,0.034483,0.034483,0,no
0.024096,0,0.010638,0.066667,0.015873,0.032258,0,0,0,0,0,0,0,no
0.024096,0,0.010638,0.066667,0.015873,0.032258,0,0,0,0,0,0,0,no
0.024096,0,0.010638,0.066667,0.015873,0.032258,0,0,0,0,0,0,0,no
0.024096,0,0.010638,0.066667,0.015873,0.032258,0,0,0,0,0,0,0,no
0.024096,0,0.010638,0.066667,0.015873,0.032258,0,0,0,0,0,0,0,no
0.024096,0,0.010638,0.066667,0.015873,0.032258,0,0,0,0,0,0,0,no
0.024096,0,0.010638,0.066667,0.015873,0.032258,0,0,0,0,0,0,0,no
0.024096,0,0.010638,0.066667,0.015873,0.032258,0,0,0,0,0,0,0,no
0.024096,0,0.010638,0.066667,0.015873,0.032258,0,0,0,0,0,0,0,no
0.024096,0,0.010638,0.066667,0.007937,0.032258,0,0,0,0,0,0,0,no
0.024096,0,0.010638,0.066667,0.007937,0.032258,0,0,0,0,0,0,0,no
0.024096,0,0.010638,0.066667,0.015873,0.032258,0,0,0,0,0,0,0,no
0.024096,0,0.010638,0.066667,0.007937,0.032258,0,0,0,0,0,0,0,no
0.024096,0,0.010638,0.066667,0.007937,0.032258,0,0,0,0,0,0,0,no
0.024096,0,0.010638,0.066667,0.007937,0.032258,0,0,0,0,0,0,0,no
0.024096,0,0.010638,0.066667,0.007937,0.032258,0,0,0,0,0,0,0,no
0.024096,0,0.010638,0.066667,0.007937,0.032258,0,0,0,0,0,0,0,no
0.024096,0,0.010638,0.066667,0.007937,0.032258,0,0,0,0,0,0,0,no
0.024096,0,0.010638,0.066667,0.015873,0.032258,0,0,0,0,0,0,0,no
0.024096,0,0.010638,0.066667,0.007937,0.032258,0,0,0,0,0,0,0,no
0.024096,0,0.010638,0.066667,0.007937,0.032258,0,0,0,0,0,0,0,no
0.024096,0,0.010638,0.066667,0.007937,0.032258,0,0,0,0,0,0,0,no
0.11747,0.095238,0.042553,0.133333,0,0.080645,0,0,0,0,0,0,0,no
0.03012,0.047619,0.010638,0.066667,0,0.016129,0.037037,0.083333,0.011236,0,0.043103,0.043103,0,no
0.072289,0.047619,0.031915,0.133333,0,0.048387,0.037037,0.083333,0.026966,0,0.103448,0.103448,0,no
0.120482,0.095238,0.042553,0.133333,0,0.080645,0,0,0,0,0,0,0,no
0.033133,0.047619,0.010638,0.066667,0,0.016129,0.037037,0.083333,0.01236,0,0.047414,0.047414,0,no
0.072289,0.047619,0.031915,0.133333,0,0.048387,0.037037,0.083333,0.026966,0,0.103448,0.103448,0,no
0.120482,0.095238,0.042553,0.133333,0,0.080645,0,0,0,0,0,0,0,no
0.033133,0.047619,0.010638,0.066667,0,0.016129,0.037037,0.083333,0.01236,0,0.047414,0.047414,0,no
0.072289,0.047619,0.031915,0.133333,0,0.048387,0.037037,0.083333,0.026966,0,0.103448,0.103448,0,no
0.108434,0.095238,0.031915,0.066667,0,0.080645,0,0,0,0,0,0,0,no
0.033133,0.047619,0.010638,0.066667,0,0.016129,0.037037,0.083333,0.01236,0,0.047414,0.047414,0,no
0.060241,0.047619,0.021277,0.066667,0,0.048387,0.037037,0.083333,0.022472,0,0.086207,0.086207,0,no
0.108434,0.095238,0.031915,0.066667,0,0.080645,0,0,0,0,0,0,0,no
0.033133,0.047619,0.010638,0.066667,0,0.016129,0.037037,0.083333,0.01236,0,0.047414,0.047414,0,no
0.060241,0.047619,0.021277,0.066667,0,0.048387,0.037037,0.083333,0.022472,0,0.086207,0.086207,0,no
0.120482,0.095238,0.042553,0.133333,0,0.080645,0,0,0,0,0,0,0,no
0.033133,0.047619,0.010638,0.066667,0,0.016129,0.037037,0.083333,0.01236,0,0.047414,0.047414,0,no
0.072289,0.047619,0.031915,0.133333,0,0.048387,0.037037,0.083333,0.026966,0,0.103448,0.103448,0,no
0.105422,0.095238,0.031915,0.066667,0,0.080645,0,0,0,0,0,0,0,no
0.03012,0.047619,0.010638,0.066667,0,0.016129,0.037037,0.083333,0.011236,0,0.043103,0.043103,0,no
0.060241,0.047619,0.021277,0.066667,0,0.048387,0.037037,0.083333,0.022472,0,0.086207,0.086207,0,no
0.093373,0.095238,0.021277,0.066667,0.007937,0.080645,0,0,0,0,0,0,0,no
0.03012,0.047619,0.010638,0.066667,0,0.016129,0.037037,0.083333,0.011236,0,0.043103,0.043103,0,no
0.048193,0.047619,0.010638,0.066667,0.007937,0.048387,0.037037,0.083333,0.017978,0,0.068966,0.068966,0,no
0.11747,0.095238,0.042553,0.133333,0,0.080645,0,0,0,0,0,0,0,no
0.03012,0.047619,0.010638,0.066667,0,0.016129,0.037037,0.083333,0.011236,0,0.043103,0.043103,0,no
0.072289,0.047619,0.031915,0.133333,0,0.048387,0.037037,0.083333,0.026966,0,0.103448,0.103448,0,no
0.11747,0.095238,0.042553,0.133333,0,0.080645,0,0,0,0,0,0,0,no
0.03012,0.047619,0.010638,0.066667,0,0.016129,0.037037,0.083333,0.011236,0,0.043103,0.043103,0,no
0.072289,0.047619,0.031915,0.133333,0,0.048387,0.037037,0.083333,0.026966,0,0.103448,0.103448,0,no
0.11747,0.095238,0.042553,0.133333,0,0.080645,0,0,0,0,0,0,0,no
0.03012,0.047619,0.010638,0.066667,0,0.016129,0.037037,0.083333,0.011236,0,0.043103,0.043103,0,no
0.072289,0.047619,0.031915,0.133333,0,0.048387,0.037037,0.083333,0.026966,0,0.103448,0.103448,0,no
0.108434,0.095238,0.031915,0.066667,0,0.080645,0,0,0,0,0,0,0,no
0.033133,0.047619,0.010638,0.066667,0,0.016129,0.037037,0.083333,0.01236,0,0.047414,0.047414,0,no
0.060241,0.047619,0.021277,0.066667,0,0.048387,0.037037,0.083333,0.022472,0,0.086207,0.086207,0,no
0.108434,0.095238,0.031915,0.066667,0,0.080645,0,0,0,0,0,0,0,no
0.033133,0.047619,0.010638,0.066667,0,0.016129,0.037037,0.083333,0.01236,0,0.047414,0.047414,0,no
0.060241,0.047619,0.021277,0.066667,0,0.048387,0.037037,0.083333,0.022472,0,0.086207,0.086207,0,no
0.105422,0.095238,0.031915,0.066667,0,0.080645,0,0,0,0,0,0,0,no
0.03012,0.047619,0.010638,0.066667,0,0.016129,0.037037,0.083333,0.011236,0,0.043103,0.043103,0,no
0.060241,0.047619,0.021277,0.066667,0,0.048387,0.037037,0.083333,0.022472,0,0.086207,0.086207,0,no
0.105422,0.095238,0.031915,0.066667,0,0.080645,0,0,0,0,0,0,0,no
0.03012,0.047619,0.010638,0.066667,0,0.016129,0.037037,0.083333,0.011236,0,0.043103,0.043103,0,no
0.060241,0.047619,0.021277,0.066667,0,0.048387,0.037037,0.083333,0.022472,0,0.086207,0.086207,0,no
0.120482,0.095238,0.042553,0.133333,0,0.080645,0,0,0,0,0,0,0,no
0.033133,0.047619,0.010638,0.066667,0,0.016129,0.037037,0.083333,0.01236,0,0.047414,0.047414,0,no
0.072289,0.047619,0.031915,0.133333,0,0.048387,0.037037,0.083333,0.026966,0,0.103448,0.103448,0,no
0.123494,0.095238,0.042553,0.133333,0,0.080645,0,0,0,0,0,0,0,no
0.036145,0.047619,0.010638,0.066667,0,0.016129,0.037037,0.083333,0.013483,0,0.051724,0.051724,0,no
0.072289,0.047619,0.031915,0.133333,0,0.048387,0.037037,0.083333,0.026966,0,0.103448,0.103448,0,no
0.108434,0.095238,0.031915,0.066667,0,0.080645,0,0,0,0,0,0,0,no
0.033133,0.047619,0.010638,0.066667,0,0.016129,0.037037,0.083333,0.01236,0,0.047414,0.047414,0,no
0.060241,0.047619,0.021277,0.066667,0,0.048387,0.037037,0.083333,0.022472,0,0.086207,0.086207,0,no
0.120482,0.095238,0.042553,0.133333,0,0.080645,0,0,0,0,0,0,0,no
0.033133,0.047619,0.010638,0.066667,0,0.016129,0.037037,0.083333,0.01236,0,0.047414,0.047414,0,no
0.072289,0.047619,0.031915,0.133333,0,0.048387,0.037037,0.083333,0.026966,0,0.103448,0.103448,0,no
0.096386,0.095238,0.021277,0.066667,0.007937,0.080645,0,0,0,0,0,0,0,no
0.033133,0.047619,0.010638,0.066667,0,0.016129,0.037037,0.083333,0.01236,0,0.047414,0.047414,0,no
0.048193,0.047619,0.010638,0.066667,0.007937,0.048387,0.037037,0.083333,0.017978,0,0.068966,0.068966,0,no
0.108434,0.095238,0.031915,0.066667,0,0.080645,0,0,0,0,0,0,0,no
0.033133,0.047619,0.010638,0.066667,0,0.016129,0.037037,0.083333,0.01236,0,0.047414,0.047414,0,no
0.060241,0.047619,0.021277,0.066667,0,0.048387,0.037037,0.083333,0.022472,0,0.086207,0.086207,0,no
0.096386,0.095238,0.021277,0.066667,0.007937,0.080645,0,0,0,0,0,0,0,no
0.033133,0.047619,0.010638,0.066667,0,0.016129,0.037037,0.083333,0.01236,0,0.047414,0.047414,0,no
0.048193,0.047619,0.010638,0.066667,0.007937,0.048387,0.037037,0.083333,0.017978,0,0.068966,0.068966,0,no
0.108434,0.095238,0.031915,0.066667,0,0.080645,0,0,0,0,0,0,0,no
0.033133,0.047619,0.010638,0.066667,0,0.016129,0.037037,0.083333,0.01236,0,0.047414,0.047414,0,no
0.060241,0.047619,0.021277,0.066667,0,0.048387,0.037037,0.083333,0.022472,0,0.086207,0.086207,0,no
0.108434,0.095238,0.031915,0.066667,0,0.080645,0.037037,0.083333,0.040449,0,0.155172,0.155172,0,no
0.033133,0.047619,0.010638,0.066667,0,0.016129,0.037037,0.083333,0.01236,0,0.047414,0.047414,0,no
0.060241,0.047619,0.021277,0.066667,0,0.048387,0.037037,0.083333,0.022472,0,0.086207,0.086207,0,no
0.120482,0.095238,0.042553,0.133333,0,0.080645,0,0,0,0,0,0,0,no
0.033133,0.047619,0.010638,0.066667,0,0.016129,0.037037,0.083333,0.01236,0,0.047414,0.047414,0,no
0.072289,0.047619,0.031915,0.133333,0,0.048387,0.037037,0.083333,0.026966,0,0.103448,0.103448,0,no
0.120482,0.095238,0.042553,0.133333,0,0.080645,0,0,0,0,0,0,0,no
0.033133,0.047619,0.010638,0.066667,0,0.016129,0.037037,0.083333,0.01236,0,0.047414,0.047414,0,no
0.072289,0.047619,0.031915,0.133333,0,0.048387,0.037037,0.083333,0.026966,0,0.103448,0.103448,0,no
0.120482,0.095238,0.042553,0.133333,0,0.080645,0,0,0,0,0,0,0,no
0.033133,0.047619,0.010638,0.066667,0,0.016129,0.037037,0.083333,0.01236,0,0.047414,0.047414,0,no
0.072289,0.047619,0.031915,0.133333,0,0.048387,0.037037,0.083333,0.026966,0,0.103448,0.103448,0,no
0.108434,0.095238,0.031915,0.066667,0,0.080645,0,0,0,0,0,0,0,no
0.033133,0.047619,0.010638,0.066667,0,0.016129,0.037037,0.083333,0.01236,0,0.047414,0.047414,0,no
0.060241,0.047619,0.021277,0.066667,0,0.048387,0.037037,0.083333,0.022472,0,0.086207,0.086207,0,no
0.120482,0.095238,0.042553,0.133333,0,0.080645,0,0,0,0,0,0,0,no
0.033133,0.047619,0.010638,0.066667,0,0.016129,0.037037,0.083333,0.01236,0,0.047414,0.047414,0,no
0.072289,0.047619,0.031915,0.133333,0,0.048387,0.037037,0.083333,0.026966,0,0.103448,0.103448,0,no
0.120482,0.095238,0.042553,0.133333,0,0.080645,0,0,0,0,0,0,0,no
0.033133,0.047619,0.010638,0.066667,0,0.016129,0.037037,0.083333,0.01236,0,0.047414,0.047414,0,no
0.072289,0.047619,0.031915,0.133333,0,0.048387,0.037037,0.083333,0.026966,0,0.103448,0.103448,0,no
0.120482,0.095238,0.042553,0.133333,0,0.080645,0,0,0,0,0,0,0,no
0.033133,0.047619,0.010638,0.066667,0,0.016129,0.037037,0.083333,0.01236,0,0.047414,0.047414,0,no
0.072289,0.047619,0.031915,0.133333,0,0.048387,0.037037,0.083333,0.026966,0,0.103448,0.103448,0,no
0.120482,0.095238,0.042553,0.133333,0,0.080645,0,0,0,0,0,0,0,no
0.033133,0.047619,0.010638,0.066667,0,0.016129,0.037037,0.083333,0.01236,0,0.047414,0.047414,0,no
0.072289,0.047619,0.031915,0.133333,0,0.048387,0.037037,0.083333,0.026966,0,0.103448,0.103448,0,no
0.111446,0.095238,0.031915,0.066667,0,0.080645,0,0,0,0,0,0,0,no
0.036145,0.047619,0.010638,0.066667,0,0.016129,0.037037,0.083333,0.013483,0,0.051724,0.051724,0,no
0.060241,0.047619,0.021277,0.066667,0,0.048387,0.037037,0.083333,0.022472,0,0.086207,0.086207,0,no
0.11747,0.095238,0.042553,0.133333,0,0.080645,0,0,0,0,0,0,0,no
0.03012,0.047619,0.010638,0.066667,0,0.016129,0.037037,0.083333,0.011236,0,0.043103,0.043103,0,no
0.072289,0.047619,0.031915,0.133333,0,0.048387,0.037037,0.083333,0.026966,0,0.103448,0.103448,0,no
0.11747,0.095238,0.042553,0.133333,0,0.080645,0,0,0,0,0,0,0,no
0.03012,0.047619,0.010638,0.066667,0,0.016129,0.037037,0.083333,0.011236,0,0.043103,0.043103,0,no
0.072289,0.047619,0.031915,0.133333,0,0.048387,0.037037,0.083333,0.026966,0,0.103448,0.103448,0,no
0.096386,0.095238,0.021277,0.066667,0.007937,0.080645,0,0,0,0,0,0,0,no
0.033133,0.047619,0.010638,0.066667,0,0.016129,0.037037,0.083333,0.01236,0,0.047414,0.047414,0,no
0.048193,0.047619,0.010638,0.066667,0.007937,0.048387,0.037037,0.083333,0.017978,0,0.068966,0.068966,0,no
0.129518,0.095238,0.053191,0.2,0,0.080645,0,0,0,0,0,0,0,no
0.03012,0.047619,0.010638,0.066667,0,0.016129,0.037037,0.083333,0.011236,0,0.043103,0.043103,0,no
0.084337,0.047619,0.042553,0.2,0,0.048387,0.037037,0.083333,0.031461,0,0.12069,0.12069,0,no
0.11747,0.095238,0.042553,0.133333,0,0.080645,0,0,0,0,0,0,0,no
0.03012,0.047619,0.010638,0.066667,0,0.016129,0.037037,0.083333,0.011236,0,0.043103,0.043103,0,no
0.072289,0.047619,0.031915,0.133333,0,0.048387,0.037037,0.083333,0.026966,0,0.103448,0.103448,0,no
0.093373,0.095238,0.021277,0.066667,0.007937,0.080645,0,0,0,0,0,0,0,no
0.03012,0.047619,0.010638,0.066667,0,0.016129,0.037037,0.083333,0.011236,0,0.043103,0.043103,0,no
0.048193,0.047619,0.010638,0.066667,0.007937,0.048387,0.037037,0.083333,0.017978,0,0.068966,0.068966,0,no
0.093373,0.095238,0.021277,0.066667,0.007937,0.080645,0,0,0,0,0,0,0,no
0.03012,0.047619,0.010638,0.066667,0,0.016129,0.037037,0.083333,0.011236,0,0.043103,0.043103,0,no
0.048193,0.047619,0.010638,0.066667,0.007937,0.048387,0.037037,0.083333,0.017978,0,0.068966,0.068966,0,no
0.129518,0.095238,0.053191,0.2,0,0.080645,0,0,0,0,0,0,0,no
0.03012,0.047619,0.010638,0.066667,0,0.016129,0.037037,0.083333,0.011236,0,0.043103,0.043103,0,no
0.084337,0.047619,0.042553,0.2,0,0.048387,0.037037,0.083333,0.031461,0,0.12069,0.12069,0,no
0.129518,0.095238,0.053191,0.2,0,0.080645,0,0,0,0,0,0,0,no
0.03012,0.047619,0.010638,0.066667,0,0.016129,0.037037,0.083333,0.011236,0,0.043103,0.043103,0,no
0.084337,0.047619,0.042553,0.2,0,0.048387,0.037037,0.083333,0.031461,0,0.12069,0.12069,0,no
0.123494,0.095238,0.042553,0.133333,0,0.080645,0,0,0,0,0,0,0,no
0.036145,0.047619,0.010638,0.066667,0,0.016129,0.037037,0.083333,0.013483,0,0.051724,0.051724,0,no
0.072289,0.047619,0.031915,0.133333,0,0.048387,0.037037,0.083333,0.026966,0,0.103448,0.103448,0,no
0.105422,0.095238,0.031915,0.066667,0,0.080645,0,0,0,0,0,0,0,no
0.03012,0.047619,0.010638,0.066667,0,0.016129,0.037037,0.083333,0.011236,0,0.043103,0.043103,0,no
0.060241,0.047619,0.021277,0.066667,0,0.048387,0.037037,0.083333,0.022472,0,0.086207,0.086207,0,no
0.105422,0.095238,0.031915,0.066667,0,0.080645,0,0,0,0,0,0,0,no
0.03012,0.047619,0.010638,0.066667,0,0.016129,0.037037,0.083333,0.011236,0,0.043103,0.043103,0,no
0.060241,0.047619,0.021277,0.066667,0,0.048387,0.037037,0.083333,0.022472,0,0.086207,0.086207,0,no
0.129518,0.095238,0.053191,0.2,0,0.080645,0,0,0,0,0,0,0,no
0.03012,0.047619,0.010638,0.066667,0,0.016129,0.037037,0.083333,0.011236,0,0.043103,0.043103,0,no
0.084337,0.047619,0.042553,0.2,0,0.048387,0.037037,0.083333,0.031461,0,0.12069,0.12069,0,no
0.033133,0,0.021277,0.066667,0.02381,0.016129,0,0,0,0,0,0,0,no
0.042169,0,0.031915,0.066667,0.015873,0.016129,0,0,0,0,0,0,0,no
0.042169,0,0.031915,0.066667,0.015873,0.016129,0,0,0,0,0,0,0,no
0.033133,0,0.021277,0.066667,0.015873,0.016129,0,0,0,0,0,0,0,no
0.033133,0,0.021277,0.066667,0.015873,0.016129,0,0,0,0,0,0,0,no
0.042169,0,0.031915,0.066667,0.015873,0.016129,0,0,0,0,0,0,0,no
0.024096,0,0.010638,0.066667,0.02381,0.016129,0,0,0,0,0,0,0,no
0.033133,0,0.021277,0.066667,0.02381,0.016129,0,0,0,0,0,0,0,no
0.033133,0,0.021277,0.066667,0.02381,0.016129,0,0,0,0,0,0,0,no
0.033133,0,0.021277,0.066667,0.02381,0.016129,0,0,0,0,0,0,0,no
0.033133,0,0.021277,0.066667,0.015873,0.016129,0,0,0,0,0,0,0,no
0.033133,0,0.021277,0.066667,0.015873,0.016129,0,0,0,0,0,0,0,no
0.024096,0,0.010638,0.066667,0.02381,0.016129,0,0,0,0,0,0,0,no
0.024096,0,0.010638,0.066667,0.02381,0.016129,0,0,0,0,0,0,0,no
0.042169,0,0.031915,0.066667,0.015873,0.016129,0,0,0,0,0,0,0,no
0.042169,0,0.031915,0.066667,0.015873,0.016129,0,0,0,0,0,0,0,no
0.033133,0,0.021277,0.066667,0.015873,0.016129,0,0,0,0,0,0,0,no
0.042169,0,0.031915,0.066667,0.015873,0.016129,0,0,0,0,0,0,0,no
0.024096,0,0.010638,0.066667,0.015873,0.016129,0,0,0,0,0,0,0,no
0.033133,0,0.021277,0.066667,0.015873,0.016129,0,0,0,0,0,0,0,no
0.024096,0,0.010638,0.066667,0.015873,0.016129,0,0,0,0,0,0,0,no
0.033133,0,0.021277,0.066667,0.015873,0.016129,0,0,0,0,0,0,0,no
0.033133,0,0.021277,0.066667,0.015873,0.016129,0.037037,0.083333,0.01236,0,0.047414,0.047414,0,no
0.042169,0,0.031915,0.066667,0.015873,0.016129,0,0,0,0,0,0,0,no
0.042169,0,0.031915,0.066667,0.015873,0.016129,0,0,0,0,0,0,0,no
0.042169,0,0.031915,0.066667,0.015873,0.016129,0,0,0,0,0,0,0,no
0.033133,0,0.021277,0.066667,0.015873,0.016129,0,0,0,0,0,0,0,no
0.042169,0,0.031915,0.066667,0.015873,0.016129,0,0,0,0,0,0,0,no
0.042169,0,0.031915,0.066667,0.015873,0.016129,0,0,0,0,0,0,0,no
0.042169,0,0.031915,0.066667,0.015873,0.016129,0,0,0,0,0,0,0,no
0.042169,0,0.031915,0.066667,0.015873,0.016129,0,0,0,0,0,0,0,no
0.033133,0,0.021277,0.066667,0.015873,0.016129,0,0,0,0,0,0,0,no
0.033133,0,0.021277,0.066667,0.02381,0.016129,0,0,0,0,0,0,0,no
0.033133,0,0.021277,0.066667,0.02381,0.016129,0,0,0,0,0,0,0,no
0.024096,0,0.010638,0.066667,0.015873,0.016129,0,0,0,0,0,0,0,no
0.042169,0,0.031915,0.066667,0.02381,0.016129,0,0,0,0,0,0,0,no
0.033133,0,0.021277,0.066667,0.02381,0.016129,0,0,0,0,0,0,0,no
0.042169,0,0.031915,0.066667,0.02381,0.016129,0,0,0,0,0,0,0,no
0.042169,0,0.031915,0.066667,0.02381,0.016129,0,0,0,0,0,0,0,no
0.042169,0,0.031915,0.066667,0.015873,0.016129,0,0,0,0,0,0,0,no
0.024096,0,0.010638,0.066667,0.02381,0.016129,0,0,0,0,0,0,0,no
0.024096,0,0.010638,0.066667,0.02381,0.016129,0,0,0,0,0,0,0,no
0.042169,0,0.031915,0.066667,0.02381,0.016129,0,0,0,0,0,0,0,no
0.033133,0.095238,0.021277,0.066667,0.007937,0.016129,0,0,0,0,0,0,0,no
0.033133,0.095238,0.021277,0.066667,0.007937,0.016129,0,0,0,0,0,0,0,no
0.033133,0.095238,0.021277,0.066667,0.007937,0.016129,0,0,0,0,0,0,0,no
0.027108,0.095238,0.010638,0.066667,0.007937,0.016129,0,0,0,0,0,0,0,no
0.027108,0.095238,0.010638,0.066667,0.007937,0.016129,0,0,0,0,0,0,0,no
0.033133,0.095238,0.021277,0.066667,0.007937,0.016129,0,0,0,0,0,0,0,no
0.027108,0.095238,0.010638,0.066667,0.007937,0.016129,0,0,0,0,0,0,0,no
0.033133,0.095238,0.021277,0.066667,0.007937,0.016129,0,0,0,0,0,0,0,no
0.033133,0.095238,0.021277,0.066667,0.007937,0.016129,0,0,0,0,0,0,0,no
0.033133,0.095238,0.021277,0.066667,0.007937,0.016129,0,0,0,0,0,0,0,no
0.027108,0.095238,0.010638,0.066667,0.007937,0.016129,0,0,0,0,0,0,0,no
0.027108,0.095238,0.010638,0.066667,0.007937,0.016129,0,0,0,0,0,0,0,no
0.027108,0.095238,0.010638,0.066667,0.007937,0.016129,0,0,0,0,0,0,0,no
0.027108,0.095238,0.010638,0.066667,0.007937,0.016129,0,0,0,0,0,0,0,no
0.033133,0.095238,0.021277,0.066667,0.007937,0.016129,0,0,0,0,0,0,0,no
0.036145,0.095238,0.021277,0.066667,0.007937,0.016129,0,0,0,0,0,0,0,no
0.027108,0.095238,0.010638,0.066667,0.007937,0.016129,0,0,0,0,0,0,0,no
0.033133,0.095238,0.021277,0.066667,0.007937,0.016129,0,0,0,0,0,0,0,no
0.027108,0.095238,0.010638,0.066667,0.007937,0.016129,0,0,0,0,0,0,0,no
0.027108,0.095238,0.010638,0.066667,0.007937,0.016129,0,0,0,0,0,0,0,no
0.027108,0.095238,0.010638,0.066667,0.007937,0.016129,0.037037,0.083333,0.010112,0,0.038793,0.038793,0,no
0.033133,0.095238,0.021277,0.066667,0.007937,0.016129,0,0,0,0,0,0,0,no
0.033133,0.095238,0.021277,0.066667,0.007937,0.016129,0,0,0,0,0,0,0,no
0.033133,0.095238,0.021277,0.066667,0.007937,0.016129,0,0,0,0,0,0,0,no
0.027108,0.095238,0.010638,0.066667,0.007937,0.016129,0,0,0,0,0,0,0,no
0.033133,0.095238,0.021277,0.066667,0.007937,0.016129,0,0,0,0,0,0,0,no
0.033133,0.095238,0.021277,0.066667,0.007937,0.016129,0,0,0,0,0,0,0,no
0.033133,0.095238,0.021277,0.066667,0.007937,0.016129,0,0,0,0,0,0,0,no
0.033133,0.095238,0.021277,0.066667,0.007937,0.016129,0,0,0,0,0,0,0,no
0.03012,0.095238,0.010638,0.066667,0.007937,0.016129,0,0,0,0,0,0,0,no
0.033133,0.095238,0.021277,0.066667,0.007937,0.016129,0,0,0,0,0,0,0,no
0.033133,0.095238,0.021277,0.066667,0.007937,0.016129,0,0,0,0,0,0,0,no
0.039157,0.095238,0.031915,0.066667,0.007937,0.016129,0,0,0,0,0,0,0,no
0.033133,0.095238,0.021277,0.066667,0.007937,0.016129,0,0,0,0,0,0,0,no
0.039157,0.095238,0.031915,0.066667,0.007937,0.016129,0,0,0,0,0,0,0,no
0.039157,0.095238,0.031915,0.066667,0.007937,0.016129,0,0,0,0,0,0,0,no
0.036145,0.095238,0.021277,0.066667,0.007937,0.016129,0,0,0,0,0,0,0,no
0.027108,0.095238,0.010638,0.066667,0.007937,0.016129,0,0,0,0,0,0,0,no
0.027108,0.095238,0.010638,0.066667,0.007937,0.016129,0,0,0,0,0,0,0,no
0.039157,0.095238,0.031915,0.066667,0.007937,0.016129,0,0,0,0,0,0,0,no
0.01506,0.047619,0.010638,0.066667,0,0,0,0,0,0,0,0,0,no
0.051205,0.047619,0.042553,0.133333,0,0.016129,0,0,0,0,0,0,0,no
0.021084,0.047619,0.021277,0.066667,0.015873,0,0,0,0,0,0,0,0,no
0.039157,0.047619,0.042553,0.133333,0.047619,0.032258,0,0,0,0,0,0,0,no
0.021084,0.047619,0.010638,0.066667,0.007937,0,0,0,0,0,0,0,0,no
0.024096,0,0.010638,0.066667,0.02381,0.032258,0,0,0,0,0,0,0,no
0.03012,0.047619,0.021277,0.066667,0.007937,0,0,0,0,0,0,0,0,no
0.021084,0.047619,0.010638,0.066667,0.007937,0,0,0,0,0,0,0,0,no
0.033133,0.095238,0.021277,0.133333,0.007937,0,0,0,0,0,0,0,0,no
0.01506,0.047619,0.010638,0.066667,0.007937,0,0,0,0,0,0,0,0,no
0.039157,0,0.010638,0.066667,0.007937,0.032258,0,0,0,0,0,0,0,no
0.021084,0.047619,0.010638,0.066667,0.007937,0,0,0,0,0,0,0,0,no
0.027108,0.047619,0.021277,0.066667,0,0,0,0,0,0,0,0,0,no
0.018072,0.047619,0.010638,0.066667,0.007937,0.016129,0,0,0,0,0,0,0,no
0.078313,0.095238,0.053191,0.2,0.015873,0.016129,0,0,0,0,0,0,0,no
0.033133,0.095238,0.010638,0.066667,0.007937,0,0,0,0,0,0,0,0,no
0.024096,0.095238,0.010638,0.066667,0.007937,0.032258,0,0,0,0,0,0,0,no
0.033133,0.095238,0.021277,0.066667,0.007937,0.032258,0,0,0,0,0,0,0,no
0.024096,0.047619,0.021277,0.066667,0,0,0,0,0,0,0,0,0,no
0.081325,0.047619,0.074468,0.133333,0,0.016129,0,0,0,0,0,0,0,no
0.021084,0.047619,0.021277,0.066667,0.015873,0,0,0,0,0,0,0,0,no
0.063253,0.047619,0.074468,0.133333,0.079365,0.064516,0,0,0,0,0,0,0,no
0.027108,0.047619,0.021277,0.066667,0.007937,0,0,0,0,0,0,0,0,no
0.036145,0,0.021277,0.066667,0.047619,0.048387,0,0,0,0,0,0,0,no
0.036145,0.047619,0.031915,0.066667,0.007937,0,0,0,0,0,0,0,0,no
0.021084,0.047619,0.010638,0.066667,0.007937,0,0,0,0,0,0,0,0,no
0.054217,0.095238,0.042553,0.133333,0.007937,0,0,0,0,0,0,0,0,no
0.01506,0.047619,0.010638,0.066667,0.007937,0,0,0,0,0,0,0,0,no
0.01506,0.047619,0.010638,0.066667,0.007937,0,0,0,0,0,0,0,0,no
0.066265,0,0.031915,0.066667,0.007937,0.032258,0,0,0,0,0,0,0,no
0.021084,0.047619,0.010638,0.066667,0.007937,0,0,0,0,0,0,0,0,no
0.036145,0.047619,0.031915,0.066667,0,0,0,0,0,0,0,0,0,no
0.018072,0.047619,0.010638,0.066667,0.007937,0.016129,0,0,0,0,0,0,0,no
0.111446,0.095238,0.074468,0.2,0.015873,0.016129,0,0,0,0,0,0,0,no
0.048193,0.095238,0.021277,0.066667,0.007937,0,0,0,0,0,0,0,0,no
0.042169,0.095238,0.021277,0.066667,0.007937,0.032258,0,0,0,0,0,0,0,no
0.051205,0.095238,0.042553,0.066667,0.007937,0.032258,0,0,0,0,0,0,0,no
0.01506,0.047619,0.010638,0.066667,0,0,0,0,0,0,0,0,0,no
0.051205,0.047619,0.042553,0.133333,0,0.016129,0,0,0,0,0,0,0,no
0.021084,0.047619,0.021277,0.066667,0.015873,0,0,0,0,0,0,0,0,no
0.039157,0.047619,0.042553,0.133333,0.047619,0.032258,0,0,0,0,0,0,0,no
0.021084,0.047619,0.010638,0.066667,0.007937,0,0,0,0,0,0,0,0,no
0.024096,0,0.010638,0.066667,0.02381,0.032258,0,0,0,0,0,0,0,no
0.03012,0.047619,0.021277,0.066667,0.007937,0,0,0,0,0,0,0,0,no
0.021084,0.047619,0.010638,0.066667,0.007937,0,0,0,0,0,0,0,0,no
0.033133,0.095238,0.021277,0.133333,0.007937,0,0,0,0,0,0,0,0,no
0.01506,0.047619,0.010638,0.066667,0.007937,0,0,0,0,0,0,0,0,no
0.039157,0,0.010638,0.066667,0.007937,0.032258,0,0,0,0,0,0,0,no
0.021084,0.047619,0.010638,0.066667,0.007937,0,0,0,0,0,0,0,0,no
0.027108,0.047619,0.021277,0.066667,0,0,0,0,0,0,0,0,0,no
0.018072,0.047619,0.010638,0.066667,0.007937,0.016129,0,0,0,0,0,0,0,no
0.078313,0.095238,0.053191,0.2,0.015873,0.016129,0,0,0,0,0,0,0,no
0.033133,0.095238,0.010638,0.066667,0.007937,0,0,0,0,0,0,0,0,no
0.024096,0.095238,0.010638,0.066667,0.007937,0.032258,0,0,0,0,0,0,0,no
0.033133,0.095238,0.021277,0.066667,0.007937,0.032258,0,0,0,0,0,0,0,no
0.033133,0.047619,0.031915,0.066667,0,0,0,0,0,0,0,0,0,no
0.111446,0.047619,0.106383,0.133333,0,0.016129,0,0,0,0,0,0,0,no
0.021084,0.047619,0.021277,0.066667,0.015873,0,0,0,0,0,0,0,0,no
0.087349,0.047619,0.106383,0.133333,0.111111,0.096774,0,0,0,0,0,0,0,no
0.033133,0.047619,0.031915,0.066667,0.007937,0,0,0,0,0,0,0,0,no
0.048193,0,0.031915,0.066667,0.071429,0.064516,0,0,0,0,0,0,0,no
0.042169,0.047619,0.042553,0.066667,0.007937,0,0,0,0,0,0,0,0,no
0.021084,0.047619,0.010638,0.066667,0.007937,0,0,0,0,0,0,0,0,no
0.075301,0.095238,0.06383,0.133333,0.007937,0,0,0,0,0,0,0,0,no
0.01506,0.047619,0.010638,0.066667,0.007937,0,0,0,0,0,0,0,0,no
0.01506,0.047619,0.010638,0.066667,0.007937,0,0,0,0,0,0,0,0,no
0.01506,0.047619,0.010638,0.066667,0.007937,0,0,0,0,0,0,0,0,no
0.093373,0,0.053191,0.066667,0.015873,0.032258,0,0,0,0,0,0,0,no
0.01506,0,0.010638,0.066667,0.007937,0,0,0,0,0,0,0,0,no
0.021084,0.047619,0.010638,0.066667,0.007937,0,0,0,0,0,0,0,0,no
0.045181,0.047619,0.042553,0.066667,0,0,0,0,0,0,0,0,0,no
0.018072,0.047619,0.010638,0.066667,0.007937,0.016129,0,0,0,0,0,0,0,no
0.141566,0.095238,0.095745,0.2,0.015873,0.016129,0,0,0,0,0,0,0,no
0.063253,0.095238,0.031915,0.066667,0.007937,0,0,0,0,0,0,0,0,no
0.057229,0.095238,0.031915,0.066667,0.007937,0.032258,0,0,0,0,0,0,0,no
0.069277,0.095238,0.06383,0.066667,0.007937,0.032258,0,0,0,0,0,0,0,no
0.024096,0.047619,0.021277,0.066667,0,0,0,0,0,0,0,0,0,no
0.081325,0.047619,0.074468,0.133333,0,0.016129,0,0,0,0,0,0,0,no
0.021084,0.047619,0.021277,0.066667,0.015873,0,0,0,0,0,0,0,0,no
0.063253,0.047619,0.074468,0.133333,0.079365,0.064516,0,0,0,0,0,0,0,no
0.027108,0.047619,0.021277,0.066667,0.007937,0,0,0,0,0,0,0,0,no
0.036145,0,0.021277,0.066667,0.047619,0.048387,0,0,0,0,0,0,0,no
0.036145,0.047619,0.031915,0.066667,0.007937,0,0,0,0,0,0,0,0,no
0.021084,0.047619,0.010638,0.066667,0.007937,0,0,0,0,0,0,0,0,no
0.054217,0.095238,0.042553,0.133333,0.007937,0,0,0,0,0,0,0,0,no
0.01506,0.047619,0.010638,0.066667,0.007937,0,0,0,0,0,0,0,0,no
0.01506,0.047619,0.010638,0.066667,0.007937,0,0,0,0,0,0,0,0,no
0.066265,0,0.031915,0.066667,0.007937,0.032258,0,0,0,0,0,0,0,no
0.01506,0,0.010638,0.066667,0.007937,0,0,0,0,0,0,0,0,no
0.021084,0.047619,0.010638,0.066667,0.007937,0,0,0,0,0,0,0,0,no
0.036145,0.047619,0.031915,0.066667,0,0,0,0,0,0,0,0,0,no
0.018072,0.047619,0.010638,0.066667,0.007937,0.016129,0,0,0,0,0,0,0,no
0.108434,0.095238,0.074468,0.2,0.015873,0.016129,0,0,0,0,0,0,0,no
0.048193,0.095238,0.021277,0.066667,0.007937,0,0,0,0,0,0,0,0,no
0.039157,0.095238,0.021277,0.066667,0.007937,0.032258,0,0,0,0,0,0,0,no
0.051205,0.095238,0.042553,0.066667,0.007937,0.032258,0,0,0,0,0,0,0,no
0.033133,0.047619,0.031915,0.066667,0,0,0,0,0,0,0,0,0,no
0.111446,0.047619,0.106383,0.133333,0,0.016129,0,0,0,0,0,0,0,no
0.021084,0.047619,0.021277,0.066667,0.015873,0,0,0,0,0,0,0,0,no
0.087349,0.047619,0.106383,0.133333,0.111111,0.096774,0,0,0,0,0,0,0,no
0.033133,0.047619,0.031915,0.066667,0.007937,0,0,0,0,0,0,0,0,no
0.048193,0,0.031915,0.066667,0.071429,0.064516,0,0,0,0,0,0,0,no
0.042169,0.047619,0.042553,0.066667,0.007937,0,0,0,0,0,0,0,0,no
0.021084,0.047619,0.010638,0.066667,0.007937,0,0,0,0,0,0,0,0,no
0.075301,0.095238,0.06383,0.133333,0.007937,0,0,0,0,0,0,0,0,no
0.01506,0.047619,0.010638,0.066667,0.007937,0,0,0,0,0,0,0,0,no
0.01506,0.047619,0.010638,0.066667,0.007937,0,0,0,0,0,0,0,0,no
0.01506,0.047619,0.010638,0.066667,0.007937,0,0,0,0,0,0,0,0,no
0.093373,0,0.053191,0.066667,0.015873,0.032258,0,0,0,0,0,0,0,no
0.021084,0.047619,0.010638,0.066667,0.007937,0,0,0,0,0,0,0,0,no
0.045181,0.047619,0.042553,0.066667,0,0,0,0,0,0,0,0,0,no
0.018072,0.047619,0.010638,0.066667,0.007937,0.016129,0,0,0,0,0,0,0,no
0.138554,0.095238,0.095745,0.2,0.015873,0.016129,0,0,0,0,0,0,0,no
0.063253,0.095238,0.031915,0.066667,0.007937,0,0,0,0,0,0,0,0,no
0.054217,0.095238,0.031915,0.066667,0.007937,0.032258,0,0,0,0,0,0,0,no
0.069277,0.095238,0.06383,0.066667,0.007937,0.032258,0,0,0,0,0,0,0,no
0.01506,0.047619,0.010638,0.066667,0,0,0,0,0,0,0,0,0,no
0.051205,0.047619,0.042553,0.133333,0,0.016129,0,0,0,0,0,0,0,no
0.021084,0.047619,0.021277,0.066667,0.015873,0,0,0,0,0,0,0,0,no
0.039157,0.047619,0.042553,0.133333,0.047619,0.032258,0,0,0,0,0,0,0,no
0.021084,0.047619,0.010638,0.066667,0.007937,0,0,0,0,0,0,0,0,no
0.024096,0,0.010638,0.066667,0.02381,0.032258,0,0,0,0,0,0,0,no
0.03012,0.047619,0.021277,0.066667,0.007937,0,0,0,0,0,0,0,0,no
0.021084,0.047619,0.010638,0.066667,0.007937,0,0,0,0,0,0,0,0,no
0.033133,0.095238,0.021277,0.133333,0.007937,0,0,0,0,0,0,0,0,no
0.01506,0.047619,0.010638,0.066667,0.007937,0,0,0,0,0,0,0,0,no
0.039157,0,0.010638,0.066667,0.007937,0.032258,0,0,0,0,0,0,0,no
0.021084,0.047619,0.010638,0.066667,0.007937,0,0,0,0,0,0,0,0,no
0.027108,0.047619,0.021277,0.066667,0,0,0,0,0,0,0,0,0,no
0.018072,0.047619,0.010638,0.066667,0.007937,0.016129,0,0,0,0,0,0,0,no
0.078313,0.095238,0.053191,0.2,0.015873,0.016129,0,0,0,0,0,0,0,no
0.033133,0.095238,0.010638,0.066667,0.007937,0,0,0,0,0,0,0,0,no
0.024096,0.095238,0.010638,0.066667,0.007937,0.032258,0,0,0,0,0,0,0,no
0.033133,0.095238,0.021277,0.066667,0.007937,0.032258,0,0,0,0,0,0,0,no
0.024096,0.047619,0.021277,0.066667,0,0,0,0,0,0,0,0,0,no
0.081325,0.047619,0.074468,0.133333,0,0.016129,0,0,0,0,0,0,0,no
0.021084,0.047619,0.021277,0.066667,0.015873,0,0,0,0,0,0,0,0,no
0.063253,0.047619,0.074468,0.133333,0.079365,0.064516,0,0,0,0,0,0,0,no
0.027108,0.047619,0.021277,0.066667,0.007937,0,0,0,0,0,0,0,0,no
0.036145,0,0.021277,0.066667,0.047619,0.048387,0,0,0,0,0,0,0,no
0.036145,0.047619,0.031915,0.066667,0.007937,0,0,0,0,0,0,0,0,no
0.021084,0.047619,0.010638,0.066667,0.007937,0,0,0,0,0,0,0,0,no
0.054217,0.095238,0.042553,0.133333,0.007937,0,0,0,0,0,0,0,0,no
0.01506,0.047619,0.010638,0.066667,0.007937,0,0,0,0,0,0,0,0,no
0.01506,0.047619,0.010638,0.066667,0.007937,0,0,0,0,0,0,0,0,no
0.066265,0,0.031915,0.066667,0.007937,0.032258,0,0,0,0,0,0,0,no
0.021084,0.047619,0.010638,0.066667,0.007937,0,0,0,0,0,0,0,0,no
0.036145,0.047619,0.031915,0.066667,0,0,0,0,0,0,0,0,0,no
0.018072,0.047619,0.010638,0.066667,0.007937,0.016129,0,0,0,0,0,0,0,no
0.108434,0.095238,0.074468,0.2,0.015873,0.016129,0,0,0,0,0,0,0,no
0.048193,0.095238,0.021277,0.066667,0.007937,0,0,0,0,0,0,0,0,no
0.039157,0.095238,0.021277,0.066667,0.007937,0.032258,0,0,0,0,0,0,0,no
0.051205,0.095238,0.042553,0.066667,0.007937,0.032258,0,0,0,0,0,0,0,no
0.021084,0.047619,0.010638,0.066667,0.007937,0.016129,0,0,0,0,0,0,0,no
0.021084,0.047619,0.021277,0.066667,0.015873,0,0,0,0,0,0,0,0,no
0.01506,0.047619,0.010638,0.066667,0.02381,0,0,0,0,0,0,0,0,no
0.01506,0.047619,0,0.066667,0.015873,0,0,0,0,0,0,0,0,no
0.024096,0.047619,0.010638,0.066667,0.015873,0,0,0,0,0,0,0,0,no
0.021084,0.047619,0.010638,0.066667,0.007937,0,0,0,0,0,0,0,0,no
0.012048,0.095238,0,0.066667,0.015873,0,0,0,0,0,0,0,0,no
0.021084,0.047619,0.010638,0.066667,0.007937,0,0,0,0,0,0,0,0,no
0.018072,0.047619,0.010638,0.066667,0,0,0,0,0,0,0,0,0,no
0.018072,0.047619,0.010638,0.066667,0.007937,0.016129,0,0,0,0,0,0,0,no
0.051205,0.095238,0.031915,0.133333,0.015873,0.016129,0,0,0,0,0,0,0,no
0.024096,0.047619,0.021277,0.066667,0,0,0,0,0,0,0,0,0,no
0.081325,0.047619,0.074468,0.133333,0,0.016129,0,0,0,0,0,0,0,no
0.021084,0.047619,0.021277,0.066667,0.015873,0,0,0,0,0,0,0,0,no
0.063253,0.047619,0.074468,0.133333,0.079365,0.064516,0,0,0,0,0,0,0,no
0.027108,0.047619,0.021277,0.066667,0.007937,0,0,0,0,0,0,0,0,no
0.036145,0,0.021277,0.066667,0.047619,0.048387,0,0,0,0,0,0,0,no
0.036145,0.047619,0.031915,0.066667,0.007937,0,0,0,0,0,0,0,0,no
0.021084,0.047619,0.010638,0.066667,0.007937,0,0,0,0,0,0,0,0,no
0.054217,0.095238,0.042553,0.133333,0.007937,0,0,0,0,0,0,0,0,no
0.01506,0.047619,0.010638,0.066667,0.007937,0,0,0,0,0,0,0,0,no
0.01506,0.047619,0.010638,0.066667,0.007937,0,0,0,0,0,0,0,0,no
0.066265,0,0.031915,0.066667,0.007937,0.032258,0,0,0,0,0,0,0,no
0.021084,0.047619,0.010638,0.066667,0.007937,0,0,0,0,0,0,0,0,no
0.036145,0.047619,0.031915,0.066667,0,0,0,0,0,0,0,0,0,no
0.018072,0.047619,0.010638,0.066667,0.007937,0.016129,0,0,0,0,0,0,0,no
0.108434,0.095238,0.074468,0.2,0.015873,0.016129,0,0,0,0,0,0,0,no
0.048193,0.095238,0.021277,0.066667,0.007937,0,0,0,0,0,0,0,0,no
0.039157,0.095238,0.021277,0.066667,0.007937,0.032258,0,0,0,0,0,0,0,no
0.051205,0.095238,0.042553,0.066667,0.007937,0.032258,0,0,0,0,0,0,0,no
0.01506,0.047619,0.010638,0.066667,0,0,0,0,0,0,0,0,0,no
0.051205,0.047619,0.042553,0.133333,0,0.016129,0,0,0,0,0,0,0,no
0.021084,0.047619,0.021277,0.066667,0.015873,0,0,0,0,0,0,0,0,no
0.039157,0.047619,0.042553,0.133333,0.047619,0.032258,0,0,0,0,0,0,0,no
0.021084,0.047619,0.010638,0.066667,0.007937,0,0,0,0,0,0,0,0,no
0.024096,0,0.010638,0.066667,0.02381,0.032258,0,0,0,0,0,0,0,no
0.03012,0.047619,0.021277,0.066667,0.007937,0,0,0,0,0,0,0,0,no
0.021084,0.047619,0.010638,0.066667,0.007937,0,0,0,0,0,0,0,0,no
0.033133,0.095238,0.021277,0.133333,0.007937,0,0,0,0,0,0,0,0,no
0.01506,0.047619,0.010638,0.066667,0.007937,0,0,0,0,0,0,0,0,no
0.039157,0,0.010638,0.066667,0.007937,0.032258,0,0,0,0,0,0,0,no
0.021084,0.047619,0.010638,0.066667,0.007937,0,0,0,0,0,0,0,0,no
0.027108,0.047619,0.021277,0.066667,0,0,0,0,0,0,0,0,0,no
0.018072,0.047619,0.010638,0.066667,0.007937,0.016129,0,0,0,0,0,0,0,no
0.078313,0.095238,0.053191,0.2,0.015873,0.016129,0,0,0,0,0,0,0,no
0.033133,0.095238,0.010638,0.066667,0.007937,0,0,0,0,0,0,0,0,no
0.024096,0.095238,0.010638,0.066667,0.007937,0.032258,0,0,0,0,0,0,0,no
0.033133,0.095238,0.021277,0.066667,0.007937,0.032258,0,0,0,0,0,0,0,no
0.033133,0.047619,0.031915,0.066667,0,0,0,0,0,0,0,0,0,no
0.111446,0.047619,0.106383,0.133333,0,0.016129,0,0,0,0,0,0,0,no
0.021084,0.047619,0.021277,0.066667,0.015873,0,0,0,0,0,0,0,0,no
0.087349,0.047619,0.106383,0.133333,0.111111,0.096774,0,0,0,0,0,0,0,no
0.033133,0.047619,0.031915,0.066667,0.007937,0,0,0,0,0,0,0,0,no
0.048193,0,0.031915,0.066667,0.071429,0.064516,0,0,0,0,0,0,0,no
0.042169,0.047619,0.042553,0.066667,0.007937,0,0,0,0,0,0,0,0,no
0.021084,0.047619,0.010638,0.066667,0.007937,0,0,0,0,0,0,0,0,no
0.075301,0.095238,0.06383,0.133333,0.007937,0,0,0,0,0,0,0,0,no
0.01506,0.047619,0.010638,0.066667,0.007937,0,0,0,0,0,0,0,0,no
0.01506,0.047619,0.010638,0.066667,0.007937,0,0,0,0,0,0,0,0,no
0.01506,0.047619,0.010638,0.066667,0.007937,0,0,0,0,0,0,0,0,no
0.093373,0,0.053191,0.066667,0.015873,0.032258,0,0,0,0,0,0,0,no
0.021084,0.047619,0.010638,0.066667,0.007937,0,0,0,0,0,0,0,0,no
0.045181,0.047619,0.042553,0.066667,0,0,0,0,0,0,0,0,0,no
0.018072,0.047619,0.010638,0.066667,0.007937,0.016129,0,0,0,0,0,0,0,no
0.138554,0.095238,0.095745,0.2,0.015873,0.016129,0,0,0,0,0,0,0,no
0.063253,0.095238,0.031915,0.066667,0.007937,0,0,0,0,0,0,0,0,no
0.054217,0.095238,0.031915,0.066667,0.007937,0.032258,0,0,0,0,0,0,0,no
0.069277,0.095238,0.06383,0.066667,0.007937,0.032258,0,0,0,0,0,0,0,no
0.01506,0.047619,0.010638,0.066667,0,0,0,0,0,0,0,0,0,no
0.051205,0.047619,0.042553,0.133333,0,0.016129,0,0,0,0,0,0,0,no
0.021084,0.047619,0.021277,0.066667,0.015873,0,0,0,0,0,0,0,0,no
0.039157,0.047619,0.042553,0.133333,0.047619,0.032258,0,0,0,0,0,0,0,no
0.021084,0.047619,0.010638,0.066667,0.007937,0,0,0,0,0,0,0,0,no
0.024096,0,0.010638,0.066667,0.02381,0.032258,0,0,0,0,0,0,0,no
0.03012,0.047619,0.021277,0.066667,0.007937,0,0,0,0,0,0,0,0,no
0.021084,0.047619,0.010638,0.066667,0.007937,0,0,0,0,0,0,0,0,no
0.033133,0.095238,0.021277,0.133333,0.007937,0,0,0,0,0,0,0,0,no
0.01506,0.047619,0.010638,0.066667,0.007937,0,0,0,0,0,0,0,0,no
0.039157,0,0.010638,0.066667,0.007937,0.032258,0,0,0,0,0,0,0,no
0.021084,0.047619,0.010638,0.066667,0.007937,0,0,0,0,0,0,0,0,no
0.027108,0.047619,0.021277,0.066667,0,0,0,0,0,0,0,0,0,no
0.018072,0.047619,0.010638,0.066667,0.007937,0.016129,0,0,0,0,0,0,0,no
0.078313,0.095238,0.053191,0.2,0.015873,0.016129,0,0,0,0,0,0,0,no
0.033133,0.095238,0.010638,0.066667,0.007937,0,0,0,0,0,0,0,0,no
0.024096,0.095238,0.010638,0.066667,0.007937,0.032258,0,0,0,0,0,0,0,no
0.033133,0.095238,0.021277,0.066667,0.007937,0.032258,0,0,0,0,0,0,0,no
0.01506,0.047619,0.010638,0.066667,0,0,0,0,0,0,0,0,0,no
0.051205,0.047619,0.042553,0.133333,0,0.016129,0,0,0,0,0,0,0,no
0.021084,0.047619,0.021277,0.066667,0.015873,0,0,0,0,0,0,0,0,no
0.039157,0.047619,0.042553,0.133333,0.047619,0.032258,0,0,0,0,0,0,0,no
0.021084,0.047619,0.010638,0.066667,0.007937,0,0,0,0,0,0,0,0,no
0.024096,0,0.010638,0.066667,0.02381,0.032258,0,0,0,0,0,0,0,no
0.03012,0.047619,0.021277,0.066667,0.007937,0,0,0,0,0,0,0,0,no
0.021084,0.047619,0.010638,0.066667,0.007937,0,0,0,0,0,0,0,0,no
0.033133,0.095238,0.021277,0.133333,0.007937,0,0,0,0,0,0,0,0,no
0.01506,0.047619,0.010638,0.066667,0.007937,0,0,0,0,0,0,0,0,no
0.039157,0,0.010638,0.066667,0.007937,0.032258,0,0,0,0,0,0,0,no
0.021084,0.047619,0.010638,0.066667,0.007937,0,0,0,0,0,0,0,0,no
0.027108,0.047619,0.021277,0.066667,0,0,0,0,0,0,0,0,0,no
0.018072,0.047619,0.010638,0.066667,0.007937,0.016129,0,0,0,0,0,0,0,no
0.081325,0.095238,0.053191,0.2,0.015873,0.016129,0,0,0,0,0,0,0,no
0.033133,0.095238,0.010638,0.066667,0.007937,0,0,0,0,0,0,0,0,no
0.027108,0.095238,0.010638,0.066667,0.007937,0.032258,0,0,0,0,0,0,0,no
0.033133,0.095238,0.021277,0.066667,0.007937,0.032258,0,0,0,0,0,0,0,no
0.01506,0.047619,0.010638,0.066667,0,0,0,0,0,0,0,0,0,no
0.051205,0.047619,0.042553,0.133333,0,0.016129,0,0,0,0,0,0,0,no
0.021084,0.047619,0.021277,0.066667,0.015873,0,0,0,0,0,0,0,0,no
0.039157,0.047619,0.042553,0.133333,0.047619,0.032258,0,0,0,0,0,0,0,no
0.021084,0.047619,0.010638,0.066667,0.007937,0,0,0,0,0,0,0,0,no
0.024096,0,0.010638,0.066667,0.02381,0.032258,0,0,0,0,0,0,0,no
0.03012,0.047619,0.021277,0.066667,0.007937,0,0,0,0,0,0,0,0,no
0.021084,0.047619,0.010638,0.066667,0.007937,0,0,0,0,0,0,0,0,no
0.033133,0.095238,0.021277,0.133333,0.007937,0,0,0,0,0,0,0,0,no
0.01506,0.047619,0.010638,0.066667,0.007937,0,0,0,0,0,0,0,0,no
0.039157,0,0.010638,0.066667,0.007937,0.032258,0,0,0,0,0,0,0,no
0.021084,0.047619,0.010638,0.066667,0.007937,0,0,0,0,0,0,0,0,no
0.027108,0.047619,0.021277,0.066667,0,0,0,0,0,0,0,0,0,no
0.018072,0.047619,0.010638,0.066667,0.007937,0.016129,0,0,0,0,0,0,0,no
0.078313,0.095238,0.053191,0.2,0.015873,0.016129,0,0,0,0,0,0,0,no
0.033133,0.095238,0.010638,0.066667,0.007937,0,0,0,0,0,0,0,0,no
0.024096,0.095238,0.010638,0.066667,0.007937,0.032258,0,0,0,0,0,0,0,no
0.033133,0.095238,0.021277,0.066667,0.007937,0.032258,0,0,0,0,0,0,0,no
0.021084,0.047619,0.010638,0.066667,0.007937,0.016129,0,0,0,0,0,0,0,no
0.021084,0.047619,0.021277,0.066667,0.015873,0,0,0,0,0,0,0,0,no
0.01506,0.047619,0.010638,0.066667,0.02381,0,0,0,0,0,0,0,0,no
0.01506,0.047619,0,0.066667,0.015873,0,0,0,0,0,0,0,0,no
0.024096,0.047619,0.010638,0.066667,0.015873,0,0,0,0,0,0,0,0,no
0.021084,0.047619,0.010638,0.066667,0.007937,0,0,0,0,0,0,0,0,no
0.012048,0.095238,0,0.066667,0.015873,0,0,0,0,0,0,0,0,no
0.021084,0.047619,0.010638,0.066667,0.007937,0,0,0,0,0,0,0,0,no
0.018072,0.047619,0.010638,0.066667,0,0,0,0,0,0,0,0,0,no
0.018072,0.047619,0.010638,0.066667,0.007937,0.016129,0,0,0,0,0,0,0,no
0.051205,0.095238,0.031915,0.133333,0.015873,0.016129,0,0,0,0,0,0,0,no
0.01506,0.047619,0.010638,0.066667,0,0,0,0,0,0,0,0,0,no
0.051205,0.047619,0.042553,0.133333,0,0.016129,0,0,0,0,0,0,0,no
0.021084,0.047619,0.021277,0.066667,0.015873,0,0,0,0,0,0,0,0,no
0.039157,0.047619,0.042553,0.133333,0.047619,0.032258,0,0,0,0,0,0,0,no
0.021084,0.047619,0.010638,0.066667,0.007937,0,0,0,0,0,0,0,0,no
0.024096,0,0.010638,0.066667,0.02381,0.032258,0,0,0,0,0,0,0,no
0.03012,0.047619,0.021277,0.066667,0.007937,0,0,0,0,0,0,0,0,no
0.021084,0.047619,0.010638,0.066667,0.007937,0,0,0,0,0,0,0,0,no
0.033133,0.095238,0.021277,0.133333,0.007937,0,0,0,0,0,0,0,0,no
0.01506,0.047619,0.010638,0.066667,0.007937,0,0,0,0,0,0,0,0,no
0.039157,0,0.010638,0.066667,0.007937,0.032258,0,0,0,0,0,0,0,no
0.021084,0.047619,0.010638,0.066667,0.007937,0,0,0,0,0,0,0,0,no
0.027108,0.047619,0.021277,0.066667,0,0,0,0,0,0,0,0,0,no
0.018072,0.047619,0.010638,0.066667,0.007937,0.016129,0,0,0,0,0,0,0,no
0.078313,0.095238,0.053191,0.2,0.015873,0.016129,0,0,0,0,0,0,0,no
0.033133,0.095238,0.010638,0.066667,0.007937,0,0,0,0,0,0,0,0,no
0.024096,0.095238,0.010638,0.066667,0.007937,0.032258,0,0,0,0,0,0,0,no
0.033133,0.095238,0.021277,0.066667,0.007937,0.032258,0,0,0,0,0,0,0,no
0.024096,0.047619,0.021277,0.066667,0,0,0,0,0,0,0,0,0,no
0.081325,0.047619,0.074468,0.133333,0,0.016129,0,0,0,0,0,0,0,no
0.021084,0.047619,0.021277,0.066667,0.015873,0,0,0,0,0,0,0,0,no
0.063253,0.047619,0.074468,0.133333,0.079365,0.064516,0,0,0,0,0,0,0,no
0.027108,0.047619,0.021277,0.066667,0.007937,0,0,0,0,0,0,0,0,no
0.036145,0,0.021277,0.066667,0.047619,0.048387,0,0,0,0,0,0,0,no
0.036145,0.047619,0.031915,0.066667,0.007937,0,0,0,0,0,0,0,0,no
0.021084,0.047619,0.010638,0.066667,0.007937,0,0,0,0,0,0,0,0,no
0.054217,0.095238,0.042553,0.133333,0.007937,0,0,0,0,0,0,0,0,no
0.01506,0.047619,0.010638,0.066667,0.007937,0,0,0,0,0,0,0,0,no
0.01506,0.047619,0.010638,0.066667,0.007937,0,0,0,0,0,0,0,0,no
0.066265,0,0.031915,0.066667,0.007937,0.032258,0,0,0,0,0,0,0,no
0.021084,0.047619,0.010638,0.066667,0.007937,0,0,0,0,0,0,0,0,no
0.036145,0.047619,0.031915,0.066667,0,0,0,0,0,0,0,0,0,no
0.018072,0.047619,0.010638,0.066667,0.007937,0.016129,0,0,0,0,0,0,0,no
0.111446,0.095238,0.074468,0.2,0.015873,0.016129,0,0,0,0,0,0,0,no
0.048193,0.095238,0.021277,0.066667,0.007937,0,0,0,0,0,0,0,0,no
0.042169,0.095238,0.021277,0.066667,0.007937,0.032258,0,0,0,0,0,0,0,no
0.051205,0.095238,0.042553,0.066667,0.007937,0.032258,0,0,0,0,0,0,0,no
0.033133,0.047619,0.021277,0.066667,0,0,0,0,0,0,0,0,0,no
0.141566,0.047619,0.138298,0.133333,0,0.016129,0,0,0,0,0,0,0,no
0.021084,0.047619,0.021277,0.066667,0.015873,0,0,0,0,0,0,0,0,no
0.111446,0.047619,0.138298,0.133333,0.142857,0.129032,0,0,0,0,0,0,0,no
0.039157,0.047619,0.042553,0.066667,0.007937,0,0,0,0,0,0,0,0,no
0.060241,0,0.042553,0.066667,0.079365,0.080645,0,0,0,0,0,0,0,no
0.048193,0.047619,0.053191,0.066667,0.007937,0,0,0,0,0,0,0,0,no
0.024096,0.047619,0.010638,0.066667,0.007937,0,0,0,0,0,0,0,0,no
0.096386,0.095238,0.085106,0.133333,0.007937,0,0,0,0,0,0,0,0,no
0.01506,0.047619,0.010638,0.066667,0.007937,0,0,0,0,0,0,0,0,no
0.01506,0.047619,0.010638,0.066667,0.007937,0,0,0,0,0,0,0,0,no
0.096386,0,0.053191,0.066667,0.02381,0.032258,0,0,0,0,0,0,0,no
0.021084,0.047619,0.010638,0.066667,0.007937,0,0,0,0,0,0,0,0,no
0.054217,0.047619,0.053191,0.066667,0,0,0,0,0,0,0,0,0,no
0.018072,0.047619,0.010638,0.066667,0.007937,0.016129,0,0,0,0,0,0,0,no
0.159639,0.095238,0.117021,0.2,0.015873,0.016129,0,0,0,0,0,0,0,no
0.066265,0.095238,0.021277,0.066667,0.007937,0,0,0,0,0,0,0,0,no
0.060241,0.095238,0.042553,0.066667,0.007937,0.032258,0,0,0,0,0,0,0,no
0.087349,0.095238,0.085106,0.066667,0.007937,0.032258,0,0,0,0,0,0,0,no
0.024096,0.047619,0.021277,0.066667,0,0,0,0,0,0,0,0,0,no
0.081325,0.047619,0.074468,0.133333,0,0.016129,0,0,0,0,0,0,0,no
0.021084,0.047619,0.021277,0.066667,0.015873,0,0,0,0,0,0,0,0,no
0.063253,0.047619,0.074468,0.133333,0.079365,0.064516,0,0,0,0,0,0,0,no
0.027108,0.047619,0.021277,0.066667,0.007937,0,0,0,0,0,0,0,0,no
0.036145,0,0.021277,0.066667,0.047619,0.048387,0,0,0,0,0,0,0,no
0.036145,0.047619,0.031915,0.066667,0.007937,0,0,0,0,0,0,0,0,no
0.021084,0.047619,0.010638,0.066667,0.007937,0,0,0,0,0,0,0,0,no
0.054217,0.095238,0.042553,0.133333,0.007937,0,0,0,0,0,0,0,0,no
0.01506,0.047619,0.010638,0.066667,0.007937,0,0,0,0,0,0,0,0,no
0.01506,0.047619,0.010638,0.066667,0.007937,0,0,0,0,0,0,0,0,no
0.066265,0,0.031915,0.066667,0.007937,0.032258,0,0,0,0,0,0,0,no
0.021084,0.047619,0.010638,0.066667,0.007937,0,0,0,0,0,0,0,0,no
0.036145,0.047619,0.031915,0.066667,0,0,0,0,0,0,0,0,0,no
0.018072,0.047619,0.010638,0.066667,0.007937,0.016129,0,0,0,0,0,0,0,no
0.111446,0.095238,0.074468,0.2,0.015873,0.016129,0,0,0,0,0,0,0,no
0.048193,0.095238,0.021277,0.066667,0.007937,0,0,0,0,0,0,0,0,no
0.042169,0.095238,0.021277,0.066667,0.007937,0.032258,0,0,0,0,0,0,0,no
0.051205,0.095238,0.042553,0.066667,0.007937,0.032258,0,0,0,0,0,0,0,no
0.01506,0.047619,0.010638,0.066667,0,0,0,0,0,0,0,0,0,no
0.051205,0.047619,0.042553,0.133333,0,0.016129,0,0,0,0,0,0,0,no
0.021084,0.047619,0.021277,0.066667,0.015873,0,0,0,0,0,0,0,0,no
0.039157,0.047619,0.042553,0.133333,0.047619,0.032258,0,0,0,0,0,0,0,no
0.021084,0.047619,0.010638,0.066667,0.007937,0,0,0,0,0,0,0,0,no
0.024096,0,0.010638,0.066667,0.02381,0.032258,0,0,0,0,0,0,0,no
0.03012,0.047619,0.021277,0.066667,0.007937,0,0,0,0,0,0,0,0,no
0.021084,0.047619,0.010638,0.066667,0.007937,0,0,0,0,0,0,0,0,no
0.033133,0.095238,0.021277,0.133333,0.007937,0,0,0,0,0,0,0,0,no
0.01506,0.047619,0.010638,0.066667,0.007937,0,0,0,0,0,0,0,0,no
0.039157,0,0.010638,0.066667,0.007937,0.032258,0,0,0,0,0,0,0,no
0.021084,0.047619,0.010638,0.066667,0.007937,0,0,0,0,0,0,0,0,no
0.027108,0.047619,0.021277,0.066667,0,0,0,0,0,0,0,0,0,no
0.018072,0.047619,0.010638,0.066667,0.007937,0.016129,0,0,0,0,0,0,0,no
0.078313,0.095238,0.053191,0.2,0.015873,0.016129,0,0,0,0,0,0,0,no
0.033133,0.095238,0.010638,0.066667,0.007937,0,0,0,0,0,0,0,0,no
0.024096,0.095238,0.010638,0.066667,0.007937,0.032258,0,0,0,0,0,0,0,no
0.033133,0.095238,0.021277,0.066667,0.007937,0.032258,0,0,0,0,0,0,0,no
0.024096,0.047619,0.021277,0.066667,0,0,0,0,0,0,0,0,0,no
0.081325,0.047619,0.074468,0.133333,0,0.016129,0,0,0,0,0,0,0,no
0.021084,0.047619,0.021277,0.066667,0.015873,0,0,0,0,0,0,0,0,no
0.063253,0.047619,0.074468,0.133333,0.079365,0.064516,0,0,0,0,0,0,0,no
0.027108,0.047619,0.021277,0.066667,0.007937,0,0,0,0,0,0,0,0,no
0.036145,0,0.021277,0.066667,0.047619,0.048387,0,0,0,0,0,0,0,no
0.036145,0.047619,0.031915,0.066667,0.007937,0,0,0,0,0,0,0,0,no
0.021084,0.047619,0.010638,0.066667,0.007937,0,0,0,0,0,0,0,0,no
0.054217,0.095238,0.042553,0.133333,0.007937,0,0,0,0,0,0,0,0,no
0.01506,0.047619,0.010638,0.066667,0.007937,0,0,0,0,0,0,0,0,no
0.01506,0.047619,0.010638,0.066667,0.007937,0,0,0,0,0,0,0,0,no
0.066265,0,0.031915,0.066667,0.007937,0.032258,0,0,0,0,0,0,0,no
0.021084,0.047619,0.010638,0.066667,0.007937,0,0,0,0,0,0,0,0,no
0.036145,0.047619,0.031915,0.066667,0,0,0,0,0,0,0,0,0,no
0.018072,0.047619,0.010638,0.066667,0.007937,0.016129,0,0,0,0,0,0,0,no
0.111446,0.095238,0.074468,0.2,0.015873,0.016129,0,0,0,0,0,0,0,no
0.048193,0.095238,0.021277,0.066667,0.007937,0,0,0,0,0,0,0,0,no
0.042169,0.095238,0.021277,0.066667,0.007937,0.032258,0,0,0,0,0,0,0,no
0.051205,0.095238,0.042553,0.066667,0.007937,0.032258,0,0,0,0,0,0,0,no
0.01506,0.047619,0.010638,0.066667,0,0,0,0,0,0,0,0,0,no
0.051205,0.047619,0.042553,0.133333,0,0.016129,0,0,0,0,0,0,0,no
0.021084,0.047619,0.021277,0.066667,0.015873,0,0,0,0,0,0,0,0,no
0.039157,0.047619,0.042553,0.133333,0.047619,0.032258,0,0,0,0,0,0,0,no
0.021084,0.047619,0.010638,0.066667,0.007937,0,0,0,0,0,0,0,0,no
0.024096,0,0.010638,0.066667,0.02381,0.032258,0,0,0,0,0,0,0,no
0.03012,0.047619,0.021277,0.066667,0.007937,0,0,0,0,0,0,0,0,no
0.021084,0.047619,0.010638,0.066667,0.007937,0,0,0,0,0,0,0,0,no
0.033133,0.095238,0.021277,0.133333,0.007937,0,0,0,0,0,0,0,0,no
0.01506,0.047619,0.010638,0.066667,0.007937,0,0,0,0,0,0,0,0,no
0.039157,0,0.010638,0.066667,0.007937,0.032258,0,0,0,0,0,0,0,no
0.021084,0.047619,0.010638,0.066667,0.007937,0,0,0,0,0,0,0,0,no
0.027108,0.047619,0.021277,0.066667,0,0,0,0,0,0,0,0,0,no
0.018072,0.047619,0.010638,0.066667,0.007937,0.016129,0,0,0,0,0,0,0,no
0.078313,0.095238,0.053191,0.2,0.015873,0.016129,0,0,0,0,0,0,0,no
0.033133,0.095238,0.010638,0.066667,0.007937,0,0,0,0,0,0,0,0,no
0.024096,0.095238,0.010638,0.066667,0.007937,0.032258,0,0,0,0,0,0,0,no
0.033133,0.095238,0.021277,0.066667,0.007937,0.032258,0,0,0,0,0,0,0,no
0.024096,0.047619,0.021277,0.066667,0,0,0,0,0,0,0,0,0,no
0.081325,0.047619,0.074468,0.133333,0,0.016129,0,0,0,0,0,0,0,no
0.021084,0.047619,0.021277,0.066667,0.015873,0,0,0,0,0,0,0,0,no
0.063253,0.047619,0.074468,0.133333,0.079365,0.064516,0,0,0,0,0,0,0,no
0.027108,0.047619,0.021277,0.066667,0.007937,0,0,0,0,0,0,0,0,no
0.036145,0,0.021277,0.066667,0.047619,0.048387,0,0,0,0,0,0,0,no
0.036145,0.047619,0.031915,0.066667,0.007937,0,0,0,0,0,0,0,0,no
0.021084,0.047619,0.010638,0.066667,0.007937,0,0,0,0,0,0,0,0,no
0.054217,0.095238,0.042553,0.133333,0.007937,0,0,0,0,0,0,0,0,no
0.01506,0.047619,0.010638,0.066667,0.007937,0,0,0,0,0,0,0,0,no
0.01506,0.047619,0.010638,0.066667,0.007937,0,0,0,0,0,0,0,0,no
0.066265,0,0.031915,0.066667,0.007937,0.032258,0,0,0,0,0,0,0,no
0.021084,0.047619,0.010638,0.066667,0.007937,0,0,0,0,0,0,0,0,no
0.036145,0.047619,0.031915,0.066667,0,0,0,0,0,0,0,0,0,no
0.018072,0.047619,0.010638,0.066667,0.007937,0.016129,0,0,0,0,0,0,0,no
0.108434,0.095238,0.074468,0.2,0.015873,0.016129,0,0,0,0,0,0,0,no
0.048193,0.095238,0.021277,0.066667,0.007937,0,0,0,0,0,0,0,0,no
0.039157,0.095238,0.021277,0.066667,0.007937,0.032258,0,0,0,0,0,0,0,no
0.051205,0.095238,0.042553,0.066667,0.007937,0.032258,0,0,0,0,0,0,0,no
0.01506,0.047619,0.010638,0.066667,0,0,0,0,0,0,0,0,0,no
0.051205,0.047619,0.042553,0.133333,0,0.016129,0,0,0,0,0,0,0,no
0.021084,0.047619,0.021277,0.066667,0.015873,0,0,0,0,0,0,0,0,no
0.039157,0.047619,0.042553,0.133333,0.047619,0.032258,0,0,0,0,0,0,0,no
0.021084,0.047619,0.010638,0.066667,0.007937,0,0,0,0,0,0,0,0,no
0.024096,0,0.010638,0.066667,0.02381,0.032258,0,0,0,0,0,0,0,no
0.03012,0.047619,0.021277,0.066667,0.007937,0,0,0,0,0,0,0,0,no
0.021084,0.047619,0.010638,0.066667,0.007937,0,0,0,0,0,0,0,0,no
0.033133,0.095238,0.021277,0.133333,0.007937,0,0,0,0,0,0,0,0,no
0.01506,0.047619,0.010638,0.066667,0.007937,0,0,0,0,0,0,0,0,no
0.039157,0,0.010638,0.066667,0.007937,0.032258,0,0,0,0,0,0,0,no
0.021084,0.047619,0.010638,0.066667,0.007937,0,0,0,0,0,0,0,0,no
0.027108,0.047619,0.021277,0.066667,0,0,0,0,0,0,0,0,0,no
0.018072,0.047619,0.010638,0.066667,0.007937,0.016129,0,0,0,0,0,0,0,no
0.078313,0.095238,0.053191,0.2,0.015873,0.016129,0,0,0,0,0,0,0,no
0.033133,0.095238,0.010638,0.066667,0.007937,0,0,0,0,0,0,0,0,no
0.024096,0.095238,0.010638,0.066667,0.007937,0.032258,0,0,0,0,0,0,0,no
0.033133,0.095238,0.021277,0.066667,0.007937,0.032258,0,0,0,0,0,0,0,no
0.024096,0.047619,0.021277,0.066667,0,0,0,0,0,0,0,0,0,no
0.081325,0.047619,0.074468,0.133333,0,0.016129,0,0,0,0,0,0,0,no
0.021084,0.047619,0.021277,0.066667,0.015873,0,0,0,0,0,0,0,0,no
0.063253,0.047619,0.074468,0.133333,0.079365,0.064516,0,0,0,0,0,0,0,no
0.027108,0.047619,0.021277,0.066667,0.007937,0,0,0,0,0,0,0,0,no
0.036145,0,0.021277,0.066667,0.047619,0.048387,0,0,0,0,0,0,0,no
0.036145,0.047619,0.031915,0.066667,0.007937,0,0,0,0,0,0,0,0,no
0.021084,0.047619,0.010638,0.066667,0.007937,0,0,0,0,0,0,0,0,no
0.054217,0.095238,0.042553,0.133333,0.007937,0,0,0,0,0,0,0,0,no
0.01506,0.047619,0.010638,0.066667,0.007937,0,0,0,0,0,0,0,0,no
0.01506,0.047619,0.010638,0.066667,0.007937,0,0,0,0,0,0,0,0,no
0.066265,0,0.031915,0.066667,0.007937,0.032258,0,0,0,0,0,0,0,no
0.021084,0.047619,0.010638,0.066667,0.007937,0,0,0,0,0,0,0,0,no
0.036145,0.047619,0.031915,0.066667,0,0,0,0,0,0,0,0,0,no
0.018072,0.047619,0.010638,0.066667,0.007937,0.016129,0,0,0,0,0,0,0,no
0.108434,0.095238,0.074468,0.2,0.015873,0.016129,0,0,0,0,0,0,0,no
0.048193,0.095238,0.021277,0.066667,0.007937,0,0,0,0,0,0,0,0,no
0.039157,0.095238,0.021277,0.066667,0.007937,0.032258,0,0,0,0,0,0,0,no
0.051205,0.095238,0.042553,0.066667,0.007937,0.032258,0,0,0,0,0,0,0,no
0.01506,0.047619,0.010638,0.066667,0,0,0,0,0,0,0,0,0,no
0.051205,0.047619,0.042553,0.133333,0,0.016129,0,0,0,0,0,0,0,no
0.021084,0.047619,0.021277,0.066667,0.015873,0,0,0,0,0,0,0,0,no
0.039157,0.047619,0.042553,0.133333,0.047619,0.032258,0,0,0,0,0,0,0,no
0.021084,0.047619,0.010638,0.066667,0.007937,0,0,0,0,0,0,0,0,no
0.024096,0,0.010638,0.066667,0.02381,0.032258,0,0,0,0,0,0,0,no
0.03012,0.047619,0.021277,0.066667,0.007937,0,0,0,0,0,0,0,0,no
0.021084,0.047619,0.010638,0.066667,0.007937,0,0,0,0,0,0,0,0,no
0.033133,0.095238,0.021277,0.133333,0.007937,0,0,0,0,0,0,0,0,no
0.01506,0.047619,0.010638,0.066667,0.007937,0,0,0,0,0,0,0,0,no
0.039157,0,0.010638,0.066667,0.007937,0.032258,0,0,0,0,0,0,0,no
0.021084,0.047619,0.010638,0.066667,0.007937,0,0,0,0,0,0,0,0,no
0.027108,0.047619,0.021277,0.066667,0,0,0,0,0,0,0,0,0,no
0.018072,0.047619,0.010638,0.066667,0.007937,0.016129,0,0,0,0,0,0,0,no
0.078313,0.095238,0.053191,0.2,0.015873,0.016129,0,0,0,0,0,0,0,no
0.033133,0.095238,0.010638,0.066667,0.007937,0,0,0,0,0,0,0,0,no
0.024096,0.095238,0.010638,0.066667,0.007937,0.032258,0,0,0,0,0,0,0,no
0.033133,0.095238,0.021277,0.066667,0.007937,0.032258,0,0,0,0,0,0,0,no
0.01506,0.047619,0.010638,0.066667,0,0,0,0,0,0,0,0,0,no
0.051205,0.047619,0.042553,0.133333,0,0.016129,0,0,0,0,0,0,0,no
0.021084,0.047619,0.021277,0.066667,0.015873,0,0,0,0,0,0,0,0,no
0.039157,0.047619,0.042553,0.133333,0.047619,0.032258,0,0,0,0,0,0,0,no
0.021084,0.047619,0.010638,0.066667,0.007937,0,0,0,0,0,0,0,0,no
0.024096,0,0.010638,0.066667,0.02381,0.032258,0,0,0,0,0,0,0,no
0.03012,0.047619,0.021277,0.066667,0.007937,0,0,0,0,0,0,0,0,no
0.021084,0.047619,0.010638,0.066667,0.007937,0,0,0,0,0,0,0,0,no
0.033133,0.095238,0.021277,0.133333,0.007937,0,0,0,0,0,0,0,0,no
0.01506,0.047619,0.010638,0.066667,0.007937,0,0,0,0,0,0,0,0,no
0.039157,0,0.010638,0.066667,0.007937,0.032258,0,0,0,0,0,0,0,no
0.021084,0.047619,0.010638,0.066667,0.007937,0,0,0,0,0,0,0,0,no
0.027108,0.047619,0.021277,0.066667,0,0,0,0,0,0,0,0,0,no
0.018072,0.047619,0.010638,0.066667,0.007937,0.016129,0,0,0,0,0,0,0,no
0.081325,0.095238,0.053191,0.2,0.015873,0.016129,0,0,0,0,0,0,0,no
0.033133,0.095238,0.010638,0.066667,0.007937,0,0,0,0,0,0,0,0,no
0.027108,0.095238,0.010638,0.066667,0.007937,0.032258,0,0,0,0,0,0,0,no
0.033133,0.095238,0.021277,0.066667,0.007937,0.032258,0,0,0,0,0,0,0,no
0.01506,0.047619,0.010638,0.066667,0,0,0,0,0,0,0,0,0,no
0.051205,0.047619,0.042553,0.133333,0,0.016129,0,0,0,0,0,0,0,no
0.021084,0.047619,0.021277,0.066667,0.015873,0,0,0,0,0,0,0,0,no
0.039157,0.047619,0.042553,0.133333,0.047619,0.032258,0,0,0,0,0,0,0,no
0.021084,0.047619,0.010638,0.066667,0.007937,0,0,0,0,0,0,0,0,no
0.024096,0,0.010638,0.066667,0.02381,0.032258,0,0,0,0,0,0,0,no
0.03012,0.047619,0.021277,0.066667,0.007937,0,0,0,0,0,0,0,0,no
0.021084,0.047619,0.010638,0.066667,0.007937,0,0,0,0,0,0,0,0,no
0.033133,0.095238,0.021277,0.133333,0.007937,0,0,0,0,0,0,0,0,no
0.01506,0.047619,0.010638,0.066667,0.007937,0,0,0,0,0,0,0,0,no
0.039157,0,0.010638,0.066667,0.007937,0.032258,0,0,0,0,0,0,0,no
0.021084,0.047619,0.010638,0.066667,0.007937,0,0,0,0,0,0,0,0,no
0.027108,0.047619,0.021277,0.066667,0,0,0,0,0,0,0,0,0,no
0.018072,0.047619,0.010638,0.066667,0.007937,0.016129,0,0,0,0,0,0,0,no
0.078313,0.095238,0.053191,0.2,0.015873,0.016129,0,0,0,0,0,0,0,no
0.033133,0.095238,0.010638,0.066667,0.007937,0,0,0,0,0,0,0,0,no
0.024096,0.095238,0.010638,0.066667,0.007937,0.032258,0,0,0,0,0,0,0,no
0.033133,0.095238,0.021277,0.066667,0.007937,0.032258,0,0,0,0,0,0,0,no
0.01506,0.047619,0.010638,0.066667,0,0,0,0,0,0,0,0,0,no
0.051205,0.047619,0.042553,0.133333,0,0.016129,0,0,0,0,0,0,0,no
0.021084,0.047619,0.021277,0.066667,0.015873,0,0,0,0,0,0,0,0,no
0.039157,0.047619,0.042553,0.133333,0.047619,0.032258,0,0,0,0,0,0,0,no
0.021084,0.047619,0.010638,0.066667,0.007937,0,0,0,0,0,0,0,0,no
0.024096,0,0.010638,0.066667,0.02381,0.032258,0,0,0,0,0,0,0,no
0.03012,0.047619,0.021277,0.066667,0.007937,0,0,0,0,0,0,0,0,no
0.021084,0.047619,0.010638,0.066667,0.007937,0,0,0,0,0,0,0,0,no
0.033133,0.095238,0.021277,0.133333,0.007937,0,0,0,0,0,0,0,0,no
0.01506,0.047619,0.010638,0.066667,0.007937,0,0,0,0,0,0,0,0,no
0.039157,0,0.010638,0.066667,0.007937,0.032258,0,0,0,0,0,0,0,no
0.021084,0.047619,0.010638,0.066667,0.007937,0,0,0,0,0,0,0,0,no
0.027108,0.047619,0.021277,0.066667,0,0,0,0,0,0,0,0,0,no
0.018072,0.047619,0.010638,0.066667,0.007937,0.016129,0,0,0,0,0,0,0,no
0.081325,0.095238,0.053191,0.2,0.015873,0.016129,0,0,0,0,0,0,0,no
0.033133,0.095238,0.010638,0.066667,0.007937,0,0,0,0,0,0,0,0,no
0.027108,0.095238,0.010638,0.066667,0.007937,0.032258,0,0,0,0,0,0,0,no
0.033133,0.095238,0.021277,0.066667,0.007937,0.032258,0,0,0,0,0,0,0,no
0.01506,0.047619,0.010638,0.066667,0,0,0,0,0,0,0,0,0,no
0.051205,0.047619,0.042553,0.133333,0,0.016129,0,0,0,0,0,0,0,no
0.021084,0.047619,0.021277,0.066667,0.015873,0,0,0,0,0,0,0,0,no
0.039157,0.047619,0.042553,0.133333,0.047619,0.032258,0,0,0,0,0,0,0,no
0.021084,0.047619,0.010638,0.066667,0.007937,0,0,0,0,0,0,0,0,no
0.024096,0,0.010638,0.066667,0.02381,0.032258,0,0,0,0,0,0,0,no
0.03012,0.047619,0.021277,0.066667,0.007937,0,0,0,0,0,0,0,0,no
0.021084,0.047619,0.010638,0.066667,0.007937,0,0,0,0,0,0,0,0,no
0.033133,0.095238,0.021277,0.133333,0.007937,0,0,0,0,0,0,0,0,no
0.01506,0.047619,0.010638,0.066667,0.007937,0,0,0,0,0,0,0,0,no
0.039157,0,0.010638,0.066667,0.007937,0.032258,0,0,0,0,0,0,0,no
0.021084,0.047619,0.010638,0.066667,0.007937,0,0,0,0,0,0,0,0,no
0.027108,0.047619,0.021277,0.066667,0,0,0,0,0,0,0,0,0,no
0.018072,0.047619,0.010638,0.066667,0.007937,0.016129,0,0,0,0,0,0,0,no
0.078313,0.095238,0.053191,0.2,0.015873,0.016129,0,0,0,0,0,0,0,no
0.033133,0.095238,0.010638,0.066667,0.007937,0,0,0,0,0,0,0,0,no
0.024096,0.095238,0.010638,0.066667,0.007937,0.032258,0,0,0,0,0,0,0,no
0.033133,0.095238,0.021277,0.066667,0.007937,0.032258,0,0,0,0,0,0,0,no
0.033133,0.047619,0.031915,0.066667,0,0,0,0,0,0,0,0,0,no
0.111446,0.047619,0.106383,0.133333,0,0.016129,0,0,0,0,0,0,0,no
0.021084,0.047619,0.021277,0.066667,0.015873,0,0,0,0,0,0,0,0,no
0.087349,0.047619,0.106383,0.133333,0.111111,0.096774,0,0,0,0,0,0,0,no
0.033133,0.047619,0.031915,0.066667,0.007937,0,0,0,0,0,0,0,0,no
0.048193,0,0.031915,0.066667,0.071429,0.064516,0,0,0,0,0,0,0,no
0.042169,0.047619,0.042553,0.066667,0.007937,0,0,0,0,0,0,0,0,no
0.021084,0.047619,0.010638,0.066667,0.007937,0,0,0,0,0,0,0,0,no
0.075301,0.095238,0.06383,0.133333,0.007937,0,0,0,0,0,0,0,0,no
0.01506,0.047619,0.010638,0.066667,0.007937,0,0,0,0,0,0,0,0,no
0.01506,0.047619,0.010638,0.066667,0.007937,0,0,0,0,0,0,0,0,no
0.01506,0.047619,0.010638,0.066667,0.007937,0,0,0,0,0,0,0,0,no
0.093373,0,0.053191,0.066667,0.015873,0.032258,0,0,0,0,0,0,0,no
0.01506,0,0.010638,0.066667,0.007937,0,0,0,0,0,0,0,0,no
0.021084,0.047619,0.010638,0.066667,0.007937,0,0,0,0,0,0,0,0,no
0.045181,0.047619,0.042553,0.066667,0,0,0,0,0,0,0,0,0,no
0.018072,0.047619,0.010638,0.066667,0.007937,0.016129,0,0,0,0,0,0,0,no
0.141566,0.095238,0.095745,0.2,0.015873,0.016129,0,0,0,0,0,0,0,no
0.063253,0.095238,0.031915,0.066667,0.007937,0,0,0,0,0,0,0,0,no
0.057229,0.095238,0.031915,0.066667,0.007937,0.032258,0,0,0,0,0,0,0,no
0.069277,0.095238,0.06383,0.066667,0.007937,0.032258,0,0,0,0,0,0,0,no
0.01506,0.047619,0.010638,0.066667,0,0,0,0,0,0,0,0,0,no
0.051205,0.047619,0.042553,0.133333,0,0.016129,0,0,0,0,0,0,0,no
0.021084,0.047619,0.021277,0.066667,0.015873,0,0,0,0,0,0,0,0,no
0.039157,0.047619,0.042553,0.133333,0.047619,0.032258,0,0,0,0,0,0,0,no
0.021084,0.047619,0.010638,0.066667,0.007937,0,0,0,0,0,0,0,0,no
0.024096,0,0.010638,0.066667,0.02381,0.032258,0,0,0,0,0,0,0,no
0.03012,0.047619,0.021277,0.066667,0.007937,0,0,0,0,0,0,0,0,no
0.021084,0.047619,0.010638,0.066667,0.007937,0,0,0,0,0,0,0,0,no
0.033133,0.095238,0.021277,0.133333,0.007937,0,0,0,0,0,0,0,0,no
0.01506,0.047619,0.010638,0.066667,0.007937,0,0,0,0,0,0,0,0,no
0.039157,0,0.010638,0.066667,0.007937,0.032258,0,0,0,0,0,0,0,no
0.021084,0.047619,0.010638,0.066667,0.007937,0,0,0,0,0,0,0,0,no
0.027108,0.047619,0.021277,0.066667,0,0,0,0,0,0,0,0,0,no
0.018072,0.047619,0.010638,0.066667,0.007937,0.016129,0,0,0,0,0,0,0,no
0.078313,0.095238,0.053191,0.2,0.015873,0.016129,0,0,0,0,0,0,0,no
0.033133,0.095238,0.010638,0.066667,0.007937,0,0,0,0,0,0,0,0,no
0.024096,0.095238,0.010638,0.066667,0.007937,0.032258,0,0,0,0,0,0,0,no
0.033133,0.095238,0.021277,0.066667,0.007937,0.032258,0,0,0,0,0,0,0,no
0.03012,0.047619,0.021277,0.066667,0,0,0,0,0,0,0,0,0,no
0.111446,0.047619,0.106383,0.133333,0,0.016129,0,0,0,0,0,0,0,no
0.021084,0.047619,0.021277,0.066667,0.015873,0,0,0,0,0,0,0,0,no
0.087349,0.047619,0.106383,0.133333,0.111111,0.096774,0,0,0,0,0,0,0,no
0.033133,0.047619,0.031915,0.066667,0.007937,0,0,0,0,0,0,0,0,no
0.048193,0,0.031915,0.066667,0.063492,0.064516,0,0,0,0,0,0,0,no
0.042169,0.047619,0.042553,0.066667,0.007937,0,0,0,0,0,0,0,0,no
0.024096,0.047619,0.010638,0.066667,0.007937,0,0,0,0,0,0,0,0,no
0.075301,0.095238,0.06383,0.133333,0.007937,0,0,0,0,0,0,0,0,no
0.01506,0.047619,0.010638,0.066667,0.007937,0,0,0,0,0,0,0,0,no
0.01506,0.047619,0.010638,0.066667,0.007937,0,0,0,0,0,0,0,0,no
0.081325,0,0.042553,0.066667,0.015873,0.032258,0,0,0,0,0,0,0,no
0.021084,0.047619,0.010638,0.066667,0.007937,0,0,0,0,0,0,0,0,no
0.045181,0.047619,0.042553,0.066667,0,0,0,0,0,0,0,0,0,no
0.018072,0.047619,0.010638,0.066667,0.007937,0.016129,0,0,0,0,0,0,0,no
0.138554,0.095238,0.095745,0.2,0.015873,0.016129,0,0,0,0,0,0,0,no
0.063253,0.095238,0.031915,0.066667,0.007937,0,0,0,0,0,0,0,0,no
0.054217,0.095238,0.031915,0.066667,0.007937,0.032258,0,0,0,0,0,0,0,no
0.069277,0.095238,0.06383,0.066667,0.007937,0.032258,0,0,0,0,0,0,0,no
0.021084,0.047619,0.010638,0.066667,0.007937,0.016129,0,0,0,0,0,0,0,no
0.021084,0.047619,0.021277,0.066667,0.015873,0,0,0,0,0,0,0,0,no
0.01506,0.047619,0.010638,0.066667,0.02381,0,0,0,0,0,0,0,0,no
0.01506,0.047619,0,0.066667,0.015873,0,0,0,0,0,0,0,0,no
0.024096,0.047619,0.010638,0.066667,0.015873,0,0,0,0,0,0,0,0,no
0.021084,0.047619,0.010638,0.066667,0.007937,0,0,0,0,0,0,0,0,no
0.012048,0.095238,0,0.066667,0.015873,0,0,0,0,0,0,0,0,no
0.021084,0.047619,0.010638,0.066667,0.007937,0,0,0,0,0,0,0,0,no
0.018072,0.047619,0.010638,0.066667,0,0,0,0,0,0,0,0,0,no
0.018072,0.047619,0.010638,0.066667,0.007937,0.016129,0,0,0,0,0,0,0,no
0.051205,0.095238,0.031915,0.133333,0.015873,0.016129,0,0,0,0,0,0,0,no
0.024096,0.047619,0.021277,0.066667,0,0,0,0,0,0,0,0,0,no
0.081325,0.047619,0.074468,0.133333,0,0.016129,0,0,0,0,0,0,0,no
0.021084,0.047619,0.021277,0.066667,0.015873,0,0,0,0,0,0,0,0,no
0.063253,0.047619,0.074468,0.133333,0.079365,0.064516,0,0,0,0,0,0,0,no
0.027108,0.047619,0.021277,0.066667,0.007937,0,0,0,0,0,0,0,0,no
0.036145,0,0.021277,0.066667,0.047619,0.048387,0,0,0,0,0,0,0,no
0.036145,0.047619,0.031915,0.066667,0.007937,0,0,0,0,0,0,0,0,no
0.021084,0.047619,0.010638,0.066667,0.007937,0,0,0,0,0,0,0,0,no
0.054217,0.095238,0.042553,0.133333,0.007937,0,0,0,0,0,0,0,0,no
0.01506,0.047619,0.010638,0.066667,0.007937,0,0,0,0,0,0,0,0,no
0.01506,0.047619,0.010638,0.066667,0.007937,0,0,0,0,0,0,0,0,no
0.066265,0,0.031915,0.066667,0.007937,0.032258,0,0,0,0,0,0,0,no
0.01506,0,0.010638,0.066667,0.007937,0,0,0,0,0,0,0,0,no
0.021084,0.047619,0.010638,0.066667,0.007937,0,0,0,0,0,0,0,0,no
0.036145,0.047619,0.031915,0.066667,0,0,0,0,0,0,0,0,0,no
0.018072,0.047619,0.010638,0.066667,0.007937,0.016129,0,0,0,0,0,0,0,no
0.111446,0.095238,0.074468,0.2,0.015873,0.016129,0,0,0,0,0,0,0,no
0.048193,0.095238,0.021277,0.066667,0.007937,0,0,0,0,0,0,0,0,no
0.042169,0.095238,0.021277,0.066667,0.007937,0.032258,0,0,0,0,0,0,0,no
0.051205,0.095238,0.042553,0.066667,0.007937,0.032258,0,0,0,0,0,0,0,no
0.039157,0.047619,0.031915,0.066667,0,0,0,0,0,0,0,0,0,no
0.141566,0.047619,0.138298,0.133333,0,0.016129,0,0,0,0,0,0,0,no
0.021084,0.047619,0.021277,0.066667,0.015873,0,0,0,0,0,0,0,0,no
0.111446,0.047619,0.138298,0.133333,0.142857,0.129032,0,0,0,0,0,0,0,no
0.039157,0.047619,0.042553,0.066667,0.007937,0,0,0,0,0,0,0,0,no
0.060241,0,0.042553,0.066667,0.087302,0.080645,0,0,0,0,0,0,0,no
0.048193,0.047619,0.053191,0.066667,0.007937,0,0,0,0,0,0,0,0,no
0.024096,0.047619,0.010638,0.066667,0.007937,0,0,0,0,0,0,0,0,no
0.096386,0.095238,0.085106,0.133333,0.007937,0,0,0,0,0,0,0,0,no
0.01506,0.047619,0.010638,0.066667,0.007937,0,0,0,0,0,0,0,0,no
0.01506,0.047619,0.010638,0.066667,0.007937,0,0,0,0,0,0,0,0,no
0.01506,0.047619,0.010638,0.066667,0.007937,0,0,0,0,0,0,0,0,no
0.108434,0,0.06383,0.066667,0.02381,0.032258,0,0,0,0,0,0,0,no
0.021084,0.047619,0.010638,0.066667,0.007937,0,0,0,0,0,0,0,0,no
0.054217,0.047619,0.053191,0.066667,0,0,0,0,0,0,0,0,0,no
0.018072,0.047619,0.010638,0.066667,0.007937,0.016129,0,0,0,0,0,0,0,no
0.159639,0.095238,0.117021,0.2,0.015873,0.016129,0,0,0,0,0,0,0,no
0.072289,0.095238,0.031915,0.066667,0.007937,0,0,0,0,0,0,0,0,no
0.060241,0.095238,0.042553,0.066667,0.007937,0.032258,0,0,0,0,0,0,0,no
0.087349,0.095238,0.085106,0.066667,0.007937,0.032258,0,0,0,0,0,0,0,no
0.033133,0.047619,0.031915,0.066667,0,0,0,0,0,0,0,0,0,no
0.111446,0.047619,0.106383,0.133333,0,0.016129,0,0,0,0,0,0,0,no
0.021084,0.047619,0.021277,0.066667,0.015873,0,0,0,0,0,0,0,0,no
0.087349,0.047619,0.106383,0.133333,0.111111,0.096774,0,0,0,0,0,0,0,no
0.033133,0.047619,0.031915,0.066667,0.007937,0,0,0,0,0,0,0,0,no
0.048193,0,0.031915,0.066667,0.071429,0.064516,0,0,0,0,0,0,0,no
0.042169,0.047619,0.042553,0.066667,0.007937,0,0,0,0,0,0,0,0,no
0.021084,0.047619,0.010638,0.066667,0.007937,0,0,0,0,0,0,0,0,no
0.075301,0.095238,0.06383,0.133333,0.007937,0,0,0,0,0,0,0,0,no
0.01506,0.047619,0.010638,0.066667,0.007937,0,0,0,0,0,0,0,0,no
0.01506,0.047619,0.010638,0.066667,0.007937,0,0,0,0,0,0,0,0,no
0.01506,0.047619,0.010638,0.066667,0.007937,0,0,0,0,0,0,0,0,no
0.093373,0,0.053191,0.066667,0.015873,0.032258,0,0,0,0,0,0,0,no
0.01506,0,0.010638,0.066667,0.007937,0,0,0,0,0,0,0,0,no
0.021084,0.047619,0.010638,0.066667,0.007937,0,0,0,0,0,0,0,0,no
0.045181,0.047619,0.042553,0.066667,0,0,0,0,0,0,0,0,0,no
0.018072,0.047619,0.010638,0.066667,0.007937,0.016129,0,0,0,0,0,0,0,no
0.141566,0.095238,0.095745,0.2,0.015873,0.016129,0,0,0,0,0,0,0,no
0.063253,0.095238,0.031915,0.066667,0.007937,0,0,0,0,0,0,0,0,no
0.057229,0.095238,0.031915,0.066667,0.007937,0.032258,0,0,0,0,0,0,0,no
0.069277,0.095238,0.06383,0.066667,0.007937,0.032258,0,0,0,0,0,0,0,no
0.033133,0.047619,0.031915,0.066667,0,0,0,0,0,0,0,0,0,no
0.111446,0.047619,0.106383,0.133333,0,0.016129,0,0,0,0,0,0,0,no
0.021084,0.047619,0.021277,0.066667,0.015873,0,0,0,0,0,0,0,0,no
0.087349,0.047619,0.106383,0.133333,0.111111,0.096774,0,0,0,0,0,0,0,no
0.033133,0.047619,0.031915,0.066667,0.007937,0,0,0,0,0,0,0,0,no
0.048193,0,0.031915,0.066667,0.071429,0.064516,0,0,0,0,0,0,0,no
0.042169,0.047619,0.042553,0.066667,0.007937,0,0,0,0,0,0,0,0,no
0.021084,0.047619,0.010638,0.066667,0.007937,0,0,0,0,0,0,0,0,no
0.075301,0.095238,0.06383,0.133333,0.007937,0,0,0,0,0,0,0,0,no
0.01506,0.047619,0.010638,0.066667,0.007937,0,0,0,0,0,0,0,0,no
0.01506,0.047619,0.010638,0.066667,0.007937,0,0,0,0,0,0,0,0,no
0.01506,0.047619,0.010638,0.066667,0.007937,0,0,0,0,0,0,0,0,no
0.093373,0,0.053191,0.066667,0.015873,0.032258,0,0,0,0,0,0,0,no
0.021084,0.047619,0.010638,0.066667,0.007937,0,0,0,0,0,0,0,0,no
0.045181,0.047619,0.042553,0.066667,0,0,0,0,0,0,0,0,0,no
0.018072,0.047619,0.010638,0.066667,0.007937,0.016129,0,0,0,0,0,0,0,no
0.13253,0.095238,0.095745,0.2,0.02381,0.016129,0,0,0,0,0,0,0,no
0.063253,0.095238,0.031915,0.066667,0.007937,0,0,0,0,0,0,0,0,no
0.048193,0.095238,0.031915,0.066667,0.015873,0.032258,0,0,0,0,0,0,0,no
0.069277,0.095238,0.06383,0.066667,0.007937,0.032258,0,0,0,0,0,0,0,no
0.027108,0.047619,0.021277,0.133333,0.015873,0.032258,0,0,0,0,0,0,0,no
0.018072,0.047619,0.010638,0.066667,0.007937,0,0,0,0,0,0,0,0,no
0.051205,0.047619,0.042553,0.133333,0,0.016129,0,0,0,0,0,0,0,no
0.021084,0.047619,0.021277,0.066667,0.015873,0,0,0,0,0,0,0,0,no
0.039157,0.047619,0.042553,0.133333,0.047619,0.032258,0,0,0,0,0,0,0,no
0.021084,0.047619,0.010638,0.066667,0.007937,0,0,0,0,0,0,0,0,no
0.024096,0,0.010638,0.066667,0.02381,0.032258,0,0,0,0,0,0,0,no
0.03012,0.047619,0.021277,0.066667,0.007937,0,0,0,0,0,0,0,0,no
0.021084,0.047619,0.010638,0.066667,0.007937,0,0,0,0,0,0,0,0,no
0.033133,0.095238,0.021277,0.133333,0.007937,0,0,0,0,0,0,0,0,no
0.01506,0.047619,0.010638,0.066667,0.007937,0,0,0,0,0,0,0,0,no
0.039157,0,0.010638,0.066667,0.007937,0.032258,0,0,0,0,0,0,0,no
0.021084,0.047619,0.010638,0.066667,0.007937,0,0,0,0,0,0,0,0,no
0.027108,0.047619,0.021277,0.066667,0,0,0,0,0,0,0,0,0,no
0.018072,0.047619,0.010638,0.066667,0.007937,0.016129,0,0,0,0,0,0,0,no
0.108434,0.095238,0.06383,0.266667,0.039683,0.064516,0.055556,0.125,0.001685,0.001775,0.008621,0.008621,0,no
0.051205,0.095238,0.021277,0.133333,0.015873,0.016129,0.055556,0.125,0.001685,0.001775,0.008621,0.008621,0,no
0.051205,0.095238,0.021277,0.133333,0.031746,0.080645,0.055556,0.125,0.001685,0.001775,0.008621,0.008621,0,no
0.048193,0.095238,0.031915,0.133333,0.015873,0.048387,0.055556,0.125,0.001685,0.001775,0.008621,0.008621,0,no
0.021084,0.047619,0.010638,0.066667,0.007937,0.016129,0,0,0,0,0,0,0,no
0.021084,0.047619,0.021277,0.066667,0.015873,0,0,0,0,0,0,0,0,no
0.01506,0.047619,0.010638,0.066667,0.02381,0,0,0,0,0,0,0,0,no
0.01506,0.047619,0,0.066667,0.015873,0,0,0,0,0,0,0,0,no
0.024096,0.047619,0.010638,0.066667,0.015873,0,0,0,0,0,0,0,0,no
0.021084,0.047619,0.010638,0.066667,0.007937,0,0,0,0,0,0,0,0,no
0.012048,0.095238,0,0.066667,0.015873,0,0,0,0,0,0,0,0,no
0.021084,0.047619,0.010638,0.066667,0.007937,0,0,0,0,0,0,0,0,no
0.018072,0.047619,0.010638,0.066667,0,0,0,0,0,0,0,0,0,no
0.018072,0.047619,0.010638,0.066667,0.007937,0.016129,0,0,0,0,0,0,0,no
0.051205,0.095238,0.031915,0.133333,0.015873,0.016129,0,0,0,0,0,0,0,no
0.024096,0.047619,0.021277,0.066667,0,0,0,0,0,0,0,0,0,no
0.081325,0.047619,0.074468,0.133333,0,0.016129,0,0,0,0,0,0,0,no
0.021084,0.047619,0.021277,0.066667,0.015873,0,0,0,0,0,0,0,0,no
0.063253,0.047619,0.074468,0.133333,0.079365,0.064516,0,0,0,0,0,0,0,no
0.027108,0.047619,0.021277,0.066667,0.007937,0,0,0,0,0,0,0,0,no
0.036145,0,0.021277,0.066667,0.047619,0.048387,0,0,0,0,0,0,0,no
0.036145,0.047619,0.031915,0.066667,0.007937,0,0,0,0,0,0,0,0,no
0.021084,0.047619,0.010638,0.066667,0.007937,0,0,0,0,0,0,0,0,no
0.054217,0.095238,0.042553,0.133333,0.007937,0,0,0,0,0,0,0,0,no
0.01506,0.047619,0.010638,0.066667,0.007937,0,0,0,0,0,0,0,0,no
0.01506,0.047619,0.010638,0.066667,0.007937,0,0,0,0,0,0,0,0,no
0.066265,0,0.031915,0.066667,0.007937,0.032258,0,0,0,0,0,0,0,no
0.01506,0,0.010638,0.066667,0.007937,0,0,0,0,0,0,0,0,no
0.021084,0.047619,0.010638,0.066667,0.007937,0,0,0,0,0,0,0,0,no
0.036145,0.047619,0.031915,0.066667,0,0,0,0,0,0,0,0,0,no
0.018072,0.047619,0.010638,0.066667,0.007937,0.016129,0,0,0,0,0,0,0,no
0.111446,0.095238,0.074468,0.2,0.015873,0.016129,0,0,0,0,0,0,0,no
0.048193,0.095238,0.021277,0.066667,0.007937,0,0,0,0,0,0,0,0,no
0.042169,0.095238,0.021277,0.066667,0.007937,0.032258,0,0,0,0,0,0,0,no
0.051205,0.095238,0.042553,0.066667,0.007937,0.032258,0,0,0,0,0,0,0,no
0.01506,0.047619,0.010638,0.066667,0,0,0,0,0,0,0,0,0,no
0.051205,0.047619,0.042553,0.133333,0,0.016129,0,0,0,0,0,0,0,no
0.021084,0.047619,0.021277,0.066667,0.015873,0,0,0,0,0,0,0,0,no
0.039157,0.047619,0.042553,0.133333,0.047619,0.032258,0,0,0,0,0,0,0,no
0.021084,0.047619,0.010638,0.066667,0.007937,0,0,0,0,0,0,0,0,no
0.024096,0,0.010638,0.066667,0.02381,0.032258,0,0,0,0,0,0,0,no
0.03012,0.047619,0.021277,0.066667,0.007937,0,0,0,0,0,0,0,0,no
0.021084,0.047619,0.010638,0.066667,0.007937,0,0,0,0,0,0,0,0,no
0.033133,0.095238,0.021277,0.133333,0.007937,0,0,0,0,0,0,0,0,no
0.01506,0.047619,0.010638,0.066667,0.007937,0,0,0,0,0,0,0,0,no
0.039157,0,0.010638,0.066667,0.007937,0.032258,0,0,0,0,0,0,0,no
0.021084,0.047619,0.010638,0.066667,0.007937,0,0,0,0,0,0,0,0,no
0.027108,0.047619,0.021277,0.066667,0,0,0,0,0,0,0,0,0,no
0.018072,0.047619,0.010638,0.066667,0.007937,0.016129,0,0,0,0,0,0,0,no
0.078313,0.095238,0.053191,0.2,0.015873,0.016129,0,0,0,0,0,0,0,no
0.033133,0.095238,0.010638,0.066667,0.007937,0,0,0,0,0,0,0,0,no
0.024096,0.095238,0.010638,0.066667,0.007937,0.032258,0,0,0,0,0,0,0,no
0.033133,0.095238,0.021277,0.066667,0.007937,0.032258,0,0,0,0,0,0,0,no
0.01506,0.047619,0.010638,0.066667,0,0,0,0,0,0,0,0,0,no
0.051205,0.047619,0.042553,0.133333,0,0.016129,0,0,0,0,0,0,0,no
0.021084,0.047619,0.021277,0.066667,0.015873,0,0,0,0,0,0,0,0,no
0.039157,0.047619,0.042553,0.133333,0.047619,0.032258,0,0,0,0,0,0,0,no
0.021084,0.047619,0.010638,0.066667,0.007937,0,0,0,0,0,0,0,0,no
0.024096,0,0.010638,0.066667,0.02381,0.032258,0,0,0,0,0,0,0,no
0.03012,0.047619,0.021277,0.066667,0.007937,0,0,0,0,0,0,0,0,no
0.021084,0.047619,0.010638,0.066667,0.007937,0,0,0,0,0,0,0,0,no
0.033133,0.095238,0.021277,0.133333,0.007937,0,0,0,0,0,0,0,0,no
0.01506,0.047619,0.010638,0.066667,0.007937,0,0,0,0,0,0,0,0,no
0.039157,0,0.010638,0.066667,0.007937,0.032258,0,0,0,0,0,0,0,no
0.01506,0,0.010638,0.066667,0.007937,0,0,0,0,0,0,0,0,no
0.021084,0.047619,0.010638,0.066667,0.007937,0,0,0,0,0,0,0,0,no
0.027108,0.047619,0.021277,0.066667,0,0,0,0,0,0,0,0,0,no
0.018072,0.047619,0.010638,0.066667,0.007937,0.016129,0,0,0,0,0,0,0,no
0.081325,0.095238,0.053191,0.2,0.015873,0.016129,0,0,0,0,0,0,0,no
0.033133,0.095238,0.010638,0.066667,0.007937,0,0,0,0,0,0,0,0,no
0.027108,0.095238,0.010638,0.066667,0.007937,0.032258,0,0,0,0,0,0,0,no
0.033133,0.095238,0.021277,0.066667,0.007937,0.032258,0,0,0,0,0,0,0,no
0.021084,0.047619,0.010638,0.066667,0.007937,0.016129,0,0,0,0,0,0,0,no
0.021084,0.047619,0.021277,0.066667,0.015873,0,0,0,0,0,0,0,0,no
0.01506,0.047619,0.010638,0.066667,0.02381,0,0,0,0,0,0,0,0,no
0.01506,0.047619,0,0.066667,0.015873,0,0,0,0,0,0,0,0,no
0.024096,0.047619,0.010638,0.066667,0.015873,0,0,0,0,0,0,0,0,no
0.021084,0.047619,0.010638,0.066667,0.007937,0,0,0,0,0,0,0,0,no
0.012048,0.095238,0,0.066667,0.015873,0,0,0,0,0,0,0,0,no
0.021084,0.047619,0.010638,0.066667,0.007937,0,0,0,0,0,0,0,0,no
0.018072,0.047619,0.010638,0.066667,0,0,0,0,0,0,0,0,0,no
0.018072,0.047619,0.010638,0.066667,0.007937,0.016129,0,0,0,0,0,0,0,no
0.051205,0.095238,0.031915,0.133333,0.015873,0.016129,0,0,0,0,0,0,0,no
0.024096,0.047619,0.021277,0.066667,0,0,0,0,0,0,0,0,0,no
0.081325,0.047619,0.074468,0.133333,0,0.016129,0,0,0,0,0,0,0,no
0.021084,0.047619,0.021277,0.066667,0.015873,0,0,0,0,0,0,0,0,no
0.063253,0.047619,0.074468,0.133333,0.079365,0.064516,0,0,0,0,0,0,0,no
0.027108,0.047619,0.021277,0.066667,0.007937,0,0,0,0,0,0,0,0,no
0.036145,0,0.021277,0.066667,0.047619,0.048387,0,0,0,0,0,0,0,no
0.036145,0.047619,0.031915,0.066667,0.007937,0,0,0,0,0,0,0,0,no
0.021084,0.047619,0.010638,0.066667,0.007937,0,0,0,0,0,0,0,0,no
0.054217,0.095238,0.042553,0.133333,0.007937,0,0,0,0,0,0,0,0,no
0.01506,0.047619,0.010638,0.066667,0.007937,0,0,0,0,0,0,0,0,no
0.01506,0.047619,0.010638,0.066667,0.007937,0,0,0,0,0,0,0,0,no
0.066265,0,0.031915,0.066667,0.007937,0.032258,0,0,0,0,0,0,0,no
0.021084,0.047619,0.010638,0.066667,0.007937,0,0,0,0,0,0,0,0,no
0.036145,0.047619,0.031915,0.066667,0,0,0,0,0,0,0,0,0,no
0.018072,0.047619,0.010638,0.066667,0.007937,0.016129,0,0,0,0,0,0,0,no
0.108434,0.095238,0.074468,0.2,0.015873,0.016129,0,0,0,0,0,0,0,no
0.048193,0.095238,0.021277,0.066667,0.007937,0,0,0,0,0,0,0,0,no
0.039157,0.095238,0.021277,0.066667,0.007937,0.032258,0,0,0,0,0,0,0,no
0.051205,0.095238,0.042553,0.066667,0.007937,0.032258,0,0,0,0,0,0,0,no
0.01506,0.047619,0.010638,0.066667,0,0,0.037037,0.083333,0.005618,0,0.021552,0.021552,0,no
0.051205,0.047619,0.042553,0.133333,0,0.016129,0.037037,0.083333,0.019101,0,0.073276,0.073276,0,no
0.021084,0.047619,0.021277,0.066667,0.015873,0,0.037037,0.083333,0.007865,0,0.030172,0.030172,0,no
0.039157,0.047619,0.042553,0.133333,0.047619,0.032258,0.037037,0.083333,0.014607,0,0.056034,0.056034,0,no
0.021084,0.047619,0.010638,0.066667,0.007937,0,0.037037,0.083333,0.007865,0,0.030172,0.030172,0,no
0.024096,0,0.010638,0.066667,0.02381,0.032258,0.037037,0.083333,0.008989,0,0.034483,0.034483,0,no
0.03012,0.047619,0.021277,0.066667,0.007937,0,0.037037,0.083333,0.011236,0,0.043103,0.043103,0,no
0.021084,0.047619,0.010638,0.066667,0.007937,0,0.037037,0.083333,0.007865,0,0.030172,0.030172,0,no
0.033133,0.095238,0.021277,0.133333,0.007937,0,0.037037,0.083333,0.01236,0,0.047414,0.047414,0,no
0.01506,0.047619,0.010638,0.066667,0.007937,0,0.037037,0.083333,0.005618,0,0.021552,0.021552,0,no
0.039157,0,0.010638,0.066667,0.007937,0.032258,0.037037,0.083333,0.014607,0,0.056034,0.056034,0,no
0.021084,0.047619,0.010638,0.066667,0.007937,0,0.037037,0.083333,0.007865,0,0.030172,0.030172,0,no
0.027108,0.047619,0.021277,0.066667,0,0,0.037037,0.083333,0.010112,0,0.038793,0.038793,0,no
0.018072,0.047619,0.010638,0.066667,0.007937,0.016129,0.037037,0.083333,0.006742,0,0.025862,0.025862,0,no
0.078313,0.095238,0.053191,0.2,0.015873,0.016129,0.037037,0.083333,0.029213,0,0.112069,0.112069,0,no
0.033133,0.095238,0.010638,0.066667,0.007937,0,0.037037,0.083333,0.01236,0,0.047414,0.047414,0,no
0.024096,0.095238,0.010638,0.066667,0.007937,0.032258,0.037037,0.083333,0.008989,0,0.034483,0.034483,0,no
0.033133,0.095238,0.021277,0.066667,0.007937,0.032258,0.037037,0.083333,0.01236,0,0.047414,0.047414,0,no
0.036145,0.047619,0.031915,0.133333,0.015873,0.032258,0.037037,0.083333,0.013483,0,0.051724,0.051724,0,no
0.018072,0.047619,0.010638,0.066667,0.007937,0,0.037037,0.083333,0.006742,0,0.025862,0.025862,0,no
0.081325,0.047619,0.074468,0.133333,0,0.016129,0.037037,0.083333,0.030337,0,0.116379,0.116379,0,no
0.021084,0.047619,0.021277,0.066667,0.015873,0,0.037037,0.083333,0.007865,0,0.030172,0.030172,0,no
0.063253,0.047619,0.074468,0.133333,0.079365,0.064516,0.037037,0.083333,0.023596,0,0.090517,0.090517,0,no
0.027108,0.047619,0.021277,0.066667,0.007937,0,0.037037,0.083333,0.010112,0,0.038793,0.038793,0,no
0.036145,0,0.021277,0.066667,0.047619,0.048387,0.037037,0.083333,0.013483,0,0.051724,0.051724,0,no
0.036145,0.047619,0.031915,0.066667,0.007937,0,0.037037,0.083333,0.013483,0,0.051724,0.051724,0,no
0.021084,0.047619,0.010638,0.066667,0.007937,0,0.037037,0.083333,0.007865,0,0.030172,0.030172,0,no
0.054217,0.095238,0.042553,0.133333,0.007937,0,0.037037,0.083333,0.020225,0,0.077586,0.077586,0,no
0.01506,0.047619,0.010638,0.066667,0.007937,0,0.037037,0.083333,0.005618,0,0.021552,0.021552,0,no
0.01506,0.047619,0.010638,0.066667,0.007937,0,0.037037,0.083333,0.005618,0,0.021552,0.021552,0,no
0.066265,0,0.031915,0.066667,0.007937,0.032258,0.037037,0.083333,0.024719,0,0.094828,0.094828,0,no
0.021084,0.047619,0.010638,0.066667,0.007937,0,0.037037,0.083333,0.007865,0,0.030172,0.030172,0,no
0.036145,0.047619,0.031915,0.066667,0,0,0.037037,0.083333,0.013483,0,0.051724,0.051724,0,no
0.018072,0.047619,0.010638,0.066667,0.007937,0.016129,0.037037,0.083333,0.006742,0,0.025862,0.025862,0,no
0.138554,0.095238,0.085106,0.266667,0.039683,0.064516,0.092593,0.166667,0.053371,0.001775,0.198276,0.084483,0,no
0.066265,0.095238,0.031915,0.133333,0.015873,0.016129,0.092593,0.166667,0.026404,0.001775,0.094828,0.043103,0,no
0.066265,0.095238,0.031915,0.133333,0.031746,0.080645,0.092593,0.166667,0.026404,0.001775,0.094828,0.043103,0,no
0.066265,0.095238,0.053191,0.133333,0.015873,0.048387,0.092593,0.166667,0.026404,0.001775,0.094828,0.043103,0,no
0.03012,0.047619,0.021277,0.066667,0,0,0,0,0,0,0,0,0,no
0.111446,0.047619,0.106383,0.133333,0,0.016129,0,0,0,0,0,0,0,no
0.021084,0.047619,0.021277,0.066667,0.015873,0,0,0,0,0,0,0,0,no
0.087349,0.047619,0.106383,0.133333,0.111111,0.096774,0,0,0,0,0,0,0,no
0.033133,0.047619,0.031915,0.066667,0.007937,0,0,0,0,0,0,0,0,no
0.048193,0,0.031915,0.066667,0.063492,0.064516,0,0,0,0,0,0,0,no
0.042169,0.047619,0.042553,0.066667,0.007937,0,0,0,0,0,0,0,0,no
0.024096,0.047619,0.010638,0.066667,0.007937,0,0,0,0,0,0,0,0,no
0.075301,0.095238,0.06383,0.133333,0.007937,0,0,0,0,0,0,0,0,no
0.01506,0.047619,0.010638,0.066667,0.007937,0,0,0,0,0,0,0,0,no
0.01506,0.047619,0.010638,0.066667,0.007937,0,0,0,0,0,0,0,0,no
0.081325,0,0.042553,0.066667,0.015873,0.032258,0,0,0,0,0,0,0,no
0.021084,0.047619,0.010638,0.066667,0.007937,0,0,0,0,0,0,0,0,no
0.045181,0.047619,0.042553,0.066667,0,0,0,0,0,0,0,0,0,no
0.018072,0.047619,0.010638,0.066667,0.007937,0.016129,0,0,0,0,0,0,0,no
0.13253,0.095238,0.095745,0.2,0.015873,0.016129,0,0,0,0,0,0,0,no
0.057229,0.095238,0.021277,0.066667,0.007937,0,0,0,0,0,0,0,0,no
0.048193,0.095238,0.031915,0.066667,0.007937,0.032258,0,0,0,0,0,0,0,no
0.069277,0.095238,0.06383,0.066667,0.007937,0.032258,0,0,0,0,0,0,0,no
0.033133,0.047619,0.031915,0.066667,0,0,0,0,0,0,0,0,0,no
0.111446,0.047619,0.106383,0.133333,0,0.016129,0,0,0,0,0,0,0,no
0.021084,0.047619,0.021277,0.066667,0.015873,0,0,0,0,0,0,0,0,no
0.087349,0.047619,0.106383,0.133333,0.111111,0.096774,0,0,0,0,0,0,0,no
0.033133,0.047619,0.031915,0.066667,0.007937,0,0,0,0,0,0,0,0,no
0.048193,0,0.031915,0.066667,0.071429,0.064516,0,0,0,0,0,0,0,no
0.042169,0.047619,0.042553,0.066667,0.007937,0,0,0,0,0,0,0,0,no
0.021084,0.047619,0.010638,0.066667,0.007937,0,0,0,0,0,0,0,0,no
0.075301,0.095238,0.06383,0.133333,0.007937,0,0,0,0,0,0,0,0,no
0.01506,0.047619,0.010638,0.066667,0.007937,0,0,0,0,0,0,0,0,no
0.01506,0.047619,0.010638,0.066667,0.007937,0,0,0,0,0,0,0,0,no
0.01506,0.047619,0.010638,0.066667,0.007937,0,0,0,0,0,0,0,0,no
0.093373,0,0.053191,0.066667,0.015873,0.032258,0,0,0,0,0,0,0,no
0.01506,0,0.010638,0.066667,0.007937,0,0,0,0,0,0,0,0,no
0.021084,0.047619,0.010638,0.066667,0.007937,0,0,0,0,0,0,0,0,no
0.045181,0.047619,0.042553,0.066667,0,0,0,0,0,0,0,0,0,no
0.018072,0.047619,0.010638,0.066667,0.007937,0.016129,0,0,0,0,0,0,0,no
0.141566,0.095238,0.095745,0.2,0.015873,0.016129,0,0,0,0,0,0,0,no
0.063253,0.095238,0.031915,0.066667,0.007937,0,0,0,0,0,0,0,0,no
0.057229,0.095238,0.031915,0.066667,0.007937,0.032258,0,0,0,0,0,0,0,no
0.069277,0.095238,0.06383,0.066667,0.007937,0.032258,0,0,0,0,0,0,0,no
0.01506,0.047619,0.010638,0.066667,0,0,0,0,0,0,0,0,0,no
0.051205,0.047619,0.042553,0.133333,0,0.016129,0,0,0,0,0,0,0,no
0.021084,0.047619,0.021277,0.066667,0.015873,0,0,0,0,0,0,0,0,no
0.039157,0.047619,0.042553,0.133333,0.047619,0.032258,0,0,0,0,0,0,0,no
0.021084,0.047619,0.010638,0.066667,0.007937,0,0,0,0,0,0,0,0,no
0.024096,0,0.010638,0.066667,0.02381,0.032258,0,0,0,0,0,0,0,no
0.03012,0.047619,0.021277,0.066667,0.007937,0,0,0,0,0,0,0,0,no
0.021084,0.047619,0.010638,0.066667,0.007937,0,0,0,0,0,0,0,0,no
0.033133,0.095238,0.021277,0.133333,0.007937,0,0,0,0,0,0,0,0,no
0.01506,0.047619,0.010638,0.066667,0.007937,0,0,0,0,0,0,0,0,no
0.039157,0,0.010638,0.066667,0.007937,0.032258,0,0,0,0,0,0,0,no
0.021084,0.047619,0.010638,0.066667,0.007937,0,0,0,0,0,0,0,0,no
0.027108,0.047619,0.021277,0.066667,0,0,0,0,0,0,0,0,0,no
0.018072,0.047619,0.010638,0.066667,0.007937,0.016129,0,0,0,0,0,0,0,no
0.078313,0.095238,0.053191,0.2,0.015873,0.016129,0,0,0,0,0,0,0,no
0.033133,0.095238,0.010638,0.066667,0.007937,0,0,0,0,0,0,0,0,no
0.024096,0.095238,0.010638,0.066667,0.007937,0.032258,0,0,0,0,0,0,0,no
0.033133,0.095238,0.021277,0.066667,0.007937,0.032258,0,0,0,0,0,0,0,no
0.033133,0.047619,0.031915,0.066667,0,0,0,0,0,0,0,0,0,no
0.111446,0.047619,0.106383,0.133333,0,0.016129,0,0,0,0,0,0,0,no
0.021084,0.047619,0.021277,0.066667,0.015873,0,0,0,0,0,0,0,0,no
0.087349,0.047619,0.106383,0.133333,0.111111,0.096774,0,0,0,0,0,0,0,no
0.033133,0.047619,0.031915,0.066667,0.007937,0,0,0,0,0,0,0,0,no
0.048193,0,0.031915,0.066667,0.071429,0.064516,0,0,0,0,0,0,0,no
0.042169,0.047619,0.042553,0.066667,0.007937,0,0,0,0,0,0,0,0,no
0.021084,0.047619,0.010638,0.066667,0.007937,0,0,0,0,0,0,0,0,no
0.075301,0.095238,0.06383,0.133333,0.007937,0,0,0,0,0,0,0,0,no
0.01506,0.047619,0.010638,0.066667,0.007937,0,0,0,0,0,0,0,0,no
0.01506,0.047619,0.010638,0.066667,0.007937,0,0,0,0,0,0,0,0,no
0.01506,0.047619,0.010638,0.066667,0.007937,0,0,0,0,0,0,0,0,no
0.093373,0,0.053191,0.066667,0.015873,0.032258,0,0,0,0,0,0,0,no
0.021084,0.047619,0.010638,0.066667,0.007937,0,0,0,0,0,0,0,0,no
0.045181,0.047619,0.042553,0.066667,0,0,0,0,0,0,0,0,0,no
0.018072,0.047619,0.010638,0.066667,0.007937,0.016129,0,0,0,0,0,0,0,no
0.138554,0.095238,0.095745,0.2,0.015873,0.016129,0,0,0,0,0,0,0,no
0.063253,0.095238,0.031915,0.066667,0.007937,0,0,0,0,0,0,0,0,no
0.054217,0.095238,0.031915,0.066667,0.007937,0.032258,0,0,0,0,0,0,0,no
0.069277,0.095238,0.06383,0.066667,0.007937,0.032258,0,0,0,0,0,0,0,no
0.01506,0.047619,0.010638,0.066667,0,0,0,0,0,0,0,0,0,no
0.051205,0.047619,0.042553,0.133333,0,0.016129,0,0,0,0,0,0,0,no
0.021084,0.047619,0.021277,0.066667,0.015873,0,0,0,0,0,0,0,0,no
0.039157,0.047619,0.042553,0.133333,0.047619,0.032258,0,0,0,0,0,0,0,no
0.021084,0.047619,0.010638,0.066667,0.007937,0,0,0,0,0,0,0,0,no
0.024096,0,0.010638,0.066667,0.02381,0.032258,0,0,0,0,0,0,0,no
0.03012,0.047619,0.021277,0.066667,0.007937,0,0,0,0,0,0,0,0,no
0.021084,0.047619,0.010638,0.066667,0.007937,0,0,0,0,0,0,0,0,no
0.033133,0.095238,0.021277,0.133333,0.007937,0,0,0,0,0,0,0,0,no
0.01506,0.047619,0.010638,0.066667,0.007937,0,0,0,0,0,0,0,0,no
0.039157,0,0.010638,0.066667,0.007937,0.032258,0,0,0,0,0,0,0,no
0.021084,0.047619,0.010638,0.066667,0.007937,0,0,0,0,0,0,0,0,no
0.027108,0.047619,0.021277,0.066667,0,0,0,0,0,0,0,0,0,no
0.018072,0.047619,0.010638,0.066667,0.007937,0.016129,0,0,0,0,0,0,0,no
0.078313,0.095238,0.053191,0.2,0.015873,0.016129,0,0,0,0,0,0,0,no
0.033133,0.095238,0.010638,0.066667,0.007937,0,0,0,0,0,0,0,0,no
0.024096,0.095238,0.010638,0.066667,0.007937,0.032258,0,0,0,0,0,0,0,no
0.033133,0.095238,0.021277,0.066667,0.007937,0.032258,0,0,0,0,0,0,0,no
0.024096,0.047619,0.021277,0.066667,0,0,0,0,0,0,0,0,0,no
0.081325,0.047619,0.074468,0.133333,0,0.016129,0,0,0,0,0,0,0,no
0.021084,0.047619,0.021277,0.066667,0.015873,0,0,0,0,0,0,0,0,no
0.063253,0.047619,0.074468,0.133333,0.079365,0.064516,0,0,0,0,0,0,0,no
0.027108,0.047619,0.021277,0.066667,0.007937,0,0,0,0,0,0,0,0,no
0.036145,0,0.021277,0.066667,0.047619,0.048387,0,0,0,0,0,0,0,no
0.036145,0.047619,0.031915,0.066667,0.007937,0,0,0,0,0,0,0,0,no
0.021084,0.047619,0.010638,0.066667,0.007937,0,0,0,0,0,0,0,0,no
0.054217,0.095238,0.042553,0.133333,0.007937,0,0,0,0,0,0,0,0,no
0.01506,0.047619,0.010638,0.066667,0.007937,0,0,0,0,0,0,0,0,no
0.01506,0.047619,0.010638,0.066667,0.007937,0,0,0,0,0,0,0,0,no
0.066265,0,0.031915,0.066667,0.007937,0.032258,0,0,0,0,0,0,0,no
0.01506,0,0.010638,0.066667,0.007937,0,0,0,0,0,0,0,0,no
0.021084,0.047619,0.010638,0.066667,0.007937,0,0,0,0,0,0,0,0,no
0.036145,0.047619,0.031915,0.066667,0,0,0,0,0,0,0,0,0,no
0.018072,0.047619,0.010638,0.066667,0.007937,0.016129,0,0,0,0,0,0,0,no
0.111446,0.095238,0.074468,0.2,0.015873,0.016129,0,0,0,0,0,0,0,no
0.048193,0.095238,0.021277,0.066667,0.007937,0,0,0,0,0,0,0,0,no
0.042169,0.095238,0.021277,0.066667,0.007937,0.032258,0,0,0,0,0,0,0,no
0.051205,0.095238,0.042553,0.066667,0.007937,0.032258,0,0,0,0,0,0,0,no
0.024096,0.047619,0.021277,0.066667,0,0,0,0,0,0,0,0,0,no
0.081325,0.047619,0.074468,0.133333,0,0.016129,0,0,0,0,0,0,0,no
0.021084,0.047619,0.021277,0.066667,0.015873,0,0,0,0,0,0,0,0,no
0.063253,0.047619,0.074468,0.133333,0.079365,0.064516,0,0,0,0,0,0,0,no
0.027108,0.047619,0.021277,0.066667,0.007937,0,0,0,0,0,0,0,0,no
0.036145,0,0.021277,0.066667,0.047619,0.048387,0,0,0,0,0,0,0,no
0.036145,0.047619,0.031915,0.066667,0.007937,0,0,0,0,0,0,0,0,no
0.021084,0.047619,0.010638,0.066667,0.007937,0,0,0,0,0,0,0,0,no
0.054217,0.095238,0.042553,0.133333,0.007937,0,0,0,0,0,0,0,0,no
0.01506,0.047619,0.010638,0.066667,0.007937,0,0,0,0,0,0,0,0,no
0.01506,0.047619,0.010638,0.066667,0.007937,0,0,0,0,0,0,0,0,no
0.066265,0,0.031915,0.066667,0.007937,0.032258,0,0,0,0,0,0,0,no
0.01506,0,0.010638,0.066667,0.007937,0,0,0,0,0,0,0,0,no
0.021084,0.047619,0.010638,0.066667,0.007937,0,0,0,0,0,0,0,0,no
0.036145,0.047619,0.031915,0.066667,0,0,0,0,0,0,0,0,0,no
0.018072,0.047619,0.010638,0.066667,0.007937,0.016129,0,0,0,0,0,0,0,no
0.108434,0.095238,0.074468,0.2,0.015873,0.016129,0,0,0,0,0,0,0,no
0.048193,0.095238,0.021277,0.066667,0.007937,0,0,0,0,0,0,0,0,no
0.039157,0.095238,0.021277,0.066667,0.007937,0.032258,0,0,0,0,0,0,0,no
0.051205,0.095238,0.042553,0.066667,0.007937,0.032258,0,0,0,0,0,0,0,no
0.033133,0.047619,0.031915,0.066667,0,0,0,0,0,0,0,0,0,no
0.111446,0.047619,0.106383,0.133333,0,0.016129,0,0,0,0,0,0,0,no
0.021084,0.047619,0.021277,0.066667,0.015873,0,0,0,0,0,0,0,0,no
0.087349,0.047619,0.106383,0.133333,0.111111,0.096774,0,0,0,0,0,0,0,no
0.033133,0.047619,0.031915,0.066667,0.007937,0,0,0,0,0,0,0,0,no
0.048193,0,0.031915,0.066667,0.071429,0.064516,0,0,0,0,0,0,0,no
0.042169,0.047619,0.042553,0.066667,0.007937,0,0,0,0,0,0,0,0,no
0.021084,0.047619,0.010638,0.066667,0.007937,0,0,0,0,0,0,0,0,no
0.075301,0.095238,0.06383,0.133333,0.007937,0,0,0,0,0,0,0,0,no
0.01506,0.047619,0.010638,0.066667,0.007937,0,0,0,0,0,0,0,0,no
0.01506,0.047619,0.010638,0.066667,0.007937,0,0,0,0,0,0,0,0,no
0.01506,0.047619,0.010638,0.066667,0.007937,0,0,0,0,0,0,0,0,no
0.093373,0,0.053191,0.066667,0.015873,0.032258,0,0,0,0,0,0,0,no
0.01506,0,0.010638,0.066667,0.007937,0,0,0,0,0,0,0,0,no
0.021084,0.047619,0.010638,0.066667,0.007937,0,0,0,0,0,0,0,0,no
0.045181,0.047619,0.042553,0.066667,0,0,0,0,0,0,0,0,0,no
0.018072,0.047619,0.010638,0.066667,0.007937,0.016129,0,0,0,0,0,0,0,no
0.141566,0.095238,0.095745,0.2,0.015873,0.016129,0,0,0,0,0,0,0,no
0.063253,0.095238,0.031915,0.066667,0.007937,0,0,0,0,0,0,0,0,no
0.057229,0.095238,0.031915,0.066667,0.007937,0.032258,0,0,0,0,0,0,0,no
0.069277,0.095238,0.06383,0.066667,0.007937,0.032258,0,0,0,0,0,0,0,no
0.01506,0.047619,0.010638,0.066667,0,0,0,0,0,0,0,0,0,no
0.051205,0.047619,0.042553,0.133333,0,0.016129,0,0,0,0,0,0,0,no
0.021084,0.047619,0.021277,0.066667,0.015873,0,0,0,0,0,0,0,0,no
0.039157,0.047619,0.042553,0.133333,0.047619,0.032258,0,0,0,0,0,0,0,no
0.021084,0.047619,0.010638,0.066667,0.007937,0,0,0,0,0,0,0,0,no
0.024096,0,0.010638,0.066667,0.02381,0.032258,0,0,0,0,0,0,0,no
0.03012,0.047619,0.021277,0.066667,0.007937,0,0,0,0,0,0,0,0,no
0.021084,0.047619,0.010638,0.066667,0.007937,0,0,0,0,0,0,0,0,no
0.033133,0.095238,0.021277,0.133333,0.007937,0,0,0,0,0,0,0,0,no
0.01506,0.047619,0.010638,0.066667,0.007937,0,0,0,0,0,0,0,0,no
0.039157,0,0.010638,0.066667,0.007937,0.032258,0,0,0,0,0,0,0,no
0.021084,0.047619,0.010638,0.066667,0.007937,0,0,0,0,0,0,0,0,no
0.027108,0.047619,0.021277,0.066667,0,0,0,0,0,0,0,0,0,no
0.018072,0.047619,0.010638,0.066667,0.007937,0.016129,0,0,0,0,0,0,0,no
0.078313,0.095238,0.053191,0.2,0.015873,0.016129,0,0,0,0,0,0,0,no
0.033133,0.095238,0.010638,0.066667,0.007937,0,0,0,0,0,0,0,0,no
0.024096,0.095238,0.010638,0.066667,0.007937,0.032258,0,0,0,0,0,0,0,no
0.033133,0.095238,0.021277,0.066667,0.007937,0.032258,0,0,0,0,0,0,0,no
0.033133,0.047619,0.031915,0.066667,0,0,0,0,0,0,0,0,0,no
0.111446,0.047619,0.106383,0.133333,0,0.016129,0,0,0,0,0,0,0,no
0.021084,0.047619,0.021277,0.066667,0.015873,0,0,0,0,0,0,0,0,no
0.087349,0.047619,0.106383,0.133333,0.111111,0.096774,0,0,0,0,0,0,0,no
0.033133,0.047619,0.031915,0.066667,0.007937,0,0,0,0,0,0,0,0,no
0.048193,0,0.031915,0.066667,0.071429,0.064516,0,0,0,0,0,0,0,no
0.042169,0.047619,0.042553,0.066667,0.007937,0,0,0,0,0,0,0,0,no
0.021084,0.047619,0.010638,0.066667,0.007937,0,0,0,0,0,0,0,0,no
0.075301,0.095238,0.06383,0.133333,0.007937,0,0,0,0,0,0,0,0,no
0.01506,0.047619,0.010638,0.066667,0.007937,0,0,0,0,0,0,0,0,no
0.01506,0.047619,0.010638,0.066667,0.007937,0,0,0,0,0,0,0,0,no
0.01506,0.047619,0.010638,0.066667,0.007937,0,0,0,0,0,0,0,0,no
0.093373,0,0.053191,0.066667,0.015873,0.032258,0,0,0,0,0,0,0,no
0.01506,0,0.010638,0.066667,0.007937,0,0,0,0,0,0,0,0,no
0.021084,0.047619,0.010638,0.066667,0.007937,0,0,0,0,0,0,0,0,no
0.045181,0.047619,0.042553,0.066667,0,0,0,0,0,0,0,0,0,no
0.018072,0.047619,0.010638,0.066667,0.007937,0.016129,0,0,0,0,0,0,0,no
0.141566,0.095238,0.095745,0.2,0.015873,0.016129,0,0,0,0,0,0,0,no
0.063253,0.095238,0.031915,0.066667,0.007937,0,0,0,0,0,0,0,0,no
0.057229,0.095238,0.031915,0.066667,0.007937,0.032258,0,0,0,0,0,0,0,no
0.069277,0.095238,0.06383,0.066667,0.007937,0.032258,0,0,0,0,0,0,0,no
0.03012,0.047619,0.021277,0.066667,0,0,0,0,0,0,0,0,0,no
0.111446,0.047619,0.106383,0.133333,0,0.016129,0,0,0,0,0,0,0,no
0.021084,0.047619,0.021277,0.066667,0.015873,0,0,0,0,0,0,0,0,no
0.087349,0.047619,0.106383,0.133333,0.111111,0.096774,0,0,0,0,0,0,0,no
0.033133,0.047619,0.031915,0.066667,0.007937,0,0,0,0,0,0,0,0,no
0.048193,0,0.031915,0.066667,0.063492,0.064516,0,0,0,0,0,0,0,no
0.042169,0.047619,0.042553,0.066667,0.007937,0,0,0,0,0,0,0,0,no
0.024096,0.047619,0.010638,0.066667,0.007937,0,0,0,0,0,0,0,0,no
0.075301,0.095238,0.06383,0.133333,0.007937,0,0,0,0,0,0,0,0,no
0.01506,0.047619,0.010638,0.066667,0.007937,0,0,0,0,0,0,0,0,no
0.01506,0.047619,0.010638,0.066667,0.007937,0,0,0,0,0,0,0,0,no
0.081325,0,0.042553,0.066667,0.015873,0.032258,0,0,0,0,0,0,0,no
0.021084,0.047619,0.010638,0.066667,0.007937,0,0,0,0,0,0,0,0,no
0.045181,0.047619,0.042553,0.066667,0,0,0,0,0,0,0,0,0,no
0.018072,0.047619,0.010638,0.066667,0.007937,0.016129,0,0,0,0,0,0,0,no
0.13253,0.095238,0.095745,0.2,0.015873,0.016129,0,0,0,0,0,0,0,no
0.057229,0.095238,0.021277,0.066667,0.007937,0,0,0,0,0,0,0,0,no
0.048193,0.095238,0.031915,0.066667,0.007937,0.032258,0,0,0,0,0,0,0,no
0.069277,0.095238,0.06383,0.066667,0.007937,0.032258,0,0,0,0,0,0,0,no
0.033133,0.047619,0.031915,0.066667,0,0,0,0,0,0,0,0,0,no
0.111446,0.047619,0.106383,0.133333,0,0.016129,0,0,0,0,0,0,0,no
0.021084,0.047619,0.021277,0.066667,0.015873,0,0,0,0,0,0,0,0,no
0.087349,0.047619,0.106383,0.133333,0.111111,0.096774,0,0,0,0,0,0,0,no
0.033133,0.047619,0.031915,0.066667,0.007937,0,0,0,0,0,0,0,0,no
0.048193,0,0.031915,0.066667,0.071429,0.064516,0,0,0,0,0,0,0,no
0.042169,0.047619,0.042553,0.066667,0.007937,0,0,0,0,0,0,0,0,no
0.021084,0.047619,0.010638,0.066667,0.007937,0,0,0,0,0,0,0,0,no
0.075301,0.095238,0.06383,0.133333,0.007937,0,0,0,0,0,0,0,0,no
0.01506,0.047619,0.010638,0.066667,0.007937,0,0,0,0,0,0,0,0,no
0.01506,0.047619,0.010638,0.066667,0.007937,0,0,0,0,0,0,0,0,no
0.01506,0.047619,0.010638,0.066667,0.007937,0,0,0,0,0,0,0,0,no
0.093373,0,0.053191,0.066667,0.015873,0.032258,0,0,0,0,0,0,0,no
0.01506,0,0.010638,0.066667,0.007937,0,0,0,0,0,0,0,0,no
0.021084,0.047619,0.010638,0.066667,0.007937,0,0,0,0,0,0,0,0,no
0.045181,0.047619,0.042553,0.066667,0,0,0,0,0,0,0,0,0,no
0.018072,0.047619,0.010638,0.066667,0.007937,0.016129,0,0,0,0,0,0,0,no
0.141566,0.095238,0.095745,0.2,0.015873,0.016129,0,0,0,0,0,0,0,no
0.063253,0.095238,0.031915,0.066667,0.007937,0,0,0,0,0,0,0,0,no
0.057229,0.095238,0.031915,0.066667,0.007937,0.032258,0,0,0,0,0,0,0,no
0.069277,0.095238,0.06383,0.066667,0.007937,0.032258,0,0,0,0,0,0,0,no
0.01506,0.047619,0.010638,0.066667,0,0,0,0,0,0,0,0,0,no
0.051205,0.047619,0.042553,0.133333,0,0.016129,0,0,0,0,0,0,0,no
0.021084,0.047619,0.021277,0.066667,0.015873,0,0,0,0,0,0,0,0,no
0.039157,0.047619,0.042553,0.133333,0.047619,0.032258,0,0,0,0,0,0,0,no
0.021084,0.047619,0.010638,0.066667,0.007937,0,0,0,0,0,0,0,0,no
0.024096,0,0.010638,0.066667,0.02381,0.032258,0,0,0,0,0,0,0,no
0.03012,0.047619,0.021277,0.066667,0.007937,0,0,0,0,0,0,0,0,no
0.021084,0.047619,0.010638,0.066667,0.007937,0,0,0,0,0,0,0,0,no
0.033133,0.095238,0.021277,0.133333,0.007937,0,0,0,0,0,0,0,0,no
0.01506,0.047619,0.010638,0.066667,0.007937,0,0,0,0,0,0,0,0,no
0.039157,0,0.010638,0.066667,0.007937,0.032258,0,0,0,0,0,0,0,no
0.021084,0.047619,0.010638,0.066667,0.007937,0,0,0,0,0,0,0,0,no
0.027108,0.047619,0.021277,0.066667,0,0,0,0,0,0,0,0,0,no
0.018072,0.047619,0.010638,0.066667,0.007937,0.016129,0,0,0,0,0,0,0,no
0.078313,0.095238,0.053191,0.2,0.015873,0.016129,0,0,0,0,0,0,0,no
0.033133,0.095238,0.010638,0.066667,0.007937,0,0,0,0,0,0,0,0,no
0.024096,0.095238,0.010638,0.066667,0.007937,0.032258,0,0,0,0,0,0,0,no
0.033133,0.095238,0.021277,0.066667,0.007937,0.032258,0,0,0,0,0,0,0,no
0.033133,0.047619,0.031915,0.066667,0,0,0,0,0,0,0,0,0,no
0.111446,0.047619,0.106383,0.133333,0,0.016129,0,0,0,0,0,0,0,no
0.021084,0.047619,0.021277,0.066667,0.015873,0,0,0,0,0,0,0,0,no
0.087349,0.047619,0.106383,0.133333,0.111111,0.096774,0,0,0,0,0,0,0,no
0.033133,0.047619,0.031915,0.066667,0.007937,0,0,0,0,0,0,0,0,no
0.048193,0,0.031915,0.066667,0.071429,0.064516,0,0,0,0,0,0,0,no
0.042169,0.047619,0.042553,0.066667,0.007937,0,0,0,0,0,0,0,0,no
0.021084,0.047619,0.010638,0.066667,0.007937,0,0,0,0,0,0,0,0,no
0.075301,0.095238,0.06383,0.133333,0.007937,0,0,0,0,0,0,0,0,no
0.01506,0.047619,0.010638,0.066667,0.007937,0,0,0,0,0,0,0,0,no
0.01506,0.047619,0.010638,0.066667,0.007937,0,0,0,0,0,0,0,0,no
0.01506,0.047619,0.010638,0.066667,0.007937,0,0,0,0,0,0,0,0,no
0.093373,0,0.053191,0.066667,0.015873,0.032258,0,0,0,0,0,0,0,no
0.01506,0,0.010638,0.066667,0.007937,0,0,0,0,0,0,0,0,no
0.021084,0.047619,0.010638,0.066667,0.007937,0,0,0,0,0,0,0,0,no
0.045181,0.047619,0.042553,0.066667,0,0,0,0,0,0,0,0,0,no
0.018072,0.047619,0.010638,0.066667,0.007937,0.016129,0,0,0,0,0,0,0,no
0.141566,0.095238,0.095745,0.2,0.015873,0.016129,0,0,0,0,0,0,0,no
0.063253,0.095238,0.031915,0.066667,0.007937,0,0,0,0,0,0,0,0,no
0.057229,0.095238,0.031915,0.066667,0.007937,0.032258,0,0,0,0,0,0,0,no
0.069277,0.095238,0.06383,0.066667,0.007937,0.032258,0,0,0,0,0,0,0,no
0.01506,0.047619,0.010638,0.066667,0,0,0,0,0,0,0,0,0,no
0.051205,0.047619,0.042553,0.133333,0,0.016129,0,0,0,0,0,0,0,no
0.021084,0.047619,0.021277,0.066667,0.015873,0,0,0,0,0,0,0,0,no
0.039157,0.047619,0.042553,0.133333,0.047619,0.032258,0,0,0,0,0,0,0,no
0.021084,0.047619,0.010638,0.066667,0.007937,0,0,0,0,0,0,0,0,no
0.024096,0,0.010638,0.066667,0.02381,0.032258,0,0,0,0,0,0,0,no
0.03012,0.047619,0.021277,0.066667,0.007937,0,0,0,0,0,0,0,0,no
0.021084,0.047619,0.010638,0.066667,0.007937,0,0,0,0,0,0,0,0,no
0.033133,0.095238,0.021277,0.133333,0.007937,0,0,0,0,0,0,0,0,no
0.01506,0.047619,0.010638,0.066667,0.007937,0,0,0,0,0,0,0,0,no
0.039157,0,0.010638,0.066667,0.007937,0.032258,0,0,0,0,0,0,0,no
0.021084,0.047619,0.010638,0.066667,0.007937,0,0,0,0,0,0,0,0,no
0.027108,0.047619,0.021277,0.066667,0,0,0,0,0,0,0,0,0,no
0.018072,0.047619,0.010638,0.066667,0.007937,0.016129,0,0,0,0,0,0,0,no
0.078313,0.095238,0.053191,0.2,0.015873,0.016129,0,0,0,0,0,0,0,no
0.033133,0.095238,0.010638,0.066667,0.007937,0,0,0,0,0,0,0,0,no
0.024096,0.095238,0.010638,0.066667,0.007937,0.032258,0,0,0,0,0,0,0,no
0.033133,0.095238,0.021277,0.066667,0.007937,0.032258,0,0,0,0,0,0,0,no
0.033133,0.047619,0.031915,0.066667,0,0,0,0,0,0,0,0,0,no
0.111446,0.047619,0.106383,0.133333,0,0.016129,0,0,0,0,0,0,0,no
0.021084,0.047619,0.021277,0.066667,0.015873,0,0,0,0,0,0,0,0,no
0.087349,0.047619,0.106383,0.133333,0.111111,0.096774,0,0,0,0,0,0,0,no
0.033133,0.047619,0.031915,0.066667,0.007937,0,0,0,0,0,0,0,0,no
0.048193,0,0.031915,0.066667,0.071429,0.064516,0,0,0,0,0,0,0,no
0.042169,0.047619,0.042553,0.066667,0.007937,0,0,0,0,0,0,0,0,no
0.021084,0.047619,0.010638,0.066667,0.007937,0,0,0,0,0,0,0,0,no
0.075301,0.095238,0.06383,0.133333,0.007937,0,0,0,0,0,0,0,0,no
0.01506,0.047619,0.010638,0.066667,0.007937,0,0,0,0,0,0,0,0,no
0.01506,0.047619,0.010638,0.066667,0.007937,0,0,0,0,0,0,0,0,no
0.01506,0.047619,0.010638,0.066667,0.007937,0,0,0,0,0,0,0,0,no
0.093373,0,0.053191,0.066667,0.015873,0.032258,0,0,0,0,0,0,0,no
0.01506,0,0.010638,0.066667,0.007937,0,0,0,0,0,0,0,0,no
0.021084,0.047619,0.010638,0.066667,0.007937,0,0,0,0,0,0,0,0,no
0.045181,0.047619,0.042553,0.066667,0,0,0,0,0,0,0,0,0,no
0.018072,0.047619,0.010638,0.066667,0.007937,0.016129,0,0,0,0,0,0,0,no
0.141566,0.095238,0.095745,0.2,0.015873,0.016129,0,0,0,0,0,0,0,no
0.063253,0.095238,0.031915,0.066667,0.007937,0,0,0,0,0,0,0,0,no
0.057229,0.095238,0.031915,0.066667,0.007937,0.032258,0,0,0,0,0,0,0,no
0.069277,0.095238,0.06383,0.066667,0.007937,0.032258,0,0,0,0,0,0,0,no
0.01506,0.047619,0.010638,0.066667,0,0,0,0,0,0,0,0,0,no
0.051205,0.047619,0.042553,0.133333,0,0.016129,0,0,0,0,0,0,0,no
0.021084,0.047619,0.021277,0.066667,0.015873,0,0,0,0,0,0,0,0,no
0.039157,0.047619,0.042553,0.133333,0.047619,0.032258,0,0,0,0,0,0,0,no
0.021084,0.047619,0.010638,0.066667,0.007937,0,0,0,0,0,0,0,0,no
0.024096,0,0.010638,0.066667,0.02381,0.032258,0,0,0,0,0,0,0,no
0.03012,0.047619,0.021277,0.066667,0.007937,0,0,0,0,0,0,0,0,no
0.021084,0.047619,0.010638,0.066667,0.007937,0,0,0,0,0,0,0,0,no
0.033133,0.095238,0.021277,0.133333,0.007937,0,0,0,0,0,0,0,0,no
0.01506,0.047619,0.010638,0.066667,0.007937,0,0,0,0,0,0,0,0,no
0.039157,0,0.010638,0.066667,0.007937,0.032258,0,0,0,0,0,0,0,no
0.021084,0.047619,0.010638,0.066667,0.007937,0,0,0,0,0,0,0,0,no
0.027108,0.047619,0.021277,0.066667,0,0,0,0,0,0,0,0,0,no
0.018072,0.047619,0.010638,0.066667,0.007937,0.016129,0,0,0,0,0,0,0,no
0.078313,0.095238,0.053191,0.2,0.015873,0.016129,0,0,0,0,0,0,0,no
0.033133,0.095238,0.010638,0.066667,0.007937,0,0,0,0,0,0,0,0,no
0.024096,0.095238,0.010638,0.066667,0.007937,0.032258,0,0,0,0,0,0,0,no
0.033133,0.095238,0.021277,0.066667,0.007937,0.032258,0,0,0,0,0,0,0,no
0.021084,0.047619,0.010638,0.066667,0,0,0,0,0,0,0,0,0,no
0.081325,0.047619,0.074468,0.133333,0,0.016129,0,0,0,0,0,0,0,no
0.021084,0.047619,0.021277,0.066667,0.015873,0,0,0,0,0,0,0,0,no
0.063253,0.047619,0.074468,0.133333,0.079365,0.064516,0,0,0,0,0,0,0,no
0.027108,0.047619,0.021277,0.066667,0.007937,0,0,0,0,0,0,0,0,no
0.036145,0,0.021277,0.066667,0.039683,0.048387,0,0,0,0,0,0,0,no
0.036145,0.047619,0.031915,0.066667,0.007937,0,0,0,0,0,0,0,0,no
0.024096,0.047619,0.010638,0.066667,0.007937,0,0,0,0,0,0,0,0,no
0.054217,0.095238,0.042553,0.133333,0.007937,0,0,0,0,0,0,0,0,no
0.01506,0.047619,0.010638,0.066667,0.007937,0,0,0,0,0,0,0,0,no
0.054217,0,0.021277,0.066667,0.007937,0.032258,0,0,0,0,0,0,0,no
0.021084,0.047619,0.010638,0.066667,0.007937,0,0,0,0,0,0,0,0,no
0.036145,0.047619,0.031915,0.066667,0,0,0,0,0,0,0,0,0,no
0.018072,0.047619,0.010638,0.066667,0.007937,0.016129,0,0,0,0,0,0,0,no
0.108434,0.095238,0.074468,0.2,0.015873,0.016129,0,0,0,0,0,0,0,no
0.048193,0.095238,0.021277,0.066667,0.007937,0,0,0,0,0,0,0,0,no
0.039157,0.095238,0.021277,0.066667,0.007937,0.032258,0,0,0,0,0,0,0,no
0.051205,0.095238,0.042553,0.066667,0.007937,0.032258,0,0,0,0,0,0,0,no
0.024096,0.047619,0.021277,0.066667,0,0,0,0,0,0,0,0,0,no
0.081325,0.047619,0.074468,0.133333,0,0.016129,0,0,0,0,0,0,0,no
0.021084,0.047619,0.021277,0.066667,0.015873,0,0,0,0,0,0,0,0,no
0.063253,0.047619,0.074468,0.133333,0.079365,0.064516,0,0,0,0,0,0,0,no
0.027108,0.047619,0.021277,0.066667,0.007937,0,0,0,0,0,0,0,0,no
0.036145,0,0.021277,0.066667,0.047619,0.048387,0,0,0,0,0,0,0,no
0.036145,0.047619,0.031915,0.066667,0.007937,0,0,0,0,0,0,0,0,no
0.021084,0.047619,0.010638,0.066667,0.007937,0,0,0,0,0,0,0,0,no
0.054217,0.095238,0.042553,0.133333,0.007937,0,0,0,0,0,0,0,0,no
0.01506,0.047619,0.010638,0.066667,0.007937,0,0,0,0,0,0,0,0,no
0.01506,0.047619,0.010638,0.066667,0.007937,0,0,0,0,0,0,0,0,no
0.066265,0,0.031915,0.066667,0.007937,0.032258,0,0,0,0,0,0,0,no
0.01506,0,0.010638,0.066667,0.007937,0,0,0,0,0,0,0,0,no
0.021084,0.047619,0.010638,0.066667,0.007937,0,0,0,0,0,0,0,0,no
0.036145,0.047619,0.031915,0.066667,0,0,0,0,0,0,0,0,0,no
0.018072,0.047619,0.010638,0.066667,0.007937,0.016129,0,0,0,0,0,0,0,no
0.108434,0.095238,0.074468,0.2,0.015873,0.016129,0,0,0,0,0,0,0,no
0.048193,0.095238,0.021277,0.066667,0.007937,0,0,0,0,0,0,0,0,no
0.039157,0.095238,0.021277,0.066667,0.007937,0.032258,0,0,0,0,0,0,0,no
0.051205,0.095238,0.042553,0.066667,0.007937,0.032258,0,0,0,0,0,0,0,no
0.024096,0.047619,0.021277,0.066667,0,0,0,0,0,0,0,0,0,no
0.081325,0.047619,0.074468,0.133333,0,0.016129,0,0,0,0,0,0,0,no
0.021084,0.047619,0.021277,0.066667,0.015873,0,0,0,0,0,0,0,0,no
0.063253,0.047619,0.074468,0.133333,0.079365,0.064516,0,0,0,0,0,0,0,no
0.027108,0.047619,0.021277,0.066667,0.007937,0,0,0,0,0,0,0,0,no
0.036145,0,0.021277,0.066667,0.047619,0.048387,0,0,0,0,0,0,0,no
0.036145,0.047619,0.031915,0.066667,0.007937,0,0,0,0,0,0,0,0,no
0.021084,0.047619,0.010638,0.066667,0.007937,0,0,0,0,0,0,0,0,no
0.054217,0.095238,0.042553,0.133333,0.007937,0,0,0,0,0,0,0,0,no
0.01506,0.047619,0.010638,0.066667,0.007937,0,0,0,0,0,0,0,0,no
0.01506,0.047619,0.010638,0.066667,0.007937,0,0,0,0,0,0,0,0,no
0.066265,0,0.031915,0.066667,0.007937,0.032258,0,0,0,0,0,0,0,no
0.021084,0.047619,0.010638,0.066667,0.007937,0,0,0,0,0,0,0,0,no
0.036145,0.047619,0.031915,0.066667,0,0,0,0,0,0,0,0,0,no
0.018072,0.047619,0.010638,0.066667,0.007937,0.016129,0,0,0,0,0,0,0,no
0.111446,0.095238,0.074468,0.2,0.015873,0.016129,0,0,0,0,0,0,0,no
0.048193,0.095238,0.021277,0.066667,0.007937,0,0,0,0,0,0,0,0,no
0.042169,0.095238,0.021277,0.066667,0.007937,0.032258,0,0,0,0,0,0,0,no
0.051205,0.095238,0.042553,0.066667,0.007937,0.032258,0,0,0,0,0,0,0,no
0.01506,0.047619,0.010638,0.066667,0,0,0,0,0,0,0,0,0,no
0.051205,0.047619,0.042553,0.133333,0,0.016129,0,0,0,0,0,0,0,no
0.021084,0.047619,0.021277,0.066667,0.015873,0,0,0,0,0,0,0,0,no
0.039157,0.047619,0.042553,0.133333,0.047619,0.032258,0,0,0,0,0,0,0,no
0.021084,0.047619,0.010638,0.066667,0.007937,0,0,0,0,0,0,0,0,no
0.024096,0,0.010638,0.066667,0.02381,0.032258,0,0,0,0,0,0,0,no
0.03012,0.047619,0.021277,0.066667,0.007937,0,0,0,0,0,0,0,0,no
0.021084,0.047619,0.010638,0.066667,0.007937,0,0,0,0,0,0,0,0,no
0.033133,0.095238,0.021277,0.133333,0.007937,0,0,0,0,0,0,0,0,no
0.01506,0.047619,0.010638,0.066667,0.007937,0,0,0,0,0,0,0,0,no
0.039157,0,0.010638,0.066667,0.007937,0.032258,0,0,0,0,0,0,0,no
0.021084,0.047619,0.010638,0.066667,0.007937,0,0,0,0,0,0,0,0,no
0.027108,0.047619,0.021277,0.066667,0,0,0,0,0,0,0,0,0,no
0.018072,0.047619,0.010638,0.066667,0.007937,0.016129,0,0,0,0,0,0,0,no
0.078313,0.095238,0.053191,0.2,0.015873,0.016129,0,0,0,0,0,0,0,no
0.033133,0.095238,0.010638,0.066667,0.007937,0,0,0,0,0,0,0,0,no
0.024096,0.095238,0.010638,0.066667,0.007937,0.032258,0,0,0,0,0,0,0,no
0.033133,0.095238,0.021277,0.066667,0.007937,0.032258,0,0,0,0,0,0,0,no
0.024096,0.047619,0.021277,0.066667,0,0,0,0,0,0,0,0,0,no
0.081325,0.047619,0.074468,0.133333,0,0.016129,0,0,0,0,0,0,0,no
0.021084,0.047619,0.021277,0.066667,0.015873,0,0,0,0,0,0,0,0,no
0.063253,0.047619,0.074468,0.133333,0.079365,0.064516,0,0,0,0,0,0,0,no
0.027108,0.047619,0.021277,0.066667,0.007937,0,0,0,0,0,0,0,0,no
0.036145,0,0.021277,0.066667,0.047619,0.048387,0,0,0,0,0,0,0,no
0.036145,0.047619,0.031915,0.066667,0.007937,0,0,0,0,0,0,0,0,no
0.021084,0.047619,0.010638,0.066667,0.007937,0,0,0,0,0,0,0,0,no
0.054217,0.095238,0.042553,0.133333,0.007937,0,0,0,0,0,0,0,0,no
0.01506,0.047619,0.010638,0.066667,0.007937,0,0,0,0,0,0,0,0,no
0.01506,0.047619,0.010638,0.066667,0.007937,0,0,0,0,0,0,0,0,no
0.066265,0,0.031915,0.066667,0.007937,0.032258,0,0,0,0,0,0,0,no
0.021084,0.047619,0.010638,0.066667,0.007937,0,0,0,0,0,0,0,0,no
0.036145,0.047619,0.031915,0.066667,0,0,0,0,0,0,0,0,0,no
0.018072,0.047619,0.010638,0.066667,0.007937,0.016129,0,0,0,0,0,0,0,no
0.111446,0.095238,0.074468,0.2,0.015873,0.016129,0,0,0,0,0,0,0,no
0.048193,0.095238,0.021277,0.066667,0.007937,0,0,0,0,0,0,0,0,no
0.042169,0.095238,0.021277,0.066667,0.007937,0.032258,0,0,0,0,0,0,0,no
0.051205,0.095238,0.042553,0.066667,0.007937,0.032258,0,0,0,0,0,0,0,no
0.01506,0.047619,0.010638,0.066667,0,0,0,0,0,0,0,0,0,no
0.051205,0.047619,0.042553,0.133333,0,0.016129,0,0,0,0,0,0,0,no
0.021084,0.047619,0.021277,0.066667,0.015873,0,0,0,0,0,0,0,0,no
0.039157,0.047619,0.042553,0.133333,0.047619,0.032258,0,0,0,0,0,0,0,no
0.021084,0.047619,0.010638,0.066667,0.007937,0,0,0,0,0,0,0,0,no
0.024096,0,0.010638,0.066667,0.02381,0.032258,0,0,0,0,0,0,0,no
0.03012,0.047619,0.021277,0.066667,0.007937,0,0,0,0,0,0,0,0,no
0.021084,0.047619,0.010638,0.066667,0.007937,0,0,0,0,0,0,0,0,no
0.033133,0.095238,0.021277,0.133333,0.007937,0,0,0,0,0,0,0,0,no
0.01506,0.047619,0.010638,0.066667,0.007937,0,0,0,0,0,0,0,0,no
0.039157,0,0.010638,0.066667,0.007937,0.032258,0,0,0,0,0,0,0,no
0.021084,0.047619,0.010638,0.066667,0.007937,0,0,0,0,0,0,0,0,no
0.027108,0.047619,0.021277,0.066667,0,0,0,0,0,0,0,0,0,no
0.018072,0.047619,0.010638,0.066667,0.007937,0.016129,0,0,0,0,0,0,0,no
0.078313,0.095238,0.053191,0.2,0.015873,0.016129,0,0,0,0,0,0,0,no
0.033133,0.095238,0.010638,0.066667,0.007937,0,0,0,0,0,0,0,0,no
0.024096,0.095238,0.010638,0.066667,0.007937,0.032258,0,0,0,0,0,0,0,no
0.033133,0.095238,0.021277,0.066667,0.007937,0.032258,0,0,0,0,0,0,0,no
0.01506,0.047619,0.010638,0.066667,0,0,0,0,0,0,0,0,0,no
0.051205,0.047619,0.042553,0.133333,0,0.016129,0,0,0,0,0,0,0,no
0.021084,0.047619,0.021277,0.066667,0.015873,0,0,0,0,0,0,0,0,no
0.039157,0.047619,0.042553,0.133333,0.047619,0.032258,0,0,0,0,0,0,0,no
0.021084,0.047619,0.010638,0.066667,0.007937,0,0,0,0,0,0,0,0,no
0.024096,0,0.010638,0.066667,0.02381,0.032258,0,0,0,0,0,0,0,no
0.03012,0.047619,0.021277,0.066667,0.007937,0,0,0,0,0,0,0,0,no
0.021084,0.047619,0.010638,0.066667,0.007937,0,0,0,0,0,0,0,0,no
0.033133,0.095238,0.021277,0.133333,0.007937,0,0,0,0,0,0,0,0,no
0.01506,0.047619,0.010638,0.066667,0.007937,0,0,0,0,0,0,0,0,no
0.039157,0,0.010638,0.066667,0.007937,0.032258,0,0,0,0,0,0,0,no
0.01506,0,0.010638,0.066667,0.007937,0,0,0,0,0,0,0,0,no
0.021084,0.047619,0.010638,0.066667,0.007937,0,0,0,0,0,0,0,0,no
0.027108,0.047619,0.021277,0.066667,0,0,0,0,0,0,0,0,0,no
0.018072,0.047619,0.010638,0.066667,0.007937,0.016129,0,0,0,0,0,0,0,no
0.081325,0.095238,0.053191,0.2,0.015873,0.016129,0,0,0,0,0,0,0,no
0.033133,0.095238,0.010638,0.066667,0.007937,0,0,0,0,0,0,0,0,no
0.027108,0.095238,0.010638,0.066667,0.007937,0.032258,0,0,0,0,0,0,0,no
0.033133,0.095238,0.021277,0.066667,0.007937,0.032258,0,0,0,0,0,0,0,no
0.024096,0.047619,0.021277,0.066667,0,0,0,0,0,0,0,0,0,no
0.081325,0.047619,0.074468,0.133333,0,0.016129,0,0,0,0,0,0,0,no
0.021084,0.047619,0.021277,0.066667,0.015873,0,0,0,0,0,0,0,0,no
0.063253,0.047619,0.074468,0.133333,0.079365,0.064516,0,0,0,0,0,0,0,no
0.027108,0.047619,0.021277,0.066667,0.007937,0,0,0,0,0,0,0,0,no
0.036145,0,0.021277,0.066667,0.047619,0.048387,0,0,0,0,0,0,0,no
0.036145,0.047619,0.031915,0.066667,0.007937,0,0,0,0,0,0,0,0,no
0.021084,0.047619,0.010638,0.066667,0.007937,0,0,0,0,0,0,0,0,no
0.054217,0.095238,0.042553,0.133333,0.007937,0,0,0,0,0,0,0,0,no
0.01506,0.047619,0.010638,0.066667,0.007937,0,0,0,0,0,0,0,0,no
0.01506,0.047619,0.010638,0.066667,0.007937,0,0,0,0,0,0,0,0,no
0.066265,0,0.031915,0.066667,0.007937,0.032258,0,0,0,0,0,0,0,no
0.01506,0,0.010638,0.066667,0.007937,0,0,0,0,0,0,0,0,no
0.021084,0.047619,0.010638,0.066667,0.007937,0,0,0,0,0,0,0,0,no
0.036145,0.047619,0.031915,0.066667,0,0,0,0,0,0,0,0,0,no
0.018072,0.047619,0.010638,0.066667,0.007937,0.016129,0,0,0,0,0,0,0,no
0.108434,0.095238,0.074468,0.2,0.015873,0.016129,0,0,0,0,0,0,0,no
0.048193,0.095238,0.021277,0.066667,0.007937,0,0,0,0,0,0,0,0,no
0.039157,0.095238,0.021277,0.066667,0.007937,0.032258,0,0,0,0,0,0,0,no
0.051205,0.095238,0.042553,0.066667,0.007937,0.032258,0,0,0,0,0,0,0,no
0.033133,0.047619,0.031915,0.066667,0,0,0,0,0,0,0,0,0,no
0.111446,0.047619,0.106383,0.133333,0,0.016129,0,0,0,0,0,0,0,no
0.021084,0.047619,0.021277,0.066667,0.015873,0,0,0,0,0,0,0,0,no
0.087349,0.047619,0.106383,0.133333,0.111111,0.096774,0,0,0,0,0,0,0,no
0.033133,0.047619,0.031915,0.066667,0.007937,0,0,0,0,0,0,0,0,no
0.048193,0,0.031915,0.066667,0.071429,0.064516,0,0,0,0,0,0,0,no
0.042169,0.047619,0.042553,0.066667,0.007937,0,0,0,0,0,0,0,0,no
0.021084,0.047619,0.010638,0.066667,0.007937,0,0,0,0,0,0,0,0,no
0.075301,0.095238,0.06383,0.133333,0.007937,0,0,0,0,0,0,0,0,no
0.01506,0.047619,0.010638,0.066667,0.007937,0,0,0,0,0,0,0,0,no
0.01506,0.047619,0.010638,0.066667,0.007937,0,0,0,0,0,0,0,0,no
0.01506,0.047619,0.010638,0.066667,0.007937,0,0,0,0,0,0,0,0,no
0.093373,0,0.053191,0.066667,0.015873,0.032258,0,0,0,0,0,0,0,no
0.021084,0.047619,0.010638,0.066667,0.007937,0,0,0,0,0,0,0,0,no
0.045181,0.047619,0.042553,0.066667,0,0,0,0,0,0,0,0,0,no
0.018072,0.047619,0.010638,0.066667,0.007937,0.016129,0,0,0,0,0,0,0,no
0.141566,0.095238,0.095745,0.2,0.015873,0.016129,0,0,0,0,0,0,0,no
0.063253,0.095238,0.031915,0.066667,0.007937,0,0,0,0,0,0,0,0,no
0.057229,0.095238,0.031915,0.066667,0.007937,0.032258,0,0,0,0,0,0,0,no
0.069277,0.095238,0.06383,0.066667,0.007937,0.032258,0,0,0,0,0,0,0,no
0.024096,0.047619,0.021277,0.066667,0,0,0,0,0,0,0,0,0,no
0.081325,0.047619,0.074468,0.133333,0,0.016129,0,0,0,0,0,0,0,no
0.021084,0.047619,0.021277,0.066667,0.015873,0,0,0,0,0,0,0,0,no
0.063253,0.047619,0.074468,0.133333,0.079365,0.064516,0,0,0,0,0,0,0,no
0.027108,0.047619,0.021277,0.066667,0.007937,0,0,0,0,0,0,0,0,no
0.036145,0,0.021277,0.066667,0.047619,0.048387,0,0,0,0,0,0,0,no
0.036145,0.047619,0.031915,0.066667,0.007937,0,0,0,0,0,0,0,0,no
0.021084,0.047619,0.010638,0.066667,0.007937,0,0,0,0,0,0,0,0,no
0.054217,0.095238,0.042553,0.133333,0.007937,0,0,0,0,0,0,0,0,no
0.01506,0.047619,0.010638,0.066667,0.007937,0,0,0,0,0,0,0,0,no
0.01506,0.047619,0.010638,0.066667,0.007937,0,0,0,0,0,0,0,0,no
0.066265,0,0.031915,0.066667,0.007937,0.032258,0,0,0,0,0,0,0,no
0.01506,0,0.010638,0.066667,0.007937,0,0,0,0,0,0,0,0,no
0.021084,0.047619,0.010638,0.066667,0.007937,0,0,0,0,0,0,0,0,no
0.036145,0.047619,0.031915,0.066667,0,0,0,0,0,0,0,0,0,no
0.018072,0.047619,0.010638,0.066667,0.007937,0.016129,0,0,0,0,0,0,0,no
0.108434,0.095238,0.074468,0.2,0.015873,0.016129,0,0,0,0,0,0,0,no
0.048193,0.095238,0.021277,0.066667,0.007937,0,0,0,0,0,0,0,0,no
0.039157,0.095238,0.021277,0.066667,0.007937,0.032258,0,0,0,0,0,0,0,no
0.051205,0.095238,0.042553,0.066667,0.007937,0.032258,0,0,0,0,0,0,0,no
0.024096,0.047619,0.021277,0.066667,0,0,0,0,0,0,0,0,0,no
0.081325,0.047619,0.074468,0.133333,0,0.016129,0,0,0,0,0,0,0,no
0.021084,0.047619,0.021277,0.066667,0.015873,0,0,0,0,0,0,0,0,no
0.063253,0.047619,0.074468,0.133333,0.079365,0.064516,0,0,0,0,0,0,0,no
0.027108,0.047619,0.021277,0.066667,0.007937,0,0,0,0,0,0,0,0,no
0.036145,0,0.021277,0.066667,0.047619,0.048387,0,0,0,0,0,0,0,no
0.036145,0.047619,0.031915,0.066667,0.007937,0,0,0,0,0,0,0,0,no
0.021084,0.047619,0.010638,0.066667,0.007937,0,0,0,0,0,0,0,0,no
0.054217,0.095238,0.042553,0.133333,0.007937,0,0,0,0,0,0,0,0,no
0.01506,0.047619,0.010638,0.066667,0.007937,0,0,0,0,0,0,0,0,no
0.01506,0.047619,0.010638,0.066667,0.007937,0,0,0,0,0,0,0,0,no
0.066265,0,0.031915,0.066667,0.007937,0.032258,0,0,0,0,0,0,0,no
0.021084,0.047619,0.010638,0.066667,0.007937,0,0,0,0,0,0,0,0,no
0.036145,0.047619,0.031915,0.066667,0,0,0,0,0,0,0,0,0,no
0.018072,0.047619,0.010638,0.066667,0.007937,0.016129,0,0,0,0,0,0,0,no
0.111446,0.095238,0.074468,0.2,0.015873,0.016129,0,0,0,0,0,0,0,no
0.048193,0.095238,0.021277,0.066667,0.007937,0,0,0,0,0,0,0,0,no
0.042169,0.095238,0.021277,0.066667,0.007937,0.032258,0,0,0,0,0,0,0,no
0.051205,0.095238,0.042553,0.066667,0.007937,0.032258,0,0,0,0,0,0,0,no
0.024096,0.047619,0.021277,0.066667,0,0,0,0,0,0,0,0,0,no
0.081325,0.047619,0.074468,0.133333,0,0.016129,0,0,0,0,0,0,0,no
0.021084,0.047619,0.021277,0.066667,0.015873,0,0,0,0,0,0,0,0,no
0.063253,0.047619,0.074468,0.133333,0.079365,0.064516,0,0,0,0,0,0,0,no
0.027108,0.047619,0.021277,0.066667,0.007937,0,0,0,0,0,0,0,0,no
0.036145,0,0.021277,0.066667,0.047619,0.048387,0,0,0,0,0,0,0,no
0.036145,0.047619,0.031915,0.066667,0.007937,0,0,0,0,0,0,0,0,no
0.021084,0.047619,0.010638,0.066667,0.007937,0,0,0,0,0,0,0,0,no
0.054217,0.095238,0.042553,0.133333,0.007937,0,0,0,0,0,0,0,0,no
0.01506,0.047619,0.010638,0.066667,0.007937,0,0,0,0,0,0,0,0,no
0.01506,0.047619,0.010638,0.066667,0.007937,0,0,0,0,0,0,0,0,no
0.066265,0,0.031915,0.066667,0.007937,0.032258,0,0,0,0,0,0,0,no
0.01506,0,0.010638,0.066667,0.007937,0,0,0,0,0,0,0,0,no
0.021084,0.047619,0.010638,0.066667,0.007937,0,0,0,0,0,0,0,0,no
0.036145,0.047619,0.031915,0.066667,0,0,0,0,0,0,0,0,0,no
0.018072,0.047619,0.010638,0.066667,0.007937,0.016129,0,0,0,0,0,0,0,no
0.108434,0.095238,0.074468,0.2,0.015873,0.016129,0,0,0,0,0,0,0,no
0.048193,0.095238,0.021277,0.066667,0.007937,0,0,0,0,0,0,0,0,no
0.039157,0.095238,0.021277,0.066667,0.007937,0.032258,0,0,0,0,0,0,0,no
0.051205,0.095238,0.042553,0.066667,0.007937,0.032258,0,0,0,0,0,0,0,no
0.021084,0.047619,0.010638,0.066667,0.007937,0.016129,0,0,0,0,0,0,0,no
0.021084,0.047619,0.021277,0.066667,0.015873,0,0,0,0,0,0,0,0,no
0.01506,0.047619,0.010638,0.066667,0.02381,0,0,0,0,0,0,0,0,no
0.01506,0.047619,0,0.066667,0.015873,0,0,0,0,0,0,0,0,no
0.024096,0.047619,0.010638,0.066667,0.015873,0,0,0,0,0,0,0,0,no
0.021084,0.047619,0.010638,0.066667,0.007937,0,0,0,0,0,0,0,0,no
0.012048,0.095238,0,0.066667,0.015873,0,0,0,0,0,0,0,0,no
0.021084,0.047619,0.010638,0.066667,0.007937,0,0,0,0,0,0,0,0,no
0.018072,0.047619,0.010638,0.066667,0,0,0,0,0,0,0,0,0,no
0.018072,0.047619,0.010638,0.066667,0.007937,0.016129,0,0,0,0,0,0,0,no
0.051205,0.095238,0.031915,0.133333,0.015873,0.016129,0,0,0,0,0,0,0,no
0.024096,0.047619,0.021277,0.066667,0,0,0,0,0,0,0,0,0,no
0.081325,0.047619,0.074468,0.133333,0,0.016129,0,0,0,0,0,0,0,no
0.021084,0.047619,0.021277,0.066667,0.015873,0,0,0,0,0,0,0,0,no
0.063253,0.047619,0.074468,0.133333,0.079365,0.064516,0,0,0,0,0,0,0,no
0.027108,0.047619,0.021277,0.066667,0.007937,0,0,0,0,0,0,0,0,no
0.036145,0,0.021277,0.066667,0.047619,0.048387,0,0,0,0,0,0,0,no
0.036145,0.047619,0.031915,0.066667,0.007937,0,0,0,0,0,0,0,0,no
0.021084,0.047619,0.010638,0.066667,0.007937,0,0,0,0,0,0,0,0,no
0.054217,0.095238,0.042553,0.133333,0.007937,0,0,0,0,0,0,0,0,no
0.01506,0.047619,0.010638,0.066667,0.007937,0,0,0,0,0,0,0,0,no
0.01506,0.047619,0.010638,0.066667,0.007937,0,0,0,0,0,0,0,0,no
0.066265,0,0.031915,0.066667,0.007937,0.032258,0,0,0,0,0,0,0,no
0.01506,0,0.010638,0.066667,0.007937,0,0,0,0,0,0,0,0,no
0.021084,0.047619,0.010638,0.066667,0.007937,0,0,0,0,0,0,0,0,no
0.036145,0.047619,0.031915,0.066667,0,0,0,0,0,0,0,0,0,no
0.018072,0.047619,0.010638,0.066667,0.007937,0.016129,0,0,0,0,0,0,0,no
0.108434,0.095238,0.074468,0.2,0.015873,0.016129,0,0,0,0,0,0,0,no
0.048193,0.095238,0.021277,0.066667,0.007937,0,0,0,0,0,0,0,0,no
0.039157,0.095238,0.021277,0.066667,0.007937,0.032258,0,0,0,0,0,0,0,no
0.051205,0.095238,0.042553,0.066667,0.007937,0.032258,0,0,0,0,0,0,0,no
0.021084,0.047619,0.010638,0.066667,0.007937,0.016129,0,0,0,0,0,0,0,no
0.021084,0.047619,0.021277,0.066667,0.015873,0,0,0,0,0,0,0,0,no
0.01506,0.047619,0.010638,0.066667,0.02381,0,0,0,0,0,0,0,0,no
0.01506,0.047619,0,0.066667,0.015873,0,0,0,0,0,0,0,0,no
0.024096,0.047619,0.010638,0.066667,0.015873,0,0,0,0,0,0,0,0,no
0.021084,0.047619,0.010638,0.066667,0.007937,0,0,0,0,0,0,0,0,no
0.012048,0.095238,0,0.066667,0.015873,0,0,0,0,0,0,0,0,no
0.021084,0.047619,0.010638,0.066667,0.007937,0,0,0,0,0,0,0,0,no
0.018072,0.047619,0.010638,0.066667,0,0,0,0,0,0,0,0,0,no
0.018072,0.047619,0.010638,0.066667,0.007937,0.016129,0,0,0,0,0,0,0,no
0.051205,0.095238,0.031915,0.133333,0.015873,0.016129,0,0,0,0,0,0,0,no
0.051205,0.047619,0.053191,0.066667,0,0,0,0,0,0,0,0,0,no
0.171687,0.047619,0.170213,0.133333,0,0.016129,0,0,0,0,0,0,0,no
0.021084,0.047619,0.021277,0.066667,0.015873,0,0,0,0,0,0,0,0,no
0.135542,0.047619,0.170213,0.133333,0.174603,0.16129,0,0,0,0,0,0,0,no
0.045181,0.047619,0.053191,0.066667,0.007937,0,0,0,0,0,0,0,0,no
0.072289,0,0.053191,0.066667,0.119048,0.096774,0,0,0,0,0,0,0,no
0.054217,0.047619,0.06383,0.066667,0.007937,0,0,0,0,0,0,0,0,no
0.021084,0.047619,0.010638,0.066667,0.007937,0,0,0,0,0,0,0,0,no
0.11747,0.095238,0.106383,0.133333,0.007937,0,0,0,0,0,0,0,0,no
0.01506,0.047619,0.010638,0.066667,0.007937,0,0,0,0,0,0,0,0,no
0.01506,0.047619,0.010638,0.066667,0.007937,0,0,0,0,0,0,0,0,no
0.01506,0.047619,0.010638,0.066667,0.007937,0,0,0,0,0,0,0,0,no
0.01506,0.047619,0.010638,0.066667,0.007937,0,0,0,0,0,0,0,0,no
0.01506,0.047619,0.010638,0.066667,0.007937,0,0,0,0,0,0,0,0,no
0.14759,0,0.095745,0.066667,0.031746,0.032258,0,0,0,0,0,0,0,no
0.024096,0,0.021277,0.066667,0.007937,0,0,0,0,0,0,0,0,no
0.021084,0.047619,0.010638,0.066667,0.007937,0,0,0,0,0,0,0,0,no
0.063253,0.047619,0.06383,0.066667,0,0,0,0,0,0,0,0,0,no
0.018072,0.047619,0.010638,0.066667,0.007937,0.016129,0,0,0,0,0,0,0,no
0.192771,0.095238,0.138298,0.2,0.015873,0.016129,0,0,0,0,0,0,0,no
0.093373,0.095238,0.053191,0.066667,0.007937,0,0,0,0,0,0,0,0,no
0.078313,0.095238,0.053191,0.066667,0.007937,0.032258,0,0,0,0,0,0,0,no
0.105422,0.095238,0.106383,0.066667,0.007937,0.032258,0,0,0,0,0,0,0,no
0.033133,0.047619,0.031915,0.066667,0,0,0,0,0,0,0,0,0,no
0.111446,0.047619,0.106383,0.133333,0,0.016129,0,0,0,0,0,0,0,no
0.021084,0.047619,0.021277,0.066667,0.015873,0,0,0,0,0,0,0,0,no
0.087349,0.047619,0.106383,0.133333,0.111111,0.096774,0,0,0,0,0,0,0,no
0.033133,0.047619,0.031915,0.066667,0.007937,0,0,0,0,0,0,0,0,no
0.048193,0,0.031915,0.066667,0.071429,0.064516,0,0,0,0,0,0,0,no
0.042169,0.047619,0.042553,0.066667,0.007937,0,0,0,0,0,0,0,0,no
0.021084,0.047619,0.010638,0.066667,0.007937,0,0,0,0,0,0,0,0,no
0.075301,0.095238,0.06383,0.133333,0.007937,0,0,0,0,0,0,0,0,no
0.01506,0.047619,0.010638,0.066667,0.007937,0,0,0,0,0,0,0,0,no
0.01506,0.047619,0.010638,0.066667,0.007937,0,0,0,0,0,0,0,0,no
0.01506,0.047619,0.010638,0.066667,0.007937,0,0,0,0,0,0,0,0,no
0.093373,0,0.053191,0.066667,0.015873,0.032258,0,0,0,0,0,0,0,no
0.021084,0.047619,0.010638,0.066667,0.007937,0,0,0,0,0,0,0,0,no
0.045181,0.047619,0.042553,0.066667,0,0,0,0,0,0,0,0,0,no
0.018072,0.047619,0.010638,0.066667,0.007937,0.016129,0,0,0,0,0,0,0,no
0.141566,0.095238,0.095745,0.2,0.015873,0.016129,0,0,0,0,0,0,0,no
0.063253,0.095238,0.031915,0.066667,0.007937,0,0,0,0,0,0,0,0,no
0.057229,0.095238,0.031915,0.066667,0.007937,0.032258,0,0,0,0,0,0,0,no
0.069277,0.095238,0.06383,0.066667,0.007937,0.032258,0,0,0,0,0,0,0,no
0.042169,0.047619,0.042553,0.066667,0,0,0,0,0,0,0,0,0,no
0.141566,0.047619,0.138298,0.133333,0,0.016129,0,0,0,0,0,0,0,no
0.021084,0.047619,0.021277,0.066667,0.015873,0,0,0,0,0,0,0,0,no
0.111446,0.047619,0.138298,0.133333,0.142857,0.129032,0,0,0,0,0,0,0,no
0.039157,0.047619,0.042553,0.066667,0.007937,0,0,0,0,0,0,0,0,no
0.060241,0,0.042553,0.066667,0.095238,0.080645,0,0,0,0,0,0,0,no
0.048193,0.047619,0.053191,0.066667,0.007937,0,0,0,0,0,0,0,0,no
0.021084,0.047619,0.010638,0.066667,0.007937,0,0,0,0,0,0,0,0,no
0.096386,0.095238,0.085106,0.133333,0.007937,0,0,0,0,0,0,0,0,no
0.01506,0.047619,0.010638,0.066667,0.007937,0,0,0,0,0,0,0,0,no
0.01506,0.047619,0.010638,0.066667,0.007937,0,0,0,0,0,0,0,0,no
0.01506,0.047619,0.010638,0.066667,0.007937,0,0,0,0,0,0,0,0,no
0.01506,0.047619,0.010638,0.066667,0.007937,0,0,0,0,0,0,0,0,no
0.120482,0,0.074468,0.066667,0.02381,0.032258,0,0,0,0,0,0,0,no
0.01506,0,0.010638,0.066667,0.007937,0,0,0,0,0,0,0,0,no
0.021084,0.047619,0.010638,0.066667,0.007937,0,0,0,0,0,0,0,0,no
0.054217,0.047619,0.053191,0.066667,0,0,0,0,0,0,0,0,0,no
0.018072,0.047619,0.010638,0.066667,0.007937,0.016129,0,0,0,0,0,0,0,no
0.162651,0.095238,0.117021,0.2,0.015873,0.016129,0,0,0,0,0,0,0,no
0.078313,0.095238,0.042553,0.066667,0.007937,0,0,0,0,0,0,0,0,no
0.063253,0.095238,0.042553,0.066667,0.007937,0.032258,0,0,0,0,0,0,0,no
0.087349,0.095238,0.085106,0.066667,0.007937,0.032258,0,0,0,0,0,0,0,no
0.033133,0.047619,0.031915,0.066667,0,0,0,0,0,0,0,0,0,no
0.111446,0.047619,0.106383,0.133333,0,0.016129,0,0,0,0,0,0,0,no
0.021084,0.047619,0.021277,0.066667,0.015873,0,0,0,0,0,0,0,0,no
0.087349,0.047619,0.106383,0.133333,0.111111,0.096774,0,0,0,0,0,0,0,no
0.033133,0.047619,0.031915,0.066667,0.007937,0,0,0,0,0,0,0,0,no
0.048193,0,0.031915,0.066667,0.071429,0.064516,0,0,0,0,0,0,0,no
0.042169,0.047619,0.042553,0.066667,0.007937,0,0,0,0,0,0,0,0,no
0.021084,0.047619,0.010638,0.066667,0.007937,0,0,0,0,0,0,0,0,no
0.075301,0.095238,0.06383,0.133333,0.007937,0,0,0,0,0,0,0,0,no
0.01506,0.047619,0.010638,0.066667,0.007937,0,0,0,0,0,0,0,0,no
0.01506,0.047619,0.010638,0.066667,0.007937,0,0,0,0,0,0,0,0,no
0.01506,0.047619,0.010638,0.066667,0.007937,0,0,0,0,0,0,0,0,no
0.093373,0,0.053191,0.066667,0.015873,0.032258,0,0,0,0,0,0,0,no
0.021084,0.047619,0.010638,0.066667,0.007937,0,0,0,0,0,0,0,0,no
0.045181,0.047619,0.042553,0.066667,0,0,0,0,0,0,0,0,0,no
0.018072,0.047619,0.010638,0.066667,0.007937,0.016129,0,0,0,0,0,0,0,no
0.141566,0.095238,0.095745,0.2,0.015873,0.016129,0,0,0,0,0,0,0,no
0.063253,0.095238,0.031915,0.066667,0.007937,0,0,0,0,0,0,0,0,no
0.057229,0.095238,0.031915,0.066667,0.007937,0.032258,0,0,0,0,0,0,0,no
0.069277,0.095238,0.06383,0.066667,0.007937,0.032258,0,0,0,0,0,0,0,no
0.021084,0.047619,0.010638,0.066667,0,0,0,0,0,0,0,0,0,no
0.081325,0.047619,0.074468,0.133333,0,0.016129,0,0,0,0,0,0,0,no
0.021084,0.047619,0.021277,0.066667,0.015873,0,0,0,0,0,0,0,0,no
0.063253,0.047619,0.074468,0.133333,0.079365,0.064516,0,0,0,0,0,0,0,no
0.027108,0.047619,0.021277,0.066667,0.007937,0,0,0,0,0,0,0,0,no
0.036145,0,0.021277,0.066667,0.039683,0.048387,0,0,0,0,0,0,0,no
0.036145,0.047619,0.031915,0.066667,0.007937,0,0,0,0,0,0,0,0,no
0.024096,0.047619,0.010638,0.066667,0.007937,0,0,0,0,0,0,0,0,no
0.054217,0.095238,0.042553,0.133333,0.007937,0,0,0,0,0,0,0,0,no
0.01506,0.047619,0.010638,0.066667,0.007937,0,0,0,0,0,0,0,0,no
0.054217,0,0.021277,0.066667,0.007937,0.032258,0,0,0,0,0,0,0,no
0.021084,0.047619,0.010638,0.066667,0.007937,0,0,0,0,0,0,0,0,no
0.036145,0.047619,0.031915,0.066667,0,0,0,0,0,0,0,0,0,no
0.018072,0.047619,0.010638,0.066667,0.007937,0.016129,0,0,0,0,0,0,0,no
0.105422,0.095238,0.074468,0.2,0.015873,0.016129,0,0,0,0,0,0,0,no
0.042169,0.095238,0.010638,0.066667,0.007937,0,0,0,0,0,0,0,0,no
0.036145,0.095238,0.021277,0.066667,0.007937,0.032258,0,0,0,0,0,0,0,no
0.051205,0.095238,0.042553,0.066667,0.007937,0.032258,0,0,0,0,0,0,0,no
0.03012,0.047619,0.021277,0.066667,0,0,0,0,0,0,0,0,0,no
0.111446,0.047619,0.106383,0.133333,0,0.016129,0,0,0,0,0,0,0,no
0.021084,0.047619,0.021277,0.066667,0.015873,0,0,0,0,0,0,0,0,no
0.087349,0.047619,0.106383,0.133333,0.111111,0.096774,0,0,0,0,0,0,0,no
0.033133,0.047619,0.031915,0.066667,0.007937,0,0,0,0,0,0,0,0,no
0.048193,0,0.031915,0.066667,0.063492,0.064516,0,0,0,0,0,0,0,no
0.042169,0.047619,0.042553,0.066667,0.007937,0,0,0,0,0,0,0,0,no
0.024096,0.047619,0.010638,0.066667,0.007937,0,0,0,0,0,0,0,0,no
0.075301,0.095238,0.06383,0.133333,0.007937,0,0,0,0,0,0,0,0,no
0.01506,0.047619,0.010638,0.066667,0.007937,0,0,0,0,0,0,0,0,no
0.01506,0.047619,0.010638,0.066667,0.007937,0,0,0,0,0,0,0,0,no
0.081325,0,0.042553,0.066667,0.015873,0.032258,0,0,0,0,0,0,0,no
0.021084,0.047619,0.010638,0.066667,0.007937,0,0,0,0,0,0,0,0,no
0.045181,0.047619,0.042553,0.066667,0,0,0,0,0,0,0,0,0,no
0.018072,0.047619,0.010638,0.066667,0.007937,0.016129,0,0,0,0,0,0,0,no
0.138554,0.095238,0.095745,0.2,0.015873,0.016129,0,0,0,0,0,0,0,no
0.063253,0.095238,0.031915,0.066667,0.007937,0,0,0,0,0,0,0,0,no
0.054217,0.095238,0.031915,0.066667,0.007937,0.032258,0,0,0,0,0,0,0,no
0.069277,0.095238,0.06383,0.066667,0.007937,0.032258,0,0,0,0,0,0,0,no
0.024096,0.047619,0.021277,0.066667,0,0,0,0,0,0,0,0,0,no
0.081325,0.047619,0.074468,0.133333,0,0.016129,0,0,0,0,0,0,0,no
0.021084,0.047619,0.021277,0.066667,0.015873,0,0,0,0,0,0,0,0,no
0.063253,0.047619,0.074468,0.133333,0.079365,0.064516,0,0,0,0,0,0,0,no
0.027108,0.047619,0.021277,0.066667,0.007937,0,0,0,0,0,0,0,0,no
0.036145,0,0.021277,0.066667,0.047619,0.048387,0,0,0,0,0,0,0,no
0.036145,0.047619,0.031915,0.066667,0.007937,0,0,0,0,0,0,0,0,no
0.021084,0.047619,0.010638,0.066667,0.007937,0,0,0,0,0,0,0,0,no
0.054217,0.095238,0.042553,0.133333,0.007937,0,0,0,0,0,0,0,0,no
0.01506,0.047619,0.010638,0.066667,0.007937,0,0,0,0,0,0,0,0,no
0.01506,0.047619,0.010638,0.066667,0.007937,0,0,0,0,0,0,0,0,no
0.066265,0,0.031915,0.066667,0.007937,0.032258,0,0,0,0,0,0,0,no
0.021084,0.047619,0.010638,0.066667,0.007937,0,0,0,0,0,0,0,0,no
0.036145,0.047619,0.031915,0.066667,0,0,0,0,0,0,0,0,0,no
0.018072,0.047619,0.010638,0.066667,0.007937,0.016129,0,0,0,0,0,0,0,no
0.105422,0.095238,0.074468,0.2,0.015873,0.016129,0,0,0,0,0,0,0,no
0.048193,0.095238,0.021277,0.066667,0.007937,0,0,0,0,0,0,0,0,no
0.036145,0.095238,0.021277,0.066667,0.007937,0.032258,0,0,0,0,0,0,0,no
0.051205,0.095238,0.042553,0.066667,0.007937,0.032258,0,0,0,0,0,0,0,no
0.01506,0.047619,0.010638,0.066667,0,0,0,0,0,0,0,0,0,no
0.051205,0.047619,0.042553,0.133333,0,0.016129,0,0,0,0,0,0,0,no
0.021084,0.047619,0.021277,0.066667,0.015873,0,0,0,0,0,0,0,0,no
0.039157,0.047619,0.042553,0.133333,0.047619,0.032258,0,0,0,0,0,0,0,no
0.021084,0.047619,0.010638,0.066667,0.007937,0,0,0,0,0,0,0,0,no
0.024096,0,0.010638,0.066667,0.02381,0.032258,0,0,0,0,0,0,0,no
0.03012,0.047619,0.021277,0.066667,0.007937,0,0,0,0,0,0,0,0,no
0.021084,0.047619,0.010638,0.066667,0.007937,0,0,0,0,0,0,0,0,no
0.033133,0.095238,0.021277,0.133333,0.007937,0,0,0,0,0,0,0,0,no
0.01506,0.047619,0.010638,0.066667,0.007937,0,0,0,0,0,0,0,0,no
0.039157,0,0.010638,0.066667,0.007937,0.032258,0,0,0,0,0,0,0,no
0.021084,0.047619,0.010638,0.066667,0.007937,0,0,0,0,0,0,0,0,no
0.027108,0.047619,0.021277,0.066667,0,0,0,0,0,0,0,0,0,no
0.018072,0.047619,0.010638,0.066667,0.007937,0.016129,0,0,0,0,0,0,0,no
0.081325,0.095238,0.053191,0.2,0.015873,0.016129,0,0,0,0,0,0,0,no
0.033133,0.095238,0.010638,0.066667,0.007937,0,0,0,0,0,0,0,0,no
0.027108,0.095238,0.010638,0.066667,0.007937,0.032258,0,0,0,0,0,0,0,no
0.033133,0.095238,0.021277,0.066667,0.007937,0.032258,0,0,0,0,0,0,0,no
0.024096,0.047619,0.021277,0.066667,0,0,0,0,0,0,0,0,0,no
0.081325,0.047619,0.074468,0.133333,0,0.016129,0,0,0,0,0,0,0,no
0.021084,0.047619,0.021277,0.066667,0.015873,0,0,0,0,0,0,0,0,no
0.063253,0.047619,0.074468,0.133333,0.079365,0.064516,0,0,0,0,0,0,0,no
0.027108,0.047619,0.021277,0.066667,0.007937,0,0,0,0,0,0,0,0,no
0.036145,0,0.021277,0.066667,0.047619,0.048387,0,0,0,0,0,0,0,no
0.036145,0.047619,0.031915,0.066667,0.007937,0,0,0,0,0,0,0,0,no
0.021084,0.047619,0.010638,0.066667,0.007937,0,0,0,0,0,0,0,0,no
0.054217,0.095238,0.042553,0.133333,0.007937,0,0,0,0,0,0,0,0,no
0.01506,0.047619,0.010638,0.066667,0.007937,0,0,0,0,0,0,0,0,no
0.01506,0.047619,0.010638,0.066667,0.007937,0,0,0,0,0,0,0,0,no
0.066265,0,0.031915,0.066667,0.007937,0.032258,0,0,0,0,0,0,0,no
0.021084,0.047619,0.010638,0.066667,0.007937,0,0,0,0,0,0,0,0,no
0.036145,0.047619,0.031915,0.066667,0,0,0,0,0,0,0,0,0,no
0.018072,0.047619,0.010638,0.066667,0.007937,0.016129,0,0,0,0,0,0,0,no
0.105422,0.095238,0.074468,0.2,0.015873,0.016129,0,0,0,0,0,0,0,no
0.048193,0.095238,0.021277,0.066667,0.007937,0,0,0,0,0,0,0,0,no
0.036145,0.095238,0.021277,0.066667,0.007937,0.032258,0,0,0,0,0,0,0,no
0.051205,0.095238,0.042553,0.066667,0.007937,0.032258,0,0,0,0,0,0,0,no
0.01506,0.047619,0.010638,0.066667,0,0,0,0,0,0,0,0,0,no
0.051205,0.047619,0.042553,0.133333,0,0.016129,0,0,0,0,0,0,0,no
0.021084,0.047619,0.021277,0.066667,0.015873,0,0,0,0,0,0,0,0,no
0.039157,0.047619,0.042553,0.133333,0.047619,0.032258,0,0,0,0,0,0,0,no
0.021084,0.047619,0.010638,0.066667,0.007937,0,0,0,0,0,0,0,0,no
0.024096,0,0.010638,0.066667,0.02381,0.032258,0,0,0,0,0,0,0,no
0.03012,0.047619,0.021277,0.066667,0.007937,0,0,0,0,0,0,0,0,no
0.021084,0.047619,0.010638,0.066667,0.007937,0,0,0,0,0,0,0,0,no
0.033133,0.095238,0.021277,0.133333,0.007937,0,0,0,0,0,0,0,0,no
0.01506,0.047619,0.010638,0.066667,0.007937,0,0,0,0,0,0,0,0,no
0.039157,0,0.010638,0.066667,0.007937,0.032258,0,0,0,0,0,0,0,no
0.021084,0.047619,0.010638,0.066667,0.007937,0,0,0,0,0,0,0,0,no
0.027108,0.047619,0.021277,0.066667,0,0,0,0,0,0,0,0,0,no
0.018072,0.047619,0.010638,0.066667,0.007937,0.016129,0,0,0,0,0,0,0,no
0.081325,0.095238,0.053191,0.2,0.015873,0.016129,0,0,0,0,0,0,0,no
0.033133,0.095238,0.010638,0.066667,0.007937,0,0,0,0,0,0,0,0,no
0.027108,0.095238,0.010638,0.066667,0.007937,0.032258,0,0,0,0,0,0,0,no
0.033133,0.095238,0.021277,0.066667,0.007937,0.032258,0,0,0,0,0,0,0,no
0.024096,0.047619,0.021277,0.066667,0,0,0,0,0,0,0,0,0,no
0.081325,0.047619,0.074468,0.133333,0,0.016129,0,0,0,0,0,0,0,no
0.021084,0.047619,0.021277,0.066667,0.015873,0,0,0,0,0,0,0,0,no
0.063253,0.047619,0.074468,0.133333,0.079365,0.064516,0,0,0,0,0,0,0,no
0.027108,0.047619,0.021277,0.066667,0.007937,0,0,0,0,0,0,0,0,no
0.036145,0,0.021277,0.066667,0.047619,0.048387,0,0,0,0,0,0,0,no
0.036145,0.047619,0.031915,0.066667,0.007937,0,0,0,0,0,0,0,0,no
0.021084,0.047619,0.010638,0.066667,0.007937,0,0,0,0,0,0,0,0,no
0.054217,0.095238,0.042553,0.133333,0.007937,0,0,0,0,0,0,0,0,no
0.01506,0.047619,0.010638,0.066667,0.007937,0,0,0,0,0,0,0,0,no
0.01506,0.047619,0.010638,0.066667,0.007937,0,0,0,0,0,0,0,0,no
0.066265,0,0.031915,0.066667,0.007937,0.032258,0,0,0,0,0,0,0,no
0.01506,0,0.010638,0.066667,0.007937,0,0,0,0,0,0,0,0,no
0.021084,0.047619,0.010638,0.066667,0.007937,0,0,0,0,0,0,0,0,no
0.036145,0.047619,0.031915,0.066667,0,0,0,0,0,0,0,0,0,no
0.018072,0.047619,0.010638,0.066667,0.007937,0.016129,0,0,0,0,0,0,0,no
0.108434,0.095238,0.074468,0.2,0.015873,0.016129,0,0,0,0,0,0,0,no
0.048193,0.095238,0.021277,0.066667,0.007937,0,0,0,0,0,0,0,0,no
0.039157,0.095238,0.021277,0.066667,0.007937,0.032258,0,0,0,0,0,0,0,no
0.051205,0.095238,0.042553,0.066667,0.007937,0.032258,0,0,0,0,0,0,0,no
0.033133,0.047619,0.031915,0.066667,0,0,0,0,0,0,0,0,0,no
0.111446,0.047619,0.106383,0.133333,0,0.016129,0,0,0,0,0,0,0,no
0.021084,0.047619,0.021277,0.066667,0.015873,0,0,0,0,0,0,0,0,no
0.087349,0.047619,0.106383,0.133333,0.111111,0.096774,0,0,0,0,0,0,0,no
0.033133,0.047619,0.031915,0.066667,0.007937,0,0,0,0,0,0,0,0,no
0.048193,0,0.031915,0.066667,0.071429,0.064516,0,0,0,0,0,0,0,no
0.042169,0.047619,0.042553,0.066667,0.007937,0,0,0,0,0,0,0,0,no
0.021084,0.047619,0.010638,0.066667,0.007937,0,0,0,0,0,0,0,0,no
0.075301,0.095238,0.06383,0.133333,0.007937,0,0,0,0,0,0,0,0,no
0.01506,0.047619,0.010638,0.066667,0.007937,0,0,0,0,0,0,0,0,no
0.01506,0.047619,0.010638,0.066667,0.007937,0,0,0,0,0,0,0,0,no
0.01506,0.047619,0.010638,0.066667,0.007937,0,0,0,0,0,0,0,0,no
0.093373,0,0.053191,0.066667,0.015873,0.032258,0,0,0,0,0,0,0,no
0.021084,0.047619,0.010638,0.066667,0.007937,0,0,0,0,0,0,0,0,no
0.045181,0.047619,0.042553,0.066667,0,0,0,0,0,0,0,0,0,no
0.018072,0.047619,0.010638,0.066667,0.007937,0.016129,0,0,0,0,0,0,0,no
0.141566,0.095238,0.095745,0.2,0.015873,0.016129,0,0,0,0,0,0,0,no
0.063253,0.095238,0.031915,0.066667,0.007937,0,0,0,0,0,0,0,0,no
0.057229,0.095238,0.031915,0.066667,0.007937,0.032258,0,0,0,0,0,0,0,no
0.069277,0.095238,0.06383,0.066667,0.007937,0.032258,0,0,0,0,0,0,0,no
0.036145,0.047619,0.021277,0.066667,0,0,0,0,0,0,0,0,0,no
0.171687,0.047619,0.170213,0.133333,0,0.016129,0,0,0,0,0,0,0,no
0.135542,0.047619,0.170213,0.133333,0.174603,0.16129,0,0,0,0,0,0,0,no
0.021084,0.047619,0.021277,0.066667,0.015873,0,0,0,0,0,0,0,0,no
0.045181,0.047619,0.053191,0.066667,0.007937,0,0,0,0,0,0,0,0,no
0.072289,0,0.053191,0.066667,0.095238,0.096774,0,0,0,0,0,0,0,no
0.054217,0.047619,0.06383,0.066667,0.007937,0,0,0,0,0,0,0,0,no
0.024096,0.047619,0.010638,0.066667,0.007937,0,0,0,0,0,0,0,0,no
0.11747,0.095238,0.106383,0.133333,0.007937,0,0,0,0,0,0,0,0,no
0.01506,0.047619,0.010638,0.066667,0.007937,0,0,0,0,0,0,0,0,no
0.01506,0.047619,0.010638,0.066667,0.007937,0,0,0,0,0,0,0,0,no
0.111446,0,0.06383,0.066667,0.031746,0.032258,0,0,0,0,0,0,0,no
0.051205,0,0.053191,0.066667,0.047619,0,0,0,0,0,0,0,0,no
0.021084,0.047619,0.010638,0.066667,0.007937,0,0,0,0,0,0,0,0,no
0.186747,0.095238,0.138298,0.2,0.015873,0.016129,0,0,0,0,0,0,0,no
0.075301,0.095238,0.021277,0.066667,0.007937,0,0,0,0,0,0,0,0,no
0.063253,0.047619,0.06383,0.066667,0,0,0,0,0,0,0,0,0,no
0.018072,0.047619,0.010638,0.066667,0.007937,0.016129,0,0,0,0,0,0,0,no
0.027108,0.047619,0.021277,0.066667,0.007937,0.016129,0,0,0,0,0,0,0,no
0.018072,0.047619,0.010638,0.066667,0.007937,0,0,0,0,0,0,0,0,no
0.081325,0.047619,0.074468,0.133333,0,0.016129,0,0,0,0,0,0,0,no
0.063253,0.047619,0.074468,0.133333,0.079365,0.064516,0,0,0,0,0,0,0,no
0.021084,0.047619,0.021277,0.066667,0.015873,0,0,0,0,0,0,0,0,no
0.027108,0.047619,0.021277,0.066667,0.007937,0,0,0,0,0,0,0,0,no
0.036145,0,0.021277,0.066667,0.047619,0.048387,0,0,0,0,0,0,0,no
0.036145,0.047619,0.031915,0.066667,0.007937,0,0,0,0,0,0,0,0,no
0.021084,0.047619,0.010638,0.066667,0.007937,0,0,0,0,0,0,0,0,no
0.054217,0.095238,0.042553,0.133333,0.007937,0,0,0,0,0,0,0,0,no
0.01506,0.047619,0.010638,0.066667,0.007937,0,0,0,0,0,0,0,0,no
0.01506,0.047619,0.010638,0.066667,0.007937,0,0,0,0,0,0,0,0,no
0.066265,0,0.031915,0.066667,0.007937,0.032258,0,0,0,0,0,0,0,no
0.024096,0,0.021277,0.066667,0.02381,0,0,0,0,0,0,0,0,no
0.021084,0.047619,0.010638,0.066667,0.007937,0,0,0,0,0,0,0,0,no
0.13253,0.095238,0.085106,0.266667,0.039683,0.064516,0.055556,0.125,0.001685,0.001775,0.008621,0.008621,0,no
0.066265,0.095238,0.031915,0.133333,0.015873,0.016129,0.055556,0.125,0.001685,0.001775,0.008621,0.008621,0,no
0.045181,0.095238,0.010638,0.066667,0.031746,0.064516,0.055556,0.125,0.001685,0.001775,0.008621,0.008621,0,no
0.03012,0.095238,0.010638,0.066667,0.015873,0.032258,0.055556,0.125,0.001685,0.001775,0.008621,0.008621,0,no
0.036145,0.047619,0.031915,0.066667,0,0,0,0,0,0,0,0,0,no
0.018072,0.047619,0.010638,0.066667,0.007937,0.016129,0,0,0,0,0,0,0,no
0.01506,0.047619,0.010638,0.066667,0,0,0,0,0,0,0,0,0,no
0.051205,0.047619,0.042553,0.133333,0,0.016129,0,0,0,0,0,0,0,no
0.039157,0.047619,0.042553,0.133333,0.047619,0.032258,0,0,0,0,0,0,0,no
0.021084,0.047619,0.021277,0.066667,0.015873,0,0,0,0,0,0,0,0,no
0.021084,0.047619,0.010638,0.066667,0.007937,0,0,0,0,0,0,0,0,no
0.024096,0,0.010638,0.066667,0.02381,0.032258,0,0,0,0,0,0,0,no
0.03012,0.047619,0.021277,0.066667,0.007937,0,0,0,0,0,0,0,0,no
0.021084,0.047619,0.010638,0.066667,0.007937,0,0,0,0,0,0,0,0,no
0.033133,0.095238,0.021277,0.133333,0.007937,0,0,0,0,0,0,0,0,no
0.01506,0.047619,0.010638,0.066667,0.007937,0,0,0,0,0,0,0,0,no
0.039157,0,0.010638,0.066667,0.007937,0.032258,0,0,0,0,0,0,0,no
0.01506,0,0.010638,0.066667,0.015873,0,0,0,0,0,0,0,0,no
0.021084,0.047619,0.010638,0.066667,0.007937,0,0,0,0,0,0,0,0,no
0.078313,0.095238,0.053191,0.2,0.015873,0.016129,0,0,0,0,0,0,0,no
0.033133,0.095238,0.010638,0.066667,0.007937,0,0,0,0,0,0,0,0,no
0.027108,0.047619,0.021277,0.066667,0,0,0,0,0,0,0,0,0,no
0.018072,0.047619,0.010638,0.066667,0.007937,0.016129,0,0,0,0,0,0,0,no
0.021084,0.047619,0.010638,0.066667,0.007937,0.016129,0,0,0,0,0,0,0,no
0.01506,0.047619,0.010638,0.066667,0.02381,0,0,0,0,0,0,0,0,no
0.021084,0.047619,0.021277,0.066667,0.015873,0,0,0,0,0,0,0,0,no
0.01506,0.047619,0,0.066667,0.015873,0,0,0,0,0,0,0,0,no
0.024096,0.047619,0.010638,0.066667,0.015873,0,0,0,0,0,0,0,0,no
0.021084,0.047619,0.010638,0.066667,0.007937,0,0,0,0,0,0,0,0,no
0.012048,0.095238,0,0.066667,0.015873,0,0,0,0,0,0,0,0,no
0.021084,0.047619,0.010638,0.066667,0.007937,0,0,0,0,0,0,0,0,no
0.051205,0.095238,0.031915,0.133333,0.015873,0.016129,0,0,0,0,0,0,0,no
0.018072,0.047619,0.010638,0.066667,0,0,0,0,0,0,0,0,0,no
0.018072,0.047619,0.010638,0.066667,0.007937,0.016129,0,0,0,0,0,0,0,no
0.036145,0.047619,0.042553,0.066667,0,0,0,0,0,0,0,0,0,no
0.069277,0.047619,0.010638,0.066667,0,0,0.037037,0.083333,0.025843,0,0.099138,0.099138,0,no
0.563253,0.047619,0.585106,0.133333,0,0.016129,0.037037,0.083333,0.210112,0,0.806034,0.806034,0,no
0.021084,0.047619,0.021277,0.066667,0.015873,0,0.037037,0.083333,0.007865,0,0.030172,0.030172,0,no
0.448795,0.047619,0.585106,0.133333,0.587302,0.580645,0.037037,0.083333,0.167416,0,0.642241,0.642241,0,no
0.123494,0.047619,0.191489,0.066667,0.007937,0,0.037037,0.083333,0.046067,0,0.176724,0.176724,0,no
0.228916,0,0.191489,0.066667,0.428571,0.306452,0.037037,0.083333,0.085393,0,0.327586,0.327586,0,no
0.13253,0.047619,0.202128,0.066667,0.007937,0,0.037037,0.083333,0.049438,0,0.189655,0.189655,0,no
0.024096,0.047619,0.010638,0.066667,0.007937,0,0.037037,0.083333,0.008989,0,0.034483,0.034483,0,no
0.391566,0.095238,0.382979,0.133333,0.007937,0,0.037037,0.083333,0.146067,0,0.560345,0.560345,0,no
0.01506,0.047619,0.010638,0.066667,0.007937,0,0.037037,0.083333,0.005618,0,0.021552,0.021552,0,no
0.39759,0,0.37234,0.133333,0.134921,0.032258,0.037037,0.083333,0.148315,0,0.568966,0.568966,0,no
0.01506,0,0.010638,0.066667,0.015873,0,0.037037,0.083333,0.005618,0,0.021552,0.021552,0,no
0.021084,0.047619,0.010638,0.066667,0.007937,0,0.037037,0.083333,0.007865,0,0.030172,0.030172,0,no
0.539157,0.095238,0.414894,0.2,0.015873,0.016129,0.037037,0.083333,0.201124,0,0.771552,0.771552,0,no
0.289157,0.095238,0.191489,0.066667,0.007937,0,0.037037,0.083333,0.107865,0,0.413793,0.413793,0,no
0.222892,0.095238,0.180851,0.066667,0.007937,0.032258,0.037037,0.083333,0.083146,0,0.318966,0.318966,0,no
0.325301,0.095238,0.361702,0.066667,0.007937,0.032258,0.037037,0.083333,0.121348,0,0.465517,0.465517,0,no
0.180723,0.047619,0.202128,0.066667,0,0,0.037037,0.083333,0.067416,0,0.258621,0.258621,0,no
0.018072,0.047619,0.010638,0.066667,0.007937,0.016129,0.037037,0.083333,0.006742,0,0.025862,0.025862,0,no
0.054217,0.047619,0.074468,0.066667,0,0,0,0,0,0,0,0,0,no
0.03012,0.047619,0.021277,0.066667,0,0,0,0,0,0,0,0,0,no
0.111446,0.047619,0.106383,0.133333,0,0.016129,0,0,0,0,0,0,0,no
0.021084,0.047619,0.021277,0.066667,0.015873,0,0,0,0,0,0,0,0,no
0.087349,0.047619,0.106383,0.133333,0.111111,0.096774,0,0,0,0,0,0,0,no
0.033133,0.047619,0.031915,0.066667,0.007937,0,0,0,0,0,0,0,0,no
0.048193,0,0.031915,0.066667,0.071429,0.064516,0,0,0,0,0,0,0,no
0.042169,0.047619,0.042553,0.066667,0.007937,0,0,0,0,0,0,0,0,no
0.024096,0.047619,0.010638,0.066667,0.007937,0,0,0,0,0,0,0,0,no
0.075301,0.095238,0.06383,0.133333,0.007937,0,0,0,0,0,0,0,0,no
0.01506,0.047619,0.010638,0.066667,0.007937,0,0,0,0,0,0,0,0,no
0.01506,0.047619,0.010638,0.066667,0.007937,0,0,0,0,0,0,0,0,no
0.087349,0,0.053191,0.133333,0.015873,0.032258,0,0,0,0,0,0,0,no
0.033133,0,0.031915,0.066667,0.02381,0,0,0,0,0,0,0,0,no
0.021084,0.047619,0.010638,0.066667,0.007937,0,0,0,0,0,0,0,0,no
0.135542,0.095238,0.095745,0.2,0.02381,0.016129,0,0,0,0,0,0,0,no
0.063253,0.095238,0.031915,0.066667,0.007937,0,0,0,0,0,0,0,0,no
0.039157,0.095238,0.010638,0.066667,0.015873,0.032258,0,0,0,0,0,0,0,no
0.039157,0.095238,0.021277,0.066667,0.007937,0.032258,0,0,0,0,0,0,0,no
0.045181,0.047619,0.042553,0.066667,0,0,0,0,0,0,0,0,0,no
0.018072,0.047619,0.010638,0.066667,0.007937,0.016129,0,0,0,0,0,0,0,no
0.021084,0.047619,0.010638,0.066667,0,0,0,0,0,0,0,0,0,no
0.081325,0.047619,0.074468,0.133333,0,0.016129,0,0,0,0,0,0,0,no
0.021084,0.047619,0.021277,0.066667,0.015873,0,0,0,0,0,0,0,0,no
0.063253,0.047619,0.074468,0.133333,0.079365,0.064516,0,0,0,0,0,0,0,no
0.027108,0.047619,0.021277,0.066667,0.007937,0,0,0,0,0,0,0,0,no
0.036145,0,0.021277,0.066667,0.039683,0.048387,0,0,0,0,0,0,0,no
0.036145,0.047619,0.031915,0.066667,0.007937,0,0,0,0,0,0,0,0,no
0.024096,0.047619,0.010638,0.066667,0.007937,0,0,0,0,0,0,0,0,no
0.054217,0.095238,0.042553,0.133333,0.007937,0,0,0,0,0,0,0,0,no
0.01506,0.047619,0.010638,0.066667,0.007937,0,0,0,0,0,0,0,0,no
0.054217,0,0.021277,0.066667,0.007937,0.032258,0,0,0,0,0,0,0,no
0.033133,0,0.031915,0.066667,0.02381,0,0,0,0,0,0,0,0,no
0.021084,0.047619,0.010638,0.066667,0.007937,0,0,0,0,0,0,0,0,no
0.108434,0.095238,0.074468,0.2,0.015873,0.016129,0,0,0,0,0,0,0,no
0.042169,0.095238,0.010638,0.066667,0.007937,0,0,0,0,0,0,0,0,no
0.036145,0.047619,0.031915,0.066667,0,0,0,0,0,0,0,0,0,no
0.018072,0.047619,0.010638,0.066667,0.007937,0.016129,0,0,0,0,0,0,0,no
0.027108,0.047619,0.010638,0.066667,0.007937,0.016129,0,0,0,0,0,0,0,no
0.111446,0.047619,0.106383,0.133333,0,0.016129,0,0,0,0,0,0,0,no
0.021084,0.047619,0.021277,0.066667,0.015873,0,0,0,0,0,0,0,0,no
0.087349,0.047619,0.106383,0.133333,0.111111,0.096774,0,0,0,0,0,0,0,no
0.033133,0.047619,0.031915,0.066667,0.007937,0,0,0,0,0,0,0,0,no
0.048193,0,0.031915,0.066667,0.071429,0.064516,0,0,0,0,0,0,0,no
0.042169,0.047619,0.042553,0.066667,0.007937,0,0,0,0,0,0,0,0,no
0.018072,0.095238,0.010638,0.066667,0.007937,0,0,0,0,0,0,0,0,no
0.024096,0.047619,0.010638,0.066667,0.007937,0,0,0,0,0,0,0,0,no
0.075301,0.095238,0.06383,0.133333,0.007937,0,0,0,0,0,0,0,0,no
0.01506,0.047619,0.010638,0.066667,0.007937,0,0,0,0,0,0,0,0,no
0.087349,0,0.06383,0.133333,0.015873,0.032258,0,0,0,0,0,0,0,no
0.021084,0.047619,0.010638,0.066667,0.007937,0,0,0,0,0,0,0,0,no
0.165663,0.095238,0.106383,0.266667,0.047619,0.080645,0.055556,0.125,0.001685,0.001775,0.008621,0.008621,0,no
0.090361,0.095238,0.053191,0.2,0.015873,0.016129,0.055556,0.125,0.001685,0.001775,0.008621,0.008621,0,no
0.078313,0.095238,0.042553,0.133333,0.039683,0.096774,0.055556,0.125,0.001685,0.001775,0.008621,0.008621,0,no
0.087349,0.095238,0.074468,0.133333,0.015873,0.048387,0.055556,0.125,0.001685,0.001775,0.008621,0.008621,0,no
0.045181,0.047619,0.042553,0.066667,0,0,0,0,0,0,0,0,0,no
0.018072,0.047619,0.010638,0.066667,0.007937,0.016129,0,0,0,0,0,0,0,no
0.033133,0.047619,0.021277,0.133333,0.015873,0.032258,0,0,0,0,0,0,0,no
0.018072,0.047619,0.010638,0.066667,0.007937,0,0,0,0,0,0,0,0,no
0.081325,0.047619,0.074468,0.133333,0,0.016129,0,0,0,0,0,0,0,no
0.021084,0.047619,0.021277,0.066667,0.015873,0,0,0,0,0,0,0,0,no
0.063253,0.047619,0.074468,0.133333,0.079365,0.064516,0,0,0,0,0,0,0,no
0.027108,0.047619,0.021277,0.066667,0.007937,0,0,0,0,0,0,0,0,no
0.036145,0,0.021277,0.066667,0.047619,0.048387,0,0,0,0,0,0,0,no
0.036145,0.047619,0.031915,0.066667,0.007937,0,0,0,0,0,0,0,0,no
0.024096,0.047619,0.010638,0.066667,0.007937,0,0,0,0,0,0,0,0,no
0.054217,0.095238,0.042553,0.133333,0.007937,0,0,0,0,0,0,0,0,no
0.01506,0.047619,0.010638,0.066667,0.007937,0,0,0,0,0,0,0,0,no
0.060241,0,0.031915,0.133333,0.007937,0.032258,0,0,0,0,0,0,0,no
0.01506,0,0.010638,0.066667,0.015873,0,0,0,0,0,0,0,0,no
0.021084,0.047619,0.010638,0.066667,0.007937,0,0,0,0,0,0,0,0,no
0.135542,0.095238,0.085106,0.266667,0.039683,0.064516,0.055556,0.125,0.001685,0.001775,0.008621,0.008621,0,no
0.066265,0.095238,0.031915,0.133333,0.015873,0.016129,0.055556,0.125,0.001685,0.001775,0.008621,0.008621,0,no
0.057229,0.095238,0.021277,0.066667,0.031746,0.080645,0.055556,0.125,0.001685,0.001775,0.008621,0.008621,0,no
0.051205,0.095238,0.031915,0.066667,0.015873,0.048387,0.055556,0.125,0.001685,0.001775,0.008621,0.008621,0,no
0.036145,0.047619,0.031915,0.066667,0,0,0,0,0,0,0,0,0,no
0.018072,0.047619,0.010638,0.066667,0.007937,0.016129,0,0,0,0,0,0,0,no
0.027108,0.047619,0.010638,0.066667,0,0,0.055556,0.125,0.015169,0,0.038793,0.038793,0,no
0.141566,0.047619,0.138298,0.133333,0,0.016129,0.055556,0.125,0.079213,0,0.202586,0.202586,0,no
0.021084,0.047619,0.021277,0.066667,0.015873,0,0.055556,0.125,0.011798,0,0.030172,0.030172,0,no
0.111446,0.047619,0.138298,0.133333,0.142857,0.129032,0.055556,0.125,0.06236,0,0.159483,0.159483,0,no
0.039157,0.047619,0.042553,0.066667,0.007937,0,0.055556,0.125,0.02191,0,0.056034,0.056034,0,no
0.060241,0,0.042553,0.066667,0.095238,0.080645,0.055556,0.125,0.033708,0,0.086207,0.086207,0,no
0.048193,0.047619,0.053191,0.066667,0.007937,0,0.055556,0.125,0.026966,0,0.068966,0.068966,0,no
0.024096,0.047619,0.010638,0.066667,0.007937,0,0.055556,0.125,0.013483,0,0.034483,0.034483,0,no
0.096386,0.095238,0.085106,0.133333,0.007937,0,0.055556,0.125,0.053933,0,0.137931,0.137931,0,no
0.01506,0.047619,0.010638,0.066667,0.007937,0,0.055556,0.125,0.008427,0,0.021552,0.021552,0,no
0.10241,0,0.074468,0.133333,0.02381,0.032258,0.055556,0.125,0.057303,0,0.146552,0.146552,0,no
0.01506,0,0.010638,0.066667,0.015873,0,0.055556,0.125,0.008427,0,0.021552,0.021552,0,no
0.021084,0.047619,0.010638,0.066667,0.007937,0,0.055556,0.125,0.011798,0,0.030172,0.030172,0,no
0.159639,0.095238,0.117021,0.2,0.015873,0.016129,0.055556,0.125,0.089326,0,0.228448,0.228448,0,no
0.078313,0.095238,0.042553,0.066667,0.007937,0,0.055556,0.125,0.04382,0,0.112069,0.112069,0,no
0.054217,0.095238,0.031915,0.066667,0.007937,0.032258,0.055556,0.125,0.030337,0,0.077586,0.077586,0,no
0.072289,0.095238,0.06383,0.066667,0.007937,0.032258,0.055556,0.125,0.040449,0,0.103448,0.103448,0,no
0.054217,0.047619,0.053191,0.066667,0,0,0.055556,0.125,0.030337,0,0.077586,0.077586,0,no
0.018072,0.047619,0.010638,0.066667,0.007937,0.016129,0.055556,0.125,0.010112,0,0.025862,0.025862,0,no
0.024096,0.047619,0.021277,0.066667,0,0,0,0,0,0,0,0,0,no
0.081325,0.047619,0.074468,0.133333,0,0.016129,0,0,0,0,0,0,0,no
0.021084,0.047619,0.021277,0.066667,0.015873,0,0,0,0,0,0,0,0,no
0.063253,0.047619,0.074468,0.133333,0.079365,0.064516,0,0,0,0,0,0,0,no
0.027108,0.047619,0.021277,0.066667,0.007937,0,0,0,0,0,0,0,0,no
0.036145,0,0.021277,0.066667,0.047619,0.048387,0,0,0,0,0,0,0,no
0.036145,0.047619,0.031915,0.066667,0.007937,0,0,0,0,0,0,0,0,no
0.021084,0.047619,0.010638,0.066667,0.007937,0,0,0,0,0,0,0,0,no
0.054217,0.095238,0.042553,0.133333,0.007937,0,0,0,0,0,0,0,0,no
0.01506,0.047619,0.010638,0.066667,0.007937,0,0,0,0,0,0,0,0,no
0.01506,0.047619,0.010638,0.066667,0.007937,0,0,0,0,0,0,0,0,no
0.066265,0,0.031915,0.066667,0.007937,0.032258,0,0,0,0,0,0,0,no
0.021084,0.047619,0.010638,0.066667,0.007937,0,0,0,0,0,0,0,0,no
0.105422,0.095238,0.074468,0.2,0.015873,0.016129,0,0,0,0,0,0,0,no
0.048193,0.095238,0.021277,0.066667,0.007937,0,0,0,0,0,0,0,0,no
0.036145,0.095238,0.021277,0.066667,0.007937,0.032258,0,0,0,0,0,0,0,no
0.051205,0.095238,0.042553,0.066667,0.007937,0.032258,0,0,0,0,0,0,0,no
0.036145,0.047619,0.031915,0.066667,0,0,0,0,0,0,0,0,0,no
0.018072,0.047619,0.010638,0.066667,0.007937,0.016129,0,0,0,0,0,0,0,no
0.048193,0.095238,0.053191,0.133333,0,0,0,0,0,0,0,0,0,no
0.021084,0.047619,0.010638,0.066667,0,0.016129,0,0,0,0,0,0,0,no
0.021084,0.047619,0.010638,0.066667,0,0,0,0,0,0,0,0,0,no
0.03012,0.047619,0.031915,0.066667,0,0,0,0,0,0,0,0,0,no
0.021084,0,0.010638,0.066667,0.007937,0,0,0,0,0,0,0,0,no
0.021084,0,0.010638,0.066667,0.007937,0,0,0,0,0,0,0,0,no
0.045181,0,0.021277,0.133333,0,0.048387,0,0,0,0,0,0,0,no
0.021084,0.047619,0.010638,0.066667,0.007937,0,0,0,0,0,0,0,0,no
0.018072,0.047619,0.010638,0.066667,0.015873,0,0,0,0,0,0,0,0,no
0.018072,0.047619,0.010638,0.066667,0.015873,0,0,0,0,0,0,0,0,no
0.096386,0.095238,0.06383,0.2,0.007937,0.048387,0,0,0,0,0,0,0,no
0.042169,0.047619,0.031915,0.066667,0.007937,0.032258,0,0,0,0,0,0,0,no
0.063253,0.095238,0.042553,0.133333,0.007937,0.048387,0,0,0,0,0,0,0,no
0.042169,0.047619,0.031915,0.066667,0.007937,0.032258,0,0,0,0,0,0,0,no
0.021084,0.047619,0.010638,0.066667,0.007937,0,0,0,0,0,0,0,0,no
0.036145,0.047619,0.031915,0.066667,0,0,0,0,0,0,0,0,0,no
0.018072,0.047619,0.010638,0.066667,0.007937,0.016129,0,0,0,0,0,0,0,no
0.051205,0.047619,0.042553,0.133333,0,0.016129,0,0,0,0,0,0,0,no
0.021084,0.047619,0.021277,0.066667,0.015873,0,0,0,0,0,0,0,0,no
0.039157,0.047619,0.042553,0.133333,0.047619,0.032258,0,0,0,0,0,0,0,no
0.021084,0.047619,0.010638,0.066667,0.007937,0,0,0,0,0,0,0,0,no
0.024096,0,0.010638,0.066667,0.02381,0.032258,0,0,0,0,0,0,0,no
0.03012,0.047619,0.021277,0.066667,0.007937,0,0,0,0,0,0,0,0,no
0.024096,0.047619,0.010638,0.066667,0.007937,0,0,0,0,0,0,0,0,no
0.033133,0.095238,0.021277,0.133333,0.007937,0,0,0,0,0,0,0,0,no
0.033133,0,0.010638,0.066667,0.007937,0.032258,0,0,0,0,0,0,0,no
0.021084,0.047619,0.010638,0.066667,0.007937,0,0,0,0,0,0,0,0,no
0.078313,0.095238,0.053191,0.2,0.015873,0.016129,0,0,0,0,0,0,0,no
0.033133,0.095238,0.010638,0.066667,0.007937,0,0,0,0,0,0,0,0,no
0.024096,0.095238,0.010638,0.066667,0.007937,0.032258,0,0,0,0,0,0,0,no
0.033133,0.095238,0.021277,0.066667,0.007937,0.032258,0,0,0,0,0,0,0,no
0.027108,0.047619,0.021277,0.066667,0,0,0,0,0,0,0,0,0,no
0.018072,0.047619,0.010638,0.066667,0.007937,0.016129,0,0,0,0,0,0,0,no
0.024096,0.047619,0.021277,0.066667,0,0,0,0,0,0,0,0,0,no
0.081325,0.047619,0.074468,0.133333,0,0.016129,0,0,0,0,0,0,0,no
0.021084,0.047619,0.021277,0.066667,0.015873,0,0,0,0,0,0,0,0,no
0.063253,0.047619,0.074468,0.133333,0.079365,0.064516,0,0,0,0,0,0,0,no
0.027108,0.047619,0.021277,0.066667,0.007937,0,0,0,0,0,0,0,0,no
0.036145,0,0.021277,0.066667,0.047619,0.048387,0,0,0,0,0,0,0,no
0.036145,0.047619,0.031915,0.066667,0.007937,0,0,0,0,0,0,0,0,no
0.021084,0.047619,0.010638,0.066667,0.007937,0,0,0,0,0,0,0,0,no
0.054217,0.095238,0.042553,0.133333,0.007937,0,0,0,0,0,0,0,0,no
0.01506,0.047619,0.010638,0.066667,0.007937,0,0,0,0,0,0,0,0,no
0.01506,0.047619,0.010638,0.066667,0.007937,0,0,0,0,0,0,0,0,no
0.066265,0,0.031915,0.066667,0.007937,0.032258,0,0,0,0,0,0,0,no
0.033133,0,0.031915,0.066667,0.02381,0,0,0,0,0,0,0,0,no
0.021084,0.047619,0.010638,0.066667,0.007937,0,0,0,0,0,0,0,0,no
0.111446,0.095238,0.074468,0.2,0.015873,0.016129,0,0,0,0,0,0,0,no
0.048193,0.095238,0.021277,0.066667,0.007937,0,0,0,0,0,0,0,0,no
0.036145,0.047619,0.031915,0.066667,0,0,0,0,0,0,0,0,0,no
0.018072,0.047619,0.010638,0.066667,0.007937,0.016129,0,0,0,0,0,0,0,no
0.105422,0.047619,0.06383,0.133333,0.142857,0.290323,0,0,0,0,0,0,0,no
0.111446,0.047619,0.106383,0.133333,0,0.016129,0,0,0,0,0,0,0,no
0.021084,0.047619,0.021277,0.066667,0.015873,0,0,0,0,0,0,0,0,no
0.087349,0.047619,0.106383,0.133333,0.111111,0.096774,0,0,0,0,0,0,0,no
0.033133,0.047619,0.031915,0.066667,0.007937,0,0,0,0,0,0,0,0,no
0.048193,0,0.031915,0.066667,0.071429,0.064516,0,0,0,0,0,0,0,no
0.042169,0.047619,0.042553,0.066667,0.007937,0,0,0,0,0,0,0,0,no
0.018072,0.095238,0.010638,0.066667,0.007937,0,0,0,0,0,0,0,0,no
0.018072,0.095238,0.010638,0.066667,0.007937,0,0,0,0,0,0,0,0,no
0.018072,0.095238,0.010638,0.066667,0.007937,0,0,0,0,0,0,0,0,no
0.021084,0.047619,0.010638,0.066667,0.007937,0,0,0,0,0,0,0,0,no
0.075301,0.095238,0.06383,0.133333,0.007937,0,0,0,0,0,0,0,0,no
0.01506,0.047619,0.010638,0.066667,0.007937,0,0,0,0,0,0,0,0,no
0.01506,0.047619,0.010638,0.066667,0.007937,0,0,0,0,0,0,0,0,no
0.01506,0.047619,0.010638,0.066667,0.007937,0,0,0,0,0,0,0,0,no
0.093373,0,0.053191,0.066667,0.015873,0.032258,0,0,0,0,0,0,0,no
0.033133,0,0.031915,0.066667,0.031746,0,0,0,0,0,0,0,0,no
0.021084,0.047619,0.010638,0.066667,0.007937,0,0,0,0,0,0,0,0,no
0.331325,0.095238,0.159574,0.333333,0.206349,0.403226,0.055556,0.125,0.001685,0.001775,0.008621,0.008621,0,no
0.189759,0.095238,0.095745,0.2,0.055556,0.096774,0.055556,0.125,0.001685,0.001775,0.008621,0.008621,0,no
0.207831,0.095238,0.06383,0.133333,0.198413,0.403226,0.055556,0.125,0.001685,0.001775,0.008621,0.008621,0,no
0.126506,0.095238,0.06383,0.133333,0.055556,0.112903,0.055556,0.125,0.001685,0.001775,0.008621,0.008621,0,no
0.045181,0.047619,0.042553,0.066667,0,0,0,0,0,0,0,0,0,no
0.018072,0.047619,0.010638,0.066667,0.007937,0.016129,0,0,0,0,0,0,0,no
0.024096,0.047619,0.021277,0.066667,0,0,0,0,0,0,0,0,0,no
0.081325,0.047619,0.074468,0.133333,0,0.016129,0,0,0,0,0,0,0,no
0.021084,0.047619,0.021277,0.066667,0.015873,0,0,0,0,0,0,0,0,no
0.063253,0.047619,0.074468,0.133333,0.079365,0.064516,0,0,0,0,0,0,0,no
0.027108,0.047619,0.021277,0.066667,0.007937,0,0,0,0,0,0,0,0,no
0.036145,0,0.021277,0.066667,0.047619,0.048387,0,0,0,0,0,0,0,no
0.036145,0.047619,0.031915,0.066667,0.007937,0,0,0,0,0,0,0,0,no
0.021084,0.047619,0.010638,0.066667,0.007937,0,0,0,0,0,0,0,0,no
0.054217,0.095238,0.042553,0.133333,0.007937,0,0,0,0,0,0,0,0,no
0.01506,0.047619,0.010638,0.066667,0.007937,0,0,0,0,0,0,0,0,no
0.01506,0.047619,0.010638,0.066667,0.007937,0,0,0,0,0,0,0,0,no
0.066265,0,0.031915,0.066667,0.007937,0.032258,0,0,0,0,0,0,0,no
0.033133,0,0.031915,0.066667,0.02381,0,0,0,0,0,0,0,0,no
0.021084,0.047619,0.010638,0.066667,0.007937,0,0,0,0,0,0,0,0,no
0.111446,0.095238,0.074468,0.2,0.015873,0.016129,0,0,0,0,0,0,0,no
0.048193,0.095238,0.021277,0.066667,0.007937,0,0,0,0,0,0,0,0,no
0.036145,0.047619,0.031915,0.066667,0,0,0,0,0,0,0,0,0,no
0.018072,0.047619,0.010638,0.066667,0.007937,0.016129,0,0,0,0,0,0,0,no
0.123494,0.047619,0.106383,0.133333,0.055556,0.112903,0.092593,0.208333,0.010112,0,0.025862,0.015517,0,no
0.35241,0.047619,0.361702,0.133333,0,0.016129,0.092593,0.208333,0.033708,0,0.086207,0.051724,0,no
0.021084,0.047619,0.021277,0.066667,0.015873,0,0,0,0,0,0,0,0,no
0.28012,0.047619,0.361702,0.133333,0.365079,0.354839,0.092593,0.208333,0.026966,0,0.068966,0.041379,0,no
0.081325,0.047619,0.117021,0.066667,0.007937,0,0.092593,0.208333,0.006742,0,0.017241,0.010345,0,no
0.144578,0,0.117021,0.066667,0.253968,0.193548,0.092593,0.208333,0.013483,0,0.034483,0.02069,0,no
0.090361,0.047619,0.12766,0.066667,0.007937,0,0.092593,0.208333,0.006742,0,0.017241,0.010345,0,no
0.018072,0.095238,0.010638,0.066667,0.007937,0,0,0,0,0,0,0,0,no
0.018072,0.095238,0.010638,0.066667,0.007937,0,0,0,0,0,0,0,0,no
0.024096,0.047619,0.010638,0.066667,0.007937,0,0,0,0,0,0,0,0,no
0.243976,0.095238,0.234043,0.133333,0.007937,0,0.092593,0.208333,0.023596,0,0.060345,0.036207,0,no
0.01506,0.047619,0.010638,0.066667,0.007937,0,0,0,0,0,0,0,0,no
0.01506,0.047619,0.010638,0.066667,0.007937,0,0,0,0,0,0,0,0,no
0.01506,0.047619,0.010638,0.066667,0.007937,0,0,0,0,0,0,0,0,no
0.01506,0.047619,0.010638,0.066667,0.007937,0,0,0,0,0,0,0,0,no
0.01506,0.047619,0.010638,0.066667,0.007937,0,0,0,0,0,0,0,0,no
0.01506,0.047619,0.010638,0.066667,0.007937,0,0.037037,0.083333,0.005618,0,0.021552,0.021552,0,no
0.01506,0.047619,0.010638,0.066667,0.007937,0,0,0,0,0,0,0,0,no
0.01506,0.047619,0.010638,0.066667,0.007937,0,0,0,0,0,0,0,0,no
0.01506,0.047619,0.010638,0.066667,0.007937,0,0.074074,0.166667,0.011236,0,0.021552,0.021552,0,no
0.334337,0,0.287234,0.133333,0.079365,0.032258,0.092593,0.208333,0.037079,0,0.094828,0.056897,0,no
0.033133,0,0.031915,0.066667,0.031746,0,0,0,0,0,0,0,0,no
0.021084,0.047619,0.010638,0.066667,0.007937,0,0,0,0,0,0,0,0,no
0.421687,0.095238,0.287234,0.266667,0.095238,0.145161,0.12963,0.25,0.031461,0.001183,0.077586,0.035714,0,no
0.262048,0.095238,0.202128,0.2,0.02381,0.032258,0.12963,0.25,0.024719,0.001183,0.060345,0.028325,0,no
0.192771,0.095238,0.106383,0.133333,0.087302,0.16129,0.12963,0.25,0.014607,0.001183,0.034483,0.017241,0,no
0.204819,0.095238,0.191489,0.133333,0.02381,0.064516,0.12963,0.25,0.021348,0.001183,0.051724,0.024631,0,no
0.11747,0.047619,0.12766,0.066667,0,0,0.092593,0.208333,0.010112,0,0.025862,0.015517,0,no
0.018072,0.047619,0.010638,0.066667,0.007937,0.016129,0,0,0,0,0,0,0,no
0.225904,0.047619,0.159574,0.133333,0.261905,0.532258,0.092593,0.166667,0.04382,0,0.094828,0.067241,0,no
0.018072,0.047619,0.010638,0.066667,0.007937,0,0,0,0,0,0,0,0,no
0.018072,0.047619,0.010638,0.066667,0.007937,0,0,0,0,0,0,0,0,no
0.018072,0.047619,0.010638,0.066667,0.007937,0,0,0,0,0,0,0,0,no
0.322289,0.047619,0.329787,0.133333,0,0.016129,0.092593,0.166667,0.05618,0,0.086207,0.086207,0,no
0.021084,0.047619,0.021277,0.066667,0.015873,0,0,0,0,0,0,0,0,no
0.256024,0.047619,0.329787,0.133333,0.333333,0.322581,0.092593,0.166667,0.044944,0,0.068966,0.068966,0,no
0.075301,0.047619,0.106383,0.066667,0.007937,0,0.092593,0.166667,0.011236,0,0.017241,0.017241,0,no
0.13253,0,0.106383,0.066667,0.238095,0.177419,0.092593,0.166667,0.022472,0,0.034483,0.034483,0,no
0.084337,0.047619,0.117021,0.066667,0.007937,0,0.092593,0.166667,0.011236,0,0.017241,0.017241,0,no
0.018072,0.095238,0.010638,0.066667,0.007937,0,0,0,0,0,0,0,0,no
0.018072,0.095238,0.010638,0.066667,0.007937,0,0.055556,0.125,0.010112,0,0.025862,0.025862,0,no
0.018072,0.095238,0.010638,0.066667,0.007937,0,0.055556,0.125,0.010112,0,0.025862,0.025862,0,no
0.018072,0.095238,0.010638,0.066667,0.007937,0,0,0,0,0,0,0,0,no
0.018072,0.095238,0.010638,0.066667,0.007937,0,0,0,0,0,0,0,0,no
0.021084,0.047619,0.010638,0.066667,0.007937,0,0,0,0,0,0,0,0,no
0.222892,0.095238,0.212766,0.133333,0.007937,0,0.092593,0.166667,0.039326,0,0.060345,0.060345,0,no
0.01506,0.047619,0.010638,0.066667,0.007937,0,0,0,0,0,0,0,0,no
0.01506,0.047619,0.010638,0.066667,0.007937,0,0.055556,0.125,0.008427,0,0.021552,0.021552,0,no
0.01506,0.047619,0.010638,0.066667,0.007937,0,0,0,0,0,0,0,0,no
0.01506,0.047619,0.010638,0.066667,0.007937,0,0,0,0,0,0,0,0,no
0.01506,0.047619,0.010638,0.066667,0.007937,0,0.037037,0.083333,0.005618,0,0.021552,0.021552,0,no
0.01506,0.047619,0.010638,0.066667,0.007937,0,0.055556,0.125,0.008427,0,0.021552,0.021552,0,no
0.01506,0.047619,0.010638,0.066667,0.007937,0,0,0,0,0,0,0,0,no
0.01506,0.047619,0.010638,0.066667,0.007937,0,0,0,0,0,0,0,0,no
0.01506,0.047619,0.010638,0.066667,0.007937,0,0.037037,0.083333,0.005618,0,0.021552,0.021552,0,no
0.01506,0.047619,0.010638,0.066667,0.007937,0,0,0,0,0,0,0,0,no
0.325301,0,0.276596,0.133333,0.071429,0.032258,0.092593,0.166667,0.061798,0,0.094828,0.094828,0,no
0.033133,0,0.031915,0.066667,0.031746,0,0,0,0,0,0,0,0,no
0.021084,0.047619,0.010638,0.066667,0.007937,0,0,0,0,0,0,0,0,no
0.608434,0.095238,0.340426,0.333333,0.269841,0.532258,0.092593,0.166667,0.104494,0,0.215517,0.160345,0,no
0.388554,0.095238,0.276596,0.266667,0.079365,0.145161,0.092593,0.166667,0.073034,0,0.146552,0.112069,0,no
0.373494,0.095238,0.170213,0.2,0.261905,0.548387,0.092593,0.166667,0.071348,0,0.159483,0.109483,0,no
0.301205,0.095238,0.244681,0.2,0.079365,0.177419,0.092593,0.166667,0.06236,0,0.125,0.09569,0,no
0.108434,0.047619,0.117021,0.066667,0,0,0.092593,0.166667,0.016854,0,0.025862,0.025862,0,no
0.018072,0.047619,0.010638,0.066667,0.007937,0.016129,0,0,0,0,0,0,0,no
0.024096,0.047619,0.010638,0.066667,0.007937,0.016129,0,0,0,0,0,0,0,no
0.018072,0.047619,0.010638,0.066667,0.007937,0,0,0,0,0,0,0,0,no
0.081325,0.047619,0.074468,0.133333,0,0.016129,0,0,0,0,0,0,0,no
0.021084,0.047619,0.021277,0.066667,0.015873,0,0,0,0,0,0,0,0,no
0.063253,0.047619,0.074468,0.133333,0.079365,0.064516,0,0,0,0,0,0,0,no
0.027108,0.047619,0.021277,0.066667,0.007937,0,0,0,0,0,0,0,0,no
0.036145,0,0.021277,0.066667,0.039683,0.048387,0,0,0,0,0,0,0,no
0.036145,0.047619,0.031915,0.066667,0.007937,0,0,0,0,0,0,0,0,no
0.024096,0.047619,0.010638,0.066667,0.007937,0,0,0,0,0,0,0,0,no
0.054217,0.095238,0.042553,0.133333,0.007937,0,0,0,0,0,0,0,0,no
0.01506,0.047619,0.010638,0.066667,0.007937,0,0,0,0,0,0,0,0,no
0.054217,0,0.021277,0.066667,0.007937,0.032258,0,0,0,0,0,0,0,no
0.024096,0,0.021277,0.066667,0.02381,0,0,0,0,0,0,0,0,no
0.021084,0.047619,0.010638,0.066667,0.007937,0,0,0,0,0,0,0,0,no
0.13253,0.095238,0.085106,0.266667,0.039683,0.064516,0,0,0,0,0,0,0,no
0.060241,0.095238,0.021277,0.133333,0.015873,0.016129,0,0,0,0,0,0,0,no
0.045181,0.095238,0.010638,0.066667,0.031746,0.064516,0,0,0,0,0,0,0,no
0.03012,0.095238,0.010638,0.066667,0.015873,0.032258,0,0,0,0,0,0,0,no
0.036145,0.047619,0.031915,0.066667,0,0,0,0,0,0,0,0,0,no
0.018072,0.047619,0.010638,0.066667,0.007937,0.016129,0,0,0,0,0,0,0,no
0.024096,0.047619,0.021277,0.066667,0,0,0,0,0,0,0,0,0,no
0.081325,0.047619,0.074468,0.133333,0,0.016129,0,0,0,0,0,0,0,no
0.021084,0.047619,0.021277,0.066667,0.015873,0,0,0,0,0,0,0,0,no
0.063253,0.047619,0.074468,0.133333,0.079365,0.064516,0,0,0,0,0,0,0,no
0.027108,0.047619,0.021277,0.066667,0.007937,0,0,0,0,0,0,0,0,no
0.036145,0,0.021277,0.066667,0.047619,0.048387,0,0,0,0,0,0,0,no
0.036145,0.047619,0.031915,0.066667,0.007937,0,0,0,0,0,0,0,0,no
0.021084,0.047619,0.010638,0.066667,0.007937,0,0,0,0,0,0,0,0,no
0.054217,0.095238,0.042553,0.133333,0.007937,0,0,0,0,0,0,0,0,no
0.01506,0.047619,0.010638,0.066667,0.007937,0,0,0,0,0,0,0,0,no
0.01506,0.047619,0.010638,0.066667,0.007937,0,0,0,0,0,0,0,0,no
0.072289,0,0.042553,0.133333,0.007937,0.032258,0,0,0,0,0,0,0,no
0.024096,0,0.021277,0.066667,0.015873,0,0,0,0,0,0,0,0,no
0.021084,0.047619,0.010638,0.066667,0.007937,0,0,0,0,0,0,0,0,no
0.108434,0.095238,0.074468,0.2,0.02381,0.016129,0,0,0,0,0,0,0,no
0.054217,0.095238,0.031915,0.133333,0.007937,0,0,0,0,0,0,0,0,no
0.033133,0.095238,0.010638,0.066667,0.015873,0.032258,0,0,0,0,0,0,0,no
0.036145,0.095238,0.021277,0.066667,0.007937,0.032258,0,0,0,0,0,0,0,no
0.036145,0.047619,0.031915,0.066667,0,0,0,0,0,0,0,0,0,no
0.018072,0.047619,0.010638,0.066667,0.007937,0.016129,0,0,0,0,0,0,0,no
0.090361,0.047619,0.074468,0.066667,0.031746,0.064516,0,0,0,0,0,0,0,no
0.018072,0.047619,0.010638,0.066667,0.007937,0,0,0,0,0,0,0,0,no
0.018072,0.047619,0.010638,0.066667,0.007937,0,0,0,0,0,0,0,0,no
0.292169,0.047619,0.297872,0.133333,0,0.016129,0,0,0,0,0,0,0,no
0.021084,0.047619,0.021277,0.066667,0.015873,0,0,0,0,0,0,0,0,no
0.231928,0.047619,0.297872,0.133333,0.301587,0.290323,0,0,0,0,0,0,0,no
0.069277,0.047619,0.095745,0.066667,0.007937,0,0,0,0,0,0,0,0,no
0.120482,0,0.095745,0.066667,0.206349,0.16129,0,0,0,0,0,0,0,no
0.078313,0.047619,0.106383,0.066667,0.007937,0,0,0,0,0,0,0,0,no
0.018072,0.095238,0.010638,0.066667,0.007937,0,0,0,0,0,0,0,0,no
0.018072,0.095238,0.010638,0.066667,0.007937,0,0,0,0,0,0,0,0,no
0.024096,0.047619,0.010638,0.066667,0.007937,0,0,0,0,0,0,0,0,no
0.201807,0.095238,0.191489,0.133333,0.007937,0,0,0,0,0,0,0,0,no
0.01506,0.047619,0.010638,0.066667,0.007937,0,0,0,0,0,0,0,0,no
0.01506,0.047619,0.010638,0.066667,0.007937,0,0,0,0,0,0,0,0,no
0.01506,0.047619,0.010638,0.066667,0.007937,0,0,0,0,0,0,0,0,no
0.01506,0.047619,0.010638,0.066667,0.007937,0,0,0,0,0,0,0,0,no
0.01506,0.047619,0.010638,0.066667,0.007937,0,0,0,0,0,0,0,0,no
0.01506,0.047619,0.010638,0.066667,0.007937,0,0,0,0,0,0,0,0,no
0.01506,0.047619,0.010638,0.066667,0.007937,0,0,0,0,0,0,0,0,no
0.274096,0,0.234043,0.133333,0.063492,0.032258,0,0,0,0,0,0,0,no
0.024096,0,0.021277,0.066667,0.02381,0,0,0,0,0,0,0,0,no
0.021084,0.047619,0.010638,0.066667,0.007937,0,0,0,0,0,0,0,0,no
0.415663,0.095238,0.265957,0.266667,0.126984,0.241935,0.055556,0.125,0.001685,0.001775,0.008621,0.008621,0,no
0.262048,0.095238,0.191489,0.2,0.039683,0.064516,0.055556,0.125,0.001685,0.001775,0.008621,0.008621,0,no
0.216867,0.095238,0.117021,0.133333,0.119048,0.258065,0.055556,0.125,0.001685,0.001775,0.008621,0.008621,0,no
0.213855,0.095238,0.191489,0.133333,0.039683,0.096774,0.055556,0.125,0.001685,0.001775,0.008621,0.008621,0,no
0.099398,0.047619,0.106383,0.066667,0,0,0,0,0,0,0,0,0,no
0.018072,0.047619,0.010638,0.066667,0.007937,0.016129,0,0,0,0,0,0,0,no
0.048193,0.047619,0.042553,0.133333,0.031746,0.064516,0,0,0,0,0,0,0,no
0.018072,0.047619,0.010638,0.066667,0.007937,0,0,0,0,0,0,0,0,no
0.018072,0.047619,0.010638,0.066667,0.007937,0,0,0,0,0,0,0,0,no
0.081325,0.047619,0.074468,0.133333,0,0.016129,0,0,0,0,0,0,0,no
0.021084,0.047619,0.021277,0.066667,0.015873,0,0,0,0,0,0,0,0,no
0.063253,0.047619,0.074468,0.133333,0.079365,0.064516,0,0,0,0,0,0,0,no
0.027108,0.047619,0.021277,0.066667,0.007937,0,0,0,0,0,0,0,0,no
0.036145,0,0.021277,0.066667,0.047619,0.048387,0,0,0,0,0,0,0,no
0.036145,0.047619,0.031915,0.066667,0.007937,0,0,0,0,0,0,0,0,no
0.021084,0.047619,0.010638,0.066667,0.007937,0,0,0,0,0,0,0,0,no
0.054217,0.095238,0.042553,0.133333,0.007937,0,0,0,0,0,0,0,0,no
0.01506,0.047619,0.010638,0.066667,0.007937,0,0,0,0,0,0,0,0,no
0.01506,0.047619,0.010638,0.066667,0.007937,0,0,0,0,0,0,0,0,no
0.078313,0,0.053191,0.133333,0.007937,0.032258,0,0,0,0,0,0,0,no
0.021084,0.047619,0.010638,0.066667,0.007937,0,0,0,0,0,0,0,0,no
0.165663,0.095238,0.095745,0.266667,0.063492,0.112903,0.055556,0.125,0.001685,0.001775,0.008621,0.008621,0,no
0.096386,0.095238,0.06383,0.2,0.02381,0.032258,0.055556,0.125,0.001685,0.001775,0.008621,0.008621,0,no
0.090361,0.095238,0.042553,0.133333,0.055556,0.129032,0.055556,0.125,0.001685,0.001775,0.008621,0.008621,0,no
0.081325,0.095238,0.06383,0.133333,0.02381,0.064516,0.055556,0.125,0.001685,0.001775,0.008621,0.008621,0,no
0.036145,0.047619,0.031915,0.066667,0,0,0,0,0,0,0,0,0,no
0.018072,0.047619,0.010638,0.066667,0.007937,0.016129,0,0,0,0,0,0,0,no
0.063253,0.047619,0.042553,0.066667,0.007937,0.016129,0,0,0,0,0,0,0,no
0.292169,0.047619,0.297872,0.133333,0,0.016129,0,0,0,0,0,0,0,no
0.021084,0.047619,0.021277,0.066667,0.015873,0,0,0,0,0,0,0,0,no
0.231928,0.047619,0.297872,0.133333,0.301587,0.290323,0,0,0,0,0,0,0,no
0.069277,0.047619,0.095745,0.066667,0.007937,0,0,0,0,0,0,0,0,no
0.120482,0,0.095745,0.066667,0.190476,0.16129,0,0,0,0,0,0,0,no
0.078313,0.047619,0.106383,0.066667,0.007937,0,0,0,0,0,0,0,0,no
0.018072,0.095238,0.010638,0.066667,0.007937,0,0,0,0,0,0,0,0,no
0.024096,0.047619,0.010638,0.066667,0.007937,0,0,0,0,0,0,0,0,no
0.201807,0.095238,0.191489,0.133333,0.007937,0,0,0,0,0,0,0,0,no
0.01506,0.047619,0.010638,0.066667,0.007937,0,0,0,0,0,0,0,0,no
0.01506,0.047619,0.010638,0.066667,0.007937,0,0,0,0,0,0,0,0,no
0.01506,0.047619,0.010638,0.066667,0.007937,0,0,0,0,0,0,0,0,no
0.01506,0.047619,0.010638,0.066667,0.007937,0,0,0,0,0,0,0,0,no
0.21988,0,0.170213,0.133333,0.063492,0.032258,0,0,0,0,0,0,0,no
0.051205,0,0.053191,0.066667,0.047619,0,0,0,0,0,0,0,0,no
0.021084,0.047619,0.010638,0.066667,0.007937,0,0,0,0,0,0,0,0,no
0.328313,0.095238,0.234043,0.266667,0.047619,0.080645,0.055556,0.125,0.001685,0.001775,0.008621,0.008621,0,no
0.168675,0.095238,0.095745,0.2,0.015873,0.016129,0.055556,0.125,0.001685,0.001775,0.008621,0.008621,0,no
0.120482,0.095238,0.053191,0.133333,0.039683,0.096774,0.055556,0.125,0.001685,0.001775,0.008621,0.008621,0,no
0.120482,0.095238,0.095745,0.133333,0.015873,0.048387,0.055556,0.125,0.001685,0.001775,0.008621,0.008621,0,no
0.099398,0.047619,0.106383,0.066667,0,0,0,0,0,0,0,0,0,no
0.018072,0.047619,0.010638,0.066667,0.007937,0.016129,0,0,0,0,0,0,0,no
0.024096,0.047619,0.021277,0.066667,0,0,0,0,0,0,0,0,0,no
0.081325,0.047619,0.074468,0.133333,0,0.016129,0,0,0,0,0,0,0,no
0.021084,0.047619,0.021277,0.066667,0.015873,0,0,0,0,0,0,0,0,no
0.063253,0.047619,0.074468,0.133333,0.079365,0.064516,0,0,0,0,0,0,0,no
0.027108,0.047619,0.021277,0.066667,0.007937,0,0,0,0,0,0,0,0,no
0.036145,0,0.021277,0.066667,0.047619,0.048387,0,0,0,0,0,0,0,no
0.036145,0.047619,0.031915,0.066667,0.007937,0,0,0,0,0,0,0,0,no
0.021084,0.047619,0.010638,0.066667,0.007937,0,0,0,0,0,0,0,0,no
0.054217,0.095238,0.042553,0.133333,0.007937,0,0,0,0,0,0,0,0,no
0.01506,0.047619,0.010638,0.066667,0.007937,0,0,0,0,0,0,0,0,no
0.01506,0.047619,0.010638,0.066667,0.007937,0,0,0,0,0,0,0,0,no
0.066265,0,0.031915,0.066667,0.007937,0.032258,0,0,0,0,0,0,0,no
0.024096,0,0.021277,0.066667,0.02381,0,0,0,0,0,0,0,0,no
0.021084,0.047619,0.010638,0.066667,0.007937,0,0,0,0,0,0,0,0,no
0.105422,0.095238,0.074468,0.2,0.015873,0.016129,0,0,0,0,0,0,0,no
0.048193,0.095238,0.021277,0.066667,0.007937,0,0,0,0,0,0,0,0,no
0.036145,0.047619,0.031915,0.066667,0,0,0,0,0,0,0,0,0,no
0.018072,0.047619,0.010638,0.066667,0.007937,0.016129,0,0,0,0,0,0,0,no
0.048193,0.095238,0.053191,0.133333,0,0,0,0,0,0,0,0,0,no
0.021084,0.047619,0.010638,0.066667,0,0.016129,0,0,0,0,0,0,0,no
0.021084,0.047619,0.010638,0.066667,0,0,0,0,0,0,0,0,0,no
0.03012,0.047619,0.031915,0.066667,0,0,0,0,0,0,0,0,0,no
0.021084,0,0.010638,0.066667,0.007937,0,0,0,0,0,0,0,0,no
0.021084,0,0.010638,0.066667,0.007937,0,0,0,0,0,0,0,0,no
0.045181,0,0.021277,0.133333,0,0.048387,0,0,0,0,0,0,0,no
0.021084,0.047619,0.010638,0.066667,0.007937,0,0,0,0,0,0,0,0,no
0.018072,0.047619,0.010638,0.066667,0.015873,0,0,0,0,0,0,0,0,no
0.018072,0.047619,0.010638,0.066667,0.015873,0,0,0,0,0,0,0,0,no
0.096386,0.095238,0.06383,0.2,0.02381,0.048387,0,0,0,0,0,0,0,no
0.042169,0.047619,0.031915,0.066667,0.02381,0.032258,0,0,0,0,0,0,0,no
0.063253,0.095238,0.042553,0.133333,0.02381,0.048387,0,0,0,0,0,0,0,no
0.042169,0.047619,0.031915,0.066667,0.02381,0.032258,0,0,0,0,0,0,0,no
0.021084,0.047619,0.010638,0.066667,0.007937,0,0,0,0,0,0,0,0,no
0.036145,0.047619,0.031915,0.066667,0,0,0,0,0,0,0,0,0,no
0.018072,0.047619,0.010638,0.066667,0.007937,0.016129,0,0,0,0,0,0,0,no
0.018072,0.047619,0.010638,0.066667,0.007937,0.016129,0,0,0,0,0,0,0,no
0.018072,0.047619,0.010638,0.066667,0.007937,0,0,0,0,0,0,0,0,no
0.051205,0.047619,0.042553,0.133333,0,0.016129,0,0,0,0,0,0,0,no
0.021084,0.047619,0.021277,0.066667,0.015873,0,0,0,0,0,0,0,0,no
0.039157,0.047619,0.042553,0.133333,0.047619,0.032258,0,0,0,0,0,0,0,no
0.021084,0.047619,0.010638,0.066667,0.007937,0,0,0,0,0,0,0,0,no
0.024096,0,0.010638,0.066667,0.02381,0.032258,0,0,0,0,0,0,0,no
0.03012,0.047619,0.021277,0.066667,0.007937,0,0,0,0,0,0,0,0,no
0.021084,0.047619,0.010638,0.066667,0.007937,0,0,0,0,0,0,0,0,no
0.033133,0.095238,0.021277,0.133333,0.007937,0,0,0,0,0,0,0,0,no
0.01506,0.047619,0.010638,0.066667,0.007937,0,0,0,0,0,0,0,0,no
0.039157,0,0.010638,0.066667,0.007937,0.032258,0,0,0,0,0,0,0,no
0.021084,0.047619,0.010638,0.066667,0.007937,0,0,0,0,0,0,0,0,no
0.105422,0.095238,0.06383,0.266667,0.039683,0.064516,0.055556,0.125,0.001685,0.001775,0.008621,0.008621,0,no
0.051205,0.095238,0.021277,0.133333,0.015873,0.016129,0.055556,0.125,0.001685,0.001775,0.008621,0.008621,0,no
0.048193,0.095238,0.021277,0.133333,0.031746,0.080645,0.055556,0.125,0.001685,0.001775,0.008621,0.008621,0,no
0.048193,0.095238,0.031915,0.133333,0.015873,0.048387,0.055556,0.125,0.001685,0.001775,0.008621,0.008621,0,no
0.027108,0.047619,0.021277,0.066667,0,0,0,0,0,0,0,0,0,no
0.018072,0.047619,0.010638,0.066667,0.007937,0.016129,0,0,0,0,0,0,0,no
0.183735,0.047619,0.138298,0.2,0.119048,0.241935,0.037037,0.083333,0.003371,0,0.012931,0.012931,0,no
0.018072,0.047619,0.010638,0.066667,0.007937,0,0,0,0,0,0,0,0,no
0.533133,0.047619,0.553191,0.133333,0,0.016129,0.037037,0.083333,0.011236,0,0.043103,0.043103,0,no
0.021084,0.047619,0.021277,0.066667,0.015873,0,0,0,0,0,0,0,0,no
0.424699,0.047619,0.553191,0.133333,0.555556,0.548387,0.037037,0.083333,0.008989,0,0.034483,0.034483,0,no
0.11747,0.047619,0.180851,0.066667,0.007937,0,0.037037,0.083333,0.002247,0,0.008621,0.008621,0,no
0.216867,0,0.180851,0.066667,0.396825,0.290323,0.037037,0.083333,0.004494,0,0.017241,0.017241,0,no
0.126506,0.047619,0.191489,0.066667,0.007937,0,0.037037,0.083333,0.002247,0,0.008621,0.008621,0,no
0.018072,0.095238,0.010638,0.066667,0.007937,0,0,0,0,0,0,0,0,no
0.018072,0.095238,0.010638,0.066667,0.007937,0,0,0,0,0,0,0,0,no
0.024096,0.047619,0.010638,0.066667,0.007937,0,0,0,0,0,0,0,0,no
0.370482,0.095238,0.361702,0.133333,0.007937,0,0.037037,0.083333,0.007865,0,0.030172,0.030172,0,no
0.01506,0.047619,0.010638,0.066667,0.007937,0,0,0,0,0,0,0,0,no
0.01506,0.047619,0.010638,0.066667,0.007937,0,0,0,0,0,0,0,0,no
0.01506,0.047619,0.010638,0.066667,0.007937,0,0,0,0,0,0,0,0,no
0.01506,0.047619,0.010638,0.066667,0.007937,0,0,0,0,0,0,0,0,no
0.01506,0.047619,0.010638,0.066667,0.007937,0,0,0,0,0,0,0,0,no
0.01506,0.047619,0.010638,0.066667,0.007937,0,0,0,0,0,0,0,0,no
0.01506,0.047619,0.010638,0.066667,0.007937,0,0,0,0,0,0,0,0,no
0.01506,0.047619,0.010638,0.066667,0.007937,0,0,0,0,0,0,0,0,no
0.01506,0.047619,0.010638,0.066667,0.007937,0,0.037037,0.083333,0.005618,0,0.021552,0.021552,0,no
0.442771,0,0.382979,0.133333,0.126984,0.032258,0.037037,0.083333,0.01236,0,0.047414,0.047414,0,no
0.060241,0,0.06383,0.066667,0.055556,0,0,0,0,0,0,0,0,no
0.021084,0.047619,0.010638,0.066667,0.007937,0,0,0,0,0,0,0,0,no
0.641566,0.095238,0.43617,0.333333,0.126984,0.241935,0.092593,0.166667,0.011798,0.001775,0.038793,0.02069,0,no
0.370482,0.095238,0.255319,0.2,0.039683,0.064516,0.092593,0.166667,0.009551,0.001775,0.030172,0.017241,0,no
0.298193,0.095238,0.159574,0.133333,0.119048,0.258065,0.092593,0.166667,0.00618,0.001775,0.017241,0.012069,0,no
0.298193,0.095238,0.276596,0.133333,0.039683,0.096774,0.092593,0.166667,0.008427,0.001775,0.025862,0.015517,0,no
0.171687,0.047619,0.191489,0.066667,0,0,0.037037,0.083333,0.003371,0,0.012931,0.012931,0,no
0.018072,0.047619,0.010638,0.066667,0.007937,0.016129,0,0,0,0,0,0,0,no
0.03012,0.047619,0.031915,0.066667,0,0,0,0,0,0,0,0,0,no
0.243976,0.047619,0.170213,0.133333,0.111111,0.225806,0.203704,0.25,0.025281,0.001775,0.047414,0.018809,1,no
0.018072,0.047619,0.010638,0.066667,0.007937,0,0,0,0,0,0,0,0,no
0.98494,0.047619,1.031915,0.133333,0,0.016129,0.203704,0.25,0.170225,0.001775,0.387931,0.119906,1,no
0.021084,0.047619,0.021277,0.066667,0.015873,0,0,0,0,0,0,0,0,no
0.786145,0.047619,1.031915,0.133333,1.031746,1.032258,0.203704,0.25,0.136517,0.001775,0.310345,0.096395,1,no
0.207831,0.047619,0.340426,0.066667,0.007937,0,0.203704,0.25,0.035393,0.001775,0.077586,0.025862,1,no
0.39759,0,0.340426,0.066667,0.761905,0.532258,0.203704,0.25,0.069101,0.001775,0.155172,0.049373,1,no
0.216867,0.047619,0.351064,0.066667,0.007937,0,0.203704,0.25,0.035393,0.001775,0.077586,0.025862,1,no
0.018072,0.095238,0.010638,0.066667,0.007937,0,0,0,0,0,0,0,0,no
0.018072,0.095238,0.010638,0.066667,0.007937,0,0,0,0,0,0,0,0,no
0.024096,0.047619,0.010638,0.066667,0.007937,0,0,0,0,0,0,0,0,no
0.686747,0.095238,0.680851,0.133333,0.007937,0,0.203704,0.25,0.119663,0.001775,0.271552,0.084639,1,no
0.01506,0.047619,0.010638,0.066667,0.007937,0,0,0,0,0,0,0,0,no
0.01506,0.047619,0.010638,0.066667,0.007937,0,0,0,0,0,0,0,0,no
0.01506,0.047619,0.010638,0.066667,0.007937,0,0,0,0,0,0,0,0,no
0.01506,0.047619,0.010638,0.066667,0.007937,0,0,0,0,0,0,0,0,no
0.01506,0.047619,0.010638,0.066667,0.007937,0,0,0,0,0,0,0,0,no
0.01506,0.047619,0.010638,0.066667,0.007937,0,0,0,0,0,0,0,0,no
0.01506,0.047619,0.010638,0.066667,0.007937,0,0,0,0,0,0,0,0,no
0.01506,0.047619,0.010638,0.066667,0.007937,0,0,0,0,0,0,0,0,no
0.01506,0.047619,0.010638,0.066667,0.007937,0,0.037037,0.083333,0.005618,0,0.021552,0.021552,0,no
0.01506,0.047619,0.010638,0.066667,0.007937,0,0.037037,0.083333,0.005618,0,0.021552,0.021552,1,no
0.01506,0.047619,0.010638,0.066667,0.007937,0,0,0,0,0,0,0,0,no
0.01506,0.047619,0.010638,0.066667,0.007937,0,0.074074,0.166667,0.011236,0,0.021552,0.021552,0,no
0.01506,0.047619,0.010638,0.066667,0.007937,0,0,0,0,0,0,0,0,no
0.837349,0,0.797872,0.133333,0.246032,0.032258,0.203704,0.25,0.133146,0.001775,0.288793,0.094044,1,no
0.033133,0,0.031915,0.066667,0.015873,0,0,0,0,0,0,0,0,no
0.021084,0.047619,0.010638,0.066667,0.007937,0,0,0,0,0,0,0,0,no
1.027108,0.095238,0.744681,0.266667,0.103175,0.193548,0.203704,0.25,0.153371,0.001775,0.349138,0.10815,1,no
0.63253,0.095238,0.5,0.2,0.031746,0.048387,0.203704,0.25,0.092697,0.001775,0.202586,0.065831,1,no
0.490964,0.095238,0.361702,0.133333,0.095238,0.209677,0.203704,0.25,0.069101,0.001775,0.155172,0.049373,1,no
0.629518,0.095238,0.691489,0.133333,0.031746,0.080645,0.203704,0.25,0.102809,0.001775,0.232759,0.072884,1,no
0.307229,0.047619,0.351064,0.066667,0,0,0.148148,0.25,0.050562,0,0.116379,0.048491,0,no
0.018072,0.047619,0.010638,0.066667,0.007937,0.016129,0,0,0,0,0,0,0,no
0.066265,0.047619,0.053191,0.066667,0.039683,0.080645,0,0,0,0,0,0,0,no
0.171687,0.047619,0.170213,0.133333,0,0.016129,0,0,0,0,0,0,0,no
0.021084,0.047619,0.021277,0.066667,0.015873,0,0,0,0,0,0,0,0,no
0.135542,0.047619,0.170213,0.133333,0.174603,0.16129,0,0,0,0,0,0,0,no
0.045181,0.047619,0.053191,0.066667,0.007937,0,0,0,0,0,0,0,0,no
0.072289,0,0.053191,0.066667,0.119048,0.096774,0,0,0,0,0,0,0,no
0.054217,0.047619,0.06383,0.066667,0.007937,0,0,0,0,0,0,0,0,no
0.018072,0.095238,0.010638,0.066667,0.007937,0,0,0,0,0,0,0,0,no
0.018072,0.095238,0.010638,0.066667,0.007937,0,0,0,0,0,0,0,0,no
0.018072,0.095238,0.010638,0.066667,0.007937,0,0,0,0,0,0,0,0,no
0.018072,0.095238,0.010638,0.066667,0.007937,0,0,0,0,0,0,0,0,no
0.018072,0.095238,0.010638,0.066667,0.007937,0,0,0,0,0,0,0,0,no
0.021084,0.047619,0.010638,0.066667,0.007937,0,0,0,0,0,0,0,0,no
0.11747,0.095238,0.106383,0.133333,0.007937,0,0,0,0,0,0,0,0,no
0.01506,0.047619,0.010638,0.066667,0.007937,0,0,0,0,0,0,0,0,no
0.01506,0.047619,0.010638,0.066667,0.007937,0,0,0,0,0,0,0,0,no
0.01506,0.047619,0.010638,0.066667,0.007937,0,0,0,0,0,0,0,0,no
0.01506,0.047619,0.010638,0.066667,0.007937,0,0,0,0,0,0,0,0,no
0.01506,0.047619,0.010638,0.066667,0.007937,0,0,0,0,0,0,0,0,no
0.177711,0,0.148936,0.133333,0.031746,0.032258,0,0,0,0,0,0,0,no
0.021084,0.047619,0.010638,0.066667,0.007937,0,0,0,0,0,0,0,0,no
0.35241,0.095238,0.191489,0.266667,0.174603,0.33871,0.055556,0.125,0.001685,0.001775,0.008621,0.008621,0,no
0.228916,0.095238,0.159574,0.2,0.047619,0.080645,0.055556,0.125,0.001685,0.001775,0.008621,0.008621,0,no
0.222892,0.095238,0.106383,0.133333,0.166667,0.354839,0.055556,0.125,0.001685,0.001775,0.008621,0.008621,0,no
0.195783,0.095238,0.159574,0.133333,0.047619,0.112903,0.055556,0.125,0.001685,0.001775,0.008621,0.008621,0,no
0.063253,0.047619,0.06383,0.066667,0,0,0,0,0,0,0,0,0,no
0.018072,0.047619,0.010638,0.066667,0.007937,0.016129,0,0,0,0,0,0,0,no
0.042169,0.047619,0.053191,0.066667,0,0,0,0,0,0,0,0,0,no
0.105422,0.047619,0.074468,0.066667,0,0,0.111111,0.25,0.010112,0,0.012931,0.012931,0,no
0.563253,0.047619,0.585106,0.133333,0,0.016129,0.111111,0.25,0.033708,0,0.043103,0.043103,0,no
0.021084,0.047619,0.021277,0.066667,0.015873,0,0,0,0,0,0,0,0,no
0.448795,0.047619,0.585106,0.133333,0.587302,0.580645,0.111111,0.25,0.026966,0,0.034483,0.034483,0,no
0.123494,0.047619,0.191489,0.066667,0.007937,0,0.111111,0.25,0.006742,0,0.008621,0.008621,0,no
0.228916,0,0.191489,0.066667,0.396825,0.306452,0.111111,0.25,0.013483,0,0.017241,0.017241,0,no
0.13253,0.047619,0.202128,0.066667,0.007937,0,0.111111,0.25,0.006742,0,0.008621,0.008621,0,no
0.024096,0.047619,0.010638,0.066667,0.007937,0,0,0,0,0,0,0,0,no
0.391566,0.095238,0.382979,0.133333,0.007937,0,0.111111,0.25,0.023596,0,0.030172,0.030172,0,no
0.01506,0.047619,0.010638,0.066667,0.007937,0,0,0,0,0,0,0,0,no
0.01506,0.047619,0.010638,0.066667,0.007937,0,0,0,0,0,0,0,0,no
0.01506,0.047619,0.010638,0.066667,0.007937,0,0,0,0,0,0,0,0,no
0.01506,0.047619,0.010638,0.066667,0.007937,0,0,0,0,0,0,0,0,no
0.01506,0.047619,0.010638,0.066667,0.007937,0,0,0,0,0,0,0,0,no
0.01506,0.047619,0.010638,0.066667,0.007937,0,0.037037,0.083333,0.005618,0,0.021552,0.021552,0,no
0.01506,0.047619,0.010638,0.066667,0.007937,0,0.074074,0.166667,0.011236,0,0.021552,0.021552,0,no
0.433735,0,0.37234,0.133333,0.134921,0.032258,0.111111,0.25,0.037079,0,0.047414,0.047414,0,no
0.069277,0,0.074468,0.066667,0.063492,0,0,0,0,0,0,0,0,no
0.021084,0.047619,0.010638,0.066667,0.007937,0,0,0,0,0,0,0,0,no
0.539157,0.095238,0.414894,0.2,0.015873,0.016129,0.111111,0.25,0.030337,0,0.038793,0.038793,0,no
0.289157,0.095238,0.191489,0.133333,0.007937,0,0.111111,0.25,0.023596,0,0.030172,0.030172,0,no
0.186747,0.095238,0.117021,0.066667,0.007937,0.032258,0.111111,0.25,0.013483,0,0.017241,0.017241,0,no
0.23494,0.095238,0.234043,0.066667,0.007937,0.032258,0.111111,0.25,0.020225,0,0.025862,0.025862,0,no
0.180723,0.047619,0.202128,0.066667,0,0,0.111111,0.25,0.010112,0,0.012931,0.012931,0,no
0.018072,0.047619,0.010638,0.066667,0.007937,0.016129,0,0,0,0,0,0,0,no
0.171687,0.047619,0.170213,0.133333,0,0.016129,0.055556,0.125,0.033708,0,0.086207,0.086207,0,no
0.021084,0.047619,0.021277,0.066667,0.015873,0,0,0,0,0,0,0,0,no
0.135542,0.047619,0.170213,0.133333,0.174603,0.16129,0.055556,0.125,0.026966,0,0.068966,0.068966,0,no
0.045181,0.047619,0.053191,0.066667,0.007937,0,0.055556,0.125,0.006742,0,0.017241,0.017241,0,no
0.072289,0,0.053191,0.066667,0.119048,0.096774,0.055556,0.125,0.013483,0,0.034483,0.034483,0,no
0.054217,0.047619,0.06383,0.066667,0.007937,0,0.055556,0.125,0.006742,0,0.017241,0.017241,0,no
0.024096,0.047619,0.010638,0.066667,0.007937,0,0,0,0,0,0,0,0,no
0.11747,0.095238,0.106383,0.133333,0.007937,0,0.055556,0.125,0.023596,0,0.060345,0.060345,0,no
0.11747,0,0.095745,0.133333,0.031746,0.032258,0.055556,0.125,0.023596,0,0.060345,0.060345,0,no
0.021084,0.047619,0.010638,0.066667,0.007937,0,0,0,0,0,0,0,0,no
0.186747,0.095238,0.138298,0.2,0.015873,0.016129,0.055556,0.125,0.030337,0,0.077586,0.077586,0,no
0.093373,0.095238,0.053191,0.066667,0.007937,0,0.055556,0.125,0.016854,0,0.043103,0.043103,0,no
0.072289,0.095238,0.053191,0.066667,0.007937,0.032258,0.055556,0.125,0.013483,0,0.034483,0.034483,0,no
0.105422,0.095238,0.106383,0.066667,0.007937,0.032258,0.055556,0.125,0.020225,0,0.051724,0.051724,0,no
0.063253,0.047619,0.06383,0.066667,0,0,0.055556,0.125,0.010112,0,0.025862,0.025862,0,no
0.018072,0.047619,0.010638,0.066667,0.007937,0.016129,0,0,0,0,0,0,0,no
0.087349,0.047619,0.053191,0.066667,0.007937,0.016129,0,0,0,0,0,0,0,no
0.472892,0.047619,0.489362,0.133333,0,0.016129,0,0,0,0,0,0,0,no
0.021084,0.047619,0.021277,0.066667,0.015873,0,0,0,0,0,0,0,0,no
0.376506,0.047619,0.489362,0.133333,0.492063,0.483871,0,0,0,0,0,0,0,no
0.105422,0.047619,0.159574,0.066667,0.007937,0,0,0,0,0,0,0,0,no
0.192771,0,0.159574,0.066667,0.357143,0.258065,0,0,0,0,0,0,0,no
0.114458,0.047619,0.170213,0.066667,0.007937,0,0,0,0,0,0,0,0,no
0.018072,0.095238,0.010638,0.066667,0.007937,0,0,0,0,0,0,0,0,no
0.024096,0.047619,0.010638,0.066667,0.007937,0,0,0,0,0,0,0,0,no
0.328313,0.095238,0.319149,0.133333,0.007937,0,0,0,0,0,0,0,0,no
0.01506,0.047619,0.010638,0.066667,0.007937,0,0,0,0,0,0,0,0,no
0.01506,0.047619,0.010638,0.066667,0.007937,0,0,0,0,0,0,0,0,no
0.01506,0.047619,0.010638,0.066667,0.007937,0,0,0,0,0,0,0,0,no
0.01506,0.047619,0.010638,0.066667,0.007937,0,0,0,0,0,0,0,0,no
0.01506,0.047619,0.010638,0.066667,0.007937,0,0,0,0,0,0,0,0,no
0.388554,0,0.361702,0.133333,0.111111,0.032258,0,0,0,0,0,0,0,no
0.021084,0.047619,0.010638,0.066667,0.007937,0,0,0,0,0,0,0,0,no
0.490964,0.095238,0.361702,0.266667,0.047619,0.080645,0.055556,0.125,0.001685,0.001775,0.008621,0.008621,0,no
0.295181,0.095238,0.223404,0.2,0.015873,0.016129,0.055556,0.125,0.001685,0.001775,0.008621,0.008621,0,no
0.222892,0.095238,0.170213,0.133333,0.039683,0.096774,0.055556,0.125,0.001685,0.001775,0.008621,0.008621,0,no
0.304217,0.095238,0.329787,0.133333,0.015873,0.048387,0.055556,0.125,0.001685,0.001775,0.008621,0.008621,0,no
0.153614,0.047619,0.170213,0.066667,0,0,0,0,0,0,0,0,0,no
0.018072,0.047619,0.010638,0.066667,0.007937,0.016129,0,0,0,0,0,0,0,no
0.018072,0,0.021277,0.066667,0,0,0,0,0,0,0,0,0,no
0.036145,0.095238,0.031915,0.2,0,0.016129,0.037037,0.083333,0.010112,0,0.038793,0.038793,0,no
0.042169,0.142857,0.010638,0.066667,0,0.032258,0.148148,0.125,0.011236,0.007101,0.034483,0.017241,0,no
0.018072,0.047619,0.010638,0.066667,0,0.032258,0.037037,0.083333,0.006742,0,0.025862,0.025862,0,no
0.105422,0.047619,0.095745,0.2,0,0.16129,0.111111,0.125,0.047753,0.008876,0.181034,0.071839,0,no
0.03012,0.047619,0.021277,0.066667,0,0.016129,0,0,0,0,0,0,0,no
0.027108,0.047619,0.021277,0.133333,0,0.032258,0,0,0,0,0,0,0,no
0.021084,0.047619,0.010638,0.066667,0,0,0,0,0,0,0,0,0,no
0.138554,0.095238,0.159574,0.933333,0.007937,0.129032,0,0,0,0,0,0,0,no
0.021084,0.142857,0.010638,0.066667,0,0,0,0,0,0,0,0,0,no
0.039157,0.095238,0.031915,0.2,0,0.032258,0,0,0,0,0,0,0,no
0.027108,0.142857,0.010638,0.066667,0,0.016129,0,0,0,0,0,0,0,no
0.01506,0.047619,0.010638,0.066667,0,0.016129,0,0,0,0,0,0,0,no
0.01506,0.047619,0.010638,0.066667,0,0.016129,0,0,0,0,0,0,0,no
0.01506,0.047619,0.010638,0.066667,0,0.016129,0,0,0,0,0,0,0,no
0.01506,0.047619,0.010638,0.066667,0,0.016129,0,0,0,0,0,0,0,no
0.01506,0.047619,0.010638,0.066667,0,0.016129,0,0,0,0,0,0,0,no
0.01506,0.047619,0.010638,0.066667,0,0.016129,0,0,0,0,0,0,0,no
0.018072,0,0.010638,0.066667,0,0.016129,0.037037,0.041667,0.006742,0,0.025862,0.025862,0,no
0.024096,0.047619,0.010638,0.066667,0,0.048387,0,0,0,0,0,0,0,no
0.021084,0.047619,0.010638,0.066667,0.007937,0,0,0,0,0,0,0,0,no
0.060241,0.047619,0.021277,0.133333,0.02381,0.080645,0.018519,0.041667,0.000562,0.000592,0.008621,0.008621,0,no
0.036145,0.095238,0.021277,0.133333,0,0.048387,0.037037,0.083333,0.001124,0.001183,0.008621,0.008621,1,no
0.072289,0.047619,0.010638,0.066667,0.007937,0.016129,0,0,0,0,0,0,0,no
0.024096,0,0.010638,0.066667,0,0,0,0,0,0,0,0,0,no
0.024096,0,0.010638,0.066667,0,0.032258,0,0,0,0,0,0,0,no
0.045181,0.047619,0.031915,0.133333,0,0.032258,0,0,0,0,0,0,0,no
0.03012,0.095238,0.010638,0.066667,0,0.032258,0,0,0,0,0,0,0,no
0.024096,0,0.010638,0.066667,0.007937,0,0,0,0,0,0,0,0,no
0.03012,0.047619,0.021277,0.133333,0,0.048387,0,0,0,0,0,0,0,no
0.027108,0,0.010638,0.066667,0,0,0,0,0,0,0,0,0,yes
0.021084,0,0.010638,0.066667,0,0.016129,0,0,0,0,0,0,0,no
0.03012,0.047619,0.021277,0.133333,0,0,0,0,0,0,0,0,0,no
0.066265,0.095238,0.021277,0.066667,0.015873,0.032258,0,0,0,0,0,0,0,no
0.036145,0,0.021277,0.133333,0,0.032258,0,0,0,0,0,0,0,no
0.042169,0.047619,0.031915,0.2,0,0.080645,0,0,0,0,0,0,0,no
0.042169,0,0.010638,0.066667,0,0.032258,0,0,0,0,0,0,0,no
0.03012,0.047619,0.021277,0.133333,0,0.016129,0,0,0,0,0,0,0,no
0.048193,0,0.021277,0.133333,0.007937,0,0,0,0,0,0,0,0,no
0.024096,0.047619,0.010638,0.066667,0,0.016129,0,0,0,0,0,0,0,no
0.018072,0.047619,0.010638,0.066667,0,0,0,0,0,0,0,0,0,no
0.099398,0.047619,0.074468,0.133333,0.007937,0.080645,0,0,0,0,0,0,0,no
0.033133,0,0.021277,0.133333,0,0.048387,0,0,0,0,0,0,0,no
0.039157,0,0.031915,0.2,0,0,0,0,0,0,0,0,0,no
0.051205,0,0.031915,0.2,0.015873,0.048387,0,0,0,0,0,0,0,no
0.033133,0.047619,0.010638,0.066667,0.007937,0,0,0,0,0,0,0,0,no
0.036145,0,0.021277,0.133333,0.007937,0,0,0,0,0,0,0,0,no
0.093373,0.047619,0.042553,0.2,0.02381,0.080645,0,0,0,0,0,0,0,no
0.051205,0.047619,0.031915,0.133333,0.015873,0.048387,0,0,0,0,0,0,0,no
0.027108,0.142857,0.010638,0.066667,0.007937,0.032258,0.055556,0.083333,0.001685,0.001775,0.008621,0.008621,1,no
0.039157,0.047619,0.010638,0.066667,0,0.048387,0.055556,0.083333,0.001685,0.001775,0.008621,0.008621,0,yes
0.01506,0.095238,0.010638,0.066667,0,0,0,0,0,0,0,0,0,no
0.024096,0,0.010638,0.066667,0,0.016129,0,0,0,0,0,0,0,yes
0.021084,0.047619,0.021277,0.133333,0.007937,0.016129,0,0,0,0,0,0,0,no
0.060241,0.095238,0.021277,0.133333,0.015873,0.048387,0.018519,0.041667,0.000562,0.000592,0.008621,0.008621,0,no
0.13253,0.095238,0.074468,0.266667,0.015873,0.112903,0,0,0,0,0,0,0,no
0.183735,0.142857,0.06383,0.133333,0.039683,0.16129,0.018519,0.041667,0.000562,0.000592,0.008621,0.008621,0,no
0.060241,0.047619,0.021277,0.133333,0.015873,0.048387,0,0,0,0,0,0,0,no
0.033133,0,0.010638,0.066667,0,0.016129,0,0,0,0,0,0,0,no
0.027108,0,0.010638,0.066667,0.007937,0.016129,0,0,0,0,0,0,0,no
0.01506,0.047619,0.010638,0.066667,0.007937,0.016129,0,0,0,0,0,0,0,no
0.165663,0.142857,0.053191,0.133333,0.031746,0.145161,0.018519,0.041667,0.000562,0.000592,0.008621,0.008621,0,no
0.060241,0.047619,0.021277,0.133333,0.015873,0.032258,0,0,0,0,0,0,0,no
0.033133,0,0.010638,0.066667,0,0.016129,0,0,0,0,0,0,0,no
0.03012,0,0.010638,0.066667,0.007937,0.016129,0,0,0,0,0,0,0,no
0.069277,0.047619,0.053191,0.266667,0.02381,0.080645,0,0,0,0,0,0,0,no
0.01506,0.095238,0.010638,0.066667,0,0,0,0,0,0,0,0,0,no
0.138554,0.095238,0.074468,0.266667,0.02381,0.080645,0.018519,0.041667,0.000562,0.000592,0.008621,0.008621,0,no
0.418675,0.095238,0.287234,0.4,0.119048,0.274194,0,0,0,0,0,0,0,no
0.036145,0.047619,0.010638,0.066667,0.015873,0.048387,0,0,0,0,0,0,0,no
0.033133,0,0.021277,0.133333,0.007937,0.048387,0,0,0,0,0,0,0,no
0.027108,0.047619,0.010638,0.066667,0,0.016129,0,0,0,0,0,0,0,no
0.054217,0,0.021277,0.066667,0.015873,0.016129,0,0,0,0,0,0,0,no
0.03012,0,0.021277,0.133333,0.02381,0,0,0,0,0,0,0,0,no
0.039157,0,0.021277,0.133333,0.007937,0.016129,0,0,0,0,0,0,0,no
0.01506,0,0.010638,0.066667,0,0,0,0,0,0,0,0,0,no
0.325301,0,0.223404,0.4,0.103175,0.225806,0,0,0,0,0,0,0,no
0.018072,0.047619,0.010638,0.066667,0.007937,0,0,0,0,0,0,0,0,no
0.027108,0,0.010638,0.066667,0,0.032258,0,0,0,0,0,0,0,no
0.024096,0.047619,0.021277,0.066667,0.015873,0.016129,0,0,0,0,0,0,0,no
0.036145,0.095238,0.031915,0.066667,0.039683,0.032258,0,0,0,0,0,0,0,no
0.03012,0.047619,0.010638,0.066667,0,0.016129,0,0,0,0,0,0,0,no
0.027108,0,0.010638,0.066667,0,0.016129,0,0,0,0,0,0,0,no
0.174699,0.142857,0.12766,0.2,0.015873,0.129032,0,0,0,0,0,0,0,no
0.036145,0.142857,0.031915,0.066667,0,0,0,0,0,0,0,0,0,no
0.033133,0.047619,0.021277,0.066667,0,0.016129,0,0,0,0,0,0,0,no
0.039157,0.095238,0.021277,0.066667,0.039683,0,0.037037,0.083333,0.005618,0,0.021552,0.021552,1,no
0.039157,0,0.021277,0.066667,0.015873,0.032258,0,0,0,0,0,0,0,no
0.033133,0.047619,0.010638,0.066667,0.015873,0.064516,0,0,0,0,0,0,0,no
0.027108,0.095238,0.010638,0.066667,0,0,0,0,0,0,0,0,0,no
0.024096,0.047619,0.010638,0.066667,0.007937,0,0,0,0,0,0,0,0,no
0.090361,0.047619,0.085106,0.333333,0.007937,0.064516,0,0,0,0,0,0,0,no
0.027108,0.095238,0.010638,0.066667,0,0.016129,0,0,0,0,0,0,0,no
0.033133,0.047619,0.010638,0.066667,0.007937,0.016129,0,0,0,0,0,0,0,no
0.120482,0.047619,0.106383,0.333333,0,0.112903,0,0,0,0,0,0,0,no
0.048193,0.095238,0.021277,0.133333,0.007937,0.032258,0,0,0,0,0,0,0,no
0.027108,0,0.010638,0.066667,0.007937,0.016129,0,0,0,0,0,0,0,no
0.114458,0.095238,0.06383,0.2,0.02381,0.096774,0,0,0,0,0,0,0,no
0.054217,0.095238,0.031915,0.066667,0.031746,0.048387,0,0,0,0,0,0,0,no
0.012048,0.095238,0.010638,0.066667,0.007937,0,0,0,0,0,0,0,0,no
0.027108,0,0.010638,0.066667,0,0.016129,0,0,0,0,0,0,0,no
0.13253,0.095238,0.074468,0.2,0.055556,0.096774,0,0,0,0,0,0,0,no
0.075301,0.095238,0.010638,0.066667,0.015873,0.096774,0.092593,0.125,0.002809,0.001775,0.008621,0.006897,1,no
0.036145,0.095238,0.021277,0.133333,0,0.032258,0,0,0,0,0,0,0,no
0.021084,0,0.010638,0.066667,0,0,0,0,0,0,0,0,0,no
0.03012,0.047619,0.021277,0.133333,0,0.032258,0,0,0,0,0,0,0,no
0.027108,0.095238,0.021277,0.066667,0.007937,0,0,0,0,0,0,0,0,no
0.054217,0,0.021277,0.133333,0,0.080645,0,0,0,0,0,0,0,no
0.027108,0.047619,0.010638,0.066667,0,0.016129,0,0,0,0,0,0,0,no
0.027108,0,0.021277,0.133333,0,0,0,0,0,0,0,0,0,no
0.018072,0.095238,0.010638,0.066667,0.007937,0.016129,0,0,0,0,0,0,0,no
0.084337,0.095238,0.085106,0.266667,0.047619,0.080645,0,0,0,0,0,0,0,no
0.033133,0,0.010638,0.066667,0,0.032258,0,0,0,0,0,0,0,no
0.024096,0.095238,0.010638,0.066667,0.007937,0,0,0,0,0,0,0,0,no
0.036145,0.095238,0.021277,0.066667,0.02381,0,0.037037,0.083333,0.007865,0,0.030172,0.030172,1,no
0.036145,0.095238,0.021277,0.066667,0,0.016129,0,0,0,0,0,0,0,no
0.036145,0,0.010638,0.066667,0,0.032258,0.018519,0.041667,0.000562,0.000592,0.008621,0.008621,0,no
0.021084,0,0.010638,0.066667,0,0,0,0,0,0,0,0,0,no
0.03012,0.047619,0.010638,0.066667,0,0,0,0,0,0,0,0,0,no
0.03012,0.047619,0.010638,0.066667,0,0,0,0,0,0,0,0,0,no
0.036145,0.095238,0.010638,0.066667,0,0.080645,0.018519,0.041667,0.000562,0.000592,0.008621,0.008621,0,no
0.054217,0,0.021277,0.133333,0.015873,0.032258,0,0,0,0,0,0,0,no
0.033133,0,0.021277,0.133333,0.007937,0,0,0,0,0,0,0,0,no
0.03012,0.095238,0.010638,0.066667,0.007937,0.048387,0,0,0,0,0,0,0,no
0.036145,0.238095,0.010638,0.066667,0,0,0,0,0,0,0,0,0,no
0.033133,0.047619,0.010638,0.066667,0,0.080645,0,0,0,0,0,0,0,no
0.036145,0.142857,0.010638,0.066667,0,0,0.018519,0.041667,0.000562,0.000592,0.008621,0.008621,0,no
0.036145,0,0.031915,0.133333,0.007937,0.016129,0,0,0,0,0,0,0,no
0.093373,0.142857,0.031915,0.066667,0.007937,0.096774,0.074074,0.125,0.001124,0.010651,0.034483,0.021552,0,no
0.033133,0.190476,0.031915,0.133333,0.007937,0.016129,0.037037,0.083333,0.001124,0.001183,0.008621,0.008621,0,no
0.021084,0,0.010638,0.066667,0.007937,0,0,0,0,0,0,0,0,no
0.039157,0,0.010638,0.066667,0,0.048387,0,0,0,0,0,0,0,no
0.024096,0.047619,0.021277,0.066667,0.015873,0.016129,0,0,0,0,0,0,0,no
0.021084,0.047619,0.010638,0.066667,0,0,0,0,0,0,0,0,0,no
0.039157,0.095238,0.031915,0.2,0,0,0,0,0,0,0,0,0,no
0.021084,0,0.010638,0.066667,0,0.032258,0,0,0,0,0,0,0,no
0.021084,0.047619,0.010638,0.066667,0,0.016129,0,0,0,0,0,0,0,no
0.03012,0,0.021277,0.133333,0,0.048387,0,0,0,0,0,0,0,no
0.021084,0.047619,0.010638,0.066667,0,0.016129,0,0,0,0,0,0,0,no
0.027108,0.047619,0.021277,0.133333,0,0,0,0,0,0,0,0,0,no
0.03012,0,0.010638,0.066667,0.007937,0.064516,0,0,0,0,0,0,0,no
0.033133,0.047619,0.010638,0.066667,0,0.064516,0,0,0,0,0,0,0,no
0.03012,0.047619,0.010638,0.066667,0,0.016129,0.055556,0.125,0.011798,0,0.030172,0.030172,0,no
0.018072,0.047619,0.010638,0.066667,0,0,0.055556,0.125,0.005056,0,0.012931,0.012931,0,no
0.126506,0.095238,0.074468,0.066667,0.007937,0.129032,0,0,0,0,0,0,0,no
0.039157,0,0.031915,0.066667,0,0,0,0,0,0,0,0,0,no
0.054217,0.095238,0.042553,0.133333,0,0,0,0,0,0,0,0,0,no
0.042169,0.047619,0.021277,0.066667,0,0.048387,0,0,0,0,0,0,0,no
0.024096,0.142857,0.021277,0.133333,0,0.016129,0,0,0,0,0,0,0,no
0.024096,0.047619,0.021277,0.133333,0,0,0,0,0,0,0,0,0,no
0.075301,0.095238,0.031915,0.066667,0,0,0,0,0,0,0,0,0,no
0.01506,0,0.010638,0.066667,0,0,0,0,0,0,0,0,0,no
0.045181,0.238095,0.021277,0.133333,0,0.064516,0,0,0,0,0,0,0,no
0.048193,0.238095,0.021277,0.133333,0,0.080645,0,0,0,0,0,0,0,no
0.093373,0.095238,0.031915,0.066667,0,0,0,0,0,0,0,0,0,no
0.01506,0,0.010638,0.066667,0,0,0,0,0,0,0,0,0,no
0.033133,0.333333,0.010638,0.066667,0,0.064516,0,0,0,0,0,0,0,no
0.063253,0.333333,0.021277,0.133333,0,0.112903,0,0,0,0,0,0,0,no
0.01506,0,0.010638,0.066667,0,0.016129,0,0,0,0,0,0,0,no
0.039157,0.047619,0.021277,0.133333,0,0.016129,0,0,0,0,0,0,0,no
0.051205,0,0.031915,0.2,0,0.112903,0,0,0,0,0,0,0,no
0.033133,0,0.021277,0.066667,0,0.080645,0,0,0,0,0,0,0,no
0.021084,0.047619,0.010638,0.066667,0,0.016129,0,0,0,0,0,0,0,no
0.01506,0,0.010638,0.066667,0,0.016129,0,0,0,0,0,0,0,no
0.039157,0.047619,0.021277,0.133333,0,0.016129,0,0,0,0,0,0,0,no
0.051205,0,0.031915,0.2,0,0.112903,0,0,0,0,0,0,0,no
0.027108,0,0.010638,0.066667,0,0.064516,0,0,0,0,0,0,0,no
0.021084,0.047619,0.010638,0.066667,0,0.016129,0,0,0,0,0,0,0,no
0.051205,0.142857,0.031915,0.066667,0,0,0,0,0,0,0,0,0,no
0.01506,0,0.010638,0.066667,0,0,0,0,0,0,0,0,0,no
0.021084,0.095238,0.010638,0.066667,0,0.032258,0,0,0,0,0,0,0,no
0.027108,0.047619,0.010638,0.066667,0,0.048387,0,0,0,0,0,0,0,no
0.036145,0.047619,0.010638,0.066667,0,0.080645,0,0,0,0,0,0,0,no
0.054217,0.047619,0.042553,0.2,0,0.064516,0,0,0,0,0,0,0,no
0.03012,0.047619,0.021277,0.066667,0,0.032258,0,0,0,0,0,0,0,no
0.024096,0.095238,0.010638,0.066667,0,0,0,0,0,0,0,0,0,no
0.021084,0,0.010638,0.066667,0,0,0,0,0,0,0,0,0,no
0.156627,0,0.095745,0.133333,0.039683,0.241935,0,0,0,0,0,0,0,no
0.075301,0,0.053191,0.2,0.007937,0.048387,0,0,0,0,0,0,0,no
0.018072,0.047619,0.010638,0.066667,0,0,0,0,0,0,0,0,0,no
0.018072,0.047619,0.010638,0.066667,0,0,0,0,0,0,0,0,0,no
0.048193,0.047619,0.06383,0.066667,0,0,0,0,0,0,0,0,0,no
0.054217,0,0.021277,0.133333,0,0.064516,0,0,0,0,0,0,0,no
0.033133,0.047619,0.021277,0.066667,0,0.032258,0,0,0,0,0,0,0,no
0.027108,0.142857,0.021277,0.066667,0.015873,0,0.074074,0.166667,0.005618,0.001183,0.017241,0.012931,1,no
0.036145,0.047619,0.042553,0.066667,0.031746,0.016129,0,0,0,0,0,0,0,no
0.045181,0.047619,0.021277,0.133333,0,0.032258,0.037037,0.083333,0.001124,0.001183,0.008621,0.008621,0,no
0.021084,0.047619,0.010638,0.066667,0,0.016129,0.037037,0.083333,0,0.001183,0.00431,0.00431,1,no
0.138554,0.095238,0.06383,0.133333,0.007937,0.145161,0.092593,0.166667,0.003371,0,0.008621,0.005172,1,no
0.042169,0.047619,0.021277,0.066667,0.015873,0.016129,0,0,0,0,0,0,0,no
0.021084,0,0.010638,0.066667,0.007937,0,0,0,0,0,0,0,0,no
0.018072,0,0.010638,0.066667,0,0,0.055556,0.125,0.003371,0,0.008621,0.008621,0,no
0.054217,0.047619,0.021277,0.133333,0.031746,0.032258,0,0,0,0,0,0,0,no
0.099398,0.047619,0.053191,0.266667,0.015873,0.048387,0.055556,0.125,0.006742,0,0.017241,0.017241,0,no
0.021084,0,0.010638,0.066667,0,0.016129,0,0,0,0,0,0,0,no
0.051205,0,0.042553,0.266667,0,0,0,0,0,0,0,0,0,no
0.027108,0.095238,0.010638,0.066667,0.007937,0.016129,0,0,0,0,0,0,0,no
0.036145,0.095238,0.021277,0.133333,0.015873,0.016129,0,0,0,0,0,0,0,no
0.045181,0.047619,0.021277,0.066667,0,0.016129,0,0,0,0,0,0,0,no
0.018072,0,0.010638,0.066667,0,0.016129,0,0,0,0,0,0,0,no
0.024096,0.047619,0.010638,0.066667,0,0.016129,0,0,0,0,0,0,0,no
0.024096,0.047619,0.010638,0.066667,0,0,0,0,0,0,0,0,0,no
0.048193,0.047619,0.031915,0.133333,0.015873,0.048387,0,0,0,0,0,0,0,no
0.084337,0.142857,0.053191,0.133333,0.015873,0.096774,0.055556,0.083333,0.005056,0,0.012931,0.012931,1,no
0.096386,0.142857,0.053191,0.2,0.015873,0.080645,0,0,0,0,0,0,0,no
0.060241,0.095238,0.021277,0.133333,0.015873,0.064516,0,0,0,0,0,0,0,no
0.084337,0,0.042553,0.2,0,0.016129,0.111111,0.125,0.003371,0.00355,0.008621,0.008621,1,no
0.072289,0,0.042553,0.2,0,0.016129,0.055556,0.083333,0.040449,0,0.103448,0.103448,1,no
0.021084,0.047619,0.010638,0.066667,0.02381,0.016129,0,0,0,0,0,0,0,no
0.063253,0.190476,0.06383,0.133333,0,0,0.055556,0.125,0.035393,0,0.090517,0.090517,0,no
0.036145,0.142857,0.021277,0.066667,0.007937,0.016129,0.055556,0.125,0.020225,0,0.051724,0.051724,0,no
0.021084,0.047619,0.010638,0.066667,0,0.016129,0.055556,0.125,0,0.00355,0.008621,0.008621,0,no
0.03012,0.047619,0.021277,0.066667,0,0.016129,0.055556,0.125,0.016854,0,0.043103,0.043103,0,no
0.051205,0,0.031915,0.133333,0,0.064516,0.055556,0.125,0.008427,0,0.021552,0.021552,0,no
0.075301,0.047619,0.06383,0.133333,0,0.112903,0.055556,0.125,0.02191,0,0.056034,0.056034,0,no
0.039157,0.285714,0.010638,0.066667,0.007937,0,0,0,0,0,0,0,0,no
0.024096,0.047619,0.021277,0.133333,0,0.016129,0,0,0,0,0,0,0,no
0.03012,0.095238,0.021277,0.066667,0,0,0.055556,0.125,0.011798,0,0.030172,0.030172,0,no
0.021084,0.047619,0.010638,0.066667,0,0.016129,0.055556,0.125,0.005056,0,0.012931,0.012931,0,no
0.099398,0.047619,0.085106,0.333333,0,0.112903,0,0,0,0,0,0,0,no
0.039157,0.047619,0.053191,0.333333,0,0.016129,0,0,0,0,0,0,0,no
0.042169,0.047619,0.021277,0.066667,0.015873,0.016129,0,0,0,0,0,0,0,no
0.024096,0.047619,0.010638,0.066667,0,0,0,0,0,0,0,0,0,no
0.051205,0.047619,0.031915,0.2,0.015873,0.064516,0.055556,0.083333,0.001685,0.001775,0.008621,0.008621,0,no
0.051205,0.047619,0.031915,0.133333,0.047619,0.064516,0.018519,0.041667,0.000562,0.000592,0.008621,0.008621,0,no
0.048193,0.047619,0.031915,0.2,0.007937,0.064516,0.037037,0.083333,0.001124,0.001183,0.008621,0.008621,0,no
0.051205,0.047619,0.031915,0.2,0.015873,0.032258,0.037037,0.083333,0.001124,0.001183,0.008621,0.008621,0,no
0.036145,0.095238,0.021277,0.133333,0.007937,0.016129,0.037037,0.083333,0.001124,0.001183,0.008621,0.008621,0,no
0.051205,0.047619,0.031915,0.2,0.015873,0.032258,0.055556,0.083333,0.001685,0.001775,0.008621,0.008621,0,no
0.03012,0.142857,0.010638,0.066667,0.02381,0.032258,0.055556,0.083333,0.001685,0.001775,0.008621,0.008621,0,no
0.03012,0.047619,0.021277,0.133333,0.007937,0,0,0,0,0,0,0,0,no
0.036145,0.047619,0.010638,0.066667,0,0.048387,0,0,0,0,0,0,0,no
0.036145,0.142857,0.031915,0.133333,0.007937,0.048387,0,0,0,0,0,0,0,no
0.033133,0.095238,0.021277,0.066667,0.007937,0.032258,0,0,0,0,0,0,0,no
0.048193,0.047619,0.031915,0.2,0,0.064516,0.037037,0.083333,0.001124,0.001183,0.008621,0.008621,0,no
0.066265,0.095238,0.031915,0.066667,0.015873,0.080645,0,0,0,0,0,0,0,no
0.039157,0.142857,0.031915,0.133333,0,0.016129,0,0,0,0,0,0,0,no
0.042169,0.095238,0.031915,0.133333,0.007937,0.080645,0,0,0,0,0,0,0,no
0.036145,0.142857,0.031915,0.133333,0,0.016129,0,0,0,0,0,0,0,no
0.054217,0.142857,0.031915,0.2,0,0.064516,0.055556,0.125,0.001685,0,0.00431,0.00431,0,no
0.048193,0.047619,0.031915,0.133333,0.007937,0.032258,0,0,0,0,0,0,0,no
0.042169,0.047619,0.031915,0.133333,0,0.032258,0,0,0,0,0,0,0,no
0.033133,0.095238,0.021277,0.066667,0,0.032258,0,0,0,0,0,0,0,no
0.051205,0.095238,0.021277,0.133333,0.007937,0.096774,0.055556,0.125,0,0.001775,0.00431,0.00431,0,no
0.033133,0.047619,0.021277,0.133333,0.015873,0.032258,0,0,0,0,0,0,0,no
0.063253,0.095238,0.031915,0.066667,0,0.080645,0,0,0,0,0,0,0,no
0.024096,0,0.021277,0.066667,0.02381,0.016129,0,0,0,0,0,0,0,no
0.075301,0.047619,0.031915,0.066667,0.015873,0.145161,0.055556,0.125,0.001685,0.000592,0.008621,0.005747,1,no
0.051205,0.095238,0.010638,0.066667,0.015873,0.129032,0,0,0,0,0,0,0,no
0.018072,0.047619,0.010638,0.066667,0.007937,0,0,0,0,0,0,0,0,no
0.042169,0.047619,0.021277,0.066667,0,0.016129,0,0,0,0,0,0,0,no
0.045181,0.047619,0.021277,0.066667,0.007937,0.048387,0,0,0,0,0,0,0,no
0.042169,0.047619,0.010638,0.066667,0.007937,0.096774,0.055556,0.125,0.001685,0.000592,0.008621,0.005747,1,no
0.099398,0.095238,0.053191,0.133333,0.02381,0.112903,0.018519,0.041667,0.000562,0.000592,0.008621,0.008621,0,no
0.039157,0.190476,0.021277,0.133333,0,0.032258,0,0,0,0,0,0,0,no
0.039157,0.047619,0.021277,0.066667,0.007937,0.016129,0,0,0,0,0,0,0,no
0.069277,0.285714,0.053191,0.066667,0,0,0.092593,0.166667,0.00618,0.000592,0.012931,0.010345,0,no
0.021084,0,0.010638,0.066667,0,0,0,0,0,0,0,0,0,no
0.078313,0,0.053191,0.2,0.015873,0.064516,0.037037,0.083333,0.001124,0.001183,0.008621,0.008621,0,no
0.018072,0.047619,0.010638,0.066667,0,0,0.074074,0.125,0.004494,0.001183,0.012931,0.010776,0,no
0.018072,0.047619,0.010638,0.066667,0,0,0.074074,0.125,0.004494,0.001183,0.012931,0.010776,0,no
0.018072,0.047619,0.010638,0.066667,0,0,0.074074,0.125,0.004494,0.001183,0.012931,0.010776,0,no
0.018072,0.047619,0.010638,0.066667,0,0,0,0,0,0,0,0,0,no
0.018072,0.047619,0.010638,0.066667,0,0,0.037037,0.083333,0.001124,0.001183,0.008621,0.008621,0,no
0.021084,0.047619,0.010638,0.066667,0,0.016129,0,0,0,0,0,0,0,no
0.051205,0.142857,0.021277,0.066667,0.007937,0.016129,0.055556,0.125,0.008427,0.000592,0.030172,0.022989,1,no
0.021084,0.047619,0.010638,0.066667,0.007937,0,0.037037,0.083333,0.007865,0,0.030172,0.030172,1,no
0.021084,0,0.010638,0.066667,0,0,0.037037,0.083333,0,0.005917,0.021552,0.021552,1,no
0.027108,0.142857,0.021277,0.133333,0.007937,0,0,0,0,0,0,0,0,no
0.018072,0.047619,0.010638,0.066667,0,0,0,0,0,0,0,0,0,no
0.027108,0.047619,0.021277,0.133333,0,0.016129,0,0,0,0,0,0,0,no
0.090361,0.142857,0.074468,0.333333,0.007937,0.112903,0,0,0,0,0,0,0,no
0.063253,0,0.06383,0.2,0,0.129032,0.018519,0.041667,0.000562,0.000592,0.008621,0.008621,0,no
0.060241,0.095238,0.053191,0.133333,0.007937,0.032258,0,0,0,0,0,0,0,no
0.114458,0.142857,0.06383,0.066667,0,0.129032,0,0,0,0,0,0,0,no
0.042169,0.047619,0.021277,0.133333,0,0.080645,0,0,0,0,0,0,0,no
0.042169,0.285714,0.031915,0.066667,0,0.032258,0.055556,0.125,0.023596,0,0.060345,0.060345,0,no
0.027108,0.095238,0.031915,0.2,0.02381,0.016129,0,0,0,0,0,0,0,no
0.090361,0.142857,0.085106,0.133333,0.007937,0.048387,0.074074,0.166667,0.000562,0.013018,0.030172,0.024784,0,no
0.060241,0.047619,0.042553,0.066667,0,0,0,0,0,0,0,0,0,no
0.018072,0.047619,0.010638,0.066667,0,0,0,0,0,0,0,0,0,no
0.054217,0.047619,0.053191,0.133333,0.007937,0.048387,0,0,0,0,0,0,0,no
0.060241,0.047619,0.053191,0.2,0.007937,0.112903,0,0,0,0,0,0,0,no
0.024096,0.047619,0.010638,0.066667,0,0,0,0,0,0,0,0,0,no
0.063253,0.095238,0.042553,0.2,0,0.064516,0,0,0,0,0,0,0,no
0.021084,0.047619,0.010638,0.066667,0,0.016129,0,0,0,0,0,0,0,no
0.03012,0.047619,0.021277,0.133333,0,0.048387,0,0,0,0,0,0,0,no
0.060241,0.047619,0.031915,0.133333,0,0.048387,0.037037,0.083333,0,0.028402,0.103448,0.103448,1,no
0.084337,0.047619,0.042553,0.2,0.02381,0.080645,0,0,0,0,0,0,0,no
0.03012,0.095238,0.010638,0.066667,0,0.016129,0,0,0,0,0,0,0,no
0.048193,0.142857,0.031915,0.2,0.007937,0.048387,0.037037,0.083333,0.017978,0,0.068966,0.068966,0,no
0.024096,0.095238,0.010638,0.066667,0,0.016129,0,0,0,0,0,0,0,no
0.021084,0,0.010638,0.066667,0,0,0,0,0,0,0,0,0,no
0.042169,0,0.021277,0.066667,0,0.016129,0,0,0,0,0,0,0,no
0.018072,0,0.010638,0.066667,0,0,0,0,0,0,0,0,0,no
0.027108,0,0.010638,0.066667,0,0,0,0,0,0,0,0,0,no
0.024096,0,0.010638,0.066667,0,0,0,0,0,0,0,0,0,no
0.03012,0.047619,0.021277,0.066667,0.007937,0.032258,0,0,0,0,0,0,0,no
0.075301,0.047619,0.06383,0.333333,0,0.064516,0,0,0,0,0,0,0,no
0.156627,0.142857,0.085106,0.2,0.031746,0.129032,0,0,0,0,0,0,0,no
0.024096,0.047619,0.010638,0.066667,0.007937,0.016129,0,0,0,0,0,0,0,no
0.087349,0,0.021277,0.066667,0.02381,0.16129,0.018519,0.041667,0.000562,0.000592,0.008621,0.008621,0,no
0.027108,0,0.010638,0.066667,0.015873,0,0,0,0,0,0,0,0,no
0.051205,0.095238,0.031915,0.133333,0.007937,0.064516,0.037037,0.083333,0.001124,0.001183,0.008621,0.008621,0,no
0.021084,0.095238,0.010638,0.066667,0.02381,0.016129,0,0,0,0,0,0,0,no
0.051205,0.047619,0.021277,0.133333,0.015873,0,0,0,0,0,0,0,0,no
0.024096,0,0.010638,0.066667,0.007937,0,0,0,0,0,0,0,0,no
0.03012,0.095238,0.021277,0.066667,0.015873,0.032258,0,0,0,0,0,0,0,no
0.033133,0.047619,0.042553,0.266667,0,0.016129,0,0,0,0,0,0,0,no
0.039157,0.047619,0.021277,0.066667,0.007937,0.016129,0,0,0,0,0,0,0,no
0.03012,0,0.010638,0.066667,0,0.032258,0,0,0,0,0,0,0,no
0.111446,0.047619,0.074468,0.133333,0.007937,0.080645,0,0,0,0,0,0,0,no
0.01506,0,0.010638,0.066667,0,0,0,0,0,0,0,0,0,no
0.042169,0.095238,0.021277,0.133333,0.015873,0.032258,0.018519,0.041667,0.000562,0.000592,0.008621,0.008621,0,no
0.036145,0.047619,0.010638,0.066667,0.007937,0.064516,0.037037,0.083333,0.001124,0.001183,0.008621,0.008621,1,no
0.021084,0.047619,0.010638,0.066667,0,0,0,0,0,0,0,0,0,no
0.039157,0.095238,0.021277,0.066667,0.007937,0.048387,0,0,0,0,0,0,0,no
0.033133,0.047619,0.010638,0.066667,0,0.032258,0,0,0,0,0,0,0,no
0.021084,0.095238,0.010638,0.066667,0,0,0,0,0,0,0,0,0,no
0.021084,0.095238,0.010638,0.066667,0,0,0,0,0,0,0,0,0,no
0.042169,0.095238,0.021277,0.066667,0.015873,0.064516,0,0,0,0,0,0,0,no
0.036145,0.047619,0.010638,0.066667,0.007937,0.048387,0,0,0,0,0,0,0,no
0.027108,0.095238,0.010638,0.066667,0,0.016129,0,0,0,0,0,0,0,no
0.021084,0.047619,0.010638,0.066667,0,0,0,0,0,0,0,0,0,no
0.042169,0.047619,0.010638,0.066667,0,0.096774,0,0,0,0,0,0,0,no
0.036145,0.047619,0.010638,0.066667,0,0,0,0,0,0,0,0,0,no
0.036145,0.142857,0.010638,0.066667,0,0.064516,0,0,0,0,0,0,0,no
0.039157,0.142857,0.010638,0.066667,0,0.048387,0,0,0,0,0,0,0,no
0.168675,0.047619,0.095745,0.266667,0.039683,0.16129,0.12963,0.208333,0.004494,0.036686,0.086207,0.043103,0,no
0.051205,0.047619,0.042553,0.2,0.007937,0.032258,0.055556,0.083333,0.028652,0,0.073276,0.073276,0,no
0.069277,0.190476,0.053191,0.2,0.015873,0.080645,0.055556,0.083333,0.038764,0,0.099138,0.099138,0,no
0.093373,0.190476,0.074468,0.466667,0,0,0,0,0,0,0,0,0,no
0.033133,0.047619,0.010638,0.066667,0,0.064516,0,0,0,0,0,0,0,no
0.03012,0.047619,0.010638,0.066667,0,0.048387,0,0,0,0,0,0,0,no
0.021084,0.047619,0.010638,0.066667,0,0.032258,0,0,0,0,0,0,0,no
0.027108,0.095238,0.010638,0.066667,0,0.016129,0,0,0,0,0,0,0,no
0.021084,0.047619,0.010638,0.066667,0,0,0,0,0,0,0,0,0,no
0.03012,0.047619,0.031915,0.066667,0.02381,0.016129,0,0,0,0,0,0,0,no
0.051205,0.047619,0.06383,0.066667,0,0.016129,0,0,0,0,0,0,0,no
0.051205,0.047619,0.06383,0.066667,0,0.016129,0,0,0,0,0,0,0,no
0.039157,0.047619,0.021277,0.133333,0.007937,0,0,0,0,0,0,0,0,no
0.027108,0,0.010638,0.066667,0,0.016129,0,0,0,0,0,0,0,no
0.024096,0.047619,0.010638,0.066667,0,0,0,0,0,0,0,0,0,no
0.027108,0,0.010638,0.066667,0,0.016129,0,0,0,0,0,0,0,no
0.027108,0.047619,0.010638,0.066667,0,0.016129,0.018519,0.041667,0.000562,0.000592,0.008621,0.008621,0,no
0.039157,0.095238,0.010638,0.066667,0.007937,0.048387,0,0,0,0,0,0,0,no
0.033133,0,0.021277,0.133333,0,0,0,0,0,0,0,0,0,no
0.021084,0,0.010638,0.066667,0,0,0,0,0,0,0,0,0,no
0.021084,0,0.010638,0.066667,0,0,0,0,0,0,0,0,0,no
0.021084,0.047619,0.010638,0.066667,0.015873,0.016129,0,0,0,0,0,0,0,no
0.027108,0,0.010638,0.066667,0,0,0,0,0,0,0,0,0,no
0.03012,0.047619,0.010638,0.066667,0.007937,0.032258,0,0,0,0,0,0,0,no
0.075301,0.047619,0.06383,0.066667,0,0.032258,0,0,0,0,0,0,0,no
0.066265,0.047619,0.053191,0.066667,0,0.064516,0,0,0,0,0,0,0,no
0.048193,0.142857,0.021277,0.066667,0.007937,0.016129,0.055556,0.083333,0.001685,0.001775,0.008621,0.008621,0,no
0.129518,0,0.106383,0.533333,0.039683,0.129032,0,0,0,0,0,0,0,no
0.033133,0.095238,0.021277,0.066667,0,0,0,0,0,0,0,0,0,no
0.027108,0,0.010638,0.066667,0,0.048387,0,0,0,0,0,0,0,no
0.021084,0.047619,0.010638,0.066667,0,0,0,0,0,0,0,0,0,no
0.024096,0,0.010638,0.066667,0,0.016129,0.037037,0.041667,0.008989,0,0.034483,0.034483,0,no
0.078313,0,0.06383,0.133333,0,0,0.037037,0.041667,0.029213,0,0.112069,0.112069,0,no
0.03012,0,0.010638,0.066667,0,0.048387,0.037037,0.041667,0.011236,0,0.043103,0.043103,0,no
0.048193,0.047619,0.042553,0.266667,0,0.016129,0.037037,0.041667,0.017978,0,0.068966,0.068966,0,no
0.021084,0.047619,0.010638,0.066667,0,0.016129,0.037037,0.041667,0.007865,0,0.030172,0.030172,0,no
0.039157,0,0.021277,0.066667,0,0.048387,0.055556,0.083333,0.013483,0,0.034483,0.034483,0,no
0.027108,0.047619,0.010638,0.066667,0,0,0,0,0,0,0,0,0,no
0.021084,0.047619,0.010638,0.066667,0,0,0,0,0,0,0,0,0,no
0.024096,0,0.010638,0.066667,0,0,0,0,0,0,0,0,0,no
0.033133,0.142857,0.021277,0.133333,0,0.032258,0,0,0,0,0,0,0,no
0.072289,0.142857,0.031915,0.133333,0,0.080645,0.018519,0.041667,0.000562,0.000592,0.008621,0.008621,0,no
0.021084,0.047619,0.021277,0.133333,0,0,0,0,0,0,0,0,0,no
0.01506,0,0.010638,0.066667,0,0.016129,0,0,0,0,0,0,0,no
0.027108,0.047619,0.021277,0.133333,0.007937,0.016129,0,0,0,0,0,0,0,no
0.039157,0.047619,0.031915,0.2,0,0.048387,0,0,0,0,0,0,0,no
0.069277,0.142857,0.010638,0.066667,0,0.16129,0,0,0,0,0,0,0,no
0.042169,0.142857,0.021277,0.066667,0,0.048387,0,0,0,0,0,0,0,no
0.036145,0.238095,0.010638,0.066667,0,0.016129,0,0,0,0,0,0,0,no
0.114458,0.142857,0.042553,0.066667,0,0.177419,0,0,0,0,0,0,0,no
0.10241,0.142857,0.021277,0.066667,0,0.193548,0,0,0,0,0,0,0,no
0.084337,0.142857,0.042553,0.2,0,0.177419,0,0,0,0,0,0,0,no
0.078313,0.142857,0.042553,0.2,0,0.16129,0,0,0,0,0,0,0,no
0.060241,0.142857,0.010638,0.066667,0,0.145161,0,0,0,0,0,0,0,no
0.039157,0.095238,0.021277,0.066667,0,0.048387,0,0,0,0,0,0,0,no
0.192771,0.238095,0.085106,0.133333,0.015873,0.387097,0,0,0,0,0,0,0,no
0.192771,0.47619,0.12766,0.4,0.007937,0.306452,0,0,0,0,0,0,0,no
0.045181,0.095238,0.021277,0.133333,0,0.129032,0,0,0,0,0,0,0,no
0.051205,0.095238,0.021277,0.133333,0,0.145161,0,0,0,0,0,0,0,no
0.075301,0.095238,0.010638,0.066667,0,0.145161,0,0,0,0,0,0,0,no
0.036145,0.047619,0.010638,0.066667,0,0.064516,0,0,0,0,0,0,0,no
0.078313,0.190476,0.021277,0.066667,0,0.064516,0,0,0,0,0,0,0,no
0.036145,0.047619,0.021277,0.133333,0,0.080645,0,0,0,0,0,0,0,no
0.069277,0.047619,0.053191,0.333333,0,0.129032,0,0,0,0,0,0,0,no
0.057229,0.095238,0.010638,0.066667,0,0.112903,0,0,0,0,0,0,0,no
0.048193,0.142857,0.010638,0.066667,0,0.048387,0,0,0,0,0,0,0,no
0.021084,0.095238,0.010638,0.066667,0,0.016129,0,0,0,0,0,0,0,no
0.03012,0.095238,0.021277,0.066667,0,0.016129,0,0,0,0,0,0,0,no
0.063253,0.095238,0.042553,0.133333,0,0.112903,0,0,0,0,0,0,0,no
0.03012,0.047619,0.021277,0.133333,0,0.048387,0,0,0,0,0,0,0,no
0.054217,0.047619,0.021277,0.133333,0,0.112903,0,0,0,0,0,0,0,no
0.039157,0.142857,0.021277,0.133333,0,0.096774,0,0,0,0,0,0,0,no
0.027108,0.047619,0.010638,0.066667,0,0.064516,0,0,0,0,0,0,0,no
0.042169,0.047619,0.010638,0.066667,0,0.016129,0,0,0,0,0,0,0,no
0.021084,0.047619,0.010638,0.066667,0,0.032258,0.037037,0.083333,0,0.002367,0.008621,0.008621,0,no
0.027108,0.047619,0.010638,0.066667,0,0.064516,0,0,0,0,0,0,0,no
0.027108,0.047619,0.010638,0.066667,0,0.016129,0,0,0,0,0,0,0,no
0.03012,0.047619,0.010638,0.066667,0,0.016129,0,0,0,0,0,0,0,no
0.051205,0.095238,0.031915,0.2,0,0.112903,0,0,0,0,0,0,0,no
0.039157,0.095238,0.021277,0.133333,0,0.064516,0,0,0,0,0,0,0,no
0.126506,0.285714,0.06383,0.266667,0,0.241935,0,0,0,0,0,0,0,no
0.066265,0.190476,0.031915,0.133333,0,0.177419,0,0,0,0,0,0,0,no
0.048193,0.095238,0.042553,0.266667,0.007937,0.080645,0,0,0,0,0,0,0,no
0.036145,0.095238,0.031915,0.2,0,0.032258,0,0,0,0,0,0,0,no
0.018072,0.047619,0.010638,0.066667,0,0,0,0,0,0,0,0,0,no
0.063253,0.095238,0.053191,0.133333,0.007937,0.080645,0,0,0,0,0,0,0,no
0.03012,0.095238,0.021277,0.066667,0,0.016129,0,0,0,0,0,0,0,no
0.027108,0.047619,0.021277,0.133333,0,0.032258,0,0,0,0,0,0,0,no
0.018072,0.095238,0.010638,0.066667,0.007937,0,0.037037,0.083333,0.001124,0.001183,0.008621,0.008621,0,no
0.03012,0.095238,0.021277,0.066667,0,0.016129,0,0,0,0,0,0,0,no
0.021084,0.047619,0.010638,0.066667,0,0.032258,0,0,0,0,0,0,0,no
0.018072,0.095238,0.010638,0.066667,0,0,0,0,0,0,0,0,0,no
0.108434,0.095238,0.010638,0.066667,0.007937,0.145161,0,0,0,0,0,0,0,no
0.084337,0.095238,0.010638,0.066667,0.007937,0.112903,0,0,0,0,0,0,0,no
0.048193,0.095238,0.031915,0.133333,0,0.064516,0,0,0,0,0,0,0,no
0.114458,0.095238,0.117021,0.466667,0,0.177419,0,0,0,0,0,0,0,no
0.060241,0.095238,0.042553,0.133333,0,0.080645,0,0,0,0,0,0,0,no
0.048193,0.095238,0.031915,0.066667,0,0.080645,0,0,0,0,0,0,0,no
0.048193,0.095238,0.031915,0.066667,0,0.080645,0,0,0,0,0,0,0,no
0.024096,0.047619,0.010638,0.066667,0,0.048387,0,0,0,0,0,0,0,no
0.186747,0.047619,0.053191,0.2,0,0.354839,0,0,0,0,0,0,0,no
0.14759,0.238095,0.053191,0.133333,0,0.306452,0,0,0,0,0,0,0,no
0.018072,0.095238,0.010638,0.066667,0,0,0,0,0,0,0,0,0,no
0.021084,0.095238,0.010638,0.066667,0,0.016129,0,0,0,0,0,0,0,no
0.03012,0.095238,0.021277,0.133333,0,0,0,0,0,0,0,0,0,no
0.042169,0.095238,0.042553,0.2,0,0.048387,0,0,0,0,0,0,0,no
0.042169,0.095238,0.042553,0.2,0,0.048387,0,0,0,0,0,0,0,no
0.03012,0.047619,0.021277,0.066667,0,0.032258,0,0,0,0,0,0,0,no
0.060241,0.047619,0.053191,0.266667,0.007937,0.080645,0,0,0,0,0,0,0,no
0.024096,0.047619,0.010638,0.066667,0,0.048387,0,0,0,0,0,0,0,no
0.021084,0.047619,0.010638,0.066667,0,0.032258,0,0,0,0,0,0,0,no
0.162651,0.190476,0.06383,0.133333,0.031746,0.193548,0,0,0,0,0,0,0,no
0.054217,0.142857,0.010638,0.066667,0.007937,0.064516,0,0,0,0,0,0,0,no
0.060241,0.047619,0.010638,0.066667,0,0.064516,0,0,0,0,0,0,0,no
0.021084,0.047619,0.010638,0.066667,0,0.032258,0,0,0,0,0,0,0,no
0.039157,0.047619,0.010638,0.066667,0,0.129032,0,0,0,0,0,0,0,no
0.057229,0.047619,0.031915,0.2,0,0.096774,0,0,0,0,0,0,0,no
0.081325,0.142857,0.053191,0.133333,0.007937,0.064516,0,0,0,0,0,0,0,no
0.048193,0.190476,0.042553,0.066667,0,0.032258,0,0,0,0,0,0,0,no
0.018072,0.095238,0.010638,0.066667,0,0,0,0,0,0,0,0,0,no
0.018072,0.142857,0.010638,0.066667,0,0,0,0,0,0,0,0,0,no
0.033133,0.095238,0.021277,0.066667,0,0.048387,0,0,0,0,0,0,0,no
0.057229,0.142857,0.031915,0.133333,0,0.145161,0,0,0,0,0,0,0,no
0.027108,0.047619,0.021277,0.133333,0,0.016129,0,0,0,0,0,0,0,no
0.024096,0.047619,0.031915,0.066667,0.015873,0.016129,0,0,0,0,0,0,0,no
0.027108,0.095238,0.010638,0.066667,0.007937,0.032258,0,0,0,0,0,0,0,no
0.03012,0.047619,0.053191,0.066667,0.02381,0.016129,0,0,0,0,0,0,0,no
0.021084,0.047619,0.010638,0.066667,0.007937,0.032258,0,0,0,0,0,0,0,no
0.066265,0.047619,0.053191,0.266667,0,0.048387,0,0,0,0,0,0,0,no
0.057229,0.047619,0.06383,0.333333,0,0.032258,0,0,0,0,0,0,0,no
0.039157,0,0.042553,0.133333,0,0.032258,0,0,0,0,0,0,0,no
0.021084,0.047619,0.010638,0.066667,0,0,0,0,0,0,0,0,0,no
0.024096,0.047619,0.021277,0.133333,0,0.016129,0,0,0,0,0,0,0,no
0.03012,0.047619,0.010638,0.066667,0,0.048387,0,0,0,0,0,0,0,no
0.045181,0.047619,0.031915,0.2,0,0.048387,0,0,0,0,0,0,0,no
0.021084,0.095238,0.010638,0.066667,0,0.048387,0,0,0,0,0,0,0,no
0.033133,0.047619,0.021277,0.133333,0,0.032258,0,0,0,0,0,0,0,no
0.018072,0.047619,0.010638,0.066667,0,0,0,0,0,0,0,0,0,no
0.027108,0.095238,0.021277,0.133333,0,0.032258,0,0,0,0,0,0,0,no
0.045181,0.047619,0.021277,0.133333,0,0.032258,0,0,0,0,0,0,0,no
0.024096,0.095238,0.021277,0.133333,0.007937,0.016129,0,0,0,0,0,0,0,no
0.123494,0.142857,0.095745,0.266667,0,0.193548,0.018519,0.041667,0.000562,0.000592,0.008621,0.008621,0,no
0.024096,0.095238,0.010638,0.066667,0,0,0,0,0,0,0,0,0,no
0.03012,0.047619,0.010638,0.066667,0,0.032258,0,0,0,0,0,0,0,no
0.03012,0.047619,0.021277,0.133333,0,0.048387,0,0,0,0,0,0,0,no
0.01506,0.047619,0.010638,0.066667,0,0.016129,0,0,0,0,0,0,0,no
0.01506,0.047619,0.010638,0.066667,0,0.016129,0,0,0,0,0,0,0,no
0.066265,0.095238,0.06383,0.2,0,0.048387,0,0,0,0,0,0,0,no
0.024096,0.095238,0.010638,0.066667,0,0.016129,0,0,0,0,0,0,0,no
0.024096,0.047619,0.010638,0.066667,0,0,0,0,0,0,0,0,0,no
0.021084,0.047619,0.010638,0.066667,0,0,0,0,0,0,0,0,0,no
0.045181,0.047619,0.042553,0.266667,0.007937,0.048387,0,0,0,0,0,0,0,no
0.01506,0.047619,0.010638,0.066667,0,0.016129,0,0,0,0,0,0,0,no
0.03012,0.095238,0.010638,0.066667,0,0.016129,0,0,0,0,0,0,0,no
0.048193,0.047619,0.021277,0.133333,0,0.096774,0,0,0,0,0,0,0,no
0.066265,0.047619,0.053191,0.266667,0,0.048387,0,0,0,0,0,0,0,no
0.057229,0.047619,0.06383,0.333333,0,0.032258,0,0,0,0,0,0,0,no
0.033133,0.047619,0.021277,0.066667,0.007937,0.016129,0,0,0,0,0,0,0,no
0.069277,0.190476,0.053191,0.2,0,0,0,0,0,0,0,0,0,no
0.048193,0.095238,0.042553,0.133333,0,0.064516,0,0,0,0,0,0,0,no
0.057229,0.190476,0.021277,0.133333,0,0.080645,0,0,0,0,0,0,0,no
0.081325,0,0.06383,0.4,0,0.048387,0,0,0,0,0,0,0,no
0.021084,0.190476,0.010638,0.066667,0,0,0,0,0,0,0,0,0,no
0.060241,0.095238,0.042553,0.133333,0,0.064516,0,0,0,0,0,0,0,no
0.033133,0.047619,0.031915,0.2,0,0.032258,0,0,0,0,0,0,0,no
0.021084,0.047619,0.021277,0.066667,0,0.016129,0,0,0,0,0,0,0,no
0.024096,0.047619,0.021277,0.133333,0,0.016129,0,0,0,0,0,0,0,no
0.039157,0.047619,0.031915,0.2,0,0.064516,0,0,0,0,0,0,0,no
0.027108,0.047619,0.021277,0.133333,0,0.032258,0,0,0,0,0,0,0,no
0.048193,0.095238,0.053191,0.266667,0,0.032258,0,0,0,0,0,0,0,no
0.024096,0.047619,0.021277,0.133333,0,0.016129,0,0,0,0,0,0,0,no
0.036145,0.047619,0.031915,0.2,0,0.064516,0,0,0,0,0,0,0,no
0.03012,0.095238,0.010638,0.066667,0,0.048387,0,0,0,0,0,0,0,no
0.021084,0,0.021277,0.133333,0,0.016129,0,0,0,0,0,0,0,no
0.03012,0.047619,0.021277,0.066667,0,0.016129,0,0,0,0,0,0,0,no
0.033133,0.047619,0.021277,0.133333,0,0.032258,0,0,0,0,0,0,0,no
0.018072,0.047619,0.010638,0.066667,0,0,0,0,0,0,0,0,0,no
0.099398,0,0.031915,0.133333,0,0.048387,0,0,0,0,0,0,0,no
0.033133,0.095238,0.010638,0.066667,0,0.032258,0,0,0,0,0,0,0,no
0.027108,0.047619,0.031915,0.2,0,0.032258,0,0,0,0,0,0,0,no
0.036145,0.047619,0.031915,0.133333,0,0.032258,0,0,0,0,0,0,0,no
0.072289,0.142857,0.053191,0.333333,0,0.096774,0,0,0,0,0,0,0,no
0.045181,0.047619,0.031915,0.133333,0,0.032258,0,0,0,0,0,0,0,no
0.024096,0.095238,0.010638,0.066667,0,0.048387,0,0,0,0,0,0,0,no
0.024096,0.095238,0.010638,0.066667,0,0.048387,0,0,0,0,0,0,0,no
0.021084,0.047619,0.010638,0.066667,0,0.016129,0,0,0,0,0,0,0,no
0.045181,0.047619,0.042553,0.133333,0,0.048387,0.037037,0.083333,0.001124,0.001183,0.008621,0.008621,0,no
0.045181,0.095238,0.06383,0.266667,0,0,0,0,0,0,0,0,0,no
0.021084,0.047619,0.021277,0.133333,0,0,0,0,0,0,0,0,0,no
0.048193,0,0.053191,0.133333,0,0,0,0,0,0,0,0,0,no
0.021084,0.047619,0.010638,0.066667,0,0.032258,0,0,0,0,0,0,0,no
0.042169,0.047619,0.021277,0.066667,0,0.048387,0,0,0,0,0,0,0,no
0.03012,0,0.021277,0.133333,0,0.016129,0,0,0,0,0,0,0,no
0.033133,0.047619,0.021277,0.066667,0,0,0,0,0,0,0,0,0,no
0.03012,0,0.021277,0.133333,0,0,0,0,0,0,0,0,0,no
0.01506,0.047619,0.010638,0.066667,0,0,0,0,0,0,0,0,0,no
0.021084,0.047619,0.010638,0.066667,0.007937,0,0,0,0,0,0,0,0,no
0.024096,0.047619,0.021277,0.133333,0,0.016129,0,0,0,0,0,0,0,no
0.01506,0.047619,0.010638,0.066667,0,0.016129,0,0,0,0,0,0,0,no
0.01506,0.095238,0.010638,0.066667,0,0.016129,0,0,0,0,0,0,0,no
0.039157,0.095238,0.031915,0.133333,0,0.048387,0.018519,0.041667,0.007303,0,0.056034,0.056034,0,no
0.036145,0.095238,0.021277,0.066667,0,0,0,0,0,0,0,0,0,no
0.033133,0.047619,0.021277,0.133333,0,0.016129,0,0,0,0,0,0,0,no
0.01506,0.095238,0.010638,0.066667,0,0,0,0,0,0,0,0,0,no
0.039157,0,0.031915,0.2,0,0.016129,0,0,0,0,0,0,0,no
0.045181,0.047619,0.031915,0.133333,0,0,0,0,0,0,0,0,0,no
0.01506,0.047619,0.010638,0.066667,0,0,0,0,0,0,0,0,0,no
0.01506,0.047619,0.010638,0.066667,0,0.016129,0,0,0,0,0,0,0,no
0.01506,0.047619,0.010638,0.066667,0,0.016129,0,0,0,0,0,0,0,no
0.021084,0.095238,0.010638,0.066667,0,0.032258,0,0,0,0,0,0,0,no
0.01506,0.047619,0.010638,0.066667,0,0.016129,0,0,0,0,0,0,0,no
0.021084,0.047619,0.010638,0.066667,0,0.032258,0,0,0,0,0,0,0,no
0.01506,0,0.010638,0.066667,0,0.016129,0,0,0,0,0,0,0,no
0.021084,0.047619,0.010638,0.066667,0,0,0,0,0,0,0,0,0,no
0.021084,0.095238,0.010638,0.066667,0,0,0,0,0,0,0,0,0,no
0.054217,0.095238,0.042553,0.2,0,0.080645,0,0,0,0,0,0,0,no
0.021084,0.047619,0.010638,0.066667,0,0.032258,0,0,0,0,0,0,0,no
0.066265,0.190476,0.06383,0.2,0,0.096774,0,0,0,0,0,0,0,no
0.033133,0.095238,0.031915,0.133333,0,0.032258,0,0,0,0,0,0,0,no
0.03012,0.047619,0.010638,0.066667,0,0.048387,0,0,0,0,0,0,0,no
0.018072,0,0.010638,0.066667,0,0.016129,0,0,0,0,0,0,0,no
0.021084,0.047619,0.010638,0.066667,0,0,0,0,0,0,0,0,0,no
0.018072,0,0.010638,0.066667,0,0,0,0,0,0,0,0,0,no
0.018072,0,0.010638,0.066667,0,0.016129,0,0,0,0,0,0,0,no
0.018072,0,0.010638,0.066667,0,0,0,0,0,0,0,0,0,no
0.018072,0.047619,0.010638,0.066667,0,0.016129,0,0,0,0,0,0,0,no
0.033133,0.047619,0.010638,0.066667,0,0.064516,0,0,0,0,0,0,0,no
0.078313,0.047619,0.223404,0.066667,0.087302,0.016129,0,0,0,0,0,0,0,no
0.036145,0.047619,0.074468,0.066667,0.031746,0.016129,0,0,0,0,0,0,0,no
0.042169,0.047619,0.095745,0.066667,0.039683,0.016129,0,0,0,0,0,0,0,no
0.048193,0.047619,0.117021,0.066667,0.047619,0.016129,0,0,0,0,0,0,0,no
0.054217,0.047619,0.138298,0.066667,0.055556,0.016129,0,0,0,0,0,0,0,no
0.060241,0.047619,0.159574,0.066667,0.063492,0.016129,0,0,0,0,0,0,0,no
0.066265,0.047619,0.180851,0.066667,0.071429,0.016129,0,0,0,0,0,0,0,no
0.072289,0.047619,0.202128,0.066667,0.079365,0.016129,0,0,0,0,0,0,0,no
0.036145,0.047619,0.074468,0.066667,0.031746,0.016129,0,0,0,0,0,0,0,no
0.036145,0.047619,0.06383,0.066667,0.031746,0.016129,0,0,0,0,0,0,0,no
0.03012,0.047619,0.042553,0.066667,0.02381,0.016129,0,0,0,0,0,0,0,no
0.021084,0.047619,0.010638,0.066667,0,0,0,0,0,0,0,0,0,no
0.021084,0.095238,0.010638,0.066667,0,0.016129,0,0,0,0,0,0,0,no
0.021084,0.047619,0.010638,0.066667,0.015873,0.016129,0,0,0,0,0,0,0,no
0.051205,0.047619,0.042553,0.266667,0.007937,0.096774,0,0,0,0,0,0,0,no
0.051205,0,0.031915,0.2,0,0.096774,0.055556,0.083333,0.001685,0.001775,0.008621,0.008621,0,no
0.03012,0.047619,0.010638,0.066667,0.007937,0.032258,0,0,0,0,0,0,0,no
0.036145,0.047619,0.021277,0.066667,0,0.032258,0,0,0,0,0,0,0,no
0.021084,0.047619,0.010638,0.066667,0,0.016129,0,0,0,0,0,0,0,no
0.063253,0.047619,0.053191,0.2,0,0.080645,0,0,0,0,0,0,0,no
0.021084,0.047619,0.010638,0.066667,0,0.016129,0,0,0,0,0,0,0,no
0.078313,0.047619,0.06383,0.066667,0,0.032258,0,0,0,0,0,0,0,no
0.066265,0.047619,0.053191,0.066667,0,0.064516,0,0,0,0,0,0,0,no
0.093373,0.142857,0.042553,0.066667,0.015873,0.032258,0.055556,0.083333,0.001685,0.001775,0.008621,0.008621,0,no
0.027108,0,0.010638,0.066667,0,0.032258,0,0,0,0,0,0,0,no
0.105422,0,0.106383,0.2,0.015873,0.032258,0,0,0,0,0,0,0,no
0.069277,0,0.074468,0.333333,0.007937,0.032258,0,0,0,0,0,0,0,no
0.039157,0.047619,0.031915,0.2,0,0.048387,0,0,0,0,0,0,0,no
0.048193,0,0.031915,0.2,0,0.096774,0,0,0,0,0,0,0,no
0.021084,0,0.010638,0.066667,0,0.032258,0,0,0,0,0,0,0,no
0.03012,0,0.021277,0.133333,0,0.032258,0,0,0,0,0,0,0,no
0.024096,0.047619,0.010638,0.066667,0,0.016129,0,0,0,0,0,0,0,no
0.087349,0.142857,0.074468,0.066667,0,0.048387,0,0,0,0,0,0,0,no
0.096386,0,0.042553,0.133333,0,0.16129,0,0,0,0,0,0,0,no
0.051205,0.571429,0.021277,0.133333,0,0,0.018519,0.041667,0.000562,0.000592,0.008621,0.008621,0,no
0.060241,0.047619,0.031915,0.133333,0,0.064516,0,0,0,0,0,0,0,no
0.021084,0.047619,0.010638,0.066667,0,0,0,0,0,0,0,0,0,no
0.018072,0,0.010638,0.066667,0,0,0,0,0,0,0,0,0,no
0.03012,0.095238,0.021277,0.133333,0,0.048387,0,0,0,0,0,0,0,no
0.01506,0.047619,0.010638,0.066667,0,0,0,0,0,0,0,0,0,no
0.01506,0.047619,0.010638,0.066667,0,0,0,0,0,0,0,0,0,no
0.024096,0,0.010638,0.066667,0,0.048387,0,0,0,0,0,0,0,no
0.060241,0.095238,0.021277,0.133333,0,0.032258,0,0,0,0,0,0,0,no
0.01506,0.047619,0.010638,0.066667,0,0,0,0,0,0,0,0,0,no
0.03012,0,0.010638,0.066667,0.007937,0.032258,0,0,0,0,0,0,0,no
0.048193,0.142857,0.031915,0.133333,0,0.048387,0,0,0,0,0,0,0,no
0.021084,0,0.010638,0.066667,0,0,0,0,0,0,0,0,0,no
0.045181,0.095238,0.021277,0.133333,0,0.048387,0,0,0,0,0,0,0,no
0.033133,0.190476,0.010638,0.066667,0,0.016129,0,0,0,0,0,0,0,no
0.01506,0,0.010638,0.066667,0,0.016129,0,0,0,0,0,0,0,no
0.01506,0,0.010638,0.066667,0,0.016129,0,0,0,0,0,0,0,no
0.021084,0,0.010638,0.066667,0.015873,0.016129,0,0,0,0,0,0,0,no
0.027108,0,0.021277,0.133333,0,0.032258,0,0,0,0,0,0,0,no
0.021084,0.047619,0.010638,0.066667,0.015873,0.016129,0.037037,0.083333,0.001124,0.001183,0.008621,0.008621,0,no
0.024096,0.190476,0.010638,0.066667,0,0.048387,0,0,0,0,0,0,0,no
0.075301,0.190476,0.042553,0.2,0,0.129032,0,0,0,0,0,0,0,no
0.021084,0.047619,0.010638,0.066667,0,0,0,0,0,0,0,0,0,no
0.03012,0.142857,0.021277,0.066667,0.007937,0.048387,0,0,0,0,0,0,0,no
0.024096,0.142857,0.010638,0.066667,0,0.016129,0,0,0,0,0,0,0,no
0.027108,0,0.021277,0.133333,0,0.032258,0,0,0,0,0,0,0,no
0.021084,0.047619,0.010638,0.066667,0.015873,0.016129,0.037037,0.083333,0.001124,0.001183,0.008621,0.008621,0,no
0.090361,0.190476,0.053191,0.2,0,0.145161,0,0,0,0,0,0,0,no
0.033133,0.047619,0.010638,0.066667,0,0.064516,0,0,0,0,0,0,0,no
0.045181,0,0.010638,0.066667,0.007937,0.048387,0,0,0,0,0,0,0,no
0.018072,0,0.010638,0.066667,0,0,0,0,0,0,0,0,0,no
0.033133,0.047619,0.010638,0.066667,0,0.064516,0,0,0,0,0,0,0,no
0.021084,0,0.010638,0.066667,0,0.016129,0,0,0,0,0,0,0,no
0.03012,0.095238,0.010638,0.066667,0,0.032258,0,0,0,0,0,0,0,no
0.027108,0,0.010638,0.066667,0.007937,0.016129,0,0,0,0,0,0,0,no
0.027108,0,0.021277,0.133333,0.007937,0,0,0,0,0,0,0,0,no
0.024096,0,0.010638,0.066667,0,0.016129,0,0,0,0,0,0,0,no
0.027108,0.047619,0.010638,0.066667,0,0.032258,0,0,0,0,0,0,0,no
0.018072,0.047619,0.010638,0.066667,0,0,0.055556,0.125,0.001685,0.001775,0.008621,0.008621,0,no
0.01506,0.047619,0.010638,0.066667,0.007937,0,0,0,0,0,0,0,0,no
0.01506,0.047619,0.010638,0.066667,0.007937,0,0,0,0,0,0,0,0,no
0.021084,0.047619,0.010638,0.066667,0,0,0.055556,0.125,0.001685,0.001775,0.008621,0.008621,0,no
0.03012,0.095238,0.010638,0.066667,0,0.016129,0.055556,0.125,0.001685,0,0.00431,0.00431,0,no
0.01506,0.047619,0.010638,0.066667,0.007937,0,0,0,0,0,0,0,0,no
0.021084,0.047619,0.010638,0.066667,0,0,0,0,0,0,0,0,0,no
0.027108,0.047619,0.021277,0.133333,0,0.032258,0,0,0,0,0,0,0,no
0.081325,0.047619,0.042553,0.266667,0.007937,0.032258,0,0,0,0,0,0,0,no
0.045181,0.095238,0.021277,0.066667,0.007937,0.032258,0,0,0,0,0,0,0,no
0.03012,0.047619,0.042553,0.066667,0.02381,0.016129,0,0,0,0,0,0,0,no
0.036145,0.047619,0.021277,0.133333,0.007937,0,0,0,0,0,0,0,0,no
0.051205,0.095238,0.031915,0.2,0.007937,0.048387,0.037037,0.083333,0.001124,0.001183,0.008621,0.008621,0,no
0.066265,0.047619,0.042553,0.2,0.02381,0.064516,0.037037,0.083333,0,0.017751,0.064655,0.064655,0,no
0.024096,0.095238,0.010638,0.066667,0,0.016129,0.037037,0.083333,0.004494,0,0.017241,0.017241,0,no
0.018072,0.095238,0.010638,0.066667,0.007937,0.016129,0,0,0,0,0,0,0,no
0.027108,0.142857,0.010638,0.066667,0,0,0.037037,0.083333,0,0.015385,0.056034,0.056034,0,no
0.018072,0.142857,0.010638,0.066667,0,0,0,0,0,0,0,0,0,no
0.021084,0.047619,0.010638,0.066667,0,0,0.055556,0.083333,0.011798,0,0.030172,0.030172,0,no
0.021084,0.047619,0.010638,0.066667,0,0.016129,0.055556,0.083333,0.011798,0,0.030172,0.030172,0,no
0.033133,0.047619,0.010638,0.066667,0,0.016129,0.055556,0.083333,0.018539,0,0.047414,0.047414,0,no
0.033133,0.047619,0.010638,0.066667,0,0.016129,0.055556,0.083333,0.018539,0,0.047414,0.047414,0,no
0.036145,0.047619,0.010638,0.066667,0,0.016129,0.055556,0.083333,0.020225,0,0.051724,0.051724,0,no
0.024096,0,0.010638,0.066667,0,0,0.055556,0.083333,0.013483,0,0.034483,0.034483,0,no
0.021084,0,0.010638,0.066667,0,0.032258,0.055556,0.083333,0.011798,0,0.030172,0.030172,0,no
0.021084,0,0.010638,0.066667,0,0,0.055556,0.083333,0.011798,0,0.030172,0.030172,0,no
0.03012,0.238095,0.021277,0.066667,0,0.032258,0.055556,0.083333,0.016854,0,0.043103,0.043103,0,no
0.027108,0.047619,0.021277,0.133333,0.007937,0.016129,0,0,0,0,0,0,0,no
0.027108,0.047619,0.021277,0.133333,0.007937,0.016129,0,0,0,0,0,0,0,no
0.111446,0.142857,0.074468,0.4,0.007937,0.016129,0,0,0,0,0,0,0,no
0.024096,0.047619,0.010638,0.066667,0,0,0,0,0,0,0,0,0,no
0.027108,0,0.010638,0.066667,0,0.032258,0,0,0,0,0,0,0,no
0.03012,0.047619,0.021277,0.133333,0.007937,0.016129,0,0,0,0,0,0,0,no
0.027108,0.047619,0.021277,0.133333,0,0,0,0,0,0,0,0,0,no
0.051205,0.142857,0.053191,0.2,0,0.016129,0,0,0,0,0,0,0,no
0.063253,0.047619,0.031915,0.2,0,0.048387,0,0,0,0,0,0,0,no
0.042169,0.190476,0.010638,0.066667,0,0,0.018519,0.041667,0.000562,0.000592,0.008621,0.008621,0,no
0.054217,0.047619,0.042553,0.2,0,0.048387,0,0,0,0,0,0,0,no
0.060241,0,0.010638,0.066667,0,0.032258,0,0,0,0,0,0,0,no
0.024096,0.047619,0.010638,0.066667,0.007937,0,0,0,0,0,0,0,0,no
0.033133,0.047619,0.021277,0.133333,0,0,0,0,0,0,0,0,0,no
0.021084,0,0.010638,0.066667,0,0,0,0,0,0,0,0,0,no
0.03012,0.142857,0.021277,0.133333,0.007937,0.064516,0,0,0,0,0,0,0,no
0.042169,0.047619,0.021277,0.133333,0,0.080645,0,0,0,0,0,0,0,no
0.03012,0.190476,0.010638,0.066667,0,0.016129,0,0,0,0,0,0,0,no
0.03012,0.047619,0.042553,0.066667,0.02381,0.016129,0,0,0,0,0,0,0,no
0.03012,0.047619,0.031915,0.066667,0.02381,0.016129,0,0,0,0,0,0,0,no
0.042169,0.047619,0.031915,0.133333,0,0.064516,0,0,0,0,0,0,0,no
0.018072,0.047619,0.010638,0.066667,0,0,0,0,0,0,0,0,0,no
0.114458,0,0.074468,0.2,0,0.145161,0.092593,0.166667,0.007865,0.001183,0.017241,0.013793,0,no
0.045181,0.142857,0.031915,0.133333,0.007937,0.048387,0.018519,0.041667,0.000562,0.000592,0.008621,0.008621,0,no
0.01506,0.047619,0.010638,0.066667,0,0,0,0,0,0,0,0,0,no
0.01506,0,0.010638,0.066667,0,0,0,0,0,0,0,0,0,no
0.018072,0.047619,0.010638,0.066667,0,0,0,0,0,0,0,0,0,no
0.018072,0.095238,0.010638,0.066667,0.007937,0.016129,0,0,0,0,0,0,0,no
0.033133,0.047619,0.021277,0.133333,0,0,0,0,0,0,0,0,0,no
0.03012,0.142857,0.010638,0.066667,0.007937,0.016129,0.055556,0.083333,0.010112,0,0.025862,0.025862,0,no
0.033133,0.047619,0.031915,0.066667,0,0,0,0,0,0,0,0,0,no
0.024096,0.047619,0.010638,0.066667,0,0.016129,0,0,0,0,0,0,0,no
0.03012,0.047619,0.010638,0.066667,0,0.032258,0.055556,0.125,0.016854,0,0.043103,0.043103,0,no
0.021084,0.047619,0.010638,0.066667,0,0.016129,0,0,0,0,0,0,0,no
0.01506,0.095238,0.010638,0.066667,0,0,0,0,0,0,0,0,0,no
0.01506,0.095238,0.010638,0.066667,0,0,0,0,0,0,0,0,0,no
0.051205,0.047619,0.031915,0.2,0,0.016129,0,0,0,0,0,0,0,no
0.027108,0.047619,0.021277,0.133333,0,0.032258,0,0,0,0,0,0,0,no
0.045181,0.095238,0.031915,0.133333,0,0,0.037037,0.083333,0.016854,0,0.064655,0.064655,1,no
0.021084,0.047619,0.010638,0.066667,0,0.016129,0.018519,0.041667,0.000562,0.000592,0.008621,0.008621,0,no
0.039157,0.047619,0.031915,0.133333,0,0.032258,0.018519,0.041667,0.000562,0.000592,0.008621,0.008621,0,no
0.045181,0.190476,0.031915,0.133333,0,0,0,0,0,0,0,0,0,no
0.021084,0.047619,0.010638,0.066667,0,0.016129,0.055556,0.083333,0.011798,0,0.030172,0.030172,0,no
0.144578,0.238095,0.117021,0.2,0,0.080645,0.055556,0.083333,0.080899,0,0.206897,0.206897,0,no
0.045181,0,0.010638,0.066667,0,0.016129,0.092593,0.125,0.007865,0.012426,0.030172,0.030172,0,no
0.024096,0,0.010638,0.066667,0,0,0,0,0,0,0,0,0,no
0.063253,0.238095,0.074468,0.2,0,0.032258,0.018519,0.041667,0.000562,0.000592,0.008621,0.008621,0,no
0.01506,0.047619,0.010638,0.066667,0,0.016129,0.037037,0.041667,0.005618,0,0.021552,0.021552,0,no
0.021084,0.047619,0.010638,0.066667,0,0,0,0,0,0,0,0,0,no
0.021084,0.047619,0.010638,0.066667,0,0,0,0,0,0,0,0,0,no
0.021084,0.047619,0.010638,0.066667,0,0,0,0,0,0,0,0,0,no
0.021084,0.047619,0.010638,0.066667,0,0,0,0,0,0,0,0,0,no
0.021084,0.047619,0.010638,0.066667,0,0,0,0,0,0,0,0,0,no
0.021084,0.047619,0.010638,0.066667,0,0,0,0,0,0,0,0,0,no
0.024096,0.047619,0.021277,0.066667,0.015873,0.016129,0,0,0,0,0,0,0,no
0.024096,0.047619,0.021277,0.066667,0.015873,0.016129,0,0,0,0,0,0,0,no
0.018072,0.047619,0.010638,0.066667,0.007937,0.016129,0,0,0,0,0,0,0,no
0.078313,0.047619,0.042553,0.2,0,0.032258,0,0,0,0,0,0,0,no
0.045181,0.047619,0.031915,0.2,0,0.032258,0,0,0,0,0,0,0,no
0.024096,0.047619,0.010638,0.066667,0,0.032258,0,0,0,0,0,0,0,no
0.021084,0.047619,0.010638,0.066667,0.015873,0.016129,0,0,0,0,0,0,0,no
0.021084,0.047619,0.010638,0.066667,0,0,0,0,0,0,0,0,0,no
0.069277,0,0.053191,0.266667,0,0.080645,0,0,0,0,0,0,0,no
0.13253,0,0.117021,0.133333,0,0.258065,0.074074,0.166667,0.010674,0.000592,0.025862,0.021552,0,no
0.021084,0.047619,0.010638,0.066667,0,0.032258,0,0,0,0,0,0,0,no
0.024096,0.190476,0.010638,0.066667,0.007937,0.032258,0,0,0,0,0,0,0,no
0.039157,0.095238,0.021277,0.133333,0,0.048387,0,0,0,0,0,0,0,no
0.01506,0.047619,0.010638,0.066667,0,0.016129,0,0,0,0,0,0,0,no
0.027108,0.047619,0.010638,0.066667,0,0.080645,0,0,0,0,0,0,0,no
0.075301,0.142857,0.042553,0.133333,0.007937,0.129032,0,0,0,0,0,0,0,no
0.01506,0.047619,0.010638,0.066667,0,0.016129,0,0,0,0,0,0,0,no
0.054217,0.142857,0.031915,0.133333,0,0.064516,0,0,0,0,0,0,0,no
0.021084,0.047619,0.010638,0.066667,0,0.032258,0,0,0,0,0,0,0,no
0.018072,0,0.010638,0.066667,0.015873,0,0,0,0,0,0,0,0,no
0.105422,0.095238,0.085106,0.2,0.007937,0.080645,0,0,0,0,0,0,0,no
0.024096,0.095238,0.010638,0.066667,0,0,0,0,0,0,0,0,0,no
0.018072,0.047619,0.010638,0.066667,0,0,0,0,0,0,0,0,0,no
0.021084,0,0.010638,0.066667,0.007937,0.048387,0,0,0,0,0,0,0,no
0.087349,0.190476,0.042553,0.133333,0.015873,0.096774,0.037037,0.083333,0.001124,0.001183,0.008621,0.008621,0,no
0.036145,0.238095,0.021277,0.133333,0,0.016129,0,0,0,0,0,0,0,no
0.03012,0.047619,0.021277,0.066667,0,0,0.037037,0.041667,0.002247,0,0.008621,0.008621,1,no
0.033133,0.142857,0.021277,0.133333,0,0,0.037037,0.041667,0.008989,0,0.034483,0.034483,1,no
0.036145,0.047619,0.021277,0.133333,0,0,0,0,0,0,0,0,0,no
0.018072,0.142857,0.010638,0.066667,0.007937,0.016129,0,0,0,0,0,0,0,no
0.036145,0.047619,0.021277,0.133333,0,0,0,0,0,0,0,0,0,no
0.045181,0.095238,0.031915,0.133333,0,0.016129,0.037037,0.041667,0.002247,0,0.008621,0.008621,1,no
0.024096,0.047619,0.010638,0.066667,0,0.032258,0,0,0,0,0,0,0,no
0.018072,0.095238,0.010638,0.066667,0,0,0,0,0,0,0,0,0,no
0.021084,0.047619,0.010638,0.066667,0,0,0,0,0,0,0,0,0,no
0.033133,0.047619,0.031915,0.133333,0,0.032258,0,0,0,0,0,0,0,no
0.445783,0,0.340426,0.266667,0.007937,0.903226,0.055556,0.125,0.005056,0,0.012931,0.012931,0,no
0.051205,0.047619,0.053191,0.266667,0,0.064516,0,0,0,0,0,0,0,no
0.033133,0.095238,0.031915,0.2,0,0.032258,0,0,0,0,0,0,0,no
0.045181,0.142857,0.031915,0.133333,0,0.112903,0,0,0,0,0,0,0,no
0.027108,0.047619,0.021277,0.133333,0,0.032258,0,0,0,0,0,0,0,no
0.027108,0.047619,0.021277,0.133333,0,0.032258,0,0,0,0,0,0,0,no
0.063253,0.047619,0.053191,0.2,0,0.129032,0,0,0,0,0,0,0,no
0.054217,0.047619,0.031915,0.2,0,0.080645,0,0,0,0,0,0,0,no
0.048193,0.047619,0.031915,0.2,0,0.048387,0,0,0,0,0,0,0,no
0.021084,0.047619,0.010638,0.066667,0,0.032258,0,0,0,0,0,0,0,no
0.033133,0.047619,0.031915,0.2,0,0.032258,0,0,0,0,0,0,0,no
0.045181,0.047619,0.042553,0.266667,0,0.064516,0,0,0,0,0,0,0,no
0.051205,0.047619,0.042553,0.133333,0,0.080645,0,0,0,0,0,0,0,no
0.126506,0.142857,0.138298,0.266667,0.015873,0.241935,0,0,0,0,0,0,0,no
0.027108,0.047619,0.021277,0.133333,0,0.032258,0,0,0,0,0,0,0,no
0.057229,0.047619,0.053191,0.266667,0.02381,0.080645,0.018519,0.041667,0.000562,0.000592,0.008621,0.008621,0,no
0.024096,0.095238,0.010638,0.066667,0,0.048387,0,0,0,0,0,0,0,no
0.027108,0.047619,0.021277,0.133333,0,0,0,0,0,0,0,0,0,no
0.021084,0.095238,0.010638,0.066667,0,0.032258,0,0,0,0,0,0,0,no
0.024096,0.047619,0.010638,0.066667,0.007937,0.032258,0,0,0,0,0,0,0,no
0.03012,0.238095,0.031915,0.066667,0,0,0,0,0,0,0,0,0,no
0.10241,0.095238,0.042553,0.066667,0.007937,0.112903,0,0,0,0,0,0,0,no
0.039157,0.190476,0.010638,0.066667,0,0.096774,0,0,0,0,0,0,0,no
0.03012,0.190476,0.021277,0.133333,0,0.048387,0,0,0,0,0,0,0,no
0.027108,0.095238,0.010638,0.066667,0,0.016129,0,0,0,0,0,0,0,no
0.039157,0.095238,0.042553,0.266667,0,0,0,0,0,0,0,0,0,no
0.03012,0.047619,0.021277,0.133333,0,0.016129,0,0,0,0,0,0,0,no
0.024096,0.095238,0.010638,0.066667,0,0.032258,0,0,0,0,0,0,0,no
0.021084,0.095238,0.010638,0.066667,0,0.032258,0,0,0,0,0,0,0,no
0.021084,0.095238,0.010638,0.066667,0,0.032258,0,0,0,0,0,0,0,no
0.033133,0.047619,0.021277,0.133333,0,0.048387,0,0,0,0,0,0,0,no
0.01506,0,0.010638,0.066667,0,0.016129,0,0,0,0,0,0,0,no
0.123494,0.095238,0.074468,0.266667,0.015873,0.112903,0.037037,0.083333,0.001124,0.001183,0.008621,0.008621,0,no
0.021084,0.190476,0.010638,0.066667,0,0,0,0,0,0,0,0,0,no
0.033133,0.190476,0.021277,0.133333,0,0,0,0,0,0,0,0,0,no
0.120482,0,0.074468,0.133333,0.015873,0.225806,0,0,0,0,0,0,0,no
0.03012,0.047619,0.021277,0.133333,0,0.048387,0,0,0,0,0,0,0,no
0.027108,0.095238,0.010638,0.066667,0,0.032258,0,0,0,0,0,0,0,no
0.078313,0,0.06383,0.266667,0,0.096774,0,0,0,0,0,0,0,no
0.03012,0.047619,0.021277,0.133333,0,0.048387,0,0,0,0,0,0,0,no
0.024096,0,0.021277,0.133333,0,0.032258,0,0,0,0,0,0,0,no
0.018072,0.047619,0.010638,0.066667,0,0,0,0,0,0,0,0,0,no
0.11747,0.047619,0.085106,0.333333,0.02381,0.193548,0,0,0,0,0,0,0,no
0.021084,0,0.010638,0.066667,0,0.032258,0.055556,0.125,0.011798,0,0.030172,0.030172,0,no
0.021084,0,0.010638,0.066667,0,0.032258,0,0,0,0,0,0,0,no
0.021084,0,0.010638,0.066667,0,0.032258,0,0,0,0,0,0,0,no
0.021084,0.047619,0.010638,0.066667,0,0,0,0,0,0,0,0,0,no
0.021084,0.047619,0.010638,0.066667,0,0,0,0,0,0,0,0,0,no
0.024096,0.095238,0.010638,0.066667,0,0,0,0,0,0,0,0,0,no
0.033133,0.142857,0.021277,0.066667,0,0.032258,0,0,0,0,0,0,0,no
0.03012,0.047619,0.010638,0.066667,0,0.016129,0,0,0,0,0,0,0,no
0.024096,0.047619,0.010638,0.066667,0.007937,0,0,0,0,0,0,0,0,no
0.03012,0.047619,0.021277,0.133333,0,0.048387,0,0,0,0,0,0,0,no
0.021084,0.047619,0.021277,0.133333,0.007937,0.016129,0,0,0,0,0,0,0,no
0.021084,0.142857,0.010638,0.066667,0,0,0,0,0,0,0,0,0,no
0.018072,0.142857,0.010638,0.066667,0,0,0,0,0,0,0,0,0,no
0.021084,0.095238,0.010638,0.066667,0,0.048387,0,0,0,0,0,0,0,no
0.039157,0.095238,0.010638,0.066667,0.007937,0.048387,0,0,0,0,0,0,0,no
0.024096,0.095238,0.010638,0.066667,0.007937,0.048387,0,0,0,0,0,0,0,no
0.024096,0.095238,0.010638,0.066667,0.007937,0.048387,0,0,0,0,0,0,0,no
0.027108,0.047619,0.010638,0.066667,0.007937,0.016129,0.037037,0.083333,0.010112,0,0.038793,0.038793,0,no
0.033133,0.095238,0.021277,0.066667,0.007937,0.032258,0.037037,0.083333,0.008989,0,0.034483,0.034483,0,no
0.021084,0.095238,0.010638,0.066667,0.007937,0.032258,0,0,0,0,0,0,0,no
0.01506,0.142857,0.010638,0.066667,0,0,0,0,0,0,0,0,0,no
0.024096,0.142857,0.010638,0.066667,0,0,0,0,0,0,0,0,0,no
0.021084,0.142857,0.010638,0.066667,0,0.032258,0,0,0,0,0,0,0,no
0.01506,0,0.010638,0.066667,0,0.016129,0,0,0,0,0,0,0,no
0.066265,0.095238,0.053191,0.2,0,0.112903,0,0,0,0,0,0,0,no
0.033133,0.142857,0.021277,0.066667,0.007937,0.016129,0,0,0,0,0,0,0,no
0.021084,0.095238,0.010638,0.066667,0,0.032258,0,0,0,0,0,0,0,no
0.021084,0.095238,0.010638,0.066667,0,0.016129,0,0,0,0,0,0,0,no
0.033133,0.095238,0.021277,0.133333,0,0.016129,0,0,0,0,0,0,0,no
0.021084,0.047619,0.021277,0.133333,0,0.016129,0,0,0,0,0,0,0,no
0.021084,0.142857,0.010638,0.066667,0,0.016129,0,0,0,0,0,0,0,no
0.024096,0.142857,0.010638,0.066667,0,0.016129,0,0,0,0,0,0,0,no
0.01506,0.095238,0.010638,0.066667,0,0,0,0,0,0,0,0,0,no
0.021084,0,0.010638,0.066667,0,0,0,0,0,0,0,0,0,no
0.01506,0.095238,0.010638,0.066667,0,0.016129,0,0,0,0,0,0,0,no
0.021084,0.095238,0.010638,0.066667,0,0,0,0,0,0,0,0,0,no
0.045181,0.142857,0.010638,0.066667,0,0.080645,0,0,0,0,0,0,0,no
0.024096,0.095238,0.010638,0.066667,0,0.048387,0,0,0,0,0,0,0,no
0.024096,0.142857,0.010638,0.066667,0,0,0,0,0,0,0,0,0,no
0.021084,0.095238,0.010638,0.066667,0,0.048387,0,0,0,0,0,0,0,no
0.042169,0.190476,0.010638,0.066667,0,0.080645,0,0,0,0,0,0,0,no
0.021084,0.095238,0.010638,0.066667,0,0.016129,0,0,0,0,0,0,0,no
0.024096,0.095238,0.010638,0.066667,0,0.016129,0,0,0,0,0,0,0,no
0.039157,0.142857,0.031915,0.133333,0,0.048387,0,0,0,0,0,0,0,no
0.063253,0.190476,0.042553,0.2,0,0.096774,0,0,0,0,0,0,0,no
0.03012,0.238095,0.021277,0.066667,0,0.016129,0,0,0,0,0,0,0,no
0.039157,0.190476,0.031915,0.066667,0.007937,0,0,0,0,0,0,0,0,no
0.021084,0.047619,0.010638,0.066667,0,0.032258,0,0,0,0,0,0,0,no
0.024096,0.095238,0.010638,0.066667,0,0.032258,0,0,0,0,0,0,0,no
0.021084,0,0.010638,0.066667,0,0,0,0,0,0,0,0,0,no
0.021084,0.095238,0.010638,0.066667,0,0,0,0,0,0,0,0,0,no
0.075301,0.333333,0.042553,0.2,0.007937,0.112903,0,0,0,0,0,0,0,no
0.039157,0.142857,0.031915,0.133333,0,0.048387,0,0,0,0,0,0,0,no
0.051205,0.190476,0.031915,0.133333,0,0.112903,0,0,0,0,0,0,0,no
0.03012,0.238095,0.021277,0.066667,0,0.016129,0,0,0,0,0,0,0,no
0.039157,0.190476,0.031915,0.066667,0.007937,0,0,0,0,0,0,0,0,no
0.021084,0.047619,0.010638,0.066667,0,0.032258,0,0,0,0,0,0,0,no
0.021084,0.095238,0.010638,0.066667,0,0.032258,0,0,0,0,0,0,0,no
0.021084,0.142857,0.010638,0.066667,0,0,0,0,0,0,0,0,0,no
0.03012,0.095238,0.021277,0.133333,0,0,0,0,0,0,0,0,0,no
0.021084,0.095238,0.010638,0.066667,0,0.016129,0,0,0,0,0,0,0,no
0.042169,0.142857,0.021277,0.066667,0,0.064516,0,0,0,0,0,0,0,no
0.018072,0.095238,0.010638,0.066667,0,0,0,0,0,0,0,0,0,no
0.018072,0.047619,0.010638,0.066667,0,0,0,0,0,0,0,0,0,no
0.051205,0.142857,0.021277,0.133333,0,0.080645,0,0,0,0,0,0,0,no
0.021084,0,0.021277,0.133333,0,0.032258,0,0,0,0,0,0,0,no
0.027108,0.095238,0.021277,0.133333,0,0.032258,0,0,0,0,0,0,0,no
0.01506,0.047619,0.010638,0.066667,0,0.016129,0,0,0,0,0,0,0,no
0.024096,0.095238,0.010638,0.066667,0,0.032258,0,0,0,0,0,0,0,no
0.01506,0.047619,0.010638,0.066667,0,0.016129,0,0,0,0,0,0,0,no
0.024096,0.095238,0.021277,0.133333,0,0.016129,0,0,0,0,0,0,0,no
0.021084,0.095238,0.010638,0.066667,0,0.032258,0,0,0,0,0,0,0,no
0.159639,0.142857,0.117021,0.333333,0,0.258065,0,0,0,0,0,0,0,no
0.018072,0.095238,0.010638,0.066667,0,0.032258,0,0,0,0,0,0,0,no
0.03012,0.142857,0.010638,0.066667,0,0.016129,0,0,0,0,0,0,0,no
0.018072,0.047619,0.010638,0.066667,0,0.032258,0,0,0,0,0,0,0,no
0.03012,0.142857,0.010638,0.066667,0,0.016129,0,0,0,0,0,0,0,no
0.018072,0.047619,0.010638,0.066667,0,0.032258,0,0,0,0,0,0,0,no
0.03012,0.142857,0.010638,0.066667,0,0.016129,0,0,0,0,0,0,0,no
0.045181,0.142857,0.021277,0.066667,0,0.064516,0,0,0,0,0,0,0,no
0.042169,0.047619,0.021277,0.133333,0.007937,0.048387,0,0,0,0,0,0,0,no
0.033133,0.142857,0.010638,0.066667,0,0.016129,0,0,0,0,0,0,0,no
0.018072,0.142857,0.010638,0.066667,0,0.032258,0,0,0,0,0,0,0,no
0.021084,0.142857,0.010638,0.066667,0,0,0,0,0,0,0,0,0,no
0.045181,0.047619,0.031915,0.133333,0,0.080645,0,0,0,0,0,0,0,no
0.033133,0.142857,0.010638,0.066667,0,0.016129,0,0,0,0,0,0,0,no
0.03012,0.142857,0.031915,0.133333,0,0.048387,0,0,0,0,0,0,0,no
0.066265,0.047619,0.053191,0.2,0,0.112903,0,0,0,0,0,0,0,no
0.099398,0.142857,0.053191,0.133333,0.007937,0.16129,0,0,0,0,0,0,0,yes
0.018072,0.047619,0.010638,0.066667,0,0.016129,0,0,0,0,0,0,0,no
0.024096,0.142857,0.010638,0.066667,0,0,0,0,0,0,0,0,0,no
0.090361,0.142857,0.042553,0.133333,0,0.145161,0,0,0,0,0,0,0,no
0.018072,0.047619,0.010638,0.066667,0.007937,0.016129,0,0,0,0,0,0,0,no
0.021084,0.142857,0.010638,0.066667,0.015873,0,0,0,0,0,0,0,0,no
0.033133,0.095238,0.010638,0.066667,0.007937,0.016129,0,0,0,0,0,0,0,no
0.024096,0.047619,0.021277,0.133333,0,0.032258,0,0,0,0,0,0,0,no
0.081325,0.142857,0.06383,0.133333,0,0.080645,0,0,0,0,0,0,0,no
0.024096,0.047619,0.021277,0.133333,0,0.032258,0,0,0,0,0,0,0,no
0.018072,0.047619,0.010638,0.066667,0.007937,0.016129,0,0,0,0,0,0,0,no
0.033133,0.047619,0.021277,0.133333,0,0.032258,0,0,0,0,0,0,0,no
0.021084,0.047619,0.010638,0.066667,0,0.032258,0,0,0,0,0,0,0,no
0.027108,0,0.010638,0.066667,0.015873,0.016129,0,0,0,0,0,0,0,no
0.024096,0.142857,0.010638,0.066667,0,0.016129,0,0,0,0,0,0,0,no
0.060241,0.142857,0.021277,0.133333,0,0.129032,0,0,0,0,0,0,0,no
0.039157,0.095238,0.010638,0.066667,0,0.064516,0,0,0,0,0,0,0,no
0.054217,0.095238,0.031915,0.133333,0,0.016129,0,0,0,0,0,0,0,no
0.018072,0.047619,0.010638,0.066667,0.015873,0,0,0,0,0,0,0,0,no
0.021084,0.047619,0.010638,0.066667,0,0,0,0,0,0,0,0,0,no
0.021084,0.047619,0.010638,0.066667,0,0,0,0,0,0,0,0,0,no
0.027108,0.047619,0.010638,0.066667,0,0.032258,0,0,0,0,0,0,0,no
0.033133,0.047619,0.010638,0.066667,0,0.016129,0,0,0,0,0,0,0,no
0.027108,0.047619,0.010638,0.066667,0,0.032258,0,0,0,0,0,0,0,no
0.03012,0.047619,0.010638,0.066667,0,0.016129,0,0,0,0,0,0,0,no
0.027108,0.047619,0.021277,0.133333,0.007937,0,0,0,0,0,0,0,0,no
0.033133,0.095238,0.021277,0.133333,0.007937,0.016129,0,0,0,0,0,0,0,no
0.021084,0.047619,0.021277,0.066667,0,0.032258,0,0,0,0,0,0,0,no
0.021084,0.095238,0.010638,0.066667,0,0.048387,0,0,0,0,0,0,0,no
0.039157,0.047619,0.021277,0.133333,0,0.064516,0,0,0,0,0,0,0,no
0.01506,0.095238,0.010638,0.066667,0,0.016129,0,0,0,0,0,0,0,no
0.069277,0.047619,0.042553,0.133333,0,0.145161,0,0,0,0,0,0,0,no
0.027108,0.142857,0.010638,0.066667,0,0,0,0,0,0,0,0,0,no
0.042169,0.142857,0.021277,0.066667,0,0.112903,0,0,0,0,0,0,0,no
0.069277,0.142857,0.042553,0.133333,0,0.177419,0,0,0,0,0,0,0,no
0.057229,0.047619,0.031915,0.133333,0,0.096774,0,0,0,0,0,0,0,no
0.057229,0.095238,0.031915,0.133333,0,0.096774,0,0,0,0,0,0,0,no
0.033133,0.095238,0.010638,0.066667,0,0.080645,0,0,0,0,0,0,0,no
0.051205,0.047619,0.031915,0.2,0,0.064516,0,0,0,0,0,0,0,no
0.021084,0.095238,0.010638,0.066667,0,0.032258,0,0,0,0,0,0,0,no
0.093373,0.095238,0.042553,0.2,0,0.16129,0,0,0,0,0,0,0,no
0.039157,0.047619,0.021277,0.133333,0,0.064516,0,0,0,0,0,0,0,no
0.021084,0.095238,0.010638,0.066667,0,0.032258,0,0,0,0,0,0,0,no
0.099398,0.095238,0.053191,0.2,0,0.16129,0,0,0,0,0,0,0,no
0.03012,0.047619,0.010638,0.066667,0,0.016129,0,0,0,0,0,0,0,no
0.078313,0.142857,0.053191,0.2,0.007937,0.112903,0,0,0,0,0,0,0,no
0.036145,0.047619,0.021277,0.066667,0.007937,0.016129,0,0,0,0,0,0,0,no
0.021084,0.047619,0.010638,0.066667,0,0.032258,0,0,0,0,0,0,0,no
0.024096,0.142857,0.021277,0.133333,0,0.032258,0,0,0,0,0,0,0,no
0.048193,0.095238,0.042553,0.133333,0,0.048387,0,0,0,0,0,0,0,no
0.018072,0.095238,0.010638,0.066667,0,0,0,0,0,0,0,0,0,no
0.021084,0.047619,0.010638,0.066667,0,0.032258,0,0,0,0,0,0,0,no
0.021084,0.095238,0.010638,0.066667,0,0.048387,0,0,0,0,0,0,0,no
0.021084,0.047619,0.010638,0.066667,0,0.032258,0,0,0,0,0,0,0,no
0.021084,0.095238,0.010638,0.066667,0,0.048387,0,0,0,0,0,0,0,no
0.024096,0.047619,0.010638,0.066667,0,0,0,0,0,0,0,0,0,no
0.024096,0.047619,0.010638,0.066667,0.007937,0.032258,0,0,0,0,0,0,0,no
0.018072,0.047619,0.010638,0.066667,0,0,0,0,0,0,0,0,0,no
0.021084,0.047619,0.010638,0.066667,0,0.032258,0,0,0,0,0,0,0,no
0.021084,0.095238,0.010638,0.066667,0,0.048387,0,0,0,0,0,0,0,no
0.01506,0.047619,0.010638,0.066667,0,0.016129,0,0,0,0,0,0,0,no
0.021084,0.095238,0.021277,0.133333,0,0.016129,0,0,0,0,0,0,0,no
0.033133,0.095238,0.021277,0.133333,0,0.048387,0,0,0,0,0,0,0,no
0.024096,0.095238,0.010638,0.066667,0,0,0,0,0,0,0,0,0,no
0.063253,0.047619,0.042553,0.266667,0,0.048387,0,0,0,0,0,0,0,no
0.018072,0,0.010638,0.066667,0,0.016129,0,0,0,0,0,0,0,no
0.027108,0.047619,0.010638,0.066667,0,0.032258,0,0,0,0,0,0,0,no
0.075301,0.095238,0.053191,0.2,0.015873,0.129032,0,0,0,0,0,0,0,no
0.03012,0,0.021277,0.133333,0,0.048387,0,0,0,0,0,0,0,no
0.027108,0.047619,0.031915,0.133333,0.015873,0.016129,0,0,0,0,0,0,0,no
0.060241,0.142857,0.031915,0.066667,0,0.064516,0,0,0,0,0,0,0,no
0.10241,0,0.074468,0.333333,0,0.112903,0,0,0,0,0,0,0,no
0.018072,0.047619,0.010638,0.066667,0.007937,0.016129,0,0,0,0,0,0,0,no
0.075301,0.142857,0.053191,0.133333,0,0.048387,0,0,0,0,0,0,0,no
0.018072,0.047619,0.010638,0.066667,0,0.016129,0,0,0,0,0,0,0,no
0.177711,0.047619,0.12766,0.266667,0,0.112903,0,0,0,0,0,0,0,no
0.03012,0.095238,0.021277,0.066667,0.007937,0,0,0,0,0,0,0,0,no
0.057229,0.095238,0.031915,0.133333,0,0.048387,0,0,0,0,0,0,0,no
0.021084,0,0.010638,0.066667,0.007937,0.016129,0,0,0,0,0,0,0,no
0.03012,0.095238,0.021277,0.133333,0.007937,0.016129,0,0,0,0,0,0,0,no
0.10241,0.142857,0.053191,0.266667,0,0.096774,0,0,0,0,0,0,0,no
0.024096,0.047619,0.021277,0.066667,0.015873,0.016129,0,0,0,0,0,0,0,no
0.027108,0.047619,0.021277,0.133333,0,0.048387,0,0,0,0,0,0,0,no
0.316265,0.047619,0.265957,0.2,0.015873,0.645161,0.055556,0.125,0.010112,0,0.025862,0.025862,0,no
0.063253,0.047619,0.053191,0.133333,0,0.112903,0,0,0,0,0,0,0,no
0.03012,0.047619,0.021277,0.133333,0.007937,0.048387,0,0,0,0,0,0,0,no
0.024096,0.047619,0.010638,0.066667,0,0.048387,0,0,0,0,0,0,0,no
0.01506,0.095238,0.010638,0.066667,0,0.016129,0,0,0,0,0,0,0,no
0.039157,0.047619,0.031915,0.2,0,0.032258,0,0,0,0,0,0,0,no
0.018072,0,0.010638,0.066667,0.015873,0,0,0,0,0,0,0,0,no
0.036145,0.047619,0.010638,0.066667,0,0.032258,0,0,0,0,0,0,0,no
0.081325,0.095238,0.042553,0.2,0.007937,0.096774,0,0,0,0,0,0,0,no
0.03012,0.095238,0.010638,0.066667,0,0.016129,0,0,0,0,0,0,0,no
0.027108,0.047619,0.010638,0.066667,0,0.016129,0,0,0,0,0,0,0,no
0.021084,0,0.010638,0.066667,0.007937,0.048387,0,0,0,0,0,0,0,no
0.072289,0.142857,0.031915,0.133333,0.015873,0.096774,0.037037,0.083333,0.001124,0.001183,0.008621,0.008621,0,no
0.039157,0.238095,0.021277,0.133333,0.007937,0.016129,0,0,0,0,0,0,0,no
0.033133,0.047619,0.021277,0.066667,0,0,0.037037,0.041667,0.002247,0,0.008621,0.008621,1,no
0.060241,0.047619,0.031915,0.2,0,0.016129,0.037037,0.083333,0.005618,0,0.021552,0.021552,0,no
0.018072,0.142857,0.010638,0.066667,0.007937,0.016129,0,0,0,0,0,0,0,no
0.045181,0.047619,0.021277,0.133333,0,0.016129,0,0,0,0,0,0,0,no
0.060241,0.095238,0.042553,0.133333,0,0.016129,0.037037,0.041667,0.001124,0,0.00431,0.00431,1,no
0.051205,0.047619,0.031915,0.133333,0,0.096774,0,0,0,0,0,0,0,no
0.036145,0.047619,0.031915,0.133333,0,0.032258,0,0,0,0,0,0,0,no
0.021084,0.095238,0.010638,0.066667,0,0,0,0,0,0,0,0,0,no
0.021084,0.047619,0.010638,0.066667,0.007937,0,0,0,0,0,0,0,0,no
0.021084,0.047619,0.010638,0.066667,0,0.032258,0,0,0,0,0,0,0,no
0.024096,0.047619,0.010638,0.066667,0,0.032258,0,0,0,0,0,0,0,no
0.054217,0.095238,0.031915,0.133333,0,0.096774,0,0,0,0,0,0,0,no
0.033133,0.095238,0.021277,0.066667,0.007937,0.032258,0,0,0,0,0,0,0,no
0.018072,0.047619,0.010638,0.066667,0.015873,0,0,0,0,0,0,0,0,no
0.027108,0.047619,0.010638,0.066667,0,0.032258,0,0,0,0,0,0,0,no
0.021084,0.047619,0.010638,0.066667,0,0.032258,0,0,0,0,0,0,0,no
0.03012,0.095238,0.021277,0.066667,0,0.032258,0,0,0,0,0,0,0,no
0.024096,0.047619,0.021277,0.133333,0.007937,0.032258,0,0,0,0,0,0,0,no
0.03012,0.095238,0.021277,0.133333,0,0.048387,0,0,0,0,0,0,0,no
0.024096,0.047619,0.021277,0.133333,0.007937,0.032258,0,0,0,0,0,0,0,no
0.024096,0.095238,0.010638,0.066667,0,0.048387,0,0,0,0,0,0,0,no
0.021084,0.095238,0.010638,0.066667,0,0.016129,0,0,0,0,0,0,0,no
0.027108,0.095238,0.010638,0.066667,0,0.048387,0,0,0,0,0,0,0,no
0.039157,0.047619,0.021277,0.066667,0,0.048387,0,0,0,0,0,0,0,no
0.039157,0.095238,0.010638,0.066667,0,0.096774,0,0,0,0,0,0,0,no
0.036145,0,0.010638,0.066667,0,0.032258,0,0,0,0,0,0,0,no
0.027108,0,0,0.066667,0,0,0,0,0,0,0,0,0,no
0.024096,0.047619,0.021277,0.066667,0.015873,0.016129,0,0,0,0,0,0,0,no
0.018072,0.095238,0.010638,0.066667,0,0.016129,0,0,0,0,0,0,0,no
0.018072,0.047619,0.010638,0.066667,0,0,0,0,0,0,0,0,0,no
0.021084,0.095238,0.010638,0.066667,0.007937,0,0,0,0,0,0,0,0,no
0.027108,0.047619,0.021277,0.133333,0.007937,0.016129,0,0,0,0,0,0,0,no
0.01506,0,0.010638,0.066667,0,0,0,0,0,0,0,0,0,no
0.021084,0.047619,0.010638,0.066667,0,0.032258,0,0,0,0,0,0,0,no
0.021084,0.047619,0.010638,0.066667,0,0.016129,0,0,0,0,0,0,0,no
0.078313,0,0.010638,0.066667,0,0.032258,0,0,0,0,0,0,0,no
0.01506,0,0.010638,0.066667,0,0,0,0,0,0,0,0,0,no
0.018072,0.095238,0.010638,0.066667,0,0,0,0,0,0,0,0,0,no
0.024096,0.047619,0.021277,0.066667,0,0.016129,0,0,0,0,0,0,0,no
0.018072,0.047619,0.010638,0.066667,0,0,0,0,0,0,0,0,0,no
0.024096,0.047619,0.021277,0.066667,0,0.016129,0,0,0,0,0,0,0,no
0.018072,0,0.010638,0.066667,0,0,0,0,0,0,0,0,0,no
0.018072,0.047619,0.010638,0.066667,0,0,0,0,0,0,0,0,0,no
0.024096,0.142857,0.010638,0.066667,0,0.016129,0,0,0,0,0,0,0,no
0.045181,0.095238,0.021277,0.066667,0,0.112903,0,0,0,0,0,0,0,no
0.021084,0.095238,0.010638,0.066667,0,0,0,0,0,0,0,0,0,no
0.018072,0.047619,0.010638,0.066667,0,0,0,0,0,0,0,0,0,no
0.054217,0.047619,0.042553,0.133333,0.007937,0.112903,0,0,0,0,0,0,0,no
0.105422,0,0.074468,0.266667,0,0.241935,0,0,0,0,0,0,0,no
0.021084,0.047619,0.010638,0.066667,0,0.016129,0,0,0,0,0,0,0,no
0.03012,0.047619,0.021277,0.066667,0,0.032258,0,0,0,0,0,0,0,no
0.036145,0.047619,0.021277,0.066667,0,0.048387,0.037037,0.083333,0.001124,0.001183,0.008621,0.008621,1,no
0.027108,0,0.010638,0.066667,0,0,0,0,0,0,0,0,0,no
0.150602,0.047619,0.085106,0.266667,0.007937,0.241935,0,0,0,0,0,0,0,no
0.018072,0.047619,0.010638,0.066667,0,0,0,0,0,0,0,0,0,no
0.018072,0.047619,0.010638,0.066667,0,0,0,0,0,0,0,0,0,no
0.048193,0.142857,0.021277,0.066667,0,0.032258,0.018519,0.041667,0.000562,0.000592,0.008621,0.008621,0,no
0.018072,0.047619,0.010638,0.066667,0,0,0,0,0,0,0,0,0,no
0.060241,0.142857,0.031915,0.2,0.007937,0.080645,0,0,0,0,0,0,0,no
0.01506,0,0.010638,0.066667,0,0,0,0,0,0,0,0,0,no
0.027108,0.047619,0.021277,0.133333,0.007937,0.016129,0,0,0,0,0,0,0,no
0.027108,0.047619,0.021277,0.066667,0.007937,0.016129,0,0,0,0,0,0,0,no
0.021084,0.047619,0.010638,0.066667,0,0.016129,0,0,0,0,0,0,0,no
0.01506,0,0.010638,0.066667,0,0.016129,0,0,0,0,0,0,0,no
0.021084,0.095238,0.010638,0.066667,0,0.032258,0,0,0,0,0,0,0,no
0.024096,0.047619,0.010638,0.066667,0,0.048387,0,0,0,0,0,0,0,no
0.021084,0.047619,0.010638,0.066667,0,0.016129,0,0,0,0,0,0,0,no
0.036145,0.238095,0.010638,0.066667,0,0.032258,0.037037,0.083333,0.001124,0.001183,0.008621,0.008621,0,no
0.039157,0.047619,0.010638,0.066667,0,0.016129,0.037037,0.083333,0.014607,0,0.056034,0.056034,0,no
0.018072,0.047619,0.010638,0.066667,0,0.016129,0,0,0,0,0,0,0,no
0.021084,0.095238,0.010638,0.066667,0,0,0,0,0,0,0,0,0,no
0.021084,0,0.010638,0.066667,0,0.016129,0,0,0,0,0,0,0,no
0.018072,0.047619,0.010638,0.066667,0,0,0,0,0,0,0,0,0,no
0.024096,0.047619,0.010638,0.066667,0,0.016129,0,0,0,0,0,0,0,no
0.027108,0.047619,0.010638,0.066667,0.007937,0,0,0,0,0,0,0,0,no
0.033133,0,0.021277,0.133333,0,0.016129,0,0,0,0,0,0,0,no
0.039157,0.047619,0.021277,0.133333,0.007937,0.032258,0.037037,0.041667,0.014607,0,0.056034,0.056034,0,no
0.039157,0.047619,0.021277,0.133333,0.015873,0.032258,0,0,0,0,0,0,0,no
0.021084,0.047619,0.010638,0.066667,0,0.016129,0,0,0,0,0,0,0,no
0.048193,0.047619,0.010638,0.066667,0.007937,0.048387,0,0,0,0,0,0,0,no
0.048193,0.047619,0.042553,0.2,0.031746,0.064516,0,0,0,0,0,0,0,no
0.054217,0,0.042553,0.2,0.015873,0.032258,0.018519,0.041667,0.000562,0.000592,0.008621,0.008621,0,no
0.045181,0.095238,0.031915,0.133333,0,0.032258,0.037037,0.083333,0.016854,0,0.064655,0.064655,0,no
0.039157,0.047619,0.031915,0.133333,0,0.016129,0,0,0,0,0,0,0,no
0.021084,0.047619,0.010638,0.066667,0,0.016129,0,0,0,0,0,0,0,no
0.03012,0.047619,0.021277,0.133333,0,0.048387,0.037037,0.083333,0.011236,0,0.043103,0.043103,0,no
0.021084,0.047619,0.010638,0.066667,0,0.016129,0.037037,0.083333,0.001124,0.001183,0.008621,0.008621,0,no
0.021084,0.047619,0.010638,0.066667,0,0.016129,0,0,0,0,0,0,0,no
0.036145,0.047619,0.021277,0.133333,0.015873,0.016129,0,0,0,0,0,0,0,no
0.024096,0,0.010638,0.066667,0.007937,0,0.037037,0.083333,0.008989,0,0.034483,0.034483,0,no
0.03012,0.238095,0.010638,0.066667,0,0.064516,0.037037,0.083333,0.011236,0,0.043103,0.043103,0,no
0.051205,0.190476,0.021277,0.066667,0,0.016129,0.037037,0.083333,0.019101,0,0.073276,0.073276,0,no
0.033133,0.190476,0.021277,0.066667,0,0,0.037037,0.083333,0.004494,0,0.017241,0.017241,0,no
0.021084,0.095238,0.010638,0.066667,0,0,0.037037,0.083333,0.004494,0,0.017241,0.017241,0,no
0.093373,0.047619,0.06383,0.2,0,0.096774,0.074074,0.125,0.034831,0,0.086207,0.06681,0,no
0.051205,0.285714,0.010638,0.066667,0,0.016129,0,0,0,0,0,0,0,no
0.01506,0.047619,0.010638,0.066667,0,0,0,0,0,0,0,0,0,no
0.087349,0.095238,0.074468,0.466667,0.007937,0.048387,0.055556,0.125,0.001685,0,0.00431,0.00431,1,no
0.042169,0.047619,0.042553,0.133333,0.015873,0.032258,0,0,0,0,0,0,0,no
0.051205,0,0.021277,0.066667,0,0.048387,0.037037,0.083333,0.001124,0.001183,0.008621,0.008621,0,no
0.042169,0.047619,0.031915,0.2,0,0.032258,0.037037,0.083333,0.01573,0,0.060345,0.060345,1,no
0.027108,0,0.010638,0.066667,0,0,0,0,0,0,0,0,0,no
0.042169,0.047619,0.021277,0.133333,0,0.032258,0,0,0,0,0,0,0,no
0.066265,0.095238,0.031915,0.133333,0.007937,0.112903,0.092593,0.208333,0.003933,0.001775,0.008621,0.008621,1,no
0.042169,0.095238,0.010638,0.066667,0,0.048387,0.037037,0.083333,0.002247,0,0.008621,0.008621,1,no
0.027108,0,0.021277,0.133333,0,0.016129,0,0,0,0,0,0,0,no
0.024096,0.047619,0.021277,0.133333,0,0.032258,0,0,0,0,0,0,0,no
0.048193,0.095238,0.010638,0.066667,0,0.032258,0,0,0,0,0,0,0,no
0.03012,0.095238,0.021277,0.133333,0.007937,0.016129,0,0,0,0,0,0,0,no
0.090361,0.047619,0.074468,0.2,0.007937,0.016129,0,0,0,0,0,0,0,no
0.048193,0.047619,0.042553,0.133333,0.007937,0,0,0,0,0,0,0,0,no
0.018072,0,0.010638,0.066667,0,0,0,0,0,0,0,0,0,no
0.072289,0.047619,0.06383,0.2,0.007937,0.016129,0,0,0,0,0,0,0,no
0.051205,0.047619,0.042553,0.133333,0.007937,0,0,0,0,0,0,0,0,no
0.051205,0.095238,0.053191,0.133333,0.007937,0.016129,0,0,0,0,0,0,0,no
0.024096,0.047619,0.010638,0.066667,0,0.016129,0,0,0,0,0,0,0,no
0.018072,0.047619,0.010638,0.066667,0,0,0,0,0,0,0,0,0,no
0.051205,0.047619,0.042553,0.133333,0,0.032258,0,0,0,0,0,0,0,no
0.036145,0.095238,0.010638,0.066667,0,0.016129,0,0,0,0,0,0,0,no
0.060241,0,0.021277,0.133333,0.007937,0.048387,0,0,0,0,0,0,0,no
0.027108,0.047619,0.010638,0.066667,0,0.032258,0,0,0,0,0,0,0,no
0.045181,0.095238,0.021277,0.133333,0,0.032258,0.037037,0.083333,0.005618,0,0.021552,0.021552,0,no
0.024096,0,0.010638,0.066667,0,0.048387,0,0,0,0,0,0,0,no
0.036145,0.047619,0.031915,0.2,0,0.048387,0,0,0,0,0,0,0,no
0.03012,0.047619,0.010638,0.066667,0,0.064516,0,0,0,0,0,0,0,no
0.021084,0,0.010638,0.066667,0.007937,0.016129,0,0,0,0,0,0,0,no
0.021084,0,0.010638,0.066667,0.007937,0.016129,0,0,0,0,0,0,0,no
0.021084,0,0.010638,0.066667,0,0.016129,0,0,0,0,0,0,0,no
0.021084,0,0.010638,0.066667,0.007937,0.016129,0,0,0,0,0,0,0,no
0.066265,0.047619,0.042553,0.266667,0,0.064516,0,0,0,0,0,0,0,no
0.039157,0.047619,0.031915,0.2,0,0.016129,0,0,0,0,0,0,0,yes
0.057229,0.142857,0.042553,0.133333,0.007937,0.048387,0,0,0,0,0,0,0,no
0.021084,0.095238,0.010638,0.066667,0,0,0,0,0,0,0,0,0,no
0.039157,0,0.031915,0.2,0,0.016129,0,0,0,0,0,0,0,no
0.165663,0.142857,0.106383,0.266667,0.015873,0.145161,0.074074,0.166667,0.061798,0,0.219828,0.118534,0,no
0.024096,0.095238,0.010638,0.066667,0,0.064516,0,0,0,0,0,0,0,no
0.03012,0.095238,0.021277,0.066667,0,0,0.074074,0.166667,0.01236,0.001183,0.043103,0.025862,0,no
0.021084,0.047619,0.010638,0.066667,0,0.016129,0.037037,0.083333,0.007865,0,0.030172,0.030172,0,no
0.03012,0.095238,0.021277,0.066667,0,0,0.074074,0.166667,0.01236,0.001183,0.043103,0.025862,0,no
0.021084,0.047619,0.010638,0.066667,0,0.016129,0.037037,0.083333,0.007865,0,0.030172,0.030172,0,no
0.048193,0.095238,0.053191,0.2,0,0.016129,0.037037,0.083333,0.017978,0,0.068966,0.068966,0,no
0.018072,0.047619,0.010638,0.066667,0,0,0.037037,0.083333,0.006742,0,0.025862,0.025862,0,no
0.03012,0.095238,0.021277,0.066667,0,0,0.074074,0.166667,0.01236,0.001183,0.043103,0.025862,0,no
0.057229,0.047619,0.042553,0.266667,0.007937,0.032258,0.037037,0.083333,0.021348,0,0.081897,0.081897,0,no
0.033133,0.095238,0.021277,0.133333,0,0,0.037037,0.083333,0.01236,0,0.047414,0.047414,0,no
0.021084,0.047619,0.010638,0.066667,0,0,0.037037,0.083333,0.007865,0,0.030172,0.030172,0,no
0.021084,0.095238,0.010638,0.066667,0,0,0.037037,0.083333,0.007865,0,0.030172,0.030172,0,no
0.021084,0.047619,0.010638,0.066667,0,0,0.037037,0.083333,0.007865,0,0.030172,0.030172,0,no
0.024096,0.095238,0.010638,0.066667,0,0.016129,0.037037,0.083333,0.008989,0,0.034483,0.034483,0,no
0.03012,0.095238,0.021277,0.066667,0,0.016129,0,0,0,0,0,0,0,no
0.024096,0.047619,0.021277,0.133333,0,0.016129,0,0,0,0,0,0,0,no
0.024096,0.047619,0.021277,0.133333,0,0.016129,0,0,0,0,0,0,0,no
0.027108,0.095238,0.010638,0.066667,0,0.032258,0,0,0,0,0,0,0,no
0.024096,0.047619,0.021277,0.133333,0,0.016129,0,0,0,0,0,0,0,no
0.03012,0,0.021277,0.133333,0,0.032258,0,0,0,0,0,0,0,no
0.021084,0,0.010638,0.066667,0,0.032258,0,0,0,0,0,0,0,no
0.018072,0.047619,0.010638,0.066667,0,0,0,0,0,0,0,0,0,no
0.060241,0.095238,0.031915,0.2,0,0.032258,0,0,0,0,0,0,0,no
0.027108,0.047619,0,0.066667,0,0,0,0,0,0,0,0,0,no
0.027108,0.047619,0,0.066667,0,0,0,0,0,0,0,0,0,no
0.054217,0,0.031915,0.2,0,0.048387,0,0,0,0,0,0,0,no
0.021084,0,0.021277,0.066667,0,0,0,0,0,0,0,0,0,no
0.039157,0.047619,0.010638,0.066667,0.015873,0.064516,0,0,0,0,0,0,0,no
0.072289,0.142857,0.042553,0.066667,0.007937,0.032258,0,0,0,0,0,0,0,no
0.033133,0,0.021277,0.133333,0.007937,0.032258,0,0,0,0,0,0,0,no
0.027108,0.047619,0.021277,0.133333,0,0.016129,0,0,0,0,0,0,0,no
0.021084,0,0.010638,0.066667,0.007937,0,0,0,0,0,0,0,0,no
0.048193,0,0.053191,0.333333,0,0.016129,0,0,0,0,0,0,0,no
0.036145,0.047619,0.031915,0.2,0,0,0,0,0,0,0,0,0,no
0.018072,0,0.010638,0.066667,0.007937,0,0,0,0,0,0,0,0,no
0.25,0,0.138298,0.133333,0.055556,0.177419,0,0,0,0,0,0,0,no
0.036145,0,0.021277,0.133333,0.007937,0.016129,0,0,0,0,0,0,0,no
0.03012,0.190476,0.021277,0.066667,0,0,0,0,0,0,0,0,0,no
0.024096,0.047619,0.010638,0.066667,0,0.032258,0,0,0,0,0,0,0,no
0.039157,0,0.021277,0.133333,0,0.048387,0,0,0,0,0,0,0,no
0.033133,0,0.021277,0.133333,0,0.016129,0,0,0,0,0,0,0,no
0.045181,0.047619,0.021277,0.133333,0,0.048387,0.037037,0.083333,0.016854,0,0.064655,0.064655,0,no
0.021084,0.047619,0.010638,0.066667,0,0.016129,0.037037,0.083333,0.007865,0,0.030172,0.030172,0,no
0.027108,0.047619,0.021277,0.066667,0,0,0.037037,0.083333,0.010112,0,0.038793,0.038793,0,no
0.051205,0.142857,0.031915,0.066667,0.007937,0,0,0,0,0,0,0,0,no
0.042169,0.095238,0.010638,0.066667,0.007937,0.080645,0,0,0,0,0,0,0,no
0.045181,0.095238,0.031915,0.066667,0,0.048387,0.055556,0.125,0,0.010651,0.025862,0.025862,0,no
0.03012,0.047619,0.021277,0.066667,0,0.016129,0,0,0,0,0,0,0,no
0.021084,0,0.010638,0.066667,0,0,0,0,0,0,0,0,0,no
0.03012,0.047619,0.010638,0.066667,0,0.016129,0,0,0,0,0,0,0,no
0.021084,0,0.010638,0.066667,0,0,0,0,0,0,0,0,0,no
0.090361,0.047619,0.053191,0.2,0.015873,0.016129,0,0,0,0,0,0,0,no
0.01506,0.047619,0.010638,0.066667,0,0,0,0,0,0,0,0,0,no
0.03012,0.047619,0.021277,0.133333,0,0.016129,0,0,0,0,0,0,0,no
0.036145,0.047619,0.021277,0.133333,0,0.048387,0,0,0,0,0,0,0,no
0.033133,0.047619,0.010638,0.066667,0.015873,0,0,0,0,0,0,0,0,no
0.081325,0.142857,0.042553,0.266667,0,0.064516,0,0,0,0,0,0,0,no
0.051205,0,0.042553,0.266667,0,0.032258,0,0,0,0,0,0,0,no
0.01506,0.047619,0.010638,0.066667,0.007937,0.016129,0,0,0,0,0,0,0,no
0.03012,0.142857,0.021277,0.066667,0.015873,0.016129,0,0,0,0,0,0,0,no
0.11747,0.047619,0.042553,0.066667,0.007937,0.096774,0,0,0,0,0,0,0,no
0.042169,0.047619,0.031915,0.2,0.007937,0.064516,0,0,0,0,0,0,0,no
0.048193,0.095238,0.031915,0.2,0,0.096774,0,0,0,0,0,0,0,no
0.042169,0,0.021277,0.066667,0,0.016129,0,0,0,0,0,0,0,no
0.021084,0.047619,0.010638,0.066667,0,0,0,0,0,0,0,0,0,no
0.03012,0.095238,0.021277,0.066667,0,0,0,0,0,0,0,0,0,no
0.048193,0.047619,0.010638,0.066667,0,0.016129,0.037037,0.083333,0.017978,0,0.068966,0.068966,0,no
0.033133,0.047619,0.021277,0.066667,0,0.032258,0.037037,0.083333,0.01236,0,0.047414,0.047414,0,no
0.11747,0.333333,0.074468,0.133333,0.007937,0.048387,0.037037,0.083333,0.04382,0,0.168103,0.168103,0,no
0.021084,0.047619,0.010638,0.066667,0,0.032258,0.037037,0.083333,0.007865,0,0.030172,0.030172,0,no
0.03012,0.095238,0.021277,0.133333,0,0.016129,0.037037,0.083333,0.011236,0,0.043103,0.043103,0,no
0.105422,0.095238,0.074468,0.2,0.015873,0.064516,0.037037,0.083333,0.039326,0,0.150862,0.150862,0,no
0.033133,0.095238,0.031915,0.133333,0,0.016129,0.037037,0.083333,0.01236,0,0.047414,0.047414,0,no
0.018072,0.095238,0.010638,0.066667,0,0,0.037037,0.083333,0.006742,0,0.025862,0.025862,0,no
0.036145,0.047619,0.021277,0.133333,0,0.032258,0.037037,0.083333,0.013483,0,0.051724,0.051724,0,no
0.027108,0.047619,0.021277,0.133333,0,0,0.037037,0.083333,0.010112,0,0.038793,0.038793,0,no
0.033133,0.047619,0.010638,0.066667,0,0.048387,0.037037,0.083333,0.01236,0,0.047414,0.047414,0,no
0.021084,0.142857,0.010638,0.066667,0,0.016129,0.037037,0.083333,0.007865,0,0.030172,0.030172,0,no
0.033133,0.047619,0.021277,0.133333,0,0.032258,0.074074,0.125,0.013483,0.001183,0.047414,0.028017,1,no
0.042169,0.190476,0.031915,0.2,0.007937,0.016129,0.037037,0.083333,0.01573,0,0.060345,0.060345,0,no
0.036145,0.095238,0.031915,0.066667,0,0,0.037037,0.083333,0.013483,0,0.051724,0.051724,0,no
0.057229,0.047619,0.042553,0.133333,0.007937,0.048387,0.037037,0.083333,0.021348,0,0.081897,0.081897,0,no
0.126506,0.095238,0.106383,0.466667,0.015873,0.16129,0.037037,0.083333,0.047191,0,0.181034,0.181034,0,no
0.018072,0.095238,0.010638,0.066667,0,0,0.037037,0.083333,0.006742,0,0.025862,0.025862,0,no
0.027108,0.095238,0.010638,0.066667,0,0.048387,0.037037,0.083333,0.010112,0,0.038793,0.038793,0,no
0.027108,0.047619,0.010638,0.066667,0,0.048387,0.037037,0.083333,0.010112,0,0.038793,0.038793,0,no
0.027108,0.047619,0.010638,0.066667,0,0.048387,0.037037,0.083333,0.010112,0,0.038793,0.038793,0,no
0.024096,0,0.010638,0.066667,0,0.016129,0.037037,0.083333,0.008989,0,0.034483,0.034483,0,no
0.018072,0.095238,0.010638,0.066667,0,0,0.037037,0.083333,0.006742,0,0.025862,0.025862,0,yes
0.036145,0.047619,0.021277,0.133333,0,0.048387,0.037037,0.083333,0.013483,0,0.051724,0.051724,0,no
0.039157,0.047619,0.010638,0.066667,0,0.048387,0.055556,0.083333,0.015169,0.000592,0.056034,0.04023,0,no
0.027108,0.047619,0.021277,0.133333,0,0,0.037037,0.083333,0.010112,0,0.038793,0.038793,0,no
0.039157,0.095238,0.031915,0.2,0,0.032258,0.037037,0.083333,0.014607,0,0.056034,0.056034,0,no
0.033133,0.142857,0.021277,0.133333,0,0.032258,0.055556,0.083333,0.012921,0.000592,0.047414,0.034483,0,no
0.042169,0.047619,0.021277,0.133333,0,0.048387,0.055556,0.125,0.026966,0.005917,0.103448,0.083333,0,no
0.048193,0.047619,0.031915,0.066667,0.007937,0.048387,0.037037,0.083333,0.017978,0,0.068966,0.068966,0,no
0.051205,0.047619,0.021277,0.133333,0,0.080645,0.037037,0.083333,0.019101,0,0.073276,0.073276,0,no
0.033133,0.047619,0.010638,0.066667,0,0.032258,0.037037,0.083333,0.01236,0,0.047414,0.047414,0,no
0.048193,0.095238,0.042553,0.2,0.02381,0,0.037037,0.083333,0.017978,0,0.068966,0.068966,1,no
0.03012,0,0.021277,0.066667,0,0.016129,0.037037,0.083333,0.011236,0,0.043103,0.043103,0,no
0.033133,0.095238,0.010638,0.066667,0.007937,0.064516,0.037037,0.083333,0.01236,0,0.047414,0.047414,0,no
0.018072,0,0.010638,0.066667,0.007937,0,0.037037,0.083333,0.006742,0,0.025862,0.025862,0,no
0.054217,0.095238,0.031915,0.133333,0.015873,0.048387,0.037037,0.083333,0.020225,0,0.077586,0.077586,0,no
0.033133,0.047619,0.010638,0.066667,0,0.032258,0.037037,0.083333,0.01236,0,0.047414,0.047414,0,no
0.033133,0.095238,0.021277,0.133333,0,0.032258,0.037037,0.083333,0.01236,0,0.047414,0.047414,0,no
0.018072,0,0.010638,0.066667,0.007937,0,0.037037,0.083333,0.006742,0,0.025862,0.025862,0,no
0.03012,0.047619,0.021277,0.066667,0,0.032258,0.037037,0.083333,0.011236,0,0.043103,0.043103,0,no
0.054217,0.047619,0.053191,0.266667,0,0.048387,0.037037,0.083333,0.020225,0,0.077586,0.077586,0,no
0.10241,0.095238,0.095745,0.266667,0.031746,0.112903,0.037037,0.083333,0.038202,0,0.146552,0.146552,0,no
0.090361,0.095238,0.074468,0.266667,0,0.145161,0.037037,0.083333,0.033708,0,0.12931,0.12931,0,no
0.024096,0,0.010638,0.066667,0,0.032258,0.037037,0.083333,0.008989,0,0.034483,0.034483,0,no
0.033133,0.095238,0.021277,0.133333,0,0.032258,0.037037,0.083333,0.01236,0,0.047414,0.047414,0,no
0.060241,0,0.042553,0.266667,0,0.096774,0.037037,0.083333,0.022472,0,0.086207,0.086207,0,no
0.027108,0.095238,0.010638,0.133333,0,0.032258,0.037037,0.083333,0.010112,0,0.038793,0.038793,0,no
0.039157,0,0.010638,0.066667,0,0.048387,0.037037,0.083333,0.014607,0,0.056034,0.056034,0,no
0.024096,0.047619,0.010638,0.066667,0,0.016129,0.037037,0.083333,0.008989,0,0.034483,0.034483,0,no
0.033133,0.095238,0.010638,0.066667,0,0.064516,0.037037,0.083333,0.01236,0,0.047414,0.047414,0,no
0.054217,0.047619,0.031915,0.133333,0.007937,0.096774,0.037037,0.083333,0.020225,0,0.077586,0.077586,0,no
0.051205,0.047619,0.031915,0.133333,0.007937,0.080645,0.037037,0.083333,0.019101,0,0.073276,0.073276,0,no
0.036145,0,0.010638,0.066667,0,0,0.037037,0.083333,0.013483,0,0.051724,0.051724,0,no
0.024096,0.047619,0.010638,0.066667,0,0,0.037037,0.083333,0.008989,0,0.034483,0.034483,0,no
0.072289,0,0.021277,0.133333,0,0.112903,0.037037,0.083333,0.026966,0,0.103448,0.103448,0,no
0.021084,0.095238,0.010638,0.066667,0,0,0.037037,0.083333,0.007865,0,0.030172,0.030172,0,no
0.03012,0.190476,0.010638,0.066667,0,0.032258,0.037037,0.083333,0.011236,0,0.043103,0.043103,0,no
0.039157,0.047619,0.021277,0.133333,0,0.016129,0.037037,0.083333,0.014607,0,0.056034,0.056034,0,no
0.033133,0.047619,0.010638,0.066667,0,0.032258,0.055556,0.083333,0.012921,0.000592,0.047414,0.034483,0,no
0.021084,0.047619,0.010638,0.066667,0,0.032258,0.037037,0.083333,0.007865,0,0.030172,0.030172,0,no
0.018072,0.047619,0,0.066667,0,0.016129,0.037037,0.083333,0.006742,0,0.025862,0.025862,0,no
0.039157,0.095238,0.031915,0.2,0.007937,0.048387,0.037037,0.083333,0.014607,0,0.056034,0.056034,0,no
0.036145,0.095238,0.031915,0.2,0.007937,0.032258,0.037037,0.083333,0.013483,0,0.051724,0.051724,0,no
0.021084,0.047619,0.010638,0.066667,0,0,0.037037,0.083333,0.007865,0,0.030172,0.030172,0,no
0.048193,0,0.042553,0.133333,0.007937,0.032258,0.037037,0.083333,0.017978,0,0.068966,0.068966,0,no
0.027108,0,0.010638,0.066667,0,0,0.037037,0.083333,0.010112,0,0.038793,0.038793,0,no
0.024096,0.095238,0.010638,0.066667,0,0,0.037037,0.083333,0.008989,0,0.034483,0.034483,0,no
0.060241,0.047619,0.042553,0.2,0.015873,0.032258,0,0,0,0,0,0,0,no
0.039157,0.047619,0.031915,0.133333,0,0.064516,0,0,0,0,0,0,0,no
0.024096,0,0.010638,0.066667,0,0.032258,0,0,0,0,0,0,0,no
0.021084,0.047619,0.010638,0.066667,0.02381,0.016129,0,0,0,0,0,0,0,no
0.03012,0.047619,0.021277,0.066667,0,0.032258,0,0,0,0,0,0,0,no
0.033133,0,0.021277,0.133333,0,0.032258,0,0,0,0,0,0,0,no
0.03012,0.047619,0.021277,0.133333,0,0.048387,0,0,0,0,0,0,0,no
0.018072,0,0.010638,0.066667,0.015873,0.016129,0,0,0,0,0,0,0,no
0.024096,0.047619,0.021277,0.133333,0.007937,0.032258,0,0,0,0,0,0,0,no
0.018072,0,0.010638,0.066667,0.007937,0.016129,0,0,0,0,0,0,0,no
0.018072,0.047619,0.010638,0.066667,0.007937,0.016129,0,0,0,0,0,0,0,no
0.033133,0.047619,0.021277,0.066667,0,0.016129,0,0,0,0,0,0,0,no
0.018072,0.047619,0.010638,0.066667,0.007937,0.016129,0,0,0,0,0,0,0,no
0.021084,0,0.010638,0.066667,0,0.016129,0,0,0,0,0,0,0,no
0.027108,0.047619,0.010638,0.066667,0,0,0,0,0,0,0,0,0,no
0.033133,0,0.021277,0.133333,0,0,0,0,0,0,0,0,0,no
0.024096,0.047619,0.021277,0.133333,0,0,0,0,0,0,0,0,0,no
0.042169,0.047619,0.021277,0.133333,0,0.016129,0,0,0,0,0,0,0,no
0.03012,0.047619,0.021277,0.066667,0,0.016129,0,0,0,0,0,0,0,no
0.054217,0.047619,0.021277,0.066667,0.015873,0.112903,0,0,0,0,0,0,0,no
0.018072,0.047619,0.010638,0.066667,0.007937,0.016129,0,0,0,0,0,0,0,no
0.03012,0.047619,0.021277,0.066667,0.015873,0.048387,0,0,0,0,0,0,0,no
0.024096,0.047619,0.010638,0.066667,0.007937,0.032258,0,0,0,0,0,0,0,no
0.03012,0.047619,0.021277,0.066667,0.015873,0.048387,0,0,0,0,0,0,0,no
0.042169,0.047619,0.031915,0.066667,0.015873,0.080645,0,0,0,0,0,0,0,no
0.018072,0.047619,0.010638,0.066667,0,0.016129,0,0,0,0,0,0,0,no
0.03012,0.095238,0.021277,0.066667,0.015873,0.032258,0,0,0,0,0,0,0,no
0.048193,0.095238,0.021277,0.066667,0.007937,0.064516,0,0,0,0,0,0,0,no
0.03012,0.095238,0.021277,0.066667,0.007937,0.016129,0,0,0,0,0,0,0,no
0.03012,0.095238,0.010638,0.066667,0,0.032258,0,0,0,0,0,0,0,no
0.018072,0.095238,0.010638,0.066667,0.007937,0.016129,0,0,0,0,0,0,0,no
0.069277,0.095238,0.053191,0.066667,0.007937,0.080645,0,0,0,0,0,0,0,no
0.054217,0.047619,0.042553,0.2,0,0.032258,0,0,0,0,0,0,0,no
0.111446,0.095238,0.06383,0.133333,0.031746,0.016129,0,0,0,0,0,0,0,no
0.096386,0,0.074468,0.4,0,0.096774,0.037037,0.083333,0.035955,0,0.137931,0.137931,0,no
0.045181,0.095238,0.031915,0.133333,0,0.048387,0,0,0,0,0,0,0,no
0.027108,0.095238,0.010638,0.066667,0,0.016129,0.037037,0.083333,0.001124,0.001183,0.008621,0.008621,0,no
0.120482,0.095238,0.085106,0.266667,0.007937,0.177419,0.037037,0.083333,0.005618,0,0.021552,0.021552,0,no
0.039157,0.142857,0.031915,0.133333,0.007937,0.032258,0.037037,0.083333,0.014607,0,0.056034,0.056034,0,no
0.063253,0.095238,0.06383,0.266667,0,0.064516,0.037037,0.083333,0.023596,0,0.090517,0.090517,0,no
0.03012,0.095238,0.021277,0.066667,0,0,0.037037,0.083333,0.001124,0.001183,0.008621,0.008621,0,no
0.045181,0.095238,0.031915,0.066667,0,0.032258,0.037037,0.083333,0.001124,0,0.00431,0.00431,0,no
0.042169,0.095238,0.031915,0.133333,0,0.016129,0.037037,0.083333,0.001124,0.001183,0.008621,0.008621,0,no
0.036145,0.095238,0.031915,0.133333,0.007937,0.016129,0,0,0,0,0,0,0,no
0.060241,0.095238,0.074468,0.333333,0,0.032258,0.037037,0.083333,0.001124,0.001183,0.008621,0.008621,0,no
0.048193,0.142857,0.042553,0.2,0.007937,0.048387,0.037037,0.083333,0.001124,0.001183,0.008621,0.008621,0,no
0.021084,0.095238,0.010638,0.066667,0,0,0,0,0,0,0,0,0,no
0.072289,0.190476,0.06383,0.2,0.015873,0.080645,0.037037,0.083333,0.001124,0.001183,0.008621,0.008621,0,no
0.021084,0.095238,0.010638,0.066667,0,0,0,0,0,0,0,0,0,no
0.042169,0.095238,0.031915,0.066667,0,0,0.037037,0.083333,0.001124,0.001183,0.008621,0.008621,0,no
0.039157,0.095238,0.031915,0.133333,0,0.032258,0.037037,0.083333,0.001124,0.001183,0.008621,0.008621,0,no
0.01506,0.095238,0.010638,0.066667,0,0,0,0,0,0,0,0,0,no
0.027108,0.095238,0.021277,0.066667,0.02381,0,0,0,0,0,0,0,0,no
0.051205,0.142857,0.053191,0.2,0,0,0,0,0,0,0,0,0,no
0.036145,0.095238,0.031915,0.133333,0.007937,0.016129,0,0,0,0,0,0,0,no
0.027108,0.142857,0.021277,0.066667,0,0,0,0,0,0,0,0,0,no
0.018072,0.095238,0.010638,0.066667,0,0,0,0,0,0,0,0,0,no
0.018072,0.047619,0.010638,0.066667,0.007937,0,0,0,0,0,0,0,0,no
0.024096,0.095238,0.021277,0.133333,0,0,0,0,0,0,0,0,0,no
0.045181,0.095238,0.031915,0.066667,0,0.016129,0.037037,0.083333,0.001124,0,0.00431,0.00431,0,no
0.051205,0.095238,0.031915,0.133333,0,0,0,0,0,0,0,0,0,no
0.063253,0.095238,0.053191,0.133333,0.007937,0.016129,0,0,0,0,0,0,0,no
0.069277,0.142857,0.042553,0.133333,0,0.016129,0,0,0,0,0,0,0,no
0.048193,0.142857,0.053191,0.133333,0.007937,0.016129,0,0,0,0,0,0,0,no
0.051205,0.142857,0.042553,0.133333,0,0.016129,0,0,0,0,0,0,0,no
0.036145,0.142857,0.031915,0.133333,0,0,0,0,0,0,0,0,0,no
0.039157,0.047619,0.031915,0.2,0,0.016129,0,0,0,0,0,0,0,no
0.01506,0.047619,0.010638,0.066667,0,0,0,0,0,0,0,0,0,no
0.024096,0.047619,0.021277,0.133333,0,0,0,0,0,0,0,0,0,no
0.054217,0.095238,0.021277,0.066667,0,0,0.055556,0.083333,0.030337,0,0.077586,0.077586,0,no
0.096386,0,0.031915,0.2,0,0.112903,0.055556,0.083333,0.053933,0,0.137931,0.137931,0,no
0.10241,0,0.053191,0.266667,0.007937,0.112903,0.055556,0.083333,0.057303,0,0.146552,0.146552,0,no
0.042169,0,0.042553,0.266667,0,0.032258,0.055556,0.083333,0.023596,0,0.060345,0.060345,0,no
0.024096,0,0.010638,0.066667,0,0.016129,0.055556,0.083333,0.013483,0,0.034483,0.034483,0,no
0.018072,0,0.010638,0.066667,0,0,0.055556,0.083333,0.010112,0,0.025862,0.025862,0,no
0.018072,0,0.010638,0.066667,0,0,0.055556,0.083333,0.010112,0,0.025862,0.025862,0,no
0.039157,0,0.021277,0.133333,0,0.016129,0.055556,0.083333,0.02191,0,0.056034,0.056034,0,no
0.03012,0.047619,0.031915,0.133333,0,0.032258,0.037037,0.041667,0.002247,0,0.008621,0.008621,1,no
0.042169,0.047619,0.031915,0.2,0.007937,0.016129,0.037037,0.041667,0.01236,0,0.047414,0.047414,1,no
0.039157,0,0.031915,0.133333,0.007937,0,0,0,0,0,0,0,0,no
0.045181,0,0.010638,0.066667,0.007937,0.016129,0.074074,0.125,0.001124,0.002367,0.008621,0.006466,1,no
0.033133,0,0.021277,0.133333,0,0,0,0,0,0,0,0,0,no
0.03012,0,0.010638,0.066667,0.007937,0.016129,0.037037,0.041667,0.011236,0,0.043103,0.043103,0,no
0.036145,0.047619,0.074468,0.066667,0.031746,0.016129,0,0,0,0,0,0,0,no
0.039157,0,0.031915,0.133333,0.007937,0,0,0,0,0,0,0,0,no
0.03012,0,0.021277,0.133333,0,0.032258,0,0,0,0,0,0,0,no
0.036145,0,0.021277,0.133333,0.007937,0.016129,0.037037,0.083333,0.001124,0.001183,0.008621,0.008621,1,no
0.036145,0,0.021277,0.133333,0,0,0.037037,0.041667,0.013483,0,0.051724,0.051724,0,no
0.024096,0.095238,0.010638,0.066667,0,0.016129,0,0,0,0,0,0,0,no
0.039157,0.047619,0.031915,0.2,0.007937,0.016129,0.055556,0.083333,0.02191,0,0.056034,0.056034,0,no
0.045181,0.047619,0.031915,0.133333,0,0.016129,0.12963,0.208333,0.00618,0.002959,0.012931,0.009852,1,no
0.027108,0.047619,0.010638,0.066667,0,0,0.055556,0.083333,0.001685,0.001775,0.008621,0.008621,0,no
0.027108,0.047619,0.010638,0.066667,0,0.048387,0,0,0,0,0,0,0,no
0.01506,0.047619,0.010638,0.066667,0,0,0,0,0,0,0,0,0,no
0.042169,0.047619,0.031915,0.133333,0,0.032258,0.037037,0.083333,0.003371,0,0.012931,0.012931,1,no
0.021084,0.095238,0.010638,0.066667,0,0.016129,0,0,0,0,0,0,0,no
0.063253,0.047619,0.031915,0.2,0,0.064516,0,0,0,0,0,0,0,no
0.01506,0.047619,0.010638,0.066667,0,0,0,0,0,0,0,0,0,no
0.027108,0.047619,0.010638,0.066667,0.007937,0,0,0,0,0,0,0,0,no
0.01506,0,0.010638,0.066667,0,0,0,0,0,0,0,0,0,no
0.027108,0.095238,0.021277,0.133333,0,0.032258,0,0,0,0,0,0,0,no
0.027108,0.047619,0.021277,0.133333,0,0.032258,0,0,0,0,0,0,0,no
0.048193,0.142857,0.042553,0.266667,0.007937,0.064516,0,0,0,0,0,0,0,no
0.090361,0,0.031915,0.133333,0.007937,0.080645,0,0,0,0,0,0,0,no
0.093373,0.047619,0.053191,0.333333,0.007937,0.080645,0,0,0,0,0,0,0,no
0.018072,0,0.010638,0.066667,0,0,0,0,0,0,0,0,0,no
0.027108,0.142857,0.010638,0.066667,0,0,0.055556,0.083333,0.015169,0,0.038793,0.038793,0,no
0.048193,0,0.042553,0.266667,0,0.032258,0.055556,0.083333,0.026966,0,0.068966,0.068966,0,no
0.069277,0.095238,0.021277,0.2,0,0.016129,0.055556,0.083333,0.038764,0,0.099138,0.099138,0,no
0.060241,0.047619,0.031915,0.266667,0,0.016129,0.055556,0.083333,0.033708,0,0.086207,0.086207,0,no
0.039157,0.047619,0.021277,0.133333,0,0.016129,0.055556,0.083333,0.02191,0,0.056034,0.056034,0,no
0.054217,0.047619,0.021277,0.2,0,0.032258,0.055556,0.083333,0.030337,0,0.077586,0.077586,0,no
0.024096,0.047619,0.010638,0.066667,0,0,0.055556,0.083333,0.013483,0,0.034483,0.034483,0,no
0.024096,0,0.010638,0.066667,0,0.016129,0.055556,0.083333,0.013483,0,0.034483,0.034483,0,no
0.03012,0.047619,0,0.066667,0,0,0.055556,0.083333,0.016854,0,0.043103,0.043103,0,no
0.084337,0,0.042553,0.2,0,0.048387,0.055556,0.083333,0.047191,0,0.12069,0.12069,0,no
0.03012,0,0,0.066667,0,0,0.055556,0.083333,0.016854,0,0.043103,0.043103,0,no
0.114458,0,0.031915,0.2,0,0.016129,0.055556,0.083333,0.064045,0,0.163793,0.163793,0,no
0.027108,0,0.010638,0.066667,0,0,0.055556,0.083333,0.015169,0,0.038793,0.038793,0,no
0.171687,0,0.06383,0.133333,0,0.080645,0.055556,0.083333,0.096067,0,0.24569,0.24569,0,no
0.024096,0.047619,0.010638,0.066667,0,0,0.055556,0.083333,0.013483,0,0.034483,0.034483,0,no
0.027108,0,0,0.066667,0,0,0.055556,0.083333,0.015169,0,0.038793,0.038793,0,no
0.057229,0,0.042553,0.133333,0,0.016129,0.055556,0.083333,0.032022,0,0.081897,0.081897,0,no
0.021084,0,0.010638,0.066667,0,0,0.055556,0.083333,0.011798,0,0.030172,0.030172,0,no
0.021084,0,0.010638,0.066667,0,0,0.055556,0.083333,0.011798,0,0.030172,0.030172,0,no
0.027108,0.047619,0,0.066667,0,0,0.055556,0.083333,0.015169,0,0.038793,0.038793,0,no
0.060241,0.142857,0.031915,0.2,0,0,0.055556,0.083333,0.033708,0,0.086207,0.086207,0,no
0.01506,0,0.010638,0.066667,0,0,0.055556,0.083333,0.008427,0,0.021552,0.021552,0,no
0.021084,0,0.010638,0.066667,0,0.032258,0.055556,0.083333,0.011798,0,0.030172,0.030172,0,no
0.03012,0.238095,0.010638,0.066667,0,0.032258,0.037037,0.083333,0.011236,0,0.043103,0.043103,0,no
0.042169,0.095238,0.031915,0.133333,0,0.016129,0.037037,0.083333,0.01573,0,0.060345,0.060345,0,no
0.039157,0.142857,0.031915,0.2,0,0.048387,0.037037,0.083333,0.014607,0,0.056034,0.056034,0,no
0.039157,0.142857,0.021277,0.133333,0,0.016129,0.037037,0.083333,0.014607,0,0.056034,0.056034,0,no
0.036145,0.142857,0.021277,0.133333,0,0.016129,0.037037,0.083333,0.013483,0,0.051724,0.051724,0,no
0.054217,0.142857,0.042553,0.2,0.015873,0.016129,0.037037,0.083333,0.020225,0,0.077586,0.077586,0,no
0.075301,0.142857,0.053191,0.2,0.007937,0.080645,0.037037,0.083333,0.02809,0,0.107759,0.107759,0,no
0.036145,0.142857,0.031915,0.133333,0,0.032258,0.037037,0.083333,0.013483,0,0.051724,0.051724,0,no
0.060241,0.285714,0.021277,0.066667,0.007937,0.032258,0.037037,0.083333,0.022472,0,0.086207,0.086207,0,no
0.051205,0.142857,0.042553,0.133333,0.015873,0.032258,0.037037,0.083333,0.019101,0,0.073276,0.073276,0,no
0.024096,0.047619,0.010638,0.066667,0,0.032258,0.037037,0.083333,0.008989,0,0.034483,0.034483,0,no
0.024096,0.142857,0.010638,0.066667,0,0.016129,0.037037,0.083333,0.008989,0,0.034483,0.034483,0,no
0.021084,0.095238,0.010638,0.066667,0,0,0.037037,0.083333,0.007865,0,0.030172,0.030172,0,no
0.03012,0.047619,0.021277,0.133333,0.007937,0.048387,0.037037,0.083333,0.011236,0,0.043103,0.043103,0,no
0.036145,0.047619,0.021277,0.133333,0,0.048387,0.037037,0.083333,0.013483,0,0.051724,0.051724,0,no
0.018072,0.095238,0.010638,0.066667,0.007937,0.016129,0.037037,0.083333,0.006742,0,0.025862,0.025862,0,no
0.018072,0,0.010638,0.066667,0.007937,0,0,0,0,0,0,0,0,no
0.018072,0.047619,0.010638,0.066667,0,0.032258,0,0,0,0,0,0,0,no
0.01506,0.047619,0.010638,0.066667,0,0,0,0,0,0,0,0,0,no
0.024096,0,0.010638,0.066667,0,0.016129,0.037037,0.083333,0.001124,0.001183,0.008621,0.008621,0,no
0.063253,0.142857,0.021277,0.133333,0.015873,0.064516,0.055556,0.083333,0.001685,0.001775,0.008621,0.008621,0,no
0.018072,0.047619,0.010638,0.066667,0.007937,0,0,0,0,0,0,0,0,no
0.018072,0,0.010638,0.066667,0.007937,0,0,0,0,0,0,0,0,no
0.018072,0,0.010638,0.066667,0.007937,0,0,0,0,0,0,0,0,no
0.018072,0,0.010638,0.066667,0.007937,0,0,0,0,0,0,0,0,no
0.018072,0.047619,0.010638,0.066667,0,0.032258,0,0,0,0,0,0,0,no
0.018072,0.047619,0.010638,0.066667,0.007937,0,0,0,0,0,0,0,0,no
0.024096,0,0.010638,0.066667,0,0.016129,0.037037,0.083333,0.001124,0.001183,0.008621,0.008621,0,no
0.018072,0,0.010638,0.066667,0.007937,0,0,0,0,0,0,0,0,no
0.063253,0.142857,0.021277,0.133333,0.015873,0.064516,0.037037,0.083333,0.001124,0.001183,0.008621,0.008621,0,no
0.01506,0.095238,0.010638,0.066667,0.007937,0,0.037037,0.083333,0.005618,0,0.021552,0.021552,0,no
0.01506,0.095238,0.010638,0.066667,0.007937,0,0.037037,0.083333,0.005618,0,0.021552,0.021552,0,no
0.01506,0.047619,0.010638,0.066667,0.007937,0,0.037037,0.083333,0.005618,0,0.021552,0.021552,0,no
0.01506,0.047619,0.010638,0.066667,0.007937,0,0.037037,0.083333,0.005618,0,0.021552,0.021552,0,no
0.018072,0,0.010638,0.066667,0,0,0.037037,0.083333,0.006742,0,0.025862,0.025862,0,no
0.018072,0,0.010638,0.066667,0,0,0.037037,0.083333,0.006742,0,0.025862,0.025862,0,no
0.021084,0.047619,0.010638,0.066667,0,0,0.037037,0.083333,0.007865,0,0.030172,0.030172,0,no
0.018072,0.095238,0.010638,0.066667,0.007937,0.016129,0.037037,0.083333,0.006742,0,0.025862,0.025862,0,no
0.018072,0,0.010638,0.066667,0,0,0.037037,0.083333,0.006742,0,0.025862,0.025862,0,no
0.027108,0,0.010638,0.066667,0.007937,0.048387,0.037037,0.083333,0.010112,0,0.038793,0.038793,0,no
0.033133,0.047619,0.031915,0.2,0,0,0.037037,0.083333,0.01236,0,0.047414,0.047414,0,no
0.018072,0.095238,0.010638,0.066667,0.007937,0.016129,0.037037,0.083333,0.006742,0,0.025862,0.025862,0,no
0.01506,0.047619,0.010638,0.066667,0.007937,0,0.037037,0.083333,0.005618,0,0.021552,0.021552,0,no
0.018072,0,0.010638,0.066667,0,0,0.037037,0.083333,0.006742,0,0.025862,0.025862,0,no
0.021084,0.095238,0.010638,0.066667,0.007937,0,0.037037,0.083333,0.007865,0,0.030172,0.030172,0,no
0.01506,0.095238,0.010638,0.066667,0.007937,0,0,0,0,0,0,0,0,no
0.01506,0.095238,0.010638,0.066667,0.007937,0,0,0,0,0,0,0,0,no
0.01506,0.047619,0.010638,0.066667,0.007937,0,0,0,0,0,0,0,0,no
0.01506,0.047619,0.010638,0.066667,0.007937,0,0,0,0,0,0,0,0,no
0.018072,0.047619,0.010638,0.066667,0,0,0,0,0,0,0,0,0,no
0.018072,0.095238,0.010638,0.066667,0.007937,0.016129,0,0,0,0,0,0,0,no
0.01506,0.047619,0.010638,0.066667,0.007937,0,0,0,0,0,0,0,0,no
0.03012,0.047619,0.021277,0.133333,0,0.032258,0,0,0,0,0,0,0,no
0.03012,0.047619,0.021277,0.133333,0,0.032258,0,0,0,0,0,0,0,no
0.027108,0.047619,0.010638,0.066667,0,0.016129,0.037037,0.083333,0.010112,0,0.038793,0.038793,1,no
0.051205,0,0.021277,0.066667,0.007937,0.064516,0.148148,0.166667,0.022472,0.00355,0.073276,0.024784,1,yes
0.045181,0.047619,0.031915,0.066667,0.007937,0.016129,0.092593,0.125,0.017978,0.001183,0.068966,0.02931,1,no
0.039157,0,0.031915,0.2,0,0.048387,0.055556,0.083333,0.014607,0,0.056034,0.037356,1,yes
0.069277,0.047619,0.042553,0.2,0.007937,0.145161,0.037037,0.083333,0.025843,0,0.099138,0.099138,0,no
0.057229,0.047619,0.010638,0.133333,0.007937,0.112903,0.12963,0.208333,0.054494,0.001183,0.081897,0.060961,1,no
0.033133,0.047619,0.010638,0.066667,0,0.016129,0.092593,0.166667,0.030899,0,0.047414,0.047414,1,no
0.021084,0.047619,0.010638,0.066667,0,0.032258,0.092593,0.166667,0.019663,0,0.030172,0.030172,1,no
0.093373,0.047619,0.06383,0.2,0.015873,0.096774,0.092593,0.166667,0.087079,0,0.133621,0.133621,1,no
0.096386,0.047619,0.095745,0.066667,0,0.032258,0.092593,0.166667,0.089888,0,0.137931,0.137931,1,no
0.036145,0.047619,0.010638,0.133333,0,0.064516,0.092593,0.166667,0.033708,0,0.051724,0.051724,1,no
0.111446,0.047619,0.06383,0.133333,0,0.129032,0.092593,0.166667,0.103933,0,0.159483,0.159483,1,no
0.063253,0.047619,0.010638,0.066667,0.007937,0.112903,0.092593,0.166667,0.058989,0,0.090517,0.090517,1,no
0.039157,0.047619,0.010638,0.133333,0,0.064516,0.092593,0.166667,0.036517,0,0.056034,0.056034,1,no
0.018072,0.047619,0.010638,0.066667,0,0.016129,0.092593,0.166667,0.047753,0,0.073276,0.073276,1,no
0.078313,0.047619,0.06383,0.2,0.015873,0.096774,0.092593,0.166667,0.047753,0,0.073276,0.073276,1,no
0.039157,0.047619,0.010638,0.066667,0.007937,0.064516,0.092593,0.166667,0.047753,0,0.073276,0.073276,1,no
0.051205,0.047619,0.042553,0.133333,0,0.032258,0.092593,0.166667,0.047753,0,0.073276,0.073276,1,no
0.03012,0.095238,0.010638,0.066667,0,0.064516,0.092593,0.166667,0.02809,0,0.043103,0.043103,1,no
0.021084,0.047619,0.010638,0.066667,0,0.032258,0.092593,0.166667,0.019663,0,0.030172,0.030172,1,no
0.027108,0.095238,0.010638,0.066667,0,0,0.092593,0.166667,0.025281,0,0.038793,0.038793,1,no
0.03012,0.095238,0,0.066667,0,0.016129,0.092593,0.166667,0.02809,0,0.043103,0.043103,1,no
0.01506,0.047619,0,0.066667,0,0.016129,0.092593,0.166667,0.011236,0,0.017241,0.017241,1,no
0.021084,0.095238,0.010638,0.066667,0,0,0.166667,0.208333,0.035393,0,0.030172,0.030172,0,no
0.021084,0.095238,0.010638,0.066667,0,0,0.148148,0.291667,0.031461,0,0.030172,0.030172,1,no
0.13253,0.047619,0.106383,0.2,0.031746,0.258065,0.333333,0.291667,0.22191,0.001183,0.189655,0.095067,1,no
0.03012,0.047619,0.010638,0.066667,0,0.064516,0.240741,0.291667,0.027528,0.002367,0.021552,0.017573,0,no
0.120482,0.047619,0.053191,0.133333,0,0.193548,0.12963,0.208333,0.113483,0.001183,0.172414,0.125616,1,no
0.036145,0.047619,0.021277,0.133333,0,0.080645,0.092593,0.166667,0.033708,0,0.051724,0.051724,1,no
0.057229,0.047619,0.021277,0.066667,0,0.096774,0.037037,0.083333,0.021348,0,0.081897,0.081897,0,no
0.033133,0.095238,0.010638,0.066667,0,0.048387,0.092593,0.166667,0.030899,0,0.047414,0.047414,1,no
0.078313,0.047619,0.053191,0.066667,0.007937,0.064516,0.166667,0.25,0.075281,0.002367,0.112069,0.066092,1,no
0.054217,0.047619,0.021277,0.066667,0,0.080645,0.259259,0.291667,0.085393,0.001183,0.068966,0.047414,1,no
0.018072,0.047619,0.010638,0.066667,0,0.016129,0.037037,0.083333,0.006742,0,0.025862,0.025862,0,no
0.021084,0.047619,0,0.066667,0,0.032258,0.277778,0.333333,0.03427,0.017751,0.073276,0.026149,1,yes
0.051205,0.047619,0.021277,0.133333,0,0.032258,0.259259,0.375,0.097753,0.002367,0.073276,0.054803,0,no
0.036145,0.047619,0.021277,0.133333,0,0.032258,0.074074,0.125,0.014607,0.001183,0.051724,0.030172,0,no
0.090361,0.047619,0.053191,0.066667,0,0.112903,0.185185,0.333333,0.135955,0.001183,0.12931,0.105172,1,no
0.072289,0.047619,0.031915,0.066667,0,0.096774,0.185185,0.333333,0.108989,0.001183,0.103448,0.084483,1,no
0.036145,0.047619,0.010638,0.066667,0.007937,0.064516,0.148148,0.291667,0.053933,0,0.051724,0.051724,1,no
0.084337,0.047619,0.042553,0.066667,0,0.129032,0.185185,0.333333,0.126966,0.001183,0.12069,0.098276,1,no
0.024096,0.047619,0.010638,0.066667,0,0.016129,0.037037,0.083333,0.008989,0,0.034483,0.034483,0,no
0.069277,0.047619,0.021277,0.133333,0,0.096774,0.148148,0.291667,0.103371,0,0.099138,0.099138,1,no
0.066265,0.047619,0.042553,0.133333,0.015873,0.112903,0.185185,0.291667,0.123596,0,0.094828,0.094828,0,no
0.039157,0.190476,0.021277,0.133333,0,0.032258,0.055556,0.125,0.02191,0,0.056034,0.056034,0,no
0.072289,0.095238,0.042553,0.2,0,0.080645,0.055556,0.125,0.040449,0,0.103448,0.103448,0,no
0.01506,0.52381,0.010638,0.066667,0,0,0.12963,0.291667,0.019663,0,0.021552,0.021552,0,no
0.045181,0.095238,0.021277,0.066667,0,0.016129,0.12963,0.291667,0.058989,0,0.064655,0.064655,0,no
0.039157,0.142857,0.010638,0.066667,0,0.032258,0.166667,0.375,0.052247,0.001183,0.056034,0.045498,0,no
0.069277,0.47619,0.031915,0.133333,0,0.032258,0.148148,0.291667,0.091011,0.000592,0.103448,0.087823,0,no
0.051205,0.095238,0.031915,0.2,0,0.080645,0.12963,0.291667,0.066854,0,0.073276,0.073276,0,no
0.024096,0.047619,0.021277,0.133333,0,0.016129,0.12963,0.291667,0.031461,0,0.034483,0.034483,0,no
0.021084,0.190476,0.010638,0.066667,0,0.016129,0.12963,0.291667,0.027528,0,0.030172,0.030172,0,no
0.021084,0.095238,0.010638,0.066667,0,0.032258,0.12963,0.291667,0.027528,0,0.030172,0.030172,0,no
0.069277,0.095238,0.042553,0.133333,0.007937,0.129032,0.037037,0.083333,0.025843,0,0.099138,0.099138,0,no
0.11747,0.047619,0.085106,0.133333,0,0.096774,0.037037,0.083333,0.04382,0,0.168103,0.168103,0,no
0.177711,0.142857,0.148936,0.466667,0.015873,0.306452,0.037037,0.083333,0.066292,0,0.25431,0.25431,0,no
0.033133,0,0.010638,0.066667,0,0.064516,0.074074,0.166667,0.024719,0,0.047414,0.047414,1,no
0.033133,0.047619,0.021277,0.133333,0,0.016129,0.092593,0.166667,0.030899,0,0.047414,0.047414,1,no
0.051205,0.047619,0.010638,0.066667,0,0.048387,0.12963,0.208333,0.030337,0,0.051724,0.033251,1,no
0.105422,0.095238,0.042553,0.133333,0,0.112903,0.111111,0.208333,0.079213,0,0.150862,0.101293,1,no
0.120482,0.190476,0.085106,0.2,0,0.145161,0.203704,0.291667,0.094944,0,0.150862,0.066223,1,no
0.066265,0.095238,0.042553,0.266667,0.015873,0.096774,0.148148,0.25,0.051124,0.001183,0.094828,0.050108,1,no
0.021084,0.047619,0.010638,0.066667,0.015873,0.032258,0.092593,0.166667,0.009551,0.001775,0.030172,0.017241,0,no
0.25,0.047619,0.138298,0.266667,0.007937,0.16129,0.092593,0.125,0.001685,0.002959,0.008621,0.006897,0,no
0.093373,0.142857,0.053191,0.066667,0,0.112903,0.037037,0.083333,0.001124,0.001183,0.008621,0.008621,0,no
0.021084,0.095238,0.010638,0.066667,0,0.032258,0,0,0,0,0,0,0,no
0.021084,0,0.010638,0.066667,0,0.032258,0,0,0,0,0,0,0,no
0.027108,0,0.021277,0.133333,0,0.032258,0,0,0,0,0,0,0,no
0.129518,0,0.117021,0.133333,0,0.032258,0,0,0,0,0,0,0,no
0.024096,0.047619,0.021277,0.133333,0,0.016129,0,0,0,0,0,0,0,no
0.033133,0,0.031915,0.2,0,0.032258,0,0,0,0,0,0,0,no
0.03012,0.047619,0.021277,0.133333,0,0.032258,0,0,0,0,0,0,0,no
0.066265,0.047619,0.021277,0.066667,0.007937,0.096774,0.037037,0.083333,0.024719,0,0.094828,0.094828,0,no
0.021084,0,0.010638,0.066667,0,0,0,0,0,0,0,0,0,no
0.048193,0.142857,0.031915,0.133333,0,0.032258,0.037037,0.083333,0.001124,0.001183,0.008621,0.008621,0,no
0.027108,0.190476,0.010638,0.066667,0,0.016129,0.037037,0.083333,0.010112,0,0.038793,0.038793,0,no
0.021084,0.190476,0.010638,0.066667,0,0,0.037037,0.083333,0.001124,0.001183,0.008621,0.008621,0,no
0.027108,0.238095,0.010638,0.066667,0,0.016129,0.037037,0.083333,0.010112,0,0.038793,0.038793,0,no
0.036145,0.047619,0.021277,0.133333,0.007937,0.032258,0,0,0,0,0,0,0,no
0.039157,0.095238,0,0.066667,0,0.080645,0.037037,0.083333,0.014607,0,0.056034,0.056034,0,no
0.018072,0.047619,0.010638,0.066667,0,0,0,0,0,0,0,0,0,no
0.024096,0.047619,0.010638,0.066667,0,0,0,0,0,0,0,0,0,no
0.021084,0.047619,0.010638,0.066667,0,0,0,0,0,0,0,0,0,no
0.039157,0.047619,0.021277,0.066667,0,0.016129,0,0,0,0,0,0,0,no
0.021084,0.047619,0.010638,0.066667,0,0,0,0,0,0,0,0,0,no
0.054217,0,0.053191,0.333333,0.007937,0.032258,0,0,0,0,0,0,0,no
0.033133,0.047619,0.010638,0.066667,0.015873,0.016129,0,0,0,0,0,0,0,no
0.093373,0.047619,0.06383,0.2,0,0.193548,0,0,0,0,0,0,0,no
0.045181,0.142857,0.031915,0.066667,0,0.048387,0,0,0,0,0,0,0,no
0.189759,0.142857,0.12766,0.133333,0.015873,0.241935,0,0,0,0,0,0,0,no
0.051205,0.047619,0.021277,0.066667,0,0.096774,0,0,0,0,0,0,0,no
0.036145,0.047619,0.021277,0.133333,0.007937,0.048387,0,0,0,0,0,0,0,no
0.024096,0.095238,0.010638,0.066667,0,0.016129,0,0,0,0,0,0,0,no
0.060241,0.095238,0.042553,0.2,0,0.048387,0,0,0,0,0,0,0,no
0.036145,0.142857,0.031915,0.2,0,0.048387,0,0,0,0,0,0,0,no
0.018072,0.047619,0.010638,0.066667,0,0,0,0,0,0,0,0,0,no
0.078313,0.095238,0.042553,0.133333,0,0.145161,0.037037,0.083333,0.001124,0.001183,0.008621,0.008621,0,no
0.039157,0.142857,0.021277,0.133333,0.007937,0.016129,0,0,0,0,0,0,0,no
0.021084,0.095238,0.010638,0.066667,0,0.016129,0,0,0,0,0,0,0,no
0.01506,0.047619,0,0.066667,0,0.016129,0,0,0,0,0,0,0,no
0.021084,0.095238,0.010638,0.066667,0,0.016129,0,0,0,0,0,0,0,no
0.021084,0.095238,0.010638,0.066667,0,0.016129,0,0,0,0,0,0,0,no
0.120482,0.190476,0.095745,0.266667,0,0.112903,0,0,0,0,0,0,0,no
0.111446,0.190476,0.085106,0.2,0,0.129032,0,0,0,0,0,0,0,no
0.033133,0.047619,0.021277,0.133333,0,0.032258,0,0,0,0,0,0,0,no
0.039157,0.047619,0.021277,0.133333,0,0.064516,0,0,0,0,0,0,0,no
0.057229,0.095238,0.031915,0.133333,0.007937,0.080645,0,0,0,0,0,0,0,no
0.096386,0.238095,0.085106,0.2,0,0.064516,0.037037,0.083333,0.003371,0,0.012931,0.012931,0,no
0.024096,0.095238,0.021277,0.133333,0.007937,0.016129,0,0,0,0,0,0,0,no
0.084337,0,0.06383,0.266667,0.015873,0.048387,0,0,0,0,0,0,0,no
0.03012,0.047619,0.021277,0.133333,0,0.016129,0,0,0,0,0,0,0,no
0.060241,0.095238,0.021277,0.133333,0,0.016129,0.074074,0.125,0.002247,0.002367,0.008621,0.008621,0,no
0.048193,0.047619,0.010638,0.066667,0,0,0,0,0,0,0,0,0,no
0.072289,0.047619,0.06383,0.266667,0.007937,0.096774,0,0,0,0,0,0,0,no
0.042169,0.047619,0.031915,0.2,0.007937,0.048387,0,0,0,0,0,0,0,no
0.021084,0.047619,0.010638,0.066667,0,0.016129,0,0,0,0,0,0,0,no
0.018072,0,0.010638,0.066667,0,0,0,0,0,0,0,0,0,no
0.021084,0,0.010638,0.066667,0,0,0,0,0,0,0,0,0,no
0.063253,0,0.042553,0.2,0,0.016129,0,0,0,0,0,0,0,no
0.051205,0,0.031915,0.133333,0,0.032258,0,0,0,0,0,0,0,no
0.03012,0.095238,0.021277,0.133333,0,0.032258,0,0,0,0,0,0,0,no
0.153614,0.047619,0.117021,0.2,0.02381,0.080645,0,0,0,0,0,0,0,no
0.063253,0.047619,0.053191,0.266667,0,0.048387,0,0,0,0,0,0,0,yes
0.081325,0.142857,0.042553,0.2,0.007937,0.016129,0,0,0,0,0,0,0,yes
0.060241,0.095238,0.031915,0.133333,0,0,0,0,0,0,0,0,0,yes
0.033133,0.047619,0.021277,0.133333,0.007937,0,0,0,0,0,0,0,0,no
0.039157,0.095238,0.021277,0.066667,0,0.016129,0,0,0,0,0,0,0,no
0.051205,0.095238,0.021277,0.066667,0,0.048387,0,0,0,0,0,0,0,no
0.042169,0.095238,0.021277,0.066667,0.007937,0.032258,0,0,0,0,0,0,0,no
0.087349,0.047619,0.053191,0.2,0.015873,0.080645,0,0,0,0,0,0,0,no
0.021084,0,0.010638,0.066667,0,0,0,0,0,0,0,0,0,no
0.045181,0.142857,0.021277,0.066667,0,0.016129,0.111111,0.125,0.002247,0.005917,0.012931,0.010057,0,yes
0.072289,0.142857,0.031915,0.2,0.007937,0.032258,0,0,0,0,0,0,0,no
0.01506,0,0.010638,0.066667,0,0,0,0,0,0,0,0,0,no
0.027108,0.095238,0.010638,0.066667,0,0,0,0,0,0,0,0,0,no
0.042169,0.095238,0.021277,0.133333,0,0.016129,0,0,0,0,0,0,0,no
0.03012,0.142857,0.010638,0.066667,0,0,0,0,0,0,0,0,0,no
0.018072,0,0.010638,0.066667,0,0,0,0,0,0,0,0,0,no
0.033133,0,0.021277,0.066667,0,0.016129,0,0,0,0,0,0,0,no
0.018072,0,0.010638,0.066667,0,0,0,0,0,0,0,0,0,no
0.018072,0,0.010638,0.066667,0,0,0,0,0,0,0,0,0,no
0.048193,0,0.031915,0.066667,0,0.016129,0,0,0,0,0,0,0,no
0.063253,0.047619,0.031915,0.133333,0,0.064516,0.037037,0.083333,0.001124,0.001183,0.008621,0.008621,0,no
0.066265,0,0.053191,0.4,0.02381,0.112903,0.055556,0.125,0.037079,0,0.094828,0.094828,0,no
0.024096,0.047619,0.010638,0.066667,0,0.016129,0.055556,0.125,0.013483,0,0.034483,0.034483,0,no
0.039157,0,0.021277,0.133333,0.007937,0.064516,0.055556,0.125,0.02191,0,0.056034,0.056034,0,no
0.051205,0.047619,0.031915,0.066667,0.007937,0.016129,0.092593,0.166667,0.002809,0.002959,0.008621,0.008621,0,no
0.045181,0.047619,0.021277,0.066667,0,0.064516,0.092593,0.166667,0.002809,0.002959,0.008621,0.008621,0,no
0.036145,0.047619,0.021277,0.133333,0,0.032258,0.055556,0.125,0.001685,0.001775,0.008621,0.008621,0,no
0.120482,0.142857,0.095745,0.2,0,0.080645,0.055556,0.125,0.067416,0,0.172414,0.172414,0,no
0.024096,0.095238,0.010638,0.066667,0,0,0,0,0,0,0,0,0,no
0.042169,0,0.031915,0.066667,0,0,0,0,0,0,0,0,0,no
0.042169,0.238095,0.042553,0.133333,0,0.048387,0.037037,0.083333,0.01573,0,0.060345,0.060345,0,no
0.018072,0.047619,0.010638,0.066667,0,0.016129,0,0,0,0,0,0,0,no
0.03012,0.095238,0.021277,0.133333,0,0.032258,0,0,0,0,0,0,0,no
0.033133,0.095238,0.010638,0.066667,0,0.016129,0,0,0,0,0,0,0,no
0.036145,0.095238,0.021277,0.133333,0,0.016129,0,0,0,0,0,0,0,no
0.039157,0.047619,0.010638,0.066667,0.007937,0.048387,0.037037,0.083333,0.001124,0,0.00431,0.00431,0,no
0.033133,0.047619,0.021277,0.066667,0,0.016129,0.037037,0.083333,0.003371,0,0.012931,0.012931,0,no
0.021084,0.095238,0.010638,0.066667,0,0,0,0,0,0,0,0,0,no
0.027108,0.095238,0.010638,0.066667,0,0.016129,0,0,0,0,0,0,0,no
0.03012,0.047619,0.010638,0.066667,0,0.032258,0.055556,0.083333,0.001685,0.001775,0.008621,0.008621,0,no
0.021084,0.047619,0.010638,0.066667,0,0.016129,0.055556,0.083333,0.001685,0.001775,0.008621,0.008621,0,no
0.024096,0.047619,0.010638,0.066667,0.007937,0.016129,0.037037,0.083333,0.001124,0.001183,0.008621,0.008621,0,no
0.039157,0.047619,0.031915,0.133333,0,0.048387,0.055556,0.083333,0.001685,0.001775,0.008621,0.008621,0,no
0.021084,0.095238,0.010638,0.066667,0,0.016129,0.055556,0.083333,0.001685,0.001775,0.008621,0.008621,0,no
0.033133,0.047619,0.031915,0.066667,0,0,0,0,0,0,0,0,0,no
0.054217,0.095238,0.031915,0.066667,0,0.064516,0.018519,0.041667,0.000562,0.000592,0.008621,0.008621,0,no
0.024096,0,0.010638,0.066667,0,0,0,0,0,0,0,0,0,no
0.024096,0,0.010638,0.066667,0,0,0,0,0,0,0,0,0,no
0.054217,0.095238,0.031915,0.066667,0,0.080645,0.018519,0.041667,0.000562,0.000592,0.008621,0.008621,0,no
0.024096,0,0.010638,0.066667,0,0,0,0,0,0,0,0,0,no
0.024096,0,0.010638,0.066667,0,0,0,0,0,0,0,0,0,no
0.039157,0.095238,0.021277,0.066667,0,0.048387,0.055556,0.083333,0.001685,0.001775,0.008621,0.008621,0,no
0.024096,0,0.010638,0.066667,0,0,0,0,0,0,0,0,0,no
0.024096,0,0.010638,0.066667,0,0,0,0,0,0,0,0,0,no
0.177711,0.380952,0.074468,0.066667,0,0,0.018519,0.041667,0.033146,0,0.25431,0.25431,0,no
0.051205,0.047619,0.021277,0.133333,0.007937,0.032258,0.037037,0.083333,0.001124,0,0.00431,0.00431,0,yes
0.01506,0.095238,0.010638,0.066667,0,0,0,0,0,0,0,0,0,no
0.033133,0.095238,0.031915,0.2,0,0.016129,0,0,0,0,0,0,0,no
0.069277,0.142857,0.042553,0.133333,0.007937,0.177419,0.037037,0.083333,0.001124,0.001183,0.008621,0.008621,0,no
0.018072,0,0.010638,0.066667,0,0.016129,0,0,0,0,0,0,0,no
0.024096,0.095238,0.021277,0.133333,0,0,0,0,0,0,0,0,0,no
0.027108,0.047619,0.010638,0.066667,0,0.064516,0,0,0,0,0,0,0,no
0.051205,0.047619,0.021277,0.133333,0.007937,0.048387,0,0,0,0,0,0,0,no
0.042169,0.095238,0.021277,0.133333,0.007937,0.016129,0,0,0,0,0,0,0,no
0.048193,0.047619,0.021277,0.133333,0.007937,0.032258,0.037037,0.083333,0.001124,0.001183,0.008621,0.008621,0,no
0.048193,0,0.021277,0.133333,0.007937,0.016129,0,0,0,0,0,0,0,no
0.042169,0.047619,0.021277,0.133333,0.007937,0.016129,0,0,0,0,0,0,0,no
0.078313,0,0.042553,0.2,0.007937,0.112903,0,0,0,0,0,0,0,no
0.051205,0.047619,0.031915,0.133333,0.007937,0.016129,0,0,0,0,0,0,0,no
0.078313,0.095238,0.053191,0.066667,0,0.209677,0,0,0,0,0,0,0,yes
0.096386,0.190476,0.095745,0.2,0.007937,0.048387,0.037037,0.083333,0.001124,0.001183,0.008621,0.008621,0,no
0.036145,0.095238,0.021277,0.133333,0.02381,0.064516,0,0,0,0,0,0,0,no
0.03012,0.095238,0.010638,0.066667,0,0.064516,0.037037,0.083333,0.001124,0.001183,0.008621,0.008621,0,no
0.033133,0.095238,0.010638,0.066667,0,0.096774,0.018519,0.041667,0,0.000592,0.00431,0.00431,0,no
0.069277,0.095238,0.042553,0.266667,0.007937,0.177419,0.018519,0.041667,0,0.000592,0.00431,0.00431,0,no
0.111446,0.190476,0.042553,0.133333,0,0.306452,0.092593,0.166667,0.001124,0.02071,0.047414,0.031897,0,yes
0.090361,0.095238,0.06383,0.266667,0.007937,0.209677,0,0,0,0,0,0,0,no
0.075301,0.142857,0.042553,0.266667,0,0.193548,0,0,0,0,0,0,0,no
0.057229,0.047619,0.021277,0.133333,0,0.129032,0,0,0,0,0,0,0,no
0.021084,0.047619,0.010638,0.066667,0,0.032258,0.055556,0.125,0,0.019527,0.047414,0.047414,0,no
0.051205,0.190476,0.021277,0.133333,0,0.112903,0,0,0,0,0,0,0,no
0.03012,0.047619,0.021277,0.133333,0,0.048387,0,0,0,0,0,0,0,no
0.087349,0.095238,0.042553,0.2,0,0.274194,0.055556,0.125,0.003371,0,0.008621,0.008621,0,no
0.051205,0.047619,0.031915,0.133333,0.015873,0.048387,0,0,0,0,0,0,0,yes
0.042169,0.047619,0.021277,0.133333,0,0.032258,0.037037,0.083333,0.001124,0.001183,0.008621,0.008621,0,no
0.051205,0.047619,0.021277,0.133333,0.007937,0.032258,0.037037,0.083333,0.001124,0,0.00431,0.00431,0,yes
0.10241,0.190476,0.06383,0.133333,0.015873,0.129032,0.055556,0.083333,0.001685,0.000592,0.008621,0.005747,0,yes
0.03012,0.190476,0.010638,0.066667,0,0,0,0,0,0,0,0,0,no
0.048193,0.047619,0.031915,0.133333,0.007937,0,0,0,0,0,0,0,0,yes
0.069277,0,0.031915,0.133333,0,0.048387,0,0,0,0,0,0,0,no
0.042169,0.095238,0.021277,0.066667,0,0.032258,0,0,0,0,0,0,0,no
0.069277,0.047619,0.042553,0.133333,0.007937,0.032258,0,0,0,0,0,0,0,no
0.066265,0.047619,0.042553,0.133333,0.007937,0.032258,0,0,0,0,0,0,0,no
0.069277,0.047619,0.021277,0.066667,0,0.112903,0,0,0,0,0,0,0,no
0.03012,0.047619,0.021277,0.133333,0.007937,0.032258,0,0,0,0,0,0,0,no
0.045181,0.047619,0.010638,0.066667,0,0.064516,0,0,0,0,0,0,0,no
0.027108,0.047619,0.010638,0.066667,0,0,0.037037,0.083333,0.001124,0.001183,0.008621,0.008621,0,no
0.027108,0.095238,0.021277,0.133333,0,0.032258,0,0,0,0,0,0,0,no
0.051205,0.047619,0.031915,0.133333,0.015873,0.016129,0,0,0,0,0,0,0,no
0.057229,0.047619,0.031915,0.133333,0.015873,0.016129,0,0,0,0,0,0,0,no
0.033133,0.047619,0.021277,0.133333,0.007937,0,0,0,0,0,0,0,0,no
0.033133,0.047619,0.021277,0.133333,0.007937,0,0,0,0,0,0,0,0,no
0.021084,0.047619,0.010638,0.066667,0,0.016129,0,0,0,0,0,0,0,no
0.039157,0,0.021277,0.133333,0.007937,0,0,0,0,0,0,0,0,no
0.201807,0,0.12766,0.2,0.007937,0.370968,0.12963,0.25,0.015169,0.000592,0.030172,0.017241,0,no
0.057229,0.095238,0.010638,0.066667,0,0.032258,0.092593,0.166667,0.002247,0.002959,0.008621,0.007759,0,no
0.21988,0.190476,0.12766,0.266667,0.007937,0.370968,0.037037,0.083333,0.001124,0,0.00431,0.00431,0,yes
0.13253,0.142857,0.085106,0.333333,0.007937,0.290323,0,0,0,0,0,0,0,no
0.027108,0.095238,0.010638,0.066667,0,0.016129,0,0,0,0,0,0,0,no
0.042169,0,0.021277,0.133333,0,0.048387,0,0,0,0,0,0,0,no
0.063253,0.047619,0.031915,0.133333,0.007937,0.064516,0.055556,0.083333,0.001685,0.000592,0.008621,0.005747,0,yes
0.048193,0.095238,0.042553,0.133333,0,0.080645,0.055556,0.125,0.026966,0,0.068966,0.068966,0,no
0.039157,0,0.021277,0.133333,0.007937,0,0,0,0,0,0,0,0,no
0.298193,0.047619,0.191489,0.4,0.02381,0.451613,0.074074,0.166667,0.11236,0.001183,0.426724,0.217672,0,no
0.045181,0.095238,0.021277,0.133333,0,0.064516,0.055556,0.125,0,0.031953,0.077586,0.077586,0,no
0.195783,0.142857,0.106383,0.333333,0.007937,0.467742,0,0,0,0,0,0,0,no
0.048193,0.047619,0.021277,0.133333,0.007937,0.032258,0.055556,0.083333,0.001685,0.000592,0.008621,0.005747,0,yes
0.048193,0.047619,0.021277,0.133333,0.007937,0.048387,0.055556,0.083333,0.001685,0.000592,0.008621,0.005747,0,yes
0.078313,0.047619,0.042553,0.2,0.007937,0.145161,0.092593,0.125,0.002247,0.001775,0.008621,0.006034,0,yes
0.042169,0.047619,0.021277,0.133333,0.007937,0.016129,0,0,0,0,0,0,0,no
0.262048,0.095238,0.202128,0.333333,0.007937,0.322581,0.111111,0.125,0.005618,0.002367,0.012931,0.010057,0,no
0.283133,0.142857,0.159574,0.2,0.007937,0.451613,0.203704,0.25,0.025281,0.001775,0.047414,0.018809,1,yes
0.048193,0.047619,0.021277,0.133333,0.007937,0.032258,0.055556,0.083333,0.001685,0.000592,0.008621,0.005747,0,yes
0.051205,0.047619,0.031915,0.2,0,0.096774,0,0,0,0,0,0,0,no
0.033133,0.095238,0.010638,0.066667,0,0.032258,0.055556,0.083333,0.001685,0.000592,0.008621,0.005747,0,yes
0.033133,0.047619,0.010638,0.066667,0,0,0,0,0,0,0,0,0,no
0.069277,0.095238,0.031915,0.133333,0.007937,0.048387,0.037037,0.083333,0.001124,0,0.00431,0.00431,0,yes
0.292169,0,0.202128,0.266667,0,0.145161,0.037037,0.083333,0.001124,0.001183,0.008621,0.008621,0,yes
0.096386,0.047619,0.06383,0.133333,0.015873,0.048387,0,0,0,0,0,0,0,no
0.039157,0.047619,0.021277,0.133333,0,0,0.037037,0.083333,0.001124,0.001183,0.008621,0.008621,0,no
0.03012,0.047619,0.021277,0.133333,0,0.048387,0.037037,0.083333,0.001124,0.001183,0.008621,0.008621,0,no
0.045181,0.095238,0.031915,0.133333,0.007937,0.032258,0.037037,0.083333,0.001124,0.001183,0.008621,0.008621,0,no
0.021084,0.047619,0.010638,0.066667,0,0.016129,0,0,0,0,0,0,0,no
0.069277,0.095238,0.042553,0.066667,0,0.064516,0.055556,0.125,0.001685,0.001775,0.008621,0.008621,0,no
0.027108,0.095238,0.021277,0.133333,0,0.032258,0,0,0,0,0,0,0,yes
0.021084,0.095238,0.010638,0.066667,0,0.016129,0,0,0,0,0,0,0,no
0.445783,0.047619,0.287234,0.266667,0,0.887097,0.074074,0.166667,0.014607,0,0.051724,0.028017,0,no
0.03012,0.095238,0.010638,0.066667,0,0.064516,0,0,0,0,0,0,0,no
0.066265,0.142857,0.021277,0.066667,0,0.112903,0,0,0,0,0,0,0,yes
0.03012,0.095238,0.010638,0.066667,0,0.064516,0,0,0,0,0,0,0,yes
0.03012,0.095238,0.021277,0.133333,0,0.016129,0,0,0,0,0,0,0,no
0.018072,0.047619,0.010638,0.066667,0,0,0,0,0,0,0,0,0,no
0.111446,0.142857,0.06383,0.133333,0,0.258065,0,0,0,0,0,0,0,no
0.054217,0.095238,0.021277,0.066667,0.015873,0.112903,0.055556,0.125,0.004494,0.000592,0.017241,0.012931,0,no
0.051205,0.095238,0.031915,0.133333,0,0.064516,0.037037,0.083333,0.004494,0,0.017241,0.017241,0,no
0.072289,0.095238,0.053191,0.2,0.007937,0.064516,0.037037,0.083333,0.001124,0,0.00431,0.00431,0,yes
0.093373,0,0.06383,0.266667,0,0.193548,0.12963,0.166667,0.004494,0.002959,0.008621,0.008005,1,yes
0.03012,0.142857,0.021277,0.133333,0,0,0,0,0,0,0,0,0,yes
0.048193,0.047619,0.031915,0.2,0,0.080645,0.018519,0.041667,0.000562,0.000592,0.008621,0.008621,0,no
0.039157,0.047619,0.021277,0.066667,0.015873,0.032258,0.018519,0.041667,0.003371,0,0.025862,0.025862,0,no
0.036145,0,0.021277,0.133333,0,0.096774,0,0,0,0,0,0,0,no
0.033133,0.095238,0.021277,0.133333,0.007937,0,0,0,0,0,0,0,0,no
0.156627,0.095238,0.12766,0.333333,0.007937,0.177419,0.074074,0.125,0.002809,0.000592,0.008621,0.006466,0,yes
0.024096,0.047619,0.010638,0.066667,0,0.016129,0.018519,0.041667,0.000562,0.000592,0.008621,0.008621,0,no
0.024096,0.142857,0.010638,0.066667,0,0.016129,0,0,0,0,0,0,0,no
0.051205,0.095238,0.021277,0.133333,0.007937,0.048387,0.055556,0.083333,0.001685,0.000592,0.008621,0.005747,0,yes
0.078313,0,0.042553,0.133333,0.007937,0.16129,0,0,0,0,0,0,0,no
0.075301,0.238095,0.042553,0.133333,0,0.129032,0.018519,0.041667,0.000562,0.000592,0.008621,0.008621,0,yes
0.057229,0,0.021277,0.133333,0,0.016129,0,0,0,0,0,0,0,no
0.075301,0.238095,0.021277,0.066667,0.007937,0.096774,0.111111,0.25,0.032584,0.000592,0.112069,0.042385,0,no
0.358434,0.238095,0.212766,0.2,0.031746,0.370968,0.185185,0.208333,0.018539,0.002367,0.047414,0.015948,0,yes
0.039157,0.095238,0.031915,0.2,0,0.064516,0,0,0,0,0,0,0,no
0.084337,0.190476,0.053191,0.2,0,0.096774,0,0,0,0,0,0,0,no
0.03012,0.095238,0.021277,0.133333,0.015873,0,0.018519,0.041667,0.005618,0,0.043103,0.043103,0,no
0.021084,0.095238,0.010638,0.066667,0.007937,0,0.018519,0.041667,0.003933,0,0.030172,0.030172,0,no
0.018072,0.095238,0.010638,0.066667,0,0.032258,0,0,0,0,0,0,0,no
0.033133,0.095238,0.021277,0.133333,0.007937,0,0,0,0,0,0,0,0,no
0.060241,0.095238,0.031915,0.133333,0.015873,0.080645,0,0,0,0,0,0,0,no
0.054217,0.095238,0.031915,0.133333,0.015873,0.016129,0,0,0,0,0,0,0,no
0.075301,0.095238,0.042553,0.133333,0.007937,0.048387,0.055556,0.083333,0.001685,0.000592,0.008621,0.005747,0,yes
0.018072,0.047619,0.010638,0.066667,0,0,0,0,0,0,0,0,0,no
0.024096,0.047619,0.010638,0.066667,0.007937,0.032258,0.037037,0.083333,0.001124,0.001183,0.008621,0.008621,0,no
0.018072,0.047619,0.010638,0.066667,0,0.016129,0,0,0,0,0,0,0,no
0.045181,0.142857,0.031915,0.066667,0,0.080645,0.037037,0.083333,0.001124,0.001183,0.008621,0.008621,0,no
0.021084,0.095238,0.010638,0.066667,0,0.032258,0.055556,0.125,0.011798,0,0.030172,0.030172,0,no
0.093373,0.095238,0.053191,0.2,0,0.096774,0.037037,0.083333,0.001124,0.001183,0.008621,0.008621,0,no
0.03012,0.142857,0.021277,0.133333,0,0.064516,0,0,0,0,0,0,0,no
0.021084,0.095238,0.010638,0.066667,0,0.016129,0,0,0,0,0,0,0,no
0.048193,0.095238,0.021277,0.133333,0,0.080645,0.018519,0.041667,0.008989,0,0.068966,0.068966,0,no
0.048193,0.095238,0.021277,0.133333,0,0.080645,0.018519,0.041667,0.008989,0,0.068966,0.068966,0,no
0.036145,0.142857,0.010638,0.066667,0,0.048387,0.018519,0.041667,0.006742,0,0.051724,0.051724,0,no
0.036145,0.142857,0.010638,0.066667,0,0.048387,0.018519,0.041667,0.006742,0,0.051724,0.051724,0,no
0.114458,0.142857,0.053191,0.2,0,0.032258,0.055556,0.125,0.064045,0,0.163793,0.163793,0,no
0.021084,0.047619,0.010638,0.066667,0,0.016129,0.055556,0.125,0.011798,0,0.030172,0.030172,0,no
0.021084,0.047619,0.010638,0.066667,0,0.016129,0.055556,0.125,0.011798,0,0.030172,0.030172,0,no
0.03012,0.047619,0.021277,0.133333,0,0.032258,0.055556,0.125,0.016854,0,0.043103,0.043103,0,no
0.03012,0.047619,0.021277,0.133333,0,0.032258,0.055556,0.125,0.016854,0,0.043103,0.043103,0,no
0.108434,0.52381,0.074468,0.2,0.007937,0.064516,0.092593,0.166667,0.016292,0.001183,0.038793,0.026724,0,no
0.024096,0.047619,0.021277,0.133333,0,0,0,0,0,0,0,0,0,no
0.027108,0.095238,0.010638,0.066667,0,0.048387,0.055556,0.125,0.015169,0,0.038793,0.038793,0,no
0.045181,0,0.010638,0.066667,0.007937,0.016129,0,0,0,0,0,0,0,no
0.063253,0,0.010638,0.066667,0,0.064516,0.055556,0.125,0.005056,0,0.012931,0.012931,0,no
0.027108,0.047619,0.010638,0.066667,0,0.016129,0.037037,0.083333,0.001124,0.001183,0.008621,0.008621,0,no
0.045181,0,0.031915,0.2,0,0.032258,0.055556,0.125,0.025281,0,0.064655,0.064655,0,no
0.024096,0.047619,0.010638,0.066667,0,0.032258,0.037037,0.083333,0.008989,0,0.034483,0.034483,0,no
0.042169,0,0.031915,0.133333,0,0.016129,0.037037,0.083333,0.001124,0.001183,0.008621,0.008621,0,yes
0.03012,0.047619,0.021277,0.133333,0,0.032258,0.037037,0.083333,0.011236,0,0.043103,0.043103,0,no
0.021084,0.047619,0.010638,0.066667,0,0.016129,0.037037,0.083333,0.001124,0.001183,0.008621,0.008621,0,no
0.183735,0.047619,0.117021,0.333333,0,0.112903,0.055556,0.125,0.102809,0,0.262931,0.262931,0,no
0.03012,0.047619,0.010638,0.066667,0,0.032258,0,0,0,0,0,0,0,yes
0.093373,0,0.031915,0.066667,0.015873,0.193548,0.092593,0.166667,0.001124,0.004734,0.008621,0.008621,0,no
0.018072,0.238095,0.010638,0.066667,0,0,0.037037,0.083333,0.001124,0.001183,0.008621,0.008621,0,no
0.120482,0.142857,0.021277,0.066667,0.007937,0.16129,0.055556,0.083333,0.009551,0.000592,0.034483,0.025862,0,no
0.057229,0.190476,0.074468,0.133333,0,0,0,0,0,0,0,0,0,no
0.027108,0.095238,0.021277,0.133333,0.015873,0.032258,0,0,0,0,0,0,0,no
0.060241,0.095238,0.021277,0.066667,0.007937,0.129032,0,0,0,0,0,0,0,no
0.048193,0.095238,0.031915,0.133333,0,0.016129,0.055556,0.125,0.005056,0,0.012931,0.012931,0,no
0.072289,0.095238,0.074468,0.266667,0,0.112903,0,0,0,0,0,0,0,no
0.024096,0.190476,0.010638,0.066667,0,0.016129,0.037037,0.083333,0.008989,0,0.034483,0.034483,0,no
0.018072,0,0.010638,0.066667,0,0,0.037037,0.083333,0.006742,0,0.025862,0.025862,0,no
0.018072,0,0.010638,0.066667,0,0,0.037037,0.083333,0.006742,0,0.025862,0.025862,0,no
0.051205,0,0.042553,0.133333,0,0.064516,0.037037,0.083333,0.019101,0,0.073276,0.073276,0,no
0.111446,0.428571,0.042553,0.133333,0.063492,0,0,0,0,0,0,0,0,no
0.042169,0,0.021277,0.133333,0,0.064516,0,0,0,0,0,0,0,no
0.054217,0,0.021277,0.066667,0,0.064516,0,0,0,0,0,0,0,no
0.033133,0,0.021277,0.133333,0,0.032258,0,0,0,0,0,0,0,no
0.120482,0,0.085106,0.2,0.02381,0.177419,0.037037,0.083333,0.001124,0.001183,0.008621,0.008621,0,no
0.021084,0,0.010638,0.066667,0,0.032258,0,0,0,0,0,0,0,no
0.036145,0,0.021277,0.066667,0.007937,0.048387,0.12963,0.208333,0.003933,0.004142,0.008621,0.008621,0,no
0.024096,0.047619,0.010638,0.066667,0,0.016129,0.055556,0.125,0.013483,0,0.034483,0.034483,0,no
0.054217,0,0.042553,0.133333,0,0.032258,0.037037,0.083333,0.001124,0.001183,0.008621,0.008621,0,no
0.060241,0.095238,0.021277,0.2,0.007937,0.096774,0,0,0,0,0,0,0,no
0.018072,0.095238,0.010638,0.066667,0,0,0.037037,0.083333,0.001124,0.001183,0.008621,0.008621,0,no
0.081325,0.095238,0.053191,0.333333,0,0.129032,0,0,0,0,0,0,0,no
0.021084,0,0.010638,0.066667,0,0.032258,0,0,0,0,0,0,0,no
0.063253,0,0.021277,0.066667,0,0.032258,0.037037,0.083333,0.001124,0.001183,0.008621,0.008621,0,no
0.111446,0.047619,0.074468,0.133333,0,0.209677,0.037037,0.083333,0.001124,0.001183,0.008621,0.008621,0,no
0.01506,0,0.010638,0.066667,0,0,0,0,0,0,0,0,0,no
0.045181,0.142857,0.031915,0.066667,0.007937,0.016129,0.037037,0.083333,0.001124,0.001183,0.008621,0.008621,0,no
0.033133,0,0.010638,0.066667,0,0.016129,0,0,0,0,0,0,0,no
0.120482,0.047619,0.074468,0.2,0,0.096774,0.074074,0.125,0.001124,0.002367,0.008621,0.006466,0,no
0.027108,0,0.021277,0.133333,0,0.016129,0,0,0,0,0,0,0,no
0.057229,0.190476,0.042553,0.2,0.007937,0.096774,0.037037,0.083333,0.001124,0.001183,0.008621,0.008621,1,no
0.024096,0.095238,0.010638,0.066667,0,0.048387,0,0,0,0,0,0,0,no
0.087349,0.047619,0.053191,0.266667,0.015873,0.129032,0,0,0,0,0,0,0,no
0.153614,0.142857,0.148936,0.4,0,0.241935,0.074074,0.166667,0.023596,0,0.064655,0.045259,0,no
0.162651,0,0.117021,0.4,0,0.274194,0,0,0,0,0,0,0,yes
0.123494,0.095238,0.117021,0.266667,0.007937,0.080645,0,0,0,0,0,0,0,no
0.018072,0.52381,0.010638,0.066667,0,0,0.037037,0.083333,0.006742,0,0.025862,0.025862,0,no
0.03012,0.238095,0.010638,0.066667,0,0.064516,0.037037,0.083333,0.001124,0.001183,0.008621,0.008621,0,no
0.051205,0.190476,0.021277,0.066667,0,0.112903,0.037037,0.083333,0.001124,0.001183,0.008621,0.008621,0,no
0.087349,0.428571,0.053191,0.133333,0.007937,0.064516,0.037037,0.083333,0.001124,0.001183,0.008621,0.008621,0,no
0.036145,0.047619,0.031915,0.2,0,0.032258,0,0,0,0,0,0,0,no
0.036145,0.142857,0.010638,0.066667,0.02381,0.016129,0,0,0,0,0,0,0,no
0.072289,0.095238,0.074468,0.333333,0,0.064516,0,0,0,0,0,0,0,no
0.024096,0,0.010638,0.066667,0,0.032258,0,0,0,0,0,0,0,no
0.036145,0.095238,0.021277,0.066667,0,0,0.055556,0.125,0.001685,0,0.00431,0.00431,0,no
0.039157,0.095238,0.021277,0.066667,0.015873,0,0.055556,0.125,0.001685,0,0.00431,0.00431,0,no
0.057229,0.095238,0.031915,0.133333,0.015873,0,0.055556,0.125,0.001685,0,0.00431,0.00431,0,no
0.231928,0.095238,0.148936,0.4,0.031746,0.112903,0.055556,0.125,0.015169,0,0.038793,0.038793,0,no
0.036145,0.095238,0.010638,0.066667,0.02381,0.016129,0,0,0,0,0,0,0,no
0.087349,0.095238,0.053191,0.2,0.047619,0.016129,0.092593,0.208333,0.01573,0,0.047414,0.024138,0,yes
0.069277,0.095238,0.042553,0.133333,0.02381,0.048387,0.055556,0.125,0.001685,0,0.00431,0.00431,0,no
0.033133,0.095238,0.010638,0.066667,0.007937,0.016129,0,0,0,0,0,0,0,no
0.024096,0.095238,0.010638,0.066667,0.007937,0.016129,0,0,0,0,0,0,0,no
0.126506,0,0.095745,0.266667,0.039683,0.096774,0.092593,0.125,0.007303,0.001775,0.021552,0.013793,0,yes
0.078313,0.047619,0.042553,0.133333,0.007937,0.064516,0,0,0,0,0,0,0,no
0.063253,0.095238,0.085106,0.066667,0,0,0,0,0,0,0,0,0,no
0.018072,0.047619,0.010638,0.066667,0,0,0.055556,0.125,0.010112,0,0.025862,0.025862,0,no
0.054217,0.142857,0.021277,0.066667,0,0,0,0,0,0,0,0,0,no
0.033133,0,0.010638,0.066667,0,0.016129,0,0,0,0,0,0,0,no
0.021084,0.047619,0.010638,0.066667,0,0.016129,0,0,0,0,0,0,0,no
0.024096,0,0.010638,0.066667,0.007937,0.016129,0,0,0,0,0,0,0,no
0.042169,0.095238,0.021277,0.133333,0,0.032258,0.018519,0.041667,0.000562,0.000592,0.008621,0.008621,0,no
0.111446,0.142857,0.042553,0.066667,0,0.016129,0.037037,0.083333,0.001124,0.001183,0.008621,0.008621,0,no
0.060241,0,0.031915,0.133333,0.007937,0,0,0,0,0,0,0,0,no
0.027108,0,0.021277,0.066667,0.007937,0,0,0,0,0,0,0,0,no
0.108434,0.095238,0.085106,0.266667,0,0.096774,0.037037,0.083333,0.001124,0.001183,0.008621,0.008621,0,no
0.108434,0,0.053191,0.2,0.007937,0.177419,0.074074,0.125,0.014607,0.001183,0.051724,0.030172,0,yes
0.054217,0,0.021277,0.133333,0.007937,0.016129,0,0,0,0,0,0,0,no
0.036145,0.095238,0.021277,0.133333,0,0.016129,0,0,0,0,0,0,0,no
0.027108,0.190476,0.010638,0.066667,0,0.064516,0.037037,0.083333,0.010112,0,0.038793,0.038793,0,no
0.03012,0.047619,0.021277,0.133333,0,0.048387,0.037037,0.083333,0.011236,0,0.043103,0.043103,0,no
0.027108,0.047619,0.010638,0.066667,0,0.064516,0.074074,0.125,0.011236,0.001183,0.038793,0.023707,0,no
0.027108,0.095238,0.010638,0.066667,0,0.016129,0.037037,0.083333,0.010112,0,0.038793,0.038793,0,no
0.027108,0.047619,0.010638,0.066667,0,0.064516,0.037037,0.083333,0.010112,0,0.038793,0.038793,0,no
0.033133,0.142857,0.010638,0.066667,0,0.048387,0.037037,0.083333,0.01236,0,0.047414,0.047414,0,no
0.021084,0,0.010638,0.066667,0,0.032258,0.037037,0.083333,0.001124,0.001183,0.008621,0.008621,0,no
0.072289,0.095238,0.031915,0.2,0.007937,0.096774,0.037037,0.083333,0.001124,0.001183,0.008621,0.008621,0,no
0.093373,0,0.074468,0.266667,0,0.129032,0.074074,0.166667,0.005618,0,0.017241,0.010776,0,no
0.036145,0.190476,0.021277,0.066667,0,0.048387,0.037037,0.083333,0.013483,0,0.051724,0.051724,0,no
0.099398,0.047619,0.06383,0.333333,0.007937,0.016129,0,0,0,0,0,0,0,no
0.021084,0.047619,0.010638,0.066667,0,0,0,0,0,0,0,0,0,no
0.069277,0,0.06383,0.333333,0.007937,0.016129,0,0,0,0,0,0,0,no
0.072289,0.047619,0.06383,0.266667,0.007937,0.129032,0.037037,0.083333,0.026966,0,0.103448,0.103448,0,no
0.129518,0.095238,0.074468,0.266667,0.02381,0.112903,0.037037,0.083333,0.048315,0,0.185345,0.185345,0,no
0.021084,0,0.010638,0.066667,0,0,0.037037,0.083333,0.007865,0,0.030172,0.030172,0,no
0.039157,0,0.031915,0.2,0,0.064516,0,0,0,0,0,0,0,no
0.051205,0.095238,0.021277,0.066667,0,0.032258,0,0,0,0,0,0,0,no
0.120482,0.095238,0.074468,0.333333,0,0.16129,0.037037,0.083333,0.001124,0.001183,0.008621,0.008621,0,no
0.051205,0.095238,0.021277,0.133333,0,0.064516,0.074074,0.166667,0.002247,0.002367,0.008621,0.008621,0,no
0.036145,0.095238,0.010638,0.066667,0,0.064516,0.037037,0.083333,0.001124,0.001183,0.008621,0.008621,0,no
0.042169,0,0.042553,0.2,0,0.032258,0.037037,0.083333,0.001124,0.001183,0.008621,0.008621,0,no
0.123494,0,0.06383,0.2,0,0.096774,0.111111,0.166667,0.016854,0.001775,0.038793,0.023707,0,no
0.057229,0.047619,0,0.066667,0,0.112903,0.055556,0.083333,0.001685,0.001775,0.008621,0.008621,0,no
0.10241,0.047619,0.031915,0.2,0,0.193548,0.055556,0.083333,0.001685,0.001775,0.008621,0.008621,0,yes
0.171687,0,0.12766,0.4,0,0.258065,0.055556,0.083333,0.000562,0.001775,0.008621,0.005747,0,no
0.024096,0.095238,0.010638,0.066667,0,0.032258,0,0,0,0,0,0,0,no
0.021084,0.095238,0.010638,0.066667,0,0.016129,0,0,0,0,0,0,0,no
0.021084,0.047619,0.010638,0.066667,0,0.016129,0,0,0,0,0,0,0,no
0.018072,0.047619,0.010638,0.066667,0,0,0,0,0,0,0,0,0,no
0.033133,0.095238,0.021277,0.133333,0.007937,0.032258,0,0,0,0,0,0,0,no
0.051205,0,0.031915,0.2,0.007937,0.064516,0,0,0,0,0,0,0,no
0.057229,0.047619,0.021277,0.133333,0.007937,0.064516,0,0,0,0,0,0,0,no
0.021084,0.095238,0.021277,0.066667,0,0.016129,0,0,0,0,0,0,0,no
0.021084,0.142857,0.010638,0.066667,0,0,0,0,0,0,0,0,0,no
0.018072,0.095238,0.010638,0.066667,0,0,0,0,0,0,0,0,0,no
0.018072,0.095238,0.010638,0.066667,0,0,0,0,0,0,0,0,0,no
0.021084,0.142857,0.010638,0.066667,0,0,0,0,0,0,0,0,0,no
0.027108,0.047619,0.010638,0.066667,0.007937,0.016129,0,0,0,0,0,0,0,no
0.048193,0.142857,0.031915,0.2,0.015873,0.080645,0,0,0,0,0,0,0,no
0.048193,0.142857,0.031915,0.2,0.015873,0.048387,0,0,0,0,0,0,0,no
0.313253,0.285714,0.202128,0.333333,0.119048,0.290323,0.074074,0.125,0.002247,0.002367,0.008621,0.008621,0,no
0.027108,0.190476,0.010638,0.066667,0,0.032258,0,0,0,0,0,0,0,no
0.201807,0.190476,0.138298,0.266667,0.031746,0.241935,0,0,0,0,0,0,0,no
0.069277,0,0.042553,0.2,0.007937,0.096774,0,0,0,0,0,0,0,no
0.039157,0.047619,0.010638,0.066667,0.007937,0.032258,0.037037,0.083333,0.001124,0.001183,0.008621,0.008621,0,no
0.069277,0,0.042553,0.266667,0.02381,0.080645,0.037037,0.083333,0.001124,0.001183,0.008621,0.008621,0,no
0.042169,0.190476,0.021277,0.133333,0.015873,0.032258,0,0,0,0,0,0,0,no
0.069277,0.142857,0.031915,0.066667,0.039683,0.096774,0.037037,0.083333,0.001124,0.001183,0.008621,0.008621,0,no
0.033133,0,0.031915,0.066667,0,0,0,0,0,0,0,0,0,no
0.180723,0.095238,0.138298,0.333333,0,0.193548,0,0,0,0,0,0,0,no
0.027108,0.285714,0.021277,0.133333,0.02381,0,0,0,0,0,0,0,0,no
0.021084,0.238095,0.010638,0.066667,0.007937,0.016129,0,0,0,0,0,0,0,no
0.018072,0.142857,0.021277,0.066667,0.015873,0,0,0,0,0,0,0,0,no
0.01506,0,0.010638,0.066667,0,0,0,0,0,0,0,0,0,no
0.033133,0.095238,0.021277,0.066667,0.015873,0,0,0,0,0,0,0,0,no
0.033133,0.095238,0.021277,0.066667,0.015873,0,0,0,0,0,0,0,0,no
0.036145,0,0.021277,0.133333,0.007937,0,0,0,0,0,0,0,0,no
0.03012,0.095238,0.010638,0.066667,0.007937,0.048387,0,0,0,0,0,0,0,no
0.021084,0.142857,0.010638,0.066667,0.007937,0.016129,0,0,0,0,0,0,0,no
0.042169,0.095238,0.021277,0.133333,0,0.016129,0,0,0,0,0,0,0,no
0.042169,0.095238,0.010638,0.066667,0,0.016129,0,0,0,0,0,0,0,no
0.01506,0.047619,0.010638,0.066667,0,0.016129,0.018519,0.041667,0.000562,0.000592,0.008621,0.008621,0,no
0.024096,0,0.010638,0.066667,0,0,0,0,0,0,0,0,0,no
0.027108,0.047619,0.031915,0.133333,0.015873,0.048387,0,0,0,0,0,0,0,no
0.069277,0.095238,0.053191,0.266667,0.007937,0.096774,0,0,0,0,0,0,0,no
0.021084,0.095238,0.010638,0.066667,0.007937,0,0,0,0,0,0,0,0,no
0.048193,0.095238,0.021277,0.133333,0,0.032258,0,0,0,0,0,0,0,no
0.108434,0.095238,0.106383,0.066667,0.015873,0.032258,0,0,0,0,0,0,0,no
0.033133,0.095238,0.010638,0.066667,0,0.032258,0,0,0,0,0,0,0,no
0.135542,0.095238,0.06383,0.133333,0.015873,0.145161,0.092593,0.166667,0.002809,0.001183,0.008621,0.006034,1,no
0.03012,0.047619,0.031915,0.2,0,0.016129,0,0,0,0,0,0,0,no
0.039157,0.142857,0.010638,0.066667,0.015873,0.048387,0,0,0,0,0,0,0,no
0.090361,0,0.053191,0.2,0,0.032258,0.111111,0.166667,0.003371,0.00355,0.008621,0.008621,1,no
0.078313,0,0.053191,0.2,0,0.032258,0.055556,0.083333,0.04382,0,0.112069,0.112069,1,no
0.141566,0.380952,0.095745,0.266667,0,0.225806,0.055556,0.125,0.079213,0,0.202586,0.202586,0,no
0.042169,0.095238,0.031915,0.2,0,0.048387,0.055556,0.125,0.023596,0,0.060345,0.060345,0,no
0.081325,0.142857,0.053191,0.2,0,0.080645,0.055556,0.125,0.045506,0,0.116379,0.116379,0,no
0.051205,0.142857,0.042553,0.133333,0,0.080645,0.055556,0.125,0.028652,0,0.073276,0.073276,0,no
0.10241,0.095238,0.053191,0.133333,0,0.177419,0.055556,0.125,0.057303,0,0.146552,0.146552,0,no
0.036145,0.047619,0.021277,0.133333,0,0.032258,0.055556,0.125,0.020225,0,0.051724,0.051724,0,no
0.021084,0.047619,0.021277,0.133333,0,0.016129,0.055556,0.125,0.011798,0,0.030172,0.030172,0,no
0.018072,0.047619,0.010638,0.066667,0,0,0.055556,0.125,0.010112,0,0.025862,0.025862,0,no
0.021084,0,0.010638,0.066667,0,0.032258,0.055556,0.125,0.011798,0,0.030172,0.030172,0,no
0.024096,0.047619,0.010638,0.066667,0,0.048387,0.055556,0.125,0.013483,0,0.034483,0.034483,0,no
0.090361,0.047619,0.053191,0.2,0,0.177419,0.055556,0.125,0.050562,0,0.12931,0.12931,0,no
0.027108,0.047619,0.021277,0.066667,0,0.032258,0.055556,0.125,0.015169,0,0.038793,0.038793,0,no
0.018072,0.047619,0.010638,0.066667,0,0,0.055556,0.125,0.010112,0,0.025862,0.025862,0,no
0.021084,0,0.010638,0.066667,0,0.032258,0.055556,0.125,0.011798,0,0.030172,0.030172,0,no
0.024096,0.047619,0.010638,0.066667,0,0.048387,0.055556,0.125,0.013483,0,0.034483,0.034483,0,no
0.021084,0,0.010638,0.066667,0,0.032258,0.055556,0.125,0.011798,0,0.030172,0.030172,0,no
0.021084,0,0.010638,0.066667,0,0.032258,0.055556,0.125,0.011798,0,0.030172,0.030172,0,no
0.039157,0.047619,0.021277,0.133333,0,0.080645,0.055556,0.125,0.02191,0,0.056034,0.056034,0,no
0.024096,0.047619,0.010638,0.066667,0,0.032258,0.055556,0.125,0.013483,0,0.034483,0.034483,0,no
0.051205,0.047619,0.042553,0.2,0,0.080645,0.055556,0.125,0.028652,0,0.073276,0.073276,0,no
0.063253,0.047619,0.053191,0.2,0,0.096774,0.055556,0.125,0.035393,0,0.090517,0.090517,0,no
0.03012,0.047619,0.021277,0.133333,0,0.048387,0.055556,0.125,0.016854,0,0.043103,0.043103,0,no
0.090361,0,0.074468,0.266667,0,0.16129,0.055556,0.125,0.050562,0,0.12931,0.12931,0,no
0.027108,0,0.010638,0.066667,0,0.064516,0.055556,0.125,0.015169,0,0.038793,0.038793,0,no
0.036145,0.047619,0.021277,0.066667,0,0.048387,0.055556,0.125,0.020225,0,0.051724,0.051724,0,no
0.033133,0.047619,0.031915,0.2,0,0.048387,0.055556,0.125,0.018539,0,0.047414,0.047414,0,no
0.021084,0,0.010638,0.066667,0,0.032258,0.055556,0.125,0.011798,0,0.030172,0.030172,0,no
0.021084,0.047619,0.010638,0.066667,0,0.016129,0.055556,0.125,0.011798,0,0.030172,0.030172,0,no
0.03012,0.047619,0.021277,0.133333,0,0.032258,0.055556,0.125,0.016854,0,0.043103,0.043103,0,no
0.021084,0,0.010638,0.066667,0,0.032258,0.055556,0.125,0.011798,0,0.030172,0.030172,0,no
0.024096,0.047619,0.021277,0.133333,0,0.016129,0.055556,0.125,0.013483,0,0.034483,0.034483,0,no
0.027108,0,0.021277,0.133333,0,0.032258,0.055556,0.125,0.015169,0,0.038793,0.038793,0,no
0.045181,0.095238,0.042553,0.066667,0.007937,0.048387,0.055556,0.125,0.025281,0,0.064655,0.064655,0,no
0.021084,0.047619,0.010638,0.066667,0.007937,0,0.055556,0.125,0.011798,0,0.030172,0.030172,0,no
0.039157,0.047619,0.031915,0.066667,0,0.032258,0.055556,0.125,0.02191,0,0.056034,0.056034,0,no
0.021084,0.047619,0.010638,0.066667,0,0.016129,0.055556,0.125,0.011798,0,0.030172,0.030172,0,no
0.14759,0.285714,0.106383,0.133333,0,0.177419,0.092593,0.166667,0.078652,0,0.181034,0.12069,0,no
0.060241,0.142857,0.042553,0.2,0.007937,0.096774,0,0,0,0,0,0,0,no
0.063253,0.095238,0.042553,0.133333,0,0.145161,0.055556,0.125,0,0.005325,0.012931,0.012931,0,no
0.045181,0.095238,0.042553,0.266667,0,0.064516,0,0,0,0,0,0,0,no
0.024096,0.095238,0.010638,0.066667,0,0.032258,0,0,0,0,0,0,0,no
0.036145,0.095238,0.021277,0.133333,0,0.112903,0.055556,0.125,0,0.001775,0.00431,0.00431,0,no
0.108434,0.095238,0.06383,0.066667,0.039683,0.209677,0,0,0,0,0,0,0,no
0.099398,0.047619,0.042553,0.2,0.015873,0.096774,0.092593,0.166667,0.002809,0.002959,0.008621,0.008621,0,no
0.03012,0.047619,0.021277,0.133333,0,0.048387,0,0,0,0,0,0,0,no
0.024096,0.095238,0.021277,0.133333,0,0.016129,0,0,0,0,0,0,0,no
0.024096,0.095238,0.021277,0.133333,0,0.016129,0,0,0,0,0,0,0,no
0.063253,0.047619,0.031915,0.133333,0,0.145161,0,0,0,0,0,0,0,no
0.033133,0.095238,0.021277,0.133333,0,0.032258,0,0,0,0,0,0,0,no
0.051205,0.047619,0.021277,0.133333,0,0.080645,0,0,0,0,0,0,0,no
0.03012,0.047619,0.021277,0.133333,0,0.048387,0,0,0,0,0,0,0,no
0.027108,0.047619,0.021277,0.133333,0.007937,0.032258,0,0,0,0,0,0,0,no
0.075301,0.047619,0.031915,0.133333,0.007937,0.112903,0,0,0,0,0,0,0,no
0.063253,0.047619,0.031915,0.2,0,0.177419,0,0,0,0,0,0,0,no
0.042169,0.047619,0.021277,0.133333,0,0.080645,0,0,0,0,0,0,0,no
0.03012,0.047619,0.021277,0.133333,0,0.048387,0,0,0,0,0,0,0,no
0.033133,0.095238,0.021277,0.133333,0,0.064516,0,0,0,0,0,0,0,no
0.027108,0.047619,0.010638,0.066667,0,0.048387,0,0,0,0,0,0,0,no
0.192771,0.095238,0.138298,0.266667,0.015873,0.5,0,0,0,0,0,0,0,no
0.021084,0.047619,0.010638,0.066667,0,0.032258,0,0,0,0,0,0,0,no
0.021084,0.047619,0.010638,0.066667,0,0.032258,0,0,0,0,0,0,0,no
0.01506,0.047619,0.010638,0.066667,0,0,0.055556,0.125,0.008427,0,0.021552,0.021552,0,no
0.033133,0.047619,0.021277,0.066667,0,0.032258,0.055556,0.125,0.018539,0,0.047414,0.047414,0,no
0.024096,0.047619,0.010638,0.066667,0,0.016129,0.055556,0.125,0.013483,0,0.034483,0.034483,0,no
0.027108,0.047619,0.021277,0.133333,0,0.032258,0.055556,0.125,0.015169,0,0.038793,0.038793,0,no
0.027108,0.047619,0.021277,0.133333,0,0.032258,0.055556,0.125,0.015169,0,0.038793,0.038793,0,no
0.024096,0,0.010638,0.066667,0,0.032258,0.055556,0.125,0.013483,0,0.034483,0.034483,0,no
0.051205,0.333333,0.021277,0.066667,0,0,0.055556,0.125,0.028652,0,0.073276,0.073276,0,no
0.021084,0.095238,0.010638,0.066667,0.007937,0,0.055556,0.125,0.011798,0,0.030172,0.030172,0,no
0.042169,0.095238,0.042553,0.133333,0,0.016129,0.055556,0.083333,0.021348,0,0.060345,0.054598,0,no
0.027108,0.047619,0.021277,0.133333,0,0.032258,0.055556,0.125,0.015169,0,0.038793,0.038793,0,no
0.018072,0.047619,0.010638,0.066667,0.007937,0,0.055556,0.125,0.010112,0,0.025862,0.025862,0,no
0.120482,0,0.12766,0.2,0,0.241935,0.055556,0.125,0.067416,0,0.172414,0.172414,0,no
0.021084,0.047619,0.010638,0.066667,0,0.032258,0.055556,0.125,0.011798,0,0.030172,0.030172,0,no
0.021084,0.047619,0.010638,0.066667,0,0.016129,0.055556,0.125,0.011798,0,0.030172,0.030172,0,no
0.021084,0.047619,0.010638,0.066667,0,0.016129,0.055556,0.125,0.011798,0,0.030172,0.030172,0,no
0.03012,0,0.021277,0.133333,0,0.048387,0.055556,0.125,0.016854,0,0.043103,0.043103,0,no
0.03012,0,0.021277,0.133333,0,0.048387,0.055556,0.125,0.016854,0,0.043103,0.043103,0,no
0.027108,0,0.021277,0.133333,0,0.032258,0.055556,0.125,0.015169,0,0.038793,0.038793,0,no
0.027108,0,0.021277,0.133333,0,0.032258,0.055556,0.125,0.015169,0,0.038793,0.038793,0,no
0.072289,0.047619,0.074468,0.333333,0,0.129032,0.055556,0.125,0.040449,0,0.103448,0.103448,0,no
0.018072,0.047619,0.010638,0.066667,0.007937,0,0.055556,0.125,0.010112,0,0.025862,0.025862,0,no
0.018072,0.047619,0.010638,0.066667,0,0,0.055556,0.125,0.010112,0,0.025862,0.025862,0,no
0.018072,0.047619,0.010638,0.066667,0,0,0.055556,0.125,0.010112,0,0.025862,0.025862,0,no
0.021084,0,0.010638,0.066667,0,0.032258,0.055556,0.125,0.011798,0,0.030172,0.030172,0,no
0.03012,0,0.021277,0.133333,0,0.048387,0.055556,0.125,0.016854,0,0.043103,0.043103,0,no
0.096386,0,0.106383,0.266667,0.007937,0.112903,0.092593,0.208333,0.055618,0.001183,0.142241,0.087069,0,no
0.03012,0.047619,0.021277,0.133333,0,0.048387,0.055556,0.125,0.016854,0,0.043103,0.043103,0,no
0.036145,0.047619,0.021277,0.133333,0,0.064516,0,0,0,0,0,0,0,no
0.054217,0.047619,0.031915,0.133333,0,0.080645,0,0,0,0,0,0,0,no
0.024096,0,0.021277,0.133333,0.007937,0.032258,0,0,0,0,0,0,0,no
0.213855,0.047619,0.170213,0.333333,0,0.258065,0,0,0,0,0,0,0,no
0.048193,0.047619,0.031915,0.133333,0,0.048387,0,0,0,0,0,0,0,no
0.051205,0.047619,0.031915,0.133333,0,0.048387,0,0,0,0,0,0,0,no
0.039157,0.047619,0.010638,0.066667,0,0.080645,0,0,0,0,0,0,0,no
0.03012,0.095238,0.021277,0.133333,0.007937,0.016129,0,0,0,0,0,0,0,no
0.033133,0.047619,0.010638,0.066667,0,0.048387,0,0,0,0,0,0,0,no
0.036145,0.047619,0.010638,0.066667,0,0.048387,0,0,0,0,0,0,0,no
0.054217,0.047619,0.031915,0.133333,0,0.080645,0,0,0,0,0,0,0,no
0.039157,0.047619,0.031915,0.2,0,0.064516,0,0,0,0,0,0,0,no
0.063253,0.047619,0.074468,0.4,0,0.032258,0,0,0,0,0,0,0,no
0.060241,0.047619,0.053191,0.333333,0,0.080645,0,0,0,0,0,0,0,no
0.120482,0.190476,0.042553,0.133333,0,0.241935,0,0,0,0,0,0,0,no
0.090361,0.142857,0.031915,0.066667,0,0.177419,0,0,0,0,0,0,0,no
0.027108,0,0.021277,0.133333,0,0.032258,0,0,0,0,0,0,0,no
0.114458,0.047619,0.095745,0.266667,0.007937,0.16129,0,0,0,0,0,0,0,no
0.027108,0,0.021277,0.133333,0,0.032258,0,0,0,0,0,0,0,no
0.063253,0.047619,0.042553,0.266667,0,0.064516,0,0,0,0,0,0,0,no
0.066265,0.047619,0.053191,0.333333,0,0.064516,0,0,0,0,0,0,0,no
0.072289,0,0.042553,0.133333,0,0.032258,0.074074,0.125,0.01236,0.001183,0.043103,0.025862,0,no
0.090361,0.095238,0.053191,0.133333,0.007937,0.177419,0.037037,0.083333,0.001124,0.001183,0.008621,0.008621,0,no
0.027108,0.142857,0.021277,0.133333,0,0.016129,0,0,0,0,0,0,0,no
0.045181,0.047619,0.042553,0.133333,0,0.016129,0,0,0,0,0,0,0,no
0.045181,0.142857,0.031915,0.066667,0.015873,0.016129,0,0,0,0,0,0,0,no
0.066265,0.142857,0.053191,0.266667,0.015873,0.032258,0,0,0,0,0,0,0,no
0.027108,0.047619,0.021277,0.133333,0,0.032258,0,0,0,0,0,0,0,no
0.021084,0.047619,0.010638,0.066667,0,0.032258,0,0,0,0,0,0,0,no
0.021084,0.095238,0.010638,0.066667,0,0.032258,0,0,0,0,0,0,0,no
0.027108,0.047619,0.021277,0.133333,0,0.032258,0,0,0,0,0,0,0,no
0.072289,0.142857,0.06383,0.2,0.015873,0.048387,0,0,0,0,0,0,0,no
0.036145,0.047619,0.031915,0.133333,0,0.016129,0,0,0,0,0,0,0,no
0.036145,0.095238,0.031915,0.133333,0.007937,0.032258,0,0,0,0,0,0,0,no
0.087349,0.047619,0.074468,0.2,0.015873,0.145161,0,0,0,0,0,0,0,no
0.021084,0,0.010638,0.066667,0,0.032258,0,0,0,0,0,0,0,no
0.024096,0.047619,0.010638,0.066667,0,0.032258,0,0,0,0,0,0,0,no
0.01506,0.047619,0.010638,0.066667,0,0,0,0,0,0,0,0,0,no
0.042169,0.095238,0.021277,0.133333,0,0.048387,0,0,0,0,0,0,0,no
0.021084,0.047619,0.010638,0.066667,0,0.032258,0,0,0,0,0,0,0,no
0.021084,0.047619,0.010638,0.066667,0,0.032258,0,0,0,0,0,0,0,no
0.042169,0.095238,0.021277,0.133333,0.007937,0.048387,0,0,0,0,0,0,0,no
0.042169,0.095238,0.021277,0.133333,0.007937,0.048387,0,0,0,0,0,0,0,no
0.144578,0.142857,0.106383,0.266667,0.02381,0.193548,0,0,0,0,0,0,0,no
0.093373,0.047619,0.085106,0.266667,0.007937,0.096774,0,0,0,0,0,0,0,no
0.099398,0.238095,0.106383,0.133333,0,0.048387,0.055556,0.125,0.055618,0,0.142241,0.142241,0,no
0.081325,0.142857,0.074468,0.066667,0.015873,0.016129,0.055556,0.125,0.045506,0,0.116379,0.116379,0,no
0.063253,0.142857,0.042553,0.133333,0,0.064516,0.055556,0.125,0.035393,0,0.090517,0.090517,0,no
0.027108,0.047619,0.021277,0.133333,0,0.032258,0.055556,0.125,0.015169,0,0.038793,0.038793,0,no
0.027108,0.047619,0.021277,0.133333,0,0.032258,0.055556,0.125,0.015169,0,0.038793,0.038793,0,no
0.018072,0.047619,0.010638,0.066667,0,0,0.055556,0.125,0.010112,0,0.025862,0.025862,0,no
0.036145,0.047619,0.031915,0.2,0,0.064516,0.055556,0.125,0.020225,0,0.051724,0.051724,0,no
0.036145,0.047619,0.021277,0.066667,0,0.016129,0.055556,0.125,0.020225,0,0.051724,0.051724,0,no
0.021084,0,0.010638,0.066667,0,0,0.055556,0.125,0.011798,0,0.030172,0.030172,0,no
0.069277,0.095238,0.053191,0.133333,0,0.064516,0.055556,0.125,0.038764,0,0.099138,0.099138,0,no
0.03012,0,0.010638,0.066667,0,0.032258,0.055556,0.125,0.016854,0,0.043103,0.043103,0,no
0.033133,0.047619,0.010638,0.066667,0,0.032258,0.055556,0.125,0.018539,0,0.047414,0.047414,0,no
0.021084,0,0.010638,0.066667,0,0,0.055556,0.125,0.011798,0,0.030172,0.030172,0,no
0.021084,0,0.010638,0.066667,0,0,0.055556,0.125,0.011798,0,0.030172,0.030172,0,no
0.021084,0.047619,0.010638,0.066667,0,0.016129,0.055556,0.125,0.011798,0,0.030172,0.030172,0,no
0.021084,0,0.010638,0.066667,0,0.032258,0.055556,0.125,0.011798,0,0.030172,0.030172,0,no
0.021084,0.047619,0.010638,0.066667,0,0.032258,0.055556,0.125,0.011798,0,0.030172,0.030172,0,no
0.018072,0.142857,0.010638,0.066667,0,0,0.055556,0.125,0.010112,0,0.025862,0.025862,0,no
0.03012,0.047619,0.031915,0.2,0,0.032258,0,0,0,0,0,0,0,no
0.138554,0.047619,0.117021,0.2,0,0.241935,0.055556,0.125,0.077528,0,0.198276,0.198276,0,no
0.021084,0,0.010638,0.066667,0,0.032258,0.055556,0.125,0.001685,0.001775,0.008621,0.008621,0,no
0.039157,0.047619,0.031915,0.2,0,0.064516,0.037037,0.083333,0.014607,0,0.056034,0.056034,0,no
0.060241,0,0.031915,0.133333,0,0.032258,0.12963,0.208333,0.002809,0.008876,0.021552,0.012315,0,no
0.048193,0.047619,0.031915,0.133333,0.007937,0.064516,0.055556,0.125,0.026966,0,0.068966,0.068966,0,no
0.081325,0.095238,0.06383,0.133333,0.015873,0.064516,0.092593,0.166667,0.001124,0.013609,0.030172,0.021552,0,no
0.204819,0.190476,0.106383,0.333333,0.031746,0.096774,0.074074,0.125,0.11236,0,0.293103,0.215517,0,no
0.027108,0.142857,0.021277,0.133333,0,0.016129,0.055556,0.125,0.015169,0,0.038793,0.038793,0,no
0.048193,0.142857,0.042553,0.133333,0,0.032258,0.055556,0.125,0.026966,0,0.068966,0.068966,0,no
0.027108,0.142857,0.021277,0.133333,0.039683,0,0.055556,0.125,0.015169,0,0.038793,0.038793,0,no
0.036145,0.095238,0.021277,0.133333,0.007937,0.048387,0.055556,0.125,0.020225,0,0.051724,0.051724,0,no
0.033133,0.095238,0.021277,0.133333,0,0.048387,0.055556,0.125,0.018539,0,0.047414,0.047414,0,no
0.084337,0.047619,0.053191,0.2,0.015873,0.112903,0.055556,0.125,0.047191,0,0.12069,0.12069,0,no
0.021084,0.047619,0.010638,0.066667,0,0.032258,0.055556,0.125,0.011798,0,0.030172,0.030172,0,no
0.027108,0,0.010638,0.066667,0,0.016129,0.055556,0.125,0.015169,0,0.038793,0.038793,0,no
0.018072,0.047619,0.010638,0.066667,0,0,0.055556,0.125,0.010112,0,0.025862,0.025862,0,no
0.018072,0.047619,0.010638,0.066667,0,0,0.055556,0.125,0.010112,0,0.025862,0.025862,0,no
0.033133,0.047619,0.021277,0.133333,0,0.064516,0.055556,0.125,0.018539,0,0.047414,0.047414,0,no
0.018072,0.047619,0.010638,0.066667,0,0,0.055556,0.125,0.010112,0,0.025862,0.025862,0,no
0.033133,0.047619,0.021277,0.133333,0,0.064516,0.055556,0.125,0.018539,0,0.047414,0.047414,0,no
0.018072,0.047619,0.010638,0.066667,0.007937,0.016129,0.055556,0.125,0.010112,0,0.025862,0.025862,0,no
0.027108,0.047619,0.021277,0.133333,0.007937,0.032258,0.055556,0.125,0.015169,0,0.038793,0.038793,0,no
0.021084,0.095238,0.010638,0.066667,0,0.032258,0.055556,0.125,0.011798,0,0.030172,0.030172,0,no
0.027108,0.047619,0.021277,0.133333,0.007937,0.032258,0.055556,0.125,0.015169,0,0.038793,0.038793,0,no
0.021084,0.047619,0.010638,0.066667,0,0.016129,0.055556,0.125,0.011798,0,0.030172,0.030172,0,no
0.018072,0.095238,0.010638,0.066667,0,0,0.055556,0.125,0.010112,0,0.025862,0.025862,0,no
0.045181,0.095238,0.042553,0.266667,0,0,0.055556,0.125,0.025281,0,0.064655,0.064655,0,no
0.036145,0,0.021277,0.133333,0.015873,0.064516,0.055556,0.125,0.001685,0.001775,0.008621,0.008621,0,no
0.108434,0.142857,0.074468,0.2,0.015873,0.112903,0.055556,0.125,0.060674,0,0.155172,0.155172,0,no
0.021084,0.095238,0.010638,0.066667,0,0.016129,0.055556,0.125,0.011798,0,0.030172,0.030172,0,no
0.081325,0.095238,0.053191,0.333333,0,0.193548,0.055556,0.125,0.045506,0,0.116379,0.116379,0,no
0.033133,0.142857,0.031915,0.2,0,0.048387,0.037037,0.083333,0.01236,0,0.047414,0.047414,0,no
0.021084,0.047619,0.010638,0.066667,0,0.032258,0.055556,0.125,0.011798,0,0.030172,0.030172,0,no
0.027108,0.047619,0.021277,0.133333,0,0.032258,0.055556,0.125,0.015169,0,0.038793,0.038793,0,no
0.021084,0.047619,0.010638,0.066667,0,0.016129,0.055556,0.125,0.011798,0,0.030172,0.030172,0,no
0.045181,0,0.031915,0.2,0,0.064516,0.055556,0.125,0.025281,0,0.064655,0.064655,0,no
0.036145,0.047619,0.031915,0.133333,0,0.016129,0.055556,0.125,0.020225,0,0.051724,0.051724,0,no
0.027108,0.047619,0.021277,0.133333,0.007937,0.016129,0.055556,0.125,0.015169,0,0.038793,0.038793,0,no
0.11747,0.095238,0.095745,0.266667,0,0.225806,0.055556,0.125,0.06573,0,0.168103,0.168103,0,no
0.11747,0.095238,0.053191,0.066667,0.02381,0.177419,0.092593,0.166667,0.064045,0,0.155172,0.098276,0,no
0.033133,0.190476,0.010638,0.066667,0.007937,0.032258,0.037037,0.083333,0.01236,0,0.047414,0.047414,0,no
0.10241,0.142857,0.06383,0.2,0,0.258065,0.037037,0.083333,0.038202,0,0.146552,0.146552,0,no
0.063253,0.047619,0.042553,0.133333,0.015873,0.080645,0.055556,0.125,0.035393,0,0.090517,0.090517,0,no
0.045181,0.095238,0.021277,0.133333,0,0.048387,0.055556,0.125,0.025281,0,0.064655,0.064655,0,no
0.114458,0.142857,0.042553,0.2,0.007937,0.209677,0.055556,0.125,0.064045,0,0.163793,0.163793,0,no
0.156627,0.095238,0.085106,0.4,0.015873,0.193548,0.055556,0.125,0.08764,0,0.224138,0.224138,0,no
0.138554,0.047619,0.053191,0.2,0.007937,0.306452,0.055556,0.125,0.077528,0,0.198276,0.198276,0,no
0.039157,0.047619,0.031915,0.2,0,0.064516,0.055556,0.125,0.025281,0,0.064655,0.064655,0,no
0.045181,0.047619,0.031915,0.2,0,0.096774,0.055556,0.125,0.025281,0,0.064655,0.064655,0,no
0.081325,0.047619,0.053191,0.133333,0,0.064516,0.037037,0.083333,0.030337,0,0.116379,0.116379,0,no
0.078313,0.190476,0.021277,0.066667,0,0.112903,0.037037,0.083333,0.029213,0,0.112069,0.112069,0,no
0.045181,0.142857,0.021277,0.066667,0,0.032258,0.037037,0.083333,0.016854,0,0.064655,0.064655,0,no
0.057229,0.047619,0.042553,0.133333,0.02381,0.032258,0.037037,0.083333,0.021348,0,0.081897,0.081897,0,no
0.051205,0.047619,0.031915,0.133333,0.031746,0.016129,0.037037,0.083333,0.019101,0,0.073276,0.073276,0,no
0.093373,0.047619,0.053191,0.066667,0.031746,0.112903,0.037037,0.083333,0.034831,0,0.133621,0.133621,0,no
0.093373,0.142857,0.053191,0.066667,0,0.112903,0.037037,0.083333,0.034831,0,0.133621,0.133621,0,no
0.039157,0.047619,0.021277,0.066667,0,0.032258,0.074074,0.083333,0.019101,0.004734,0.073276,0.045259,0,no
0.057229,0.047619,0.031915,0.133333,0,0.048387,0.037037,0.083333,0.021348,0,0.081897,0.081897,0,no
0.018072,0,0.010638,0.066667,0.007937,0,0.037037,0.083333,0.006742,0,0.025862,0.025862,0,no
0.033133,0.047619,0.021277,0.066667,0.007937,0.048387,0.037037,0.083333,0.01236,0,0.047414,0.047414,0,no
0.027108,0.095238,0.010638,0.066667,0,0.016129,0.037037,0.083333,0.010112,0,0.038793,0.038793,0,no
0.057229,0.047619,0.042553,0.266667,0,0.064516,0.037037,0.083333,0.021348,0,0.081897,0.081897,0,no
0.039157,0.047619,0.021277,0.133333,0,0.016129,0.037037,0.083333,0.014607,0,0.056034,0.056034,0,no
0.039157,0.047619,0.031915,0.2,0.007937,0.016129,0.037037,0.083333,0.014607,0,0.056034,0.056034,0,no
0.027108,0.095238,0.010638,0.066667,0,0.016129,0.037037,0.083333,0.010112,0,0.038793,0.038793,0,no
0.018072,0.047619,0.010638,0.066667,0,0,0,0,0,0,0,0,0,no
0.018072,0.047619,0.010638,0.066667,0,0,0,0,0,0,0,0,0,no
0.018072,0.047619,0.010638,0.066667,0,0,0.018519,0.041667,0.000562,0.000592,0.008621,0.008621,0,no
0.018072,0.047619,0.010638,0.066667,0,0,0,0,0,0,0,0,0,no
0.045181,0.095238,0.021277,0.066667,0.007937,0.080645,0,0,0,0,0,0,0,no
0.060241,0.095238,0.010638,0.066667,0.015873,0.096774,0,0,0,0,0,0,0,no
0.033133,0,0.021277,0.133333,0,0.016129,0,0,0,0,0,0,0,no
0.039157,0.047619,0.021277,0.133333,0.015873,0.032258,0.037037,0.083333,0.014607,0,0.056034,0.056034,0,no
0.066265,0.047619,0.06383,0.2,0,0.096774,0.037037,0.083333,0.024719,0,0.094828,0.094828,0,no
0.066265,0.047619,0.06383,0.2,0,0.096774,0.037037,0.083333,0.024719,0,0.094828,0.094828,0,no
0.045181,0.142857,0.042553,0.133333,0,0.032258,0.037037,0.083333,0.016854,0,0.064655,0.064655,0,no
0.036145,0.142857,0.031915,0.133333,0.007937,0.048387,0.037037,0.083333,0.013483,0,0.051724,0.051724,0,no
0.075301,0.142857,0.042553,0.133333,0.007937,0.112903,0.037037,0.083333,0.02809,0,0.107759,0.107759,0,no
0.03012,0.142857,0.021277,0.133333,0.015873,0.048387,0.037037,0.083333,0.011236,0,0.043103,0.043103,0,no
0.01506,0.047619,0.010638,0.066667,0,0,0.037037,0.083333,0.005618,0,0.021552,0.021552,0,no
0.024096,0.047619,0.010638,0.066667,0,0.048387,0.037037,0.083333,0.008989,0,0.034483,0.034483,0,no
0.054217,0.142857,0.031915,0.266667,0,0.096774,0.037037,0.083333,0.020225,0,0.077586,0.077586,0,yes
0.072289,0.047619,0.06383,0.266667,0.015873,0.064516,0.037037,0.083333,0.026966,0,0.103448,0.103448,0,no
0.039157,0.142857,0.021277,0.066667,0,0.048387,0.074074,0.125,0.01573,0.001183,0.056034,0.032328,0,no
0.054217,0.047619,0.042553,0.2,0.02381,0.064516,0.037037,0.083333,0.020225,0,0.077586,0.077586,0,no
0.057229,0.095238,0.042553,0.2,0,0.016129,0.037037,0.083333,0.021348,0,0.081897,0.081897,0,no
0.03012,0.047619,0.021277,0.133333,0,0.032258,0.037037,0.083333,0.011236,0,0.043103,0.043103,0,no
0.078313,0.095238,0.021277,0.333333,0,0.096774,0.037037,0.083333,0.029213,0,0.112069,0.112069,0,yes
0.039157,0.095238,0.031915,0.133333,0,0.016129,0.037037,0.083333,0.014607,0,0.056034,0.056034,0,no
0.060241,0.142857,0.031915,0.2,0,0.048387,0.037037,0.083333,0.022472,0,0.086207,0.086207,0,no
0.072289,0.142857,0.031915,0.066667,0,0.064516,0.037037,0.083333,0.026966,0,0.103448,0.103448,0,no
0.105422,0.095238,0.053191,0.4,0,0.129032,0.037037,0.083333,0.039326,0,0.150862,0.150862,0,yes
0.054217,0.095238,0.053191,0.266667,0.015873,0.016129,0.037037,0.083333,0.020225,0,0.077586,0.077586,0,no
0.078313,0.142857,0.06383,0.133333,0.007937,0.096774,0.037037,0.083333,0.029213,0,0.112069,0.112069,0,no
0.03012,0.047619,0.031915,0.133333,0,0.016129,0.037037,0.083333,0.011236,0,0.043103,0.043103,0,no
0.063253,0.142857,0.031915,0.266667,0,0.064516,0.037037,0.083333,0.023596,0,0.090517,0.090517,0,no
0.033133,0.095238,0.021277,0.133333,0,0.064516,0.037037,0.083333,0.01236,0,0.047414,0.047414,0,no
0.01506,0,0.010638,0.066667,0,0,0,0,0,0,0,0,0,no
0.042169,0,0.021277,0.066667,0,0,0.018519,0.041667,0.000562,0.000592,0.008621,0.008621,0,no
0.024096,0,0.010638,0.066667,0,0.048387,0,0,0,0,0,0,0,no
0.021084,0,0.010638,0.066667,0,0,0,0,0,0,0,0,0,no
0.024096,0,0.010638,0.066667,0,0,0,0,0,0,0,0,0,no
0.289157,0.238095,0.12766,0.2,0.055556,0.387097,0.018519,0.041667,0.053933,0,0.413793,0.413793,0,no
0.078313,0.095238,0.042553,0.2,0.015873,0.080645,0.037037,0.083333,0.029213,0,0.112069,0.112069,0,no
0.027108,0.047619,0.010638,0.066667,0,0.032258,0.037037,0.083333,0.010112,0,0.038793,0.038793,0,no
0.021084,0,0.010638,0.066667,0,0,0.018519,0.041667,0.003933,0,0.030172,0.030172,0,no
0.027108,0.047619,0.021277,0.133333,0,0.032258,0.018519,0.041667,0.005056,0,0.038793,0.038793,0,no
0.027108,0.047619,0.021277,0.133333,0,0.032258,0.018519,0.041667,0.005056,0,0.038793,0.038793,0,no
0.063253,0.047619,0.042553,0.2,0.015873,0.096774,0.018519,0.041667,0.011798,0,0.090517,0.090517,0,no
0.072289,0,0.021277,0.133333,0.015873,0.129032,0.018519,0.041667,0.013483,0,0.103448,0.103448,0,no
0.027108,0.047619,0.010638,0.066667,0,0.032258,0.018519,0.041667,0.005056,0,0.038793,0.038793,0,no
0.021084,0,0.010638,0.066667,0,0.016129,0,0,0,0,0,0,0,no
0.03012,0.047619,0.021277,0.133333,0,0.032258,0,0,0,0,0,0,0,no
0.120482,0.047619,0.053191,0.133333,0.007937,0.225806,0.092593,0.083333,0.016292,0,0.038793,0.025,0,no
0.033133,0.047619,0.021277,0.133333,0,0.048387,0,0,0,0,0,0,0,no
0.03012,0.142857,0.010638,0.066667,0,0.032258,0.055556,0.083333,0.016854,0,0.043103,0.043103,0,no
0.033133,0.047619,0.021277,0.133333,0,0.048387,0,0,0,0,0,0,0,no
0.01506,0.047619,0.010638,0.066667,0,0.016129,0,0,0,0,0,0,0,no
0.024096,0.047619,0.010638,0.066667,0,0.048387,0,0,0,0,0,0,0,no
0.033133,0.047619,0.010638,0.066667,0,0.016129,0,0,0,0,0,0,0,no
0.054217,0.047619,0.031915,0.066667,0,0.096774,0.055556,0.083333,0.001685,0.001775,0.008621,0.008621,0,no
0.027108,0.047619,0.010638,0.066667,0,0.064516,0,0,0,0,0,0,0,no
0.021084,0.047619,0.010638,0.066667,0,0.016129,0.037037,0.083333,0.001124,0.001183,0.008621,0.008621,0,no
0.021084,0,0.010638,0.066667,0,0.032258,0.055556,0.083333,0.011798,0,0.030172,0.030172,0,no
0.033133,0.047619,0.021277,0.133333,0,0.032258,0,0,0,0,0,0,0,no
0.048193,0.047619,0.031915,0.066667,0.007937,0.080645,0.055556,0.083333,0.001685,0.001775,0.008621,0.008621,0,no
0.021084,0,0.010638,0.066667,0,0,0.074074,0.166667,0.01236,0.000592,0.030172,0.024784,1,no
0.039157,0,0.031915,0.133333,0,0,0.037037,0.083333,0.007865,0.000592,0.056034,0.032328,0,no
0.03012,0.047619,0,0.066667,0,0.032258,0.12963,0.208333,0.008989,0.002367,0.043103,0.012315,1,no
0.021084,0.142857,0.010638,0.066667,0,0.016129,0.055556,0.125,0.005056,0.001183,0.030172,0.015805,1,no
0.10241,0.095238,0.010638,0.066667,0,0.290323,0.092593,0.166667,0.021348,0.002367,0.146552,0.036207,1,no
0.033133,0,0.021277,0.066667,0,0,0.074074,0.166667,0.006742,0.001775,0.047414,0.016164,1,no
0.063253,0.047619,0.06383,0.066667,0,0.032258,0.018519,0.041667,0.011798,0,0.090517,0.090517,0,no
0.018072,0.142857,0.010638,0.066667,0,0,0,0,0,0,0,0,0,no
0.01506,0.047619,0.010638,0.066667,0,0,0.037037,0.083333,0.001124,0.001183,0.008621,0.008621,0,no
0.018072,0,0.010638,0.066667,0,0,0.037037,0.083333,0.006742,0,0.025862,0.025862,0,no
0.048193,0.047619,0,0.066667,0,0.112903,0.074074,0.125,0.020225,0,0.068966,0.038793,0,no
0.126506,0.047619,0.021277,0.133333,0.015873,0.322581,0.037037,0.083333,0.047191,0,0.181034,0.181034,0,no
0.018072,0,0.010638,0.066667,0,0,0.037037,0.083333,0.006742,0,0.025862,0.025862,0,no
0.138554,0.238095,0.106383,0.2,0,0.209677,0.092593,0.125,0.053371,0.001775,0.198276,0.084483,0,no
0.144578,0.238095,0.138298,0.466667,0,0.16129,0.074074,0.125,0.055056,0.001183,0.206897,0.107759,0,no
0.183735,0.238095,0.138298,0.266667,0,0.225806,0.12963,0.125,0.071348,0.002367,0.262931,0.080665,0,no
0.03012,0.142857,0.010638,0.066667,0,0.016129,0.037037,0.083333,0.011236,0,0.043103,0.043103,0,no
0.069277,0.142857,0.06383,0.2,0,0.096774,0.037037,0.083333,0.025843,0,0.099138,0.099138,0,no
0.10241,0.619048,0.053191,0.2,0,0.177419,0.055556,0.125,0.038764,0.000592,0.146552,0.100575,0,yes
0.141566,0.47619,0.074468,0.333333,0.015873,0.225806,0.037037,0.083333,0.052809,0,0.202586,0.202586,0,yes
0.141566,0.238095,0.06383,0.2,0,0.145161,0.055556,0.125,0.053371,0.000592,0.202586,0.137931,0,yes
0.024096,0.095238,0.010638,0.066667,0,0.016129,0.037037,0.083333,0.008989,0,0.034483,0.034483,0,no
0.03012,0.190476,0.010638,0.066667,0,0.016129,0.037037,0.083333,0.011236,0,0.043103,0.043103,0,no
0.153614,0.380952,0.074468,0.133333,0.02381,0.258065,0.055556,0.125,0.057303,0.001775,0.219828,0.150862,0,no
0.10241,0.142857,0.06383,0.266667,0,0.080645,0.037037,0.083333,0.038202,0,0.146552,0.146552,0,no
0.093373,0.380952,0.085106,0.266667,0,0.112903,0.074074,0.125,0.035955,0.001183,0.133621,0.071121,0,no
0.231928,0.238095,0.159574,0.333333,0.02381,0.33871,0.055556,0.125,0.087079,0.000592,0.331897,0.224138,0,yes
0.021084,0.095238,0.010638,0.066667,0.007937,0,0.037037,0.083333,0.007865,0,0.030172,0.030172,0,no
0.021084,0,0.010638,0.066667,0,0,0.037037,0.083333,0.007865,0,0.030172,0.030172,0,no
0.045181,0.190476,0.021277,0.133333,0,0.064516,0.037037,0.083333,0.016854,0,0.064655,0.064655,0,yes
0.045181,0.142857,0.021277,0.133333,0,0.064516,0.037037,0.083333,0.016854,0,0.064655,0.064655,0,yes
0.216867,0.190476,0.148936,0.4,0.015873,0.274194,0.074074,0.125,0,0.018343,0.056034,0.033405,0,no
0.036145,0.047619,0.021277,0.2,0,0.048387,0.055556,0.125,0,0.001775,0.00431,0.00431,0,no
0.054217,0.190476,0.053191,0.2,0,0,0.037037,0.083333,0.020225,0,0.077586,0.077586,0,no
0.021084,0.095238,0.010638,0.066667,0,0,0,0,0,0,0,0,0,no
0.018072,0.047619,0.010638,0.066667,0,0.016129,0.037037,0.083333,0.006742,0,0.025862,0.025862,0,no
0.027108,0,0.021277,0.133333,0,0,0.037037,0.083333,0.010112,0,0.038793,0.038793,0,no
0.027108,0.095238,0.010638,0.066667,0,0.032258,0.055556,0.125,0.010674,0.000592,0.038793,0.028736,0,no
0.075301,0.047619,0.053191,0.133333,0.015873,0.048387,0.055556,0.125,0.030337,0,0.107759,0.077586,0,no
0.066265,0,0.021277,0.133333,0.015873,0.064516,0.074074,0.125,0.025281,0.001183,0.094828,0.050647,0,no
0.036145,0,0.010638,0.066667,0,0,0.037037,0.083333,0.013483,0,0.051724,0.051724,0,no
0.039157,0.142857,0.031915,0.133333,0,0.032258,0.055556,0.125,0.015169,0.000592,0.056034,0.04023,0,no
0.03012,0.047619,0.010638,0.066667,0,0.016129,0.037037,0.083333,0.011236,0,0.043103,0.043103,0,no
0.03012,0.047619,0.031915,0.066667,0,0.064516,0.037037,0.083333,0.011236,0,0.043103,0.043103,0,no
0.033133,0.047619,0.021277,0.133333,0,0,0.037037,0.083333,0.01236,0,0.047414,0.047414,0,no
0.051205,0.095238,0.010638,0.066667,0,0.080645,0.12963,0.208333,0.021348,0.001183,0.073276,0.024631,1,no
0.03012,0,0.021277,0.133333,0,0.048387,0.055556,0.125,0.016854,0,0.043103,0.043103,0,no
0.03012,0,0.021277,0.066667,0,0.032258,0.055556,0.125,0.016854,0,0.043103,0.043103,0,no
0.027108,0.047619,0.010638,0.066667,0.007937,0.016129,0.055556,0.125,0.015169,0,0.038793,0.038793,0,no
0.027108,0.047619,0.010638,0.066667,0,0.032258,0.037037,0.083333,0.010112,0,0.038793,0.038793,0,yes
0.033133,0.047619,0.031915,0.066667,0,0.080645,0.055556,0.125,0.018539,0,0.047414,0.047414,0,no
0.024096,0.047619,0.010638,0.066667,0,0.016129,0.037037,0.083333,0.008989,0,0.034483,0.034483,0,no
0.042169,0.047619,0.031915,0.066667,0.007937,0.080645,0.037037,0.083333,0.01573,0,0.060345,0.060345,0,no
0.042169,0.047619,0.031915,0.066667,0.007937,0.080645,0.037037,0.083333,0.01573,0,0.060345,0.060345,0,no
0.021084,0.095238,0.010638,0.066667,0,0,0.037037,0.083333,0.007865,0,0.030172,0.030172,0,no
0.051205,0.047619,0.010638,0.066667,0.007937,0.145161,0.055556,0.125,0.028652,0,0.073276,0.073276,0,no
0.018072,0.095238,0.010638,0.066667,0.007937,0,0.055556,0.125,0.010112,0,0.025862,0.025862,0,no
0.018072,0.047619,0.010638,0.066667,0.007937,0,0.055556,0.125,0.010112,0,0.025862,0.025862,0,no
0.018072,0.047619,0.010638,0.066667,0.007937,0,0.055556,0.125,0.010112,0,0.025862,0.025862,0,no
0.03012,0.095238,0.021277,0.066667,0.007937,0,0.055556,0.125,0.016854,0,0.043103,0.043103,0,no
0.018072,0.095238,0.010638,0.066667,0,0.016129,0.055556,0.125,0.010112,0,0.025862,0.025862,0,no
0.03012,0.095238,0.010638,0.066667,0.007937,0.032258,0.055556,0.125,0.016854,0,0.043103,0.043103,0,yes
