LOC,NumParameters,NumBranches,NestingDepth,NumCodeSmells,NumLocalVariables,NumRevisions,NumAuthors,TotalStmtAdded,TotalStmtDeleted,MaxChurn,AvgChurn,HasFixHistory,Buggy
0.039157,0.047619,0,0,0,0.080645,0.111111,0.166667,0.001124,0.009467,0.017241,0.012931,0,no
0.009036,0.047619,0,0,0,0,0,0,0,0,0,0,0,no
0.009036,0.047619,0,0,0,0,0,0,0,0,0,0,0,no
0.012048,0.047619,0,0,0,0,0,0,0,0,0,0,0,no
0.012048,0.142857,0,0,0,0,0,0,0,0,0,0,0,no
0.009036,0,0,0,0,0,0.074074,0.166667,0.006742,0,0.012931,0.012931,0,no
0.03012,0.190476,0,0,0,0.032258,0.074074,0.166667,0.022472,0,0.043103,0.043103,0,no
0.01506,0,0,0,0,0.016129,0.111111,0.25,0.01236,0.001183,0.021552,0.017241,0,no
0.009036,0.095238,0,0,0,0,0.074074,0.166667,0.006742,0,0.012931,0.012931,0,no
0.045181,0.047619,0,0,0.007937,0.145161,0.111111,0.166667,0.001124,0.009467,0.017241,0.012931,0,no
0.009036,0.047619,0,0,0,0,0,0,0,0,0,0,0,no
0.009036,0.047619,0,0,0,0,0,0,0,0,0,0,0,no
0.006024,0,0,0,0.007937,0,0,0,0,0,0,0,0,no
0.01506,0,0,0,0,0.016129,0,0,0,0,0,0,0,no
0.009036,0,0,0,0,0,0,0,0,0,0,0,0,no
0.009036,0.095238,0,0,0,0,0,0,0,0,0,0,0,no
0.009036,0.047619,0,0,0,0,0,0,0,0,0,0,0,no
0.009036,0,0,0,0.007937,0,0,0,0,0,0,0,0,no
0.009036,0.047619,0,0,0,0,0,0,0,0,0,0,0,no
0.009036,0,0,0,0.007937,0,0,0,0,0,0,0,0,no
0.006024,0.095238,0,0,0.007937,0,0,0,0,0,0,0,0,no
0.009036,0.047619,0,0,0,0,0,0,0,0,0,0,0,no
0.006024,0,0,0,0.007937,0,0,0,0,0,0,0,0,no
0.009036,0.047619,0,0,0,0,0,0,0,0,0,0,0,no
0.009036,0.095238,0,0,0,0,0,0,0,0,0,0,0,no
0.009036,0,0,0,0.007937,0,0,0,0,0,0,0,0,no
0.006024,0.095238,0,0,0.007937,0,0,0,0,0,0,0,0,no
0.009036,0,0,0,0,0,0,0,0,0,0,0,0,no
0.009036,0.047619,0,0,0,0,0,0,0,0,0,0,0,no
0.006024,0.047619,0,0,0.007937,0,0,0,0,0,0,0,0,no
0.006024,0,0,0,0.007937,0,0,0,0,0,0,0,0,no
0.006024,0,0,0,0.007937,0,0,0,0,0,0,0,0,no
0.006024,0,0,0,0.007937,0,0,0,0,0,0,0,0,no
0.009036,0.047619,0,0,0,0,0,0,0,0,0,0,0,no
0.006024,0.047619,0,0,0.007937,0,0,0,0,0,0,0,0,no
0.009036,0,0,0,0.007937,0,0,0,0,0,0,0,0,no
0.009036,0,0,0,0,0,0,0,0,0,0,0,0,no
0.018072,0,0,0,0,0.032258,0,0,0,0,0,0,0,no
0.009036,0.142857,0,0,0,0,0,0,0,0,0,0,0,no
0.054217,0.047619,0,0,0,0.16129,0,0,0,0,0,0,0,no
0.006024,0,0,0,0.007937,0,0,0,0,0,0,0,0,no
0.006024,0.047619,0,0,0,0,0,0,0,0,0,0,0,no
0.009036,0.047619,0,0,0,0,0,0,0,0,0,0,0,no
0.012048,0.142857,0,0,0,0,0,0,0,0,0,0,0,no
0.009036,0.047619,0,0,0,0,0,0,0,0,0,0,0,no
0.009036,0.047619,0,0,0,0,0,0,0,0,0,0,0,no
0.012048,0.047619,0,0,0,0,0,0,0,0,0,0,0,no
0.012048,0.142857,0,0,0,0,0,0,0,0,0,0,0,no
0.006024,0,0,0,0.007937,0,0,0,0,0,0,0,0,no
0.006024,0.047619,0,0,0,0,0,0,0,0,0,0,0,no
0.009036,0.047619,0,0,0,0,0,0,0,0,0,0,0,no
0.012048,0.142857,0,0,0,0,0,0,0,0,0,0,0,no
0.009036,0.047619,0,0,0,0,0,0,0,0,0,0,0,no
0.009036,0.047619,0,0,0,0,0,0,0,0,0,0,0,no
0.012048,0.047619,0,0,0,0,0,0,0,0,0,0,0,no
0.012048,0.142857,0,0,0,0,0,0,0,0,0,0,0,no
0.01506,0.095238,0,0,0,0.016129,0.037037,0.083333,0.005618,0,0.021552,0.021552,0,no
0.006024,0,0,0,0.015873,0,0,0,0,0,0,0,0,no
0.009036,0.047619,0,0,0,0,0,0,0,0,0,0,0,no
0.009036,0.142857,0,0,0,0,0,0,0,0,0,0,0,no
0.01506,0.142857,0,0,0,0,0,0,0,0,0,0,0,no
0.009036,0.047619,0,0,0,0,0,0,0,0,0,0,0,no
0.006024,0,0,0,0.007937,0,0,0,0,0,0,0,0,no
0.01506,0,0,0,0,0.016129,0,0,0,0,0,0,0,no
0.009036,0,0,0,0,0,0,0,0,0,0,0,0,no
0.009036,0.095238,0,0,0,0,0,0,0,0,0,0,0,no
0.009036,0.047619,0,0,0,0,0,0,0,0,0,0,0,no
0.042169,0.047619,0,0,0.007937,0.16129,0,0,0,0,0,0,0,no
0.039157,0.047619,0,0,0.007937,0.145161,0,0,0,0,0,0,0,no
0.009036,0.047619,0,0,0,0,0,0,0,0,0,0,0,no
0.009036,0.047619,0,0,0,0,0,0,0,0,0,0,0,no
0.012048,0.047619,0,0,0,0,0,0,0,0,0,0,0,no
0.012048,0.047619,0,0,0,0,0,0,0,0,0,0,0,no
0.009036,0.047619,0,0,0,0,0,0,0,0,0,0,0,no
0.009036,0.047619,0,0,0,0,0,0,0,0,0,0,0,no
0.012048,0.047619,0,0,0,0,0,0,0,0,0,0,0,no
0.012048,0.142857,0,0,0,0,0,0,0,0,0,0,0,no
0.009036,0.047619,0,0,0,0,0,0,0,0,0,0,0,no
0.009036,0.047619,0,0,0,0,0,0,0,0,0,0,0,no
0.012048,0.047619,0,0,0,0,0,0,0,0,0,0,0,no
0.012048,0.142857,0,0,0,0,0,0,0,0,0,0,0,no
0.009036,0.047619,0,0,0,0,0,0,0,0,0,0,0,no
0.009036,0.047619,0,0,0,0,0,0,0,0,0,0,0,no
0.006024,0,0,0,0.007937,0,0,0,0,0,0,0,0,no
0.01506,0,0,0,0,0.016129,0,0,0,0,0,0,0,no
0.009036,0,0,0,0,0,0,0,0,0,0,0,0,no
0.009036,0.095238,0,0,0,0,0,0,0,0,0,0,0,no
0.009036,0.047619,0,0,0,0,0,0,0,0,0,0,0,no
0.009036,0,0,0,0,0,0,0,0,0,0,0,0,no
0.009036,0.047619,0,0,0,0,0,0,0,0,0,0,0,no
0.006024,0.047619,0,0,0.007937,0,0,0,0,0,0,0,0,no
0.006024,0,0,0,0.007937,0,0,0,0,0,0,0,0,no
0.006024,0,0,0,0.007937,0,0,0,0,0,0,0,0,no
0.006024,0,0,0,0.007937,0,0,0,0,0,0,0,0,no
0.009036,0.047619,0,0,0,0,0,0,0,0,0,0,0,no
0.006024,0.047619,0,0,0.007937,0,0,0,0,0,0,0,0,no
0.009036,0,0,0,0.007937,0,0,0,0,0,0,0,0,no
0.009036,0,0,0,0,0,0,0,0,0,0,0,0,no
0.018072,0,0,0,0,0.032258,0,0,0,0,0,0,0,no
0.009036,0.142857,0,0,0,0,0,0,0,0,0,0,0,no
0,0,0,0,0,0,0,0,0,0,0,0,0,no
0.033133,0,0,0,0,0.080645,0,0,0,0,0,0,0,no
0.009036,0.047619,0,0,0,0,0,0,0,0,0,0,0,no
0.03012,0,0,0,0,0.080645,0,0,0,0,0,0,0,no
0.009036,0.047619,0,0,0,0,0,0,0,0,0,0,0,no
0.01506,0.095238,0,0,0.007937,0.016129,0,0,0,0,0,0,0,no
0.009036,0.142857,0,0,0,0,0,0,0,0,0,0,0,no
0.018072,0.190476,0,0,0,0,0,0,0,0,0,0,0,no
0.006024,0,0,0,0.007937,0,0,0,0,0,0,0,0,no
0.009036,0,0,0,0,0,0,0,0,0,0,0,0,no
0.009036,0.142857,0,0,0,0,0,0,0,0,0,0,0,no
0.009036,0.047619,0,0,0,0,0,0,0,0,0,0,0,no
0.009036,0.047619,0,0,0,0,0,0,0,0,0,0,0,no
0.01506,0.142857,0,0,0,0.016129,0,0,0,0,0,0,0,no
0.009036,0,0,0,0,0,0,0,0,0,0,0,0,no
0.009036,0,0,0,0,0,0,0,0,0,0,0,0,no
0.03012,0.095238,0,0,0.007937,0,0.037037,0.083333,0.011236,0,0.043103,0.043103,0,no
0.03012,0.095238,0,0,0,0.032258,0.037037,0.083333,0.011236,0,0.043103,0.043103,0,no
0.006024,0.047619,0,0,0.007937,0,0,0,0,0,0,0,0,no
0.012048,0.047619,0,0,0.007937,0,0,0,0,0,0,0,0,no
0.009036,0.142857,0,0,0,0,0,0,0,0,0,0,0,no
0.01506,0,0,0,0,0.016129,0,0,0,0,0,0,0,no
0.01506,0.047619,0,0,0,0.016129,0,0,0,0,0,0,0,no
0.009036,0,0,0,0,0,0,0,0,0,0,0,0,no
0.021084,0.047619,0,0,0,0.016129,0,0,0,0,0,0,0,no
0.009036,0.047619,0,0,0,0,0,0,0,0,0,0,0,no
0.027108,0.047619,0.010638,0,0,0.032258,0,0,0,0,0,0,0,no
0.009036,0.047619,0,0,0,0,0,0,0,0,0,0,0,no
0.018072,0.047619,0,0,0,0.016129,0,0,0,0,0,0,0,no
0.009036,0.047619,0,0,0,0,0,0,0,0,0,0,0,no
0.009036,0.047619,0,0,0,0,0.037037,0.083333,0.003371,0,0.012931,0.012931,0,no
0.009036,0.047619,0,0,0,0,0.037037,0.083333,0.003371,0,0.012931,0.012931,0,no
0.009036,0.047619,0,0,0,0,0.037037,0.083333,0.003371,0,0.012931,0.012931,0,no
0.009036,0,0,0,0,0,0.037037,0.083333,0.003371,0,0.012931,0.012931,0,no
0.03012,0.047619,0.010638,0,0,0.032258,0.037037,0.083333,0.011236,0,0.043103,0.043103,0,no
0.009036,0.047619,0,0,0,0,0.037037,0.083333,0.003371,0,0.012931,0.012931,0,no
0.009036,0.047619,0,0,0,0,0.037037,0.083333,0.003371,0,0.012931,0.012931,0,no
0.009036,0.047619,0,0,0,0,0.037037,0.083333,0.003371,0,0.012931,0.012931,0,no
0.018072,0.047619,0,0,0,0.032258,0.037037,0.083333,0.006742,0,0.025862,0.025862,0,no
0.03012,0.095238,0,0,0.007937,0,0.055556,0.125,0.016854,0,0.043103,0.043103,1,no
0.03012,0.095238,0,0,0,0.032258,0.092593,0.166667,0.015169,0,0.030172,0.023276,1,no
0.018072,0.047619,0,0,0,0.032258,0.12963,0.208333,0.008427,0,0.012931,0.009236,1,no
0.021084,0.047619,0,0,0,0.032258,0.037037,0.083333,0.007865,0,0.030172,0.030172,0,no
0.045181,0.047619,0,0,0,0.096774,0,0,0,0,0,0,0,no
0.012048,0.142857,0,0,0,0,0.037037,0.083333,0.004494,0,0.017241,0.017241,0,no
0.009036,0,0,0,0,0,0.037037,0.083333,0.003371,0,0.012931,0.012931,0,no
0.009036,0.047619,0,0,0,0,0.037037,0.083333,0.003371,0,0.012931,0.012931,0,no
0.012048,0,0,0,0,0,0.037037,0.083333,0.004494,0,0.017241,0.017241,0,no
0.009036,0.047619,0,0,0,0,0.037037,0.083333,0.003371,0,0.012931,0.012931,0,no
0.012048,0.047619,0,0,0,0.016129,0.037037,0.083333,0.004494,0,0.017241,0.017241,0,no
0.009036,0.047619,0,0,0,0,0.037037,0.083333,0.003371,0,0.012931,0.012931,0,no
0,0.095238,0,0,0,0,0.037037,0.083333,0.003371,0,0.012931,0.012931,0,no
0.009036,0.095238,0,0,0,0,0.037037,0.083333,0.003371,0,0.012931,0.012931,0,no
0.009036,0.095238,0,0,0,0,0.037037,0.083333,0.003371,0,0.012931,0.012931,0,no
0.009036,0.095238,0,0,0,0,0.037037,0.083333,0.003371,0,0.012931,0.012931,0,no
0.009036,0.095238,0,0,0,0,0.037037,0.083333,0.003371,0,0.012931,0.012931,0,no
0.009036,0.095238,0,0,0,0,0.037037,0.083333,0.003371,0,0.012931,0.012931,0,no
0.009036,0.095238,0,0,0,0,0.037037,0.083333,0.003371,0,0.012931,0.012931,0,no
0.009036,0.095238,0,0,0,0,0.037037,0.083333,0.003371,0,0.012931,0.012931,0,no
0.009036,0,0,0,0,0,0.037037,0.083333,0.003371,0,0.012931,0.012931,0,no
0.006024,0,0,0,0.007937,0,0,0,0,0,0,0,0,no
0.009036,0,0,0,0,0,0.037037,0.083333,0.001124,0.001183,0.008621,0.008621,0,no
0.009036,0,0,0,0,0,0.037037,0.083333,0.001124,0.001183,0.008621,0.008621,0,no
0,0.142857,0,0,0,0,0.037037,0.083333,0,0,0,0,0,no
0.009036,0,0,0,0,0,0,0,0,0,0,0,0,no
0.009036,0,0,0,0,0,0.037037,0.083333,0.003371,0,0.012931,0.012931,0,no
0.018072,0.095238,0,0,0,0.032258,0.055556,0.083333,0.001685,0.001775,0.008621,0.008621,0,no
0.03012,0.047619,0,0,0,0.112903,0.037037,0.083333,0.011236,0,0.043103,0.043103,0,no
0.018072,0.095238,0,0,0,0.048387,0.037037,0.083333,0.006742,0,0.025862,0.025862,0,no
0.036145,0,0,0,0,0.032258,0.037037,0.083333,0.013483,0,0.051724,0.051724,0,no
0.009036,0,0,0,0,0,0.037037,0.083333,0.003371,0,0.012931,0.012931,0,no
0.009036,0,0,0,0,0,0.037037,0.083333,0.003371,0,0.012931,0.012931,0,no
0.009036,0,0,0,0,0,0.037037,0.083333,0.003371,0,0.012931,0.012931,0,no
0.009036,0,0,0,0,0,0.037037,0.083333,0.003371,0,0.012931,0.012931,0,no
0.009036,0,0,0,0,0,0.037037,0.083333,0.003371,0,0.012931,0.012931,0,no
0.009036,0,0,0,0,0,0.037037,0.083333,0.003371,0,0.012931,0.012931,0,no
0.009036,0,0,0,0,0,0.037037,0.083333,0.003371,0,0.012931,0.012931,0,no
0.012048,0.047619,0,0,0,0,0.037037,0.083333,0.004494,0,0.017241,0.017241,0,no
0.012048,0.047619,0,0,0,0,0.037037,0.083333,0.004494,0,0.017241,0.017241,0,no
0.012048,0.047619,0,0,0,0,0.037037,0.083333,0.004494,0,0.017241,0.017241,0,no
0.012048,0.047619,0,0,0,0,0.037037,0.083333,0.004494,0,0.017241,0.017241,0,no
0.012048,0.047619,0,0,0,0,0.037037,0.083333,0.004494,0,0.017241,0.017241,0,no
0.012048,0.047619,0,0,0,0,0.037037,0.083333,0.004494,0,0.017241,0.017241,0,no
0.012048,0.047619,0,0,0,0,0.074074,0.083333,0.004494,0,0.012931,0.008621,0,no
0.012048,0.047619,0,0,0,0.016129,0.037037,0.083333,0.004494,0,0.017241,0.017241,0,no
0.024096,0.047619,0,0,0,0.032258,0.074074,0.083333,0.024719,0.016568,0.094828,0.077586,0,no
0.018072,0.142857,0,0,0,0,0.074074,0.083333,0.007865,0.001183,0.025862,0.017241,0,no
0.01506,0.095238,0.010638,0,0,0.032258,0.092593,0.083333,0.007303,0.001775,0.021552,0.013793,0,no
0.009036,0.047619,0,0,0,0,0.037037,0.083333,0.003371,0,0.012931,0.012931,0,no
0.012048,0.047619,0,0,0,0.016129,0.092593,0.083333,0.00618,0.001775,0.017241,0.012069,0,no
0.009036,0,0,0,0,0,0.092593,0.083333,0.005056,0.001775,0.012931,0.010345,0,no
0.009036,0,0,0,0,0,0.037037,0.083333,0.003371,0,0.012931,0.012931,0,no
0.009036,0,0,0,0,0,0.037037,0.083333,0.003371,0,0.012931,0.012931,0,no
0.009036,0,0,0,0,0,0.037037,0.083333,0.003371,0,0.012931,0.012931,0,no
0.012048,0.047619,0,0,0,0,0.037037,0.083333,0.004494,0,0.017241,0.017241,0,no
0.012048,0.047619,0,0,0,0,0.037037,0.083333,0.004494,0,0.017241,0.017241,0,no
0.012048,0.047619,0,0,0,0,0.037037,0.083333,0.004494,0,0.017241,0.017241,0,no
0.012048,0.047619,0,0,0,0,0.037037,0.083333,0.004494,0,0.017241,0.017241,0,no
0.012048,0.047619,0,0,0,0,0.037037,0.083333,0.004494,0,0.017241,0.017241,0,no
0.012048,0.047619,0,0,0,0,0.037037,0.083333,0.004494,0,0.017241,0.017241,0,no
0.01506,0.047619,0,0,0,0,0.092593,0.083333,0.007303,0.001775,0.021552,0.013793,0,no
0.009036,0.142857,0,0,0,0,0.074074,0.083333,0.019101,0.016568,0.12931,0.06681,0,no
0.009036,0.047619,0,0,0,0,0.037037,0.083333,0.003371,0,0.012931,0.012931,0,no
0.006024,0,0,0,0,0,0.037037,0.083333,0.002247,0,0.008621,0.008621,0,no
0.009036,0.047619,0,0,0,0,0.037037,0.083333,0.003371,0,0.012931,0.012931,0,no
0.021084,0.142857,0,0,0,0.016129,0.055556,0.083333,0.008427,0.000592,0.034483,0.022989,0,no
0.012048,0.047619,0,0,0,0,0.037037,0.083333,0.004494,0,0.017241,0.017241,0,no
0.054217,0,0,0,0,0,0.111111,0.083333,0.020225,0,0.077586,0.025862,0,no
0.054217,0.761905,0,0,0,0,0.037037,0.083333,0.020225,0,0.077586,0.077586,0,no
0.054217,0.047619,0,0,0,0,0.111111,0.083333,0.020225,0,0.077586,0.025862,0,no
0.009036,0,0,0,0,0,0.037037,0.083333,0.003371,0,0.012931,0.012931,0,no
0.009036,0,0,0,0,0,0.037037,0.083333,0.003371,0,0.012931,0.012931,0,no
0.009036,0,0,0,0,0,0.037037,0.083333,0.003371,0,0.012931,0.012931,0,no
0.009036,0,0,0,0,0,0.037037,0.083333,0.003371,0,0.012931,0.012931,0,no
0.009036,0,0,0,0,0,0.037037,0.083333,0.003371,0,0.012931,0.012931,0,no
0.009036,0,0,0,0,0,0.037037,0.083333,0.003371,0,0.012931,0.012931,0,no
0.009036,0,0,0,0,0,0.037037,0.083333,0.003371,0,0.012931,0.012931,0,no
0.009036,0,0,0,0,0,0.037037,0.083333,0.003371,0,0.012931,0.012931,0,no
0.009036,0.047619,0,0,0,0,0.037037,0.083333,0.003371,0,0.012931,0.012931,0,no
0.009036,0,0,0,0,0,0.037037,0.083333,0.003371,0,0.012931,0.012931,0,no
0.009036,0.095238,0,0,0,0,0.037037,0.083333,0.003371,0,0.012931,0.012931,0,no
0.009036,0.047619,0,0,0,0,0.037037,0.083333,0.003371,0,0.012931,0.012931,0,no
0.009036,0.047619,0,0,0,0,0.037037,0.083333,0.003371,0,0.012931,0.012931,0,no
0.009036,0.047619,0,0,0,0,0.037037,0.083333,0.003371,0,0.012931,0.012931,0,no
0.009036,0,0,0,0,0,0.037037,0.083333,0.003371,0,0.012931,0.012931,0,no
0.009036,0.047619,0,0,0,0,0.037037,0.083333,0.003371,0,0.012931,0.012931,0,no
0.009036,0.047619,0,0,0,0,0.037037,0.083333,0.003371,0,0.012931,0.012931,0,no
0.009036,0.047619,0,0,0,0,0.037037,0.083333,0.003371,0,0.012931,0.012931,0,no
0.009036,0,0,0,0,0,0.037037,0.083333,0.003371,0,0.012931,0.012931,0,no
0.009036,0,0,0,0,0,0.037037,0.083333,0.003371,0,0.012931,0.012931,0,no
0.009036,0.047619,0,0,0,0,0.037037,0.083333,0.003371,0,0.012931,0.012931,0,no
0.009036,0,0,0,0,0,0.037037,0.083333,0.003371,0,0.012931,0.012931,0,no
0.009036,0.047619,0,0,0,0,0.037037,0.083333,0.003371,0,0.012931,0.012931,0,no
0.009036,0,0,0,0,0,0.037037,0.083333,0.003371,0,0.012931,0.012931,0,no
0.009036,0,0,0,0,0,0.037037,0.083333,0.003371,0,0.012931,0.012931,0,no
0.009036,0,0.010638,0,0,0,0.037037,0.083333,0.003371,0,0.012931,0.012931,0,no
0.009036,0,0,0,0,0,0.037037,0.083333,0.003371,0,0.012931,0.012931,0,no
0.012048,0.047619,0,0,0,0,0.037037,0.083333,0.004494,0,0.017241,0.017241,0,no
0.012048,0.047619,0,0,0,0,0.037037,0.083333,0.004494,0,0.017241,0.017241,0,no
0.012048,0.095238,0,0,0,0,0.037037,0.083333,0.004494,0,0.017241,0.017241,0,no
0.009036,0.095238,0,0,0,0,0.037037,0.083333,0.003371,0,0.012931,0.012931,0,no
0,0.047619,0,0,0,0,0.037037,0.083333,0,0,0,0,0,no
0,0.095238,0,0,0,0,0.037037,0.083333,0,0,0,0,0,no
0,0,0,0,0,0,0.037037,0.083333,0,0,0,0,0,no
0.009036,0.047619,0,0,0,0,0.037037,0.083333,0.003371,0,0.012931,0.012931,0,no
0.006024,0,0,0,0,0,0.037037,0.083333,0.002247,0,0.008621,0.008621,0,no
0.012048,0.190476,0,0,0,0,0.055556,0.083333,0.019663,0.015976,0.133621,0.08908,0,no
0.009036,0.047619,0,0,0,0,0.037037,0.083333,0.003371,0,0.012931,0.012931,0,no
0.012048,0.047619,0,0,0,0,0.037037,0.083333,0.004494,0,0.017241,0.017241,0,no
0.01506,0.047619,0,0,0,0.016129,0.037037,0.083333,0.005618,0,0.021552,0.021552,0,no
0.009036,0.047619,0,0,0,0,0.037037,0.083333,0.003371,0,0.012931,0.012931,0,no
0.012048,0.047619,0,0,0,0.016129,0.037037,0.083333,0.004494,0,0.017241,0.017241,0,no
0.009036,0.047619,0,0,0,0,0.037037,0.083333,0.003371,0,0.012931,0.012931,0,no
0.012048,0.142857,0,0,0,0,0.037037,0.083333,0.004494,0,0.017241,0.017241,0,no
0.01506,0.095238,0,0,0,0,0.037037,0.083333,0.005618,0,0.021552,0.021552,0,no
0.018072,0.190476,0,0,0,0,0.037037,0.083333,0.006742,0,0.025862,0.025862,0,no
0.009036,0,0,0,0,0,0.037037,0.083333,0.003371,0,0.012931,0.012931,0,no
0.018072,0.190476,0,0,0,0,0.037037,0.083333,0.006742,0,0.025862,0.025862,0,no
0.009036,0.047619,0,0,0,0,0.037037,0.083333,0.003371,0,0.012931,0.012931,0,no
0.009036,0.047619,0,0,0.007937,0,0.037037,0.083333,0.003371,0,0.012931,0.012931,0,no
0.01506,0.047619,0,0,0,0.032258,0.037037,0.083333,0.005618,0,0.021552,0.021552,0,no
0.024096,0,0,0,0,0.016129,0.037037,0.083333,0.008989,0,0.034483,0.034483,0,no
0.009036,0,0,0,0,0,0.037037,0.083333,0.003371,0,0.012931,0.012931,0,no
0.01506,0.142857,0,0,0,0,0.037037,0.083333,0.005618,0,0.021552,0.021552,0,no
0.018072,0.047619,0,0,0,0.048387,0.037037,0.083333,0.006742,0,0.025862,0.025862,0,no
0.012048,0.095238,0,0,0,0.016129,0.037037,0.083333,0.004494,0,0.017241,0.017241,0,no
0.009036,0.047619,0,0,0,0,0.037037,0.083333,0.003371,0,0.012931,0.012931,0,no
0.021084,0,0,0,0,0.016129,0.037037,0.083333,0.007865,0,0.030172,0.030172,0,no
0.009036,0,0,0,0,0,0.037037,0.083333,0.003371,0,0.012931,0.012931,0,no
0.009036,0,0,0,0,0,0.037037,0.083333,0.003371,0,0.012931,0.012931,0,no
0.009036,0,0,0,0,0,0.037037,0.083333,0.003371,0,0.012931,0.012931,0,no
0.009036,0,0,0,0,0,0.037037,0.083333,0.003371,0,0.012931,0.012931,0,no
0.012048,0.047619,0,0,0,0,0.037037,0.083333,0.004494,0,0.017241,0.017241,0,no
0.012048,0.047619,0,0,0,0,0.037037,0.083333,0.004494,0,0.017241,0.017241,0,no
0.012048,0.047619,0,0,0,0,0.037037,0.083333,0.004494,0,0.017241,0.017241,0,no
0.027108,0.047619,0,0,0,0,0.037037,0.083333,0.010112,0,0.038793,0.038793,0,no
0.009036,0.047619,0,0,0,0,0.037037,0.083333,0.003371,0,0.012931,0.012931,0,no
0.009036,0,0,0,0,0,0.037037,0.083333,0.003371,0,0.012931,0.012931,0,no
0.009036,0.047619,0,0,0,0,0.037037,0.083333,0.003371,0,0.012931,0.012931,0,no
0.009036,0.047619,0,0,0,0,0.037037,0.083333,0.003371,0,0.012931,0.012931,0,no
0.009036,0.047619,0,0,0,0,0.037037,0.083333,0.003371,0,0.012931,0.012931,0,no
0.012048,0.095238,0,0,0,0,0.037037,0.083333,0.004494,0,0.017241,0.017241,0,no
0.01506,0.047619,0,0,0,0.032258,0.037037,0.083333,0.005618,0,0.021552,0.021552,0,no
0.009036,0.047619,0.010638,0,0.007937,0,0.037037,0.083333,0.003371,0,0.012931,0.012931,0,no
0.018072,0,0,0,0,0.016129,0.037037,0.083333,0.006742,0,0.025862,0.025862,0,no
0.009036,0.047619,0,0,0,0,0.037037,0.083333,0.001685,0.00355,0.025862,0.019397,0,no
0.009036,0.047619,0,0,0,0,0.018519,0.041667,0.001685,0,0.012931,0.012931,0,no
0.012048,0.047619,0,0,0,0.016129,0.037037,0.083333,0.004494,0,0.017241,0.017241,0,no
0.012048,0.047619,0,0,0,0,0.037037,0.083333,0.004494,0,0.017241,0.017241,0,no
0.009036,0.047619,0,0,0,0,0.018519,0.041667,0.001685,0,0.012931,0.012931,0,no
0.012048,0.095238,0,0,0,0,0.037037,0.083333,0.004494,0,0.017241,0.017241,0,no
0.009036,0.047619,0,0,0,0,0.018519,0.041667,0.001685,0,0.012931,0.012931,0,no
0.021084,0.238095,0,0,0,0,0.037037,0.083333,0.007865,0,0.030172,0.030172,0,no
0.01506,0.047619,0,0,0,0.032258,0.037037,0.083333,0.005618,0,0.021552,0.021552,0,no
0.009036,0,0,0,0,0,0.037037,0.083333,0.003371,0,0.012931,0.012931,0,no
0.009036,0,0,0,0,0,0.037037,0.083333,0.003371,0,0.012931,0.012931,0,no
0.009036,0,0,0,0,0,0.037037,0.083333,0.003371,0,0.012931,0.012931,0,no
0.009036,0,0,0,0,0,0.037037,0.083333,0.003371,0,0.012931,0.012931,0,no
0.012048,0,0,0,0,0.016129,0.037037,0.083333,0.004494,0,0.017241,0.017241,0,no
0.018072,0,0,0,0,0.032258,0.037037,0.083333,0.006742,0,0.025862,0.025862,0,no
0.009036,0.047619,0,0,0,0,0.037037,0.083333,0.003371,0,0.012931,0.012931,0,no
0.009036,0,0,0,0.007937,0,0.037037,0.083333,0.003371,0,0.012931,0.012931,0,no
0.009036,0.047619,0,0,0,0,0.037037,0.083333,0.003371,0,0.012931,0.012931,0,no
0.009036,0,0,0,0.007937,0,0.037037,0.083333,0.003371,0,0.012931,0.012931,0,no
0.006024,0.095238,0,0,0.007937,0,0.037037,0.083333,0.002247,0,0.008621,0.008621,0,no
0.006024,0,0,0,0.007937,0,0,0,0,0,0,0,0,no
0.009036,0.047619,0,0,0,0,0,0,0,0,0,0,0,no
0.009036,0,0,0,0.007937,0,0,0,0,0,0,0,0,no
0.006024,0.095238,0,0,0.007937,0,0,0,0,0,0,0,0,no
0.009036,0,0,0,0,0,0,0,0,0,0,0,0,no
0.009036,0.047619,0,0,0,0,0,0,0,0,0,0,0,no
0.006024,0.047619,0,0,0.007937,0,0,0,0,0,0,0,0,no
0.006024,0,0,0,0.007937,0,0,0,0,0,0,0,0,no
0.006024,0,0,0,0.007937,0,0,0,0,0,0,0,0,no
0.006024,0,0,0,0.007937,0,0,0,0,0,0,0,0,no
0.009036,0.047619,0,0,0,0,0,0,0,0,0,0,0,no
0.006024,0.047619,0,0,0.007937,0,0,0,0,0,0,0,0,no
0.009036,0,0,0,0.007937,0,0,0,0,0,0,0,0,no
0.009036,0,0,0,0,0,0,0,0,0,0,0,0,no
0.018072,0,0,0,0,0.032258,0,0,0,0,0,0,0,no
0.009036,0.142857,0,0,0,0,0,0,0,0,0,0,0,no
0.045181,0.095238,0,0,0,0.129032,0.037037,0.083333,0.003371,0,0.012931,0.012931,0,no
0.054217,0.095238,0,0,0,0.145161,0.037037,0.083333,0.020225,0,0.077586,0.077586,0,no
0.009036,0,0,0,0,0,0,0,0,0,0,0,0,no
0.018072,0.047619,0,0,0,0.048387,0,0,0,0,0,0,0,no
0.01506,0.047619,0,0,0,0,0,0,0,0,0,0,0,no
0.009036,0.047619,0,0,0,0,0,0,0,0,0,0,0,no
0.009036,0.047619,0,0,0,0,0,0,0,0,0,0,0,no
0.006024,0,0,0,0.007937,0,0,0,0,0,0,0,0,no
0.01506,0,0,0,0,0.016129,0,0,0,0,0,0,0,no
0.009036,0,0,0,0,0,0,0,0,0,0,0,0,no
0.006024,0.095238,0,0,0.007937,0,0,0,0,0,0,0,0,no
0.009036,0.047619,0,0,0,0,0,0,0,0,0,0,0,no
0.01506,0.142857,0,0,0,0,0,0,0,0,0,0,0,no
0.009036,0.047619,0,0,0,0,0,0,0,0,0,0,0,no
0.03012,0.047619,0,0,0,0.064516,0,0,0,0,0,0,0,no
0.018072,0,0,0,0,0.032258,0,0,0,0,0,0,0,no
0.033133,0.047619,0,0,0,0.080645,0,0,0,0,0,0,0,no
0.045181,0.047619,0,0,0,0.16129,0,0,0,0,0,0,0,no
0.009036,0.142857,0,0,0,0,0.037037,0.083333,0.001124,0.001183,0.008621,0.008621,0,no
0.009036,0.095238,0,0,0,0,0,0,0,0,0,0,0,no
0.066265,0.047619,0,0,0.007937,0.241935,0,0,0,0,0,0,0,no
0.009036,0.047619,0,0,0,0,0,0,0,0,0,0,0,no
0.009036,0.047619,0,0,0,0,0,0,0,0,0,0,0,no
0.012048,0.047619,0,0,0,0,0,0,0,0,0,0,0,no
0.009036,0.142857,0,0,0,0,0.037037,0.083333,0.001124,0.001183,0.008621,0.008621,0,no
0.009036,0.095238,0,0,0,0,0,0,0,0,0,0,0,no
0.048193,0.047619,0,0,0,0.145161,0,0,0,0,0,0,0,no
0.048193,0.047619,0,0,0.007937,0.177419,0,0,0,0,0,0,0,no
0.009036,0.047619,0,0,0,0,0,0,0,0,0,0,0,no
0.009036,0.047619,0,0,0,0,0,0,0,0,0,0,0,no
0.012048,0.047619,0,0,0,0,0,0,0,0,0,0,0,no
0.009036,0.047619,0,0,0,0,0,0,0,0,0,0,0,no
0.006024,0.095238,0,0,0.007937,0,0,0,0,0,0,0,0,no
0.006024,0.047619,0,0,0.007937,0,0,0,0,0,0,0,0,no
0.009036,0.047619,0,0,0,0,0,0,0,0,0,0,0,no
0.009036,0.142857,0,0,0,0,0,0,0,0,0,0,0,no
0.009036,0.047619,0,0,0,0,0,0,0,0,0,0,0,no
0.012048,0.047619,0,0,0,0,0,0,0,0,0,0,0,no
0.009036,0.142857,0,0,0,0,0,0,0,0,0,0,0,no
0.009036,0.047619,0,0,0,0,0,0,0,0,0,0,0,no
0.006024,0.095238,0,0,0.007937,0,0,0,0,0,0,0,0,no
0.009036,0.047619,0,0,0,0,0,0,0,0,0,0,0,no
0.009036,0.047619,0,0,0.007937,0,0,0,0,0,0,0,0,no
0.009036,0.047619,0,0,0,0,0,0,0,0,0,0,0,no
0.012048,0,0,0,0,0.016129,0,0,0,0,0,0,0,no
0.009036,0.142857,0,0,0,0,0,0,0,0,0,0,0,no
0.012048,0.047619,0,0,0,0,0,0,0,0,0,0,0,no
0.009036,0.047619,0,0,0,0,0,0,0,0,0,0,0,no
0.009036,0.047619,0,0,0,0,0,0,0,0,0,0,0,no
0.009036,0.047619,0,0,0,0,0,0,0,0,0,0,0,no
0.009036,0.047619,0,0,0,0,0,0,0,0,0,0,0,no
0.009036,0.047619,0,0,0.007937,0,0,0,0,0,0,0,0,no
0.009036,0.047619,0,0,0,0,0,0,0,0,0,0,0,no
0.012048,0.142857,0,0,0,0,0,0,0,0,0,0,0,no
0.012048,0.047619,0,0,0,0,0,0,0,0,0,0,0,no
0.03012,0.095238,0,0,0,0.016129,0.018519,0.041667,0.000562,0.000592,0.008621,0.008621,0,no
0.009036,0,0,0,0,0,0,0,0,0,0,0,0,no
0.009036,0.047619,0,0,0,0,0,0,0,0,0,0,0,no
0.009036,0.047619,0,0,0,0,0,0,0,0,0,0,0,no
0.009036,0.047619,0,0,0,0,0,0,0,0,0,0,0,no
0.009036,0.047619,0,0,0,0,0,0,0,0,0,0,0,no
0.009036,0.047619,0,0,0,0,0,0,0,0,0,0,0,no
0.01506,0,0,0,0,0.016129,0,0,0,0,0,0,0,no
0.03012,0,0,0,0,0.064516,0,0,0,0,0,0,0,no
0.009036,0.142857,0,0,0,0,0.037037,0.083333,0.001124,0.001183,0.008621,0.008621,0,no
0.009036,0.095238,0,0,0,0,0,0,0,0,0,0,0,no
0.01506,0.095238,0,0,0,0.016129,0.037037,0.083333,0.005618,0,0.021552,0.021552,0,no
0.018072,0.190476,0,0,0,0.016129,0.037037,0.083333,0.006742,0,0.025862,0.025862,0,no
0.006024,0.047619,0,0,0.007937,0,0,0,0,0,0,0,0,no
0.012048,0.047619,0,0,0,0,0,0,0,0,0,0,0,no
0.009036,0.142857,0,0,0,0,0,0,0,0,0,0,0,no
0.039157,0.095238,0,0,0,0.112903,0.037037,0.083333,0.014607,0,0.056034,0.056034,0,no
0.009036,0,0,0,0,0,0,0,0,0,0,0,0,no
0.009036,0,0,0,0,0,0,0,0,0,0,0,0,no
0.009036,0,0,0,0,0,0,0,0,0,0,0,0,no
0.009036,0,0,0,0,0,0,0,0,0,0,0,0,no
0.009036,0,0,0,0,0,0,0,0,0,0,0,0,no
0.009036,0,0,0,0,0,0,0,0,0,0,0,0,no
0.009036,0,0,0,0,0,0,0,0,0,0,0,0,no
0.009036,0,0,0,0,0,0,0,0,0,0,0,0,no
0.009036,0,0,0,0,0,0,0,0,0,0,0,0,no
0.009036,0,0,0,0,0,0,0,0,0,0,0,0,no
0.009036,0,0,0,0,0,0,0,0,0,0,0,0,no
0.009036,0,0,0,0,0,0,0,0,0,0,0,0,no
0.009036,0,0,0,0,0,0,0,0,0,0,0,0,no
0.009036,0,0,0,0,0,0,0,0,0,0,0,0,no
0.009036,0,0,0,0,0,0,0,0,0,0,0,0,no
0.01506,0,0,0,0,0.016129,0.055556,0.125,0.008427,0,0.021552,0.021552,0,no
0.024096,0,0,0,0,0.016129,0.092593,0.166667,0.012921,0,0.030172,0.019828,1,no
0.012048,0,0,0,0,0,0.092593,0.166667,0.00618,0,0.012931,0.009483,1,no
0.012048,0,0.010638,0,0,0,0.12963,0.25,0.012921,0.004734,0.030172,0.019089,1,no
0.009036,0.095238,0,0,0,0,0.055556,0.125,0.005056,0,0.012931,0.012931,0,no
0.006024,0.047619,0,0,0.007937,0,0.055556,0.125,0.003371,0,0.008621,0.008621,0,no
0.009036,0.095238,0,0,0,0,0.055556,0.125,0.005056,0,0.012931,0.012931,0,no
0.018072,0.095238,0,0,0,0,0.055556,0.125,0.010112,0,0.025862,0.025862,0,no
0.006024,0,0,0,0.007937,0,0.055556,0.125,0.003371,0,0.008621,0.008621,0,no
0.009036,0,0,0,0,0,0.055556,0.125,0.005056,0,0.012931,0.012931,0,no
0.006024,0,0,0,0.007937,0,0.055556,0.125,0.003371,0,0.008621,0.008621,0,no
0.009036,0.047619,0,0,0,0,0.055556,0.125,0.005056,0,0.012931,0.012931,0,no
0.009036,0.047619,0,0,0,0,0.055556,0.125,0.005056,0,0.012931,0.012931,0,no
0.012048,0.142857,0,0,0,0,0.055556,0.125,0.006742,0,0.017241,0.017241,0,no
0.009036,0.047619,0,0,0,0,0.037037,0.041667,0.003371,0,0.012931,0.012931,0,no
0.009036,0.047619,0,0,0,0,0.037037,0.041667,0.003371,0,0.012931,0.012931,0,no
0.027108,0,0,0,0,0.016129,0.037037,0.041667,0.010112,0,0.038793,0.038793,0,no
0.018072,0.095238,0,0,0,0.016129,0.037037,0.041667,0.006742,0,0.025862,0.025862,0,no
0.009036,0,0,0,0,0,0,0,0,0,0,0,0,no
0.006024,0.047619,0,0,0.007937,0,0,0,0,0,0,0,0,no
0.009036,0.142857,0,0,0,0,0,0,0,0,0,0,0,no
0.009036,0,0,0,0,0,0,0,0,0,0,0,0,no
0.009036,0.047619,0,0,0,0,0,0,0,0,0,0,0,no
0.009036,0,0,0,0,0,0,0,0,0,0,0,0,no
0.009036,0.047619,0,0,0,0,0,0,0,0,0,0,0,no
0.009036,0.047619,0,0,0,0,0,0,0,0,0,0,0,no
0.018072,0.095238,0,0,0,0.032258,0,0,0,0,0,0,0,no
0.009036,0,0,0,0,0,0,0,0,0,0,0,0,no
0.009036,0,0,0,0,0,0,0,0,0,0,0,0,no
0.009036,0,0,0,0,0,0,0,0,0,0,0,0,no
0.009036,0.047619,0,0,0,0,0,0,0,0,0,0,0,no
0.009036,0.047619,0,0,0,0,0,0,0,0,0,0,0,no
0.009036,0,0,0,0,0,0,0,0,0,0,0,0,no
0.006024,0.047619,0,0,0.007937,0,0,0,0,0,0,0,0,no
0.009036,0.142857,0,0,0,0,0,0,0,0,0,0,0,no
0.009036,0,0,0,0,0,0,0,0,0,0,0,0,no
0.009036,0.047619,0,0,0,0,0,0,0,0,0,0,0,no
0.009036,0,0,0,0,0,0,0,0,0,0,0,0,no
0.009036,0.047619,0,0,0,0,0,0,0,0,0,0,0,no
0.009036,0.047619,0,0,0,0,0,0,0,0,0,0,0,no
0.006024,0,0,0,0.007937,0,0,0,0,0,0,0,0,no
0.009036,0.047619,0,0,0,0,0,0,0,0,0,0,0,no
0.009036,0,0,0,0.007937,0,0,0,0,0,0,0,0,no
0.006024,0.095238,0,0,0.007937,0,0,0,0,0,0,0,0,no
0.009036,0,0,0,0,0,0,0,0,0,0,0,0,no
0.009036,0.047619,0,0,0,0,0,0,0,0,0,0,0,no
0.006024,0.047619,0,0,0.007937,0,0,0,0,0,0,0,0,no
0.006024,0,0,0,0.007937,0,0,0,0,0,0,0,0,no
0.006024,0,0,0,0.007937,0,0,0,0,0,0,0,0,no
0.006024,0,0,0,0.007937,0,0,0,0,0,0,0,0,no
0.009036,0.047619,0,0,0,0,0,0,0,0,0,0,0,no
0.006024,0.047619,0,0,0.007937,0,0,0,0,0,0,0,0,no
0.009036,0,0,0,0.007937,0,0,0,0,0,0,0,0,no
0.009036,0,0,0,0,0,0,0,0,0,0,0,0,no
0.018072,0,0,0,0,0.032258,0,0,0,0,0,0,0,no
0.009036,0.142857,0,0,0,0,0,0,0,0,0,0,0,no
0.009036,0.047619,0,0,0,0,0,0,0,0,0,0,0,no
0.009036,0,0,0,0,0,0,0,0,0,0,0,0,no
0.009036,0.047619,0,0,0,0,0,0,0,0,0,0,0,no
0.009036,0.047619,0,0,0,0,0,0,0,0,0,0,0,no
0.01506,0.095238,0,0,0,0.016129,0,0,0,0,0,0,0,no
0.009036,0,0,0,0,0,0,0,0,0,0,0,0,no
0.009036,0.047619,0,0,0,0,0,0,0,0,0,0,0,no
0.009036,0.047619,0,0,0,0,0,0,0,0,0,0,0,no
0.048193,0.095238,0,0,0,0.145161,0,0,0,0,0,0,0,no
0.039157,0.095238,0,0,0,0.129032,0,0,0,0,0,0,0,no
0.054217,0.095238,0,0,0,0.112903,0.092593,0.166667,0.02191,0.001775,0.077586,0.036207,0,no
0.006024,0,0,0,0.007937,0,0.037037,0.041667,0.002247,0,0.008621,0.008621,0,no
0.009036,0.047619,0,0,0,0,0.037037,0.041667,0.003371,0,0.012931,0.012931,0,no
0.009036,0,0,0,0.007937,0,0.037037,0.041667,0.003371,0,0.012931,0.012931,0,no
0.006024,0.095238,0,0,0.007937,0,0.037037,0.041667,0.002247,0,0.008621,0.008621,0,no
0.045181,0.095238,0,0,0,0.145161,0.092593,0.166667,0.018539,0.001775,0.064655,0.031034,0,no
0.009036,0,0,0,0.007937,0,0,0,0,0,0,0,0,no
0.009036,0.047619,0,0,0,0,0,0,0,0,0,0,0,no
0.009036,0,0,0,0,0,0,0,0,0,0,0,0,no
0.021084,0.047619,0,0,0,0.016129,0,0,0,0,0,0,0,no
0.018072,0,0,0,0,0.032258,0,0,0,0,0,0,0,no
0.009036,0.142857,0,0,0,0,0,0,0,0,0,0,0,no
0.009036,0,0,0,0.007937,0,0,0,0,0,0,0,0,no
0.009036,0.047619,0,0,0,0,0,0,0,0,0,0,0,no
0.012048,0.047619,0,0,0.007937,0.016129,0,0,0,0,0,0,0,no
0.009036,0,0,0,0,0,0,0,0,0,0,0,0,no
0.012048,0.047619,0,0,0,0.016129,0,0,0,0,0,0,0,no
0.018072,0,0,0,0,0.032258,0,0,0,0,0,0,0,no
0.009036,0.142857,0,0,0,0,0,0,0,0,0,0,0,no
0.01506,0.047619,0,0,0,0,0,0,0,0,0,0,0,no
0.01506,0.047619,0,0,0,0,0,0,0,0,0,0,0,no
0.01506,0.142857,0,0,0.007937,0,0,0,0,0,0,0,0,no
0.009036,0.047619,0,0,0,0,0,0,0,0,0,0,0,no
0.01506,0,0,0,0,0.016129,0,0,0,0,0,0,0,no
0.009036,0,0,0,0,0,0,0,0,0,0,0,0,no
0.009036,0,0,0,0,0,0,0,0,0,0,0,0,no
0.018072,0,0,0,0,0.016129,0,0,0,0,0,0,0,no
0.012048,0.047619,0,0,0,0.016129,0,0,0,0,0,0,0,no
0.012048,0,0,0,0,0.016129,0,0,0,0,0,0,0,no
0.018072,0,0,0,0,0.016129,0,0,0,0,0,0,0,no
0.012048,0.047619,0,0,0,0.016129,0,0,0,0,0,0,0,no
0.01506,0,0,0,0,0.016129,0,0,0,0,0,0,0,no
0.012048,0,0,0,0,0.016129,0,0,0,0,0,0,0,no
0.009036,0,0,0,0,0,0,0,0,0,0,0,0,no
0.012048,0,0,0,0,0.016129,0,0,0,0,0,0,0,no
0,0,0,0,0,0,0,0,0,0,0,0,0,no
0.009036,0.142857,0,0,0,0,0,0,0,0,0,0,0,no
0.024096,0,0,0,0,0.064516,0,0,0,0,0,0,0,no
0.012048,0.047619,0,0,0,0.016129,0,0,0,0,0,0,0,no
0.024096,0,0,0,0,0.064516,0,0,0,0,0,0,0,no
0.012048,0.047619,0,0,0,0.016129,0,0,0,0,0,0,0,no
0.012048,0,0,0,0,0.016129,0,0,0,0,0,0,0,no
0.009036,0.047619,0,0,0,0,0.074074,0.166667,0.006742,0,0.012931,0.012931,1,no
0.012048,0.095238,0,0,0,0.016129,0.074074,0.166667,0.008989,0,0.017241,0.017241,1,no
0.03012,0.142857,0,0,0,0.080645,0.074074,0.166667,0.022472,0,0.043103,0.043103,1,no
0.01506,0,0,0,0.007937,0.032258,0.074074,0.166667,0.011236,0,0.021552,0.021552,1,no
0.01506,0,0,0,0,0.016129,0.074074,0.166667,0.011236,0,0.021552,0.021552,1,no
0.01506,0.142857,0,0,0,0.016129,0.074074,0.166667,0.011236,0,0.021552,0.021552,1,no
0.012048,0.047619,0,0,0,0,0.074074,0.166667,0.008989,0,0.017241,0.017241,1,no
0.009036,0.047619,0,0,0,0,0.074074,0.166667,0.006742,0,0.012931,0.012931,1,no
0.006024,0.047619,0,0,0.007937,0,0.074074,0.166667,0.004494,0,0.008621,0.008621,1,no
0.009036,0.047619,0,0,0,0,0.074074,0.166667,0.006742,0,0.012931,0.012931,1,no
0.006024,0.047619,0,0,0.007937,0,0.074074,0.166667,0.004494,0,0.008621,0.008621,1,no
0.012048,0,0,0,0,0,0.074074,0.166667,0.008989,0,0.017241,0.017241,1,no
0.009036,0.142857,0,0,0,0,0.074074,0.166667,0.006742,0,0.012931,0.012931,1,no
0.009036,0,0,0,0,0,0.074074,0.166667,0.006742,0,0.012931,0.012931,1,no
0.009036,0.047619,0,0,0,0,0.074074,0.166667,0.006742,0,0.012931,0.012931,1,no
0.009036,0,0,0,0.007937,0,0.074074,0.166667,0.006742,0,0.012931,0.012931,1,no
0.009036,0.047619,0,0,0,0,0.166667,0.25,0.040449,0.026036,0.077586,0.055556,1,no
0.009036,0.047619,0,0,0,0,0.074074,0.166667,0.006742,0,0.012931,0.012931,1,no
0.012048,0.047619,0,0,0,0,0.074074,0.166667,0.008989,0,0.017241,0.017241,1,no
0.009036,0.142857,0,0,0,0,0.074074,0.166667,0.006742,0,0.012931,0.012931,1,no
0.01506,0.095238,0,0,0,0.016129,0.037037,0.083333,0.005618,0,0.021552,0.021552,0,no
0.006024,0.047619,0,0,0,0,0.074074,0.166667,0.004494,0,0.008621,0.008621,1,no
0.009036,0.047619,0,0,0,0,0.074074,0.166667,0.006742,0,0.012931,0.012931,1,no
0.009036,0.047619,0,0,0,0,0.074074,0.166667,0.006742,0,0.012931,0.012931,1,no
0.012048,0,0,0,0,0.016129,0.074074,0.166667,0.008989,0,0.017241,0.017241,1,no
0.012048,0.142857,0,0,0,0,0.074074,0.166667,0.008989,0,0.017241,0.017241,1,no
0.009036,0.047619,0,0,0,0,0.074074,0.166667,0.006742,0,0.012931,0.012931,1,no
0.009036,0.047619,0,0,0,0,0.074074,0.166667,0.006742,0,0.012931,0.012931,1,no
0.01506,0.095238,0,0,0,0.016129,0.037037,0.083333,0.005618,0,0.021552,0.021552,0,no
0.006024,0.047619,0,0,0,0,0.074074,0.166667,0.004494,0,0.008621,0.008621,1,no
0.006024,0.047619,0,0,0,0,0.074074,0.166667,0.004494,0,0.008621,0.008621,1,no
0.009036,0.047619,0,0,0,0,0.074074,0.166667,0.006742,0,0.012931,0.012931,1,no
0.006024,0.047619,0,0,0,0,0.074074,0.166667,0.004494,0,0.008621,0.008621,1,no
0.01506,0,0,0,0,0.016129,0.074074,0.166667,0.011236,0,0.021552,0.021552,1,no
0.012048,0.142857,0,0,0,0,0.074074,0.166667,0.008989,0,0.017241,0.017241,1,no
0.009036,0.047619,0,0,0,0,0.037037,0.041667,0.003371,0,0.012931,0.012931,0,no
0.048193,0.047619,0,0,0,0.096774,0.092593,0.041667,0.017978,0,0.064655,0.027586,0,no
0.009036,0.047619,0,0,0,0,0.037037,0.041667,0.003371,0,0.012931,0.012931,0,no
0.009036,0,0,0,0,0,0.037037,0.041667,0.003371,0,0.012931,0.012931,0,no
0.009036,0.047619,0,0,0,0,0.074074,0.166667,0.006742,0,0.012931,0.012931,1,no
0.01506,0.095238,0,0,0,0.032258,0.074074,0.166667,0.011236,0,0.021552,0.021552,1,no
0.009036,0.047619,0,0,0,0,0.074074,0.166667,0.006742,0,0.012931,0.012931,1,no
0.048193,0.047619,0,0,0,0,0.074074,0.166667,0.035955,0,0.068966,0.068966,1,no
0.009036,0.142857,0,0,0,0,0.074074,0.166667,0.006742,0,0.012931,0.012931,1,no
0.012048,0.095238,0,0,0,0,0.055556,0.083333,0.006742,0,0.017241,0.017241,0,no
0.009036,0,0,0,0,0,0.055556,0.083333,0.005056,0,0.012931,0.012931,0,no
0.009036,0.047619,0,0,0,0,0.055556,0.083333,0.005056,0,0.012931,0.012931,0,no
0.01506,0.047619,0,0,0.007937,0,0.055556,0.083333,0.008427,0,0.021552,0.021552,0,no
0.009036,0.142857,0,0,0,0,0.055556,0.083333,0.005056,0,0.012931,0.012931,0,no
0.024096,0,0,0,0,0.016129,0.074074,0.166667,0.017978,0,0.034483,0.034483,1,no
0.009036,0.047619,0,0,0,0,0.074074,0.166667,0.006742,0,0.012931,0.012931,1,no
0.009036,0.047619,0,0,0,0,0.074074,0.166667,0.006742,0,0.012931,0.012931,1,no
0.009036,0,0,0,0,0,0.074074,0.166667,0.006742,0,0.012931,0.012931,1,no
0.012048,0.190476,0,0,0,0,0.074074,0.166667,0.008989,0,0.017241,0.017241,1,no
0.009036,0.047619,0,0,0,0,0.074074,0.166667,0.006742,0,0.012931,0.012931,1,no
0.009036,0.047619,0,0,0,0,0.074074,0.166667,0.006742,0,0.012931,0.012931,1,no
0.009036,0.047619,0,0,0,0,0.074074,0.166667,0.006742,0,0.012931,0.012931,1,no
0.009036,0.047619,0,0,0,0,0.074074,0.166667,0.006742,0,0.012931,0.012931,1,no
0.009036,0,0,0,0,0,0.074074,0.166667,0.006742,0,0.012931,0.012931,1,no
0.012048,0.190476,0,0,0,0,0.074074,0.166667,0.008989,0,0.017241,0.017241,1,no
0.009036,0.047619,0,0,0,0,0.074074,0.166667,0.006742,0,0.012931,0.012931,1,no
0.009036,0.047619,0,0,0,0,0.055556,0.125,0.005056,0,0.012931,0.012931,0,no
0.009036,0.142857,0,0,0,0,0.074074,0.166667,0.006742,0,0.012931,0.012931,1,no
0.006024,0,0,0,0,0,0.055556,0.125,0.003371,0,0.008621,0.008621,0,no
0.009036,0.047619,0,0,0,0,0.12963,0.25,0.042697,0.028402,0.081897,0.076355,1,no
0.006024,0,0,0,0,0,0.055556,0.125,0.003371,0,0.008621,0.008621,0,no
0.009036,0.047619,0,0,0,0,0.12963,0.25,0.042697,0.028402,0.081897,0.076355,1,no
0.009036,0.047619,0,0,0,0,0.074074,0.166667,0.006742,0,0.012931,0.012931,1,no
0.009036,0.142857,0,0,0,0,0.074074,0.166667,0.006742,0,0.012931,0.012931,1,no
0.009036,0.047619,0,0,0,0,0,0,0,0,0,0,0,no
0.01506,0.095238,0,0,0,0,0,0,0,0,0,0,0,no
0.009036,0.047619,0,0,0,0,0,0,0,0,0,0,0,no
0.009036,0.047619,0,0,0,0,0,0,0,0,0,0,0,no
0.021084,0.047619,0,0,0,0,0,0,0,0,0,0,0,no
0.01506,0.047619,0,0,0,0,0,0,0,0,0,0,0,no
0.009036,0.142857,0,0,0,0,0,0,0,0,0,0,0,no
0.009036,0.047619,0,0,0,0,0,0,0,0,0,0,0,no
0.01506,0.047619,0,0,0.007937,0,0,0,0,0,0,0,0,no
0.009036,0.142857,0,0,0,0,0,0,0,0,0,0,0,no
0.009036,0.047619,0,0,0,0,0.074074,0.166667,0.006742,0,0.012931,0.012931,1,no
0.009036,0.047619,0,0,0,0,0.074074,0.166667,0.006742,0,0.012931,0.012931,1,no
0.009036,0,0,0,0,0,0.074074,0.166667,0.006742,0,0.012931,0.012931,1,no
0.012048,0.190476,0,0,0,0,0.074074,0.166667,0.008989,0,0.017241,0.017241,1,no
0.009036,0.047619,0,0,0,0,0.074074,0.166667,0.006742,0,0.012931,0.012931,1,no
0.009036,0.047619,0,0,0,0,0.074074,0.166667,0.006742,0,0.012931,0.012931,1,no
0.012048,0.190476,0,0,0,0,0.074074,0.166667,0.008989,0,0.017241,0.017241,1,no
0.009036,0.047619,0,0,0,0,0.074074,0.166667,0.006742,0,0.012931,0.012931,1,no
0.012048,0.190476,0,0,0,0,0.074074,0.166667,0.008989,0,0.017241,0.017241,1,no
0.009036,0.047619,0,0,0,0,0.074074,0.166667,0.006742,0,0.012931,0.012931,1,no
0.009036,0.047619,0,0,0,0,0.074074,0.166667,0.006742,0,0.012931,0.012931,1,no
0.012048,0.190476,0,0,0,0,0.074074,0.166667,0.008989,0,0.017241,0.017241,1,no
0.009036,0.047619,0,0,0,0,0.203704,0.25,0.042697,0.028994,0.077586,0.048981,1,no
0.009036,0,0,0,0,0,0.074074,0.166667,0.006742,0,0.012931,0.012931,1,no
0.009036,0.047619,0,0,0,0,0.074074,0.166667,0.006742,0,0.012931,0.012931,1,no
0.009036,0,0,0,0.007937,0,0.074074,0.166667,0.006742,0,0.012931,0.012931,1,no
0.009036,0.047619,0,0,0,0,0.074074,0.166667,0.006742,0,0.012931,0.012931,1,no
0.009036,0,0,0,0,0,0.074074,0.166667,0.006742,0,0.012931,0.012931,1,no
0.009036,0.047619,0,0,0,0,0.074074,0.166667,0.006742,0,0.012931,0.012931,1,no
0.009036,0,0,0,0.007937,0,0.074074,0.166667,0.006742,0,0.012931,0.012931,1,no
0.009036,0,0,0,0,0,0.074074,0.166667,0.006742,0,0.012931,0.012931,1,no
0.009036,0.047619,0,0,0,0,0.074074,0.166667,0.006742,0,0.012931,0.012931,1,no
0.009036,0,0,0,0.007937,0,0.074074,0.166667,0.006742,0,0.012931,0.012931,1,no
0.009036,0.047619,0,0,0,0,0.074074,0.166667,0.006742,0,0.012931,0.012931,1,no
0.009036,0,0,0,0,0,0.074074,0.166667,0.006742,0,0.012931,0.012931,1,no
0.009036,0.047619,0,0,0,0,0.074074,0.166667,0.006742,0,0.012931,0.012931,1,no
0.009036,0.047619,0,0,0,0,0.074074,0.166667,0.006742,0,0.012931,0.012931,1,no
0.012048,0.047619,0,0,0,0,0.074074,0.166667,0.008989,0,0.017241,0.017241,1,no
0.01506,0,0,0,0,0.016129,0.074074,0.166667,0.011236,0,0.021552,0.021552,1,no
0,0,0,0,0,0,0.074074,0.166667,0,0,0,0,1,no
0.009036,0,0,0,0,0,0.074074,0.166667,0.006742,0,0.012931,0.012931,1,no
0,0.047619,0,0,0,0,0.074074,0.166667,0,0,0,0,1,no
0.009036,0,0,0,0,0,0.074074,0.166667,0.006742,0,0.012931,0.012931,1,no
0.009036,0.047619,0,0,0,0,0.074074,0.166667,0.006742,0,0.012931,0.012931,1,no
0.009036,0.095238,0,0,0,0,0.074074,0.166667,0.006742,0,0.012931,0.012931,1,no
0.009036,0,0,0,0,0,0.074074,0.166667,0.006742,0,0.012931,0.012931,1,no
0.012048,0.047619,0,0,0,0.016129,0.074074,0.166667,0.008989,0,0.017241,0.017241,1,no
0.006024,0.047619,0,0,0.007937,0,0.074074,0.166667,0.004494,0,0.008621,0.008621,1,no
0.009036,0.095238,0,0,0,0,0.074074,0.166667,0.006742,0,0.012931,0.012931,1,no
0.009036,0.047619,0,0,0,0,0.074074,0.166667,0.006742,0,0.012931,0.012931,1,no
0.009036,0.142857,0,0,0,0,0.074074,0.166667,0.006742,0,0.012931,0.012931,1,no
0.009036,0,0,0,0,0,0.074074,0.166667,0.006742,0,0.012931,0.012931,1,no
0.01506,0.095238,0,0,0,0,0.074074,0.166667,0.011236,0,0.021552,0.021552,1,no
0.01506,0.047619,0,0,0,0.016129,0.074074,0.166667,0.011236,0,0.021552,0.021552,1,no
0.009036,0.047619,0,0,0,0,0.074074,0.166667,0.006742,0,0.012931,0.012931,1,no
0.009036,0.095238,0,0,0,0,0.074074,0.166667,0.006742,0,0.012931,0.012931,1,no
0.01506,0,0,0,0,0.016129,0.074074,0.166667,0.011236,0,0.021552,0.021552,1,no
0.012048,0.142857,0,0,0,0,0.074074,0.166667,0.008989,0,0.017241,0.017241,1,no
0.009036,0.047619,0,0,0,0,0.074074,0.166667,0.006742,0,0.012931,0.012931,1,no
0.009036,0.047619,0,0,0,0,0.074074,0.166667,0.006742,0,0.012931,0.012931,1,no
0.009036,0.047619,0,0,0,0,0.074074,0.166667,0.006742,0,0.012931,0.012931,1,no
0.009036,0.142857,0,0,0,0,0.074074,0.166667,0.006742,0,0.012931,0.012931,1,no
0.009036,0,0,0,0,0,0.074074,0.166667,0.006742,0,0.012931,0.012931,1,no
0.009036,0.047619,0,0,0,0,0.074074,0.166667,0.006742,0,0.012931,0.012931,1,no
0.009036,0.095238,0,0,0,0,0.074074,0.166667,0.006742,0,0.012931,0.012931,1,no
0.009036,0,0,0,0,0,0.074074,0.166667,0.006742,0,0.012931,0.012931,1,no
0.01506,0.047619,0,0,0,0.016129,0.074074,0.166667,0.011236,0,0.021552,0.021552,1,no
0.009036,0.047619,0,0,0.007937,0,0.12963,0.208333,0.011798,0,0.012931,0.012931,1,no
0.009036,0.047619,0,0,0,0,0.12963,0.25,0.008427,0.001775,0.012931,0.011084,1,no
0.009036,0.047619,0,0,0.007937,0,0.12963,0.208333,0.011798,0,0.012931,0.012931,1,no
0.012048,0,0,0,0,0,0.259259,0.333333,0.014607,0.005917,0.017241,0.011084,1,no
0.012048,0.142857,0,0,0,0,0.074074,0.166667,0.008989,0,0.017241,0.017241,1,no
0.01506,0.142857,0,0,0,0,0.166667,0.25,0.025281,0,0.021552,0.021552,0,no
0.009036,0.047619,0,0,0,0,0.166667,0.25,0.015169,0,0.012931,0.012931,0,no
0.006024,0,0,0,0.007937,0,0.166667,0.25,0.010112,0,0.008621,0.008621,0,no
0.01506,0,0,0,0,0.016129,0.166667,0.25,0.025281,0,0.021552,0.021552,0,no
0.009036,0,0,0,0,0,0.166667,0.25,0.015169,0,0.012931,0.012931,0,no
0.006024,0.095238,0,0,0.007937,0,0.166667,0.25,0.010112,0,0.008621,0.008621,0,no
0.006024,0.047619,0,0,0.007937,0,0.074074,0.166667,0.004494,0,0.008621,0.008621,1,no
0.009036,0.047619,0,0,0,0,0.074074,0.166667,0.006742,0,0.012931,0.012931,1,no
0.006024,0.047619,0,0,0.007937,0,0.074074,0.166667,0.004494,0,0.008621,0.008621,1,no
0.021084,0,0,0,0,0.032258,0.148148,0.291667,0.01573,0,0.025862,0.015086,1,no
0.012048,0.142857,0,0,0,0,0.074074,0.166667,0.008989,0,0.017241,0.017241,1,no
0.009036,0.047619,0,0,0,0,0.074074,0.125,0.006742,0,0.012931,0.012931,0,no
0.009036,0,0,0,0,0,0.074074,0.125,0.006742,0,0.012931,0.012931,0,no
0.009036,0.047619,0,0,0,0,0.074074,0.125,0.006742,0,0.012931,0.012931,0,no
0.009036,0,0,0,0,0,0.074074,0.125,0.006742,0,0.012931,0.012931,0,no
0.009036,0.047619,0,0,0,0,0.074074,0.125,0.006742,0,0.012931,0.012931,0,no
0.009036,0.095238,0,0,0,0,0.074074,0.125,0.005618,0.000592,0.012931,0.011853,0,no
0.009036,0,0,0,0,0,0.055556,0.125,0.005056,0,0.012931,0.012931,0,no
0.012048,0.095238,0,0,0,0,0.074074,0.125,0.007303,0.000592,0.017241,0.015086,0,no
0.009036,0.047619,0,0,0,0,0.074074,0.125,0.005618,0.000592,0.012931,0.011853,0,no
0.009036,0.047619,0,0,0,0,0.074074,0.125,0.005618,0.000592,0.012931,0.011853,0,no
0.009036,0.142857,0,0,0,0,0.055556,0.125,0.005056,0,0.012931,0.012931,0,no
0.009036,0.047619,0,0,0,0,0.055556,0.125,0.005056,0,0.012931,0.012931,0,no
0.009036,0.047619,0,0,0,0,0.055556,0.125,0.005056,0,0.012931,0.012931,0,no
0.01506,0,0,0,0,0,0.055556,0.125,0.008427,0,0.021552,0.021552,0,no
0.009036,0.142857,0,0,0,0,0.055556,0.125,0.005056,0,0.012931,0.012931,0,no
0.009036,0.047619,0,0,0,0,0.055556,0.125,0.005056,0,0.012931,0.012931,0,no
0.009036,0.142857,0,0,0,0,0.055556,0.125,0.005056,0,0.012931,0.012931,0,no
0.009036,0,0,0,0,0,0.055556,0.125,0.005056,0,0.012931,0.012931,0,no
0.009036,0,0,0,0,0,0.055556,0.125,0.005056,0,0.012931,0.012931,0,no
0.009036,0.047619,0,0,0,0,0.055556,0.125,0.005056,0,0.012931,0.012931,0,no
0.009036,0.047619,0,0,0,0,0.055556,0.125,0.005056,0,0.012931,0.012931,0,no
0.009036,0,0,0,0,0,0.074074,0.166667,0.006742,0,0.012931,0.012931,1,no
0.009036,0,0,0,0,0,0.074074,0.166667,0.006742,0,0.012931,0.012931,1,no
0.012048,0,0,0,0,0.016129,0.074074,0.166667,0.008989,0,0.017241,0.017241,1,no
0.009036,0,0,0,0,0,0.074074,0.166667,0.006742,0,0.012931,0.012931,1,no
0,0,0,0,0,0,0.074074,0.166667,0,0,0,0,1,no
0,0,0,0,0,0,0.074074,0.166667,0,0,0,0,1,no
0,0,0,0,0,0,0.074074,0.166667,0,0,0,0,1,no
0.012048,0,0,0,0,0.016129,0.074074,0.166667,0.008989,0,0.017241,0.017241,1,no
0.018072,0.047619,0,0,0,0.048387,0.074074,0.166667,0.013483,0,0.025862,0.025862,1,no
0.009036,0,0,0,0,0,0.074074,0.166667,0.006742,0,0.012931,0.012931,1,no
0.009036,0,0,0,0,0,0.074074,0.166667,0.006742,0,0.012931,0.012931,1,no
0.009036,0,0,0,0,0,0.074074,0.166667,0.006742,0,0.012931,0.012931,1,no
0.021084,0,0,0,0,0.032258,0.074074,0.166667,0.01573,0,0.030172,0.030172,1,no
0.009036,0,0,0,0,0,0.074074,0.166667,0.006742,0,0.012931,0.012931,1,no
0.012048,0.047619,0,0,0,0,0.074074,0.166667,0.008989,0,0.017241,0.017241,1,no
0.009036,0,0,0,0,0,0.074074,0.166667,0.006742,0,0.012931,0.012931,1,no
0.009036,0,0,0,0,0,0.074074,0.166667,0.006742,0,0.012931,0.012931,1,no
0.012048,0,0,0,0,0,0.074074,0.166667,0.008989,0,0.017241,0.017241,1,no
0.009036,0,0,0,0,0,0.074074,0.166667,0.006742,0,0.012931,0.012931,1,no
0.009036,0,0,0,0,0,0.074074,0.166667,0.006742,0,0.012931,0.012931,1,no
0.021084,0.047619,0,0,0,0,0.074074,0.166667,0.01573,0,0.030172,0.030172,1,no
0.012048,0,0,0,0,0,0.074074,0.166667,0.008989,0,0.017241,0.017241,1,no
0.021084,0,0,0,0,0.016129,0.074074,0.166667,0.01573,0,0.030172,0.030172,1,no
0.009036,0.047619,0,0,0,0,0.074074,0.166667,0.006742,0,0.012931,0.012931,1,no
0.009036,0.047619,0,0,0,0,0.074074,0.166667,0.006742,0,0.012931,0.012931,1,no
0.012048,0.095238,0,0,0,0.016129,0.074074,0.166667,0.008989,0,0.017241,0.017241,1,no
0.009036,0.047619,0,0,0,0,0.074074,0.166667,0.006742,0,0.012931,0.012931,1,no
0.009036,0.047619,0,0,0,0,0.074074,0.125,0.006742,0,0.012931,0.012931,0,no
0.009036,0,0,0,0,0,0.074074,0.125,0.006742,0,0.012931,0.012931,0,no
0.009036,0.190476,0,0,0,0,0.074074,0.125,0.006742,0,0.012931,0.012931,0,no
0.036145,0.047619,0,0,0.007937,0.048387,0.092593,0.125,0.026966,0,0.051724,0.041379,0,no
0.009036,0.047619,0,0,0,0,0.074074,0.125,0.006742,0,0.012931,0.012931,0,no
0.039157,0,0,0,0,0.048387,0.037037,0.083333,0.014607,0,0.056034,0.056034,0,no
0.009036,0.047619,0,0,0.007937,0,0.12963,0.25,0.011798,0,0.012931,0.012931,0,no
0.009036,0.047619,0,0,0,0,0.12963,0.208333,0.011798,0,0.012931,0.012931,1,no
0.009036,0.047619,0,0,0.007937,0,0.12963,0.25,0.011798,0,0.012931,0.012931,0,no
0.033133,0,0,0,0,0.096774,0.166667,0.25,0.055618,0,0.047414,0.047414,0,no
0.042169,0,0,0,0.007937,0.129032,0.166667,0.25,0.070787,0,0.060345,0.060345,0,no
0.021084,0.047619,0,0,0,0.032258,0.240741,0.333333,0.076966,0.010651,0.064655,0.051393,0,no
0.012048,0.095238,0,0,0,0,0.166667,0.25,0.020225,0,0.017241,0.017241,0,no
0.009036,0,0,0,0,0,0.166667,0.25,0.015169,0,0.012931,0.012931,0,no
0.01506,0.095238,0,0,0,0.032258,0.166667,0.25,0.025281,0,0.021552,0.021552,0,no
0.01506,0.095238,0,0,0,0.032258,0.166667,0.25,0.025281,0,0.021552,0.021552,0,no
0.01506,0.142857,0,0,0,0,0.166667,0.25,0.025281,0,0.021552,0.021552,0,no
0.009036,0,0,0,0,0,0.166667,0.25,0.015169,0,0.012931,0.012931,0,no
0.045181,0,0,0,0.007937,0.129032,0.166667,0.25,0.075843,0,0.064655,0.064655,0,no
0.021084,0.047619,0,0,0,0.032258,0.240741,0.333333,0.076966,0.010651,0.064655,0.051393,0,no
0.012048,0.095238,0,0,0,0,0.166667,0.25,0.020225,0,0.017241,0.017241,0,no
0.009036,0,0,0,0,0,0.166667,0.25,0.015169,0,0.012931,0.012931,0,no
0.009036,0.095238,0,0,0,0,0.166667,0.25,0.015169,0,0.012931,0.012931,0,no
0.01506,0.095238,0,0,0,0.032258,0.166667,0.25,0.025281,0,0.021552,0.021552,0,no
0.01506,0.142857,0,0,0,0,0.166667,0.25,0.025281,0,0.021552,0.021552,0,no
0.009036,0,0,0,0,0,0.166667,0.25,0.015169,0,0.012931,0.012931,0,no
0.021084,0,0,0,0,0.048387,0.037037,0.083333,0.007865,0,0.030172,0.030172,0,no
0.009036,0.095238,0,0,0,0,0.074074,0.166667,0.006742,0,0.012931,0.012931,1,no
0.009036,0.047619,0,0,0,0,0.074074,0.166667,0.006742,0,0.012931,0.012931,1,no
0.009036,0,0,0,0,0,0.074074,0.166667,0.006742,0,0.012931,0.012931,1,no
0.009036,0.047619,0,0,0,0,0.074074,0.166667,0.006742,0,0.012931,0.012931,1,no
0.009036,0.047619,0,0,0,0,0.074074,0.166667,0.006742,0,0.012931,0.012931,1,no
0.009036,0.190476,0,0,0,0,0.074074,0.166667,0.006742,0,0.012931,0.012931,1,no
0.036145,0.095238,0,0,0.007937,0.048387,0.092593,0.125,0.026966,0,0.051724,0.041379,0,no
0.009036,0.047619,0,0,0,0,0.074074,0.125,0.006742,0,0.012931,0.012931,0,no
0.024096,0,0,0,0,0.048387,0.037037,0.083333,0.008989,0,0.034483,0.034483,0,no
0,0.047619,0,0,0,0,0.037037,0.041667,0,0,0,0,0,no
0,0,0,0,0,0,0.037037,0.041667,0,0,0,0,0,no
0.009036,0.047619,0,0,0,0,0.037037,0.041667,0.003371,0,0.012931,0.012931,0,no
0.009036,0.047619,0,0,0,0,0.037037,0.041667,0.003371,0,0.012931,0.012931,0,no
0.012048,0.095238,0,0,0,0,0.037037,0.041667,0.004494,0,0.017241,0.017241,0,no
0.012048,0.047619,0,0,0,0,0.037037,0.041667,0.004494,0,0.017241,0.017241,0,no
0.012048,0.095238,0,0,0,0,0.037037,0.041667,0.004494,0,0.017241,0.017241,0,no
0,0.047619,0,0,0,0,0.037037,0.041667,0,0,0,0,0,no
0,0.142857,0,0,0.007937,0,0.037037,0.083333,0,0,0,0,0,no
0,0,0,0,0,0,0.037037,0.041667,0,0,0,0,0,no
0.012048,0.047619,0,0,0,0.016129,0.037037,0.041667,0.004494,0,0.017241,0.017241,0,no
0.009036,0.095238,0,0,0,0,0.037037,0.041667,0.003371,0,0.012931,0.012931,0,no
0,0.095238,0,0,0.007937,0,0.037037,0.041667,0,0,0,0,0,no
0,0.142857,0,0,0.007937,0,0.037037,0.083333,0,0,0,0,0,no
0.009036,0.047619,0,0,0,0,0.037037,0.041667,0.003371,0,0.012931,0.012931,0,no
0.009036,0.142857,0,0,0,0,0.037037,0.083333,0.003371,0,0.012931,0.012931,0,no
0,0.047619,0,0,0,0,0.037037,0.041667,0,0,0,0,0,no
0.006024,0,0,0,0,0,0.037037,0.041667,0.002247,0,0.008621,0.008621,0,no
0.006024,0.047619,0,0,0.007937,0,0.074074,0.083333,0.006742,0.004734,0.025862,0.021552,0,no
0.009036,0,0,0,0,0,0.037037,0.083333,0.003371,0,0.012931,0.012931,0,no
0.009036,0.047619,0,0,0,0,0.037037,0.083333,0.003371,0,0.012931,0.012931,0,no
0.006024,0,0,0,0,0,0.037037,0.041667,0.002247,0,0.008621,0.008621,0,no
0.054217,0.047619,0,0,0.02381,0.080645,0.074074,0.125,0.021348,0.001183,0.081897,0.043103,0,no
0.006024,0.047619,0,0,0,0,0.037037,0.041667,0.002247,0,0.008621,0.008621,0,no
0.009036,0.142857,0,0,0,0,0.037037,0.083333,0.003371,0,0.012931,0.012931,0,no
0.009036,0,0,0,0,0,0.037037,0.041667,0.003371,0,0.012931,0.012931,0,no
0.009036,0.047619,0,0,0,0,0.037037,0.041667,0.003371,0,0.012931,0.012931,0,no
0.01506,0.095238,0,0,0,0.016129,0.037037,0.041667,0.005618,0,0.021552,0.021552,0,no
0.009036,0.095238,0,0,0,0,0.074074,0.125,0.004494,0.001183,0.017241,0.010776,0,no
0.012048,0.142857,0,0,0,0.016129,0.037037,0.083333,0.004494,0,0.017241,0.017241,0,no
0.006024,0,0,0,0,0,0.037037,0.041667,0.002247,0,0.008621,0.008621,0,no
0.006024,0,0,0,0,0,0.037037,0.041667,0.002247,0,0.008621,0.008621,0,no
0.006024,0.047619,0,0,0.007937,0,0.074074,0.083333,0.006742,0.004734,0.025862,0.021552,0,no
0.009036,0,0,0,0,0,0.037037,0.083333,0.003371,0,0.012931,0.012931,0,no
0.009036,0.047619,0,0,0,0,0.037037,0.083333,0.003371,0,0.012931,0.012931,0,no
0.006024,0,0,0,0,0,0.037037,0.041667,0.002247,0,0.008621,0.008621,0,no
0.051205,0.047619,0,0,0.02381,0.080645,0.074074,0.125,0.020225,0.001183,0.077586,0.040948,0,no
0.009036,0,0,0,0,0,0.037037,0.041667,0.003371,0,0.012931,0.012931,0,no
0.009036,0.047619,0,0,0,0,0.037037,0.041667,0.003371,0,0.012931,0.012931,0,no
0.01506,0.095238,0,0,0,0.016129,0.037037,0.041667,0.005618,0,0.021552,0.021552,0,no
0.009036,0.095238,0,0,0,0,0.074074,0.125,0.004494,0.001183,0.017241,0.010776,0,no
0.012048,0.142857,0,0,0,0.016129,0.037037,0.083333,0.004494,0,0.017241,0.017241,0,no
0.006024,0,0,0,0,0,0.037037,0.041667,0.002247,0,0.008621,0.008621,0,no
0.006024,0,0,0,0,0,0.037037,0.041667,0.002247,0,0.008621,0.008621,0,no
0.006024,0.047619,0,0,0.007937,0,0.074074,0.083333,0.007865,0.005917,0.030172,0.025862,0,no
0.009036,0,0,0,0,0,0.037037,0.083333,0.003371,0,0.012931,0.012931,0,no
0.009036,0.047619,0,0,0,0,0.037037,0.083333,0.003371,0,0.012931,0.012931,0,no
0.006024,0,0,0,0,0,0.037037,0.041667,0.002247,0,0.008621,0.008621,0,no
0.054217,0.047619,0,0,0.02381,0.080645,0.074074,0.125,0.021348,0.001183,0.081897,0.043103,0,no
0.027108,0.095238,0,0,0,0.016129,0.037037,0.041667,0.010112,0,0.038793,0.038793,0,no
0.009036,0,0,0,0,0,0.037037,0.041667,0.003371,0,0.012931,0.012931,0,no
0.009036,0.047619,0,0,0,0,0.037037,0.041667,0.003371,0,0.012931,0.012931,0,no
0.01506,0.095238,0,0,0,0.016129,0.037037,0.041667,0.005618,0,0.021552,0.021552,0,no
0.012048,0.095238,0,0,0,0.016129,0.074074,0.125,0.005618,0.001183,0.017241,0.012931,0,no
0.012048,0.142857,0,0,0,0.016129,0.037037,0.083333,0.004494,0,0.017241,0.017241,0,no
0.006024,0,0,0,0,0,0.037037,0.041667,0.002247,0,0.008621,0.008621,0,no
0.006024,0,0,0,0,0,0.037037,0.041667,0.002247,0,0.008621,0.008621,0,no
0.01506,0.142857,0,0,0,0,0.074074,0.166667,0.011236,0,0.021552,0.021552,0,no
0.006024,0.095238,0,0,0.007937,0,0.074074,0.166667,0.004494,0,0.008621,0.008621,0,no
0.009036,0.142857,0,0,0,0,0.074074,0.166667,0.006742,0,0.012931,0.012931,0,no
0.009036,0.142857,0,0,0,0,0.074074,0.166667,0.006742,0,0.012931,0.012931,0,no
0.009036,0.142857,0,0,0,0,0.074074,0.166667,0.006742,0,0.012931,0.012931,0,no
0.009036,0.142857,0,0,0,0,0.074074,0.166667,0.006742,0,0.012931,0.012931,0,no
0.01506,0,0,0,0,0,0.074074,0.166667,0.011236,0,0.021552,0.021552,0,no
0.009036,0.047619,0,0,0,0,0.092593,0.208333,0.007303,0.000592,0.012931,0.012069,0,no
0.006024,0,0,0,0,0,0.074074,0.166667,0.004494,0,0.008621,0.008621,0,no
0.009036,0,0,0,0,0,0.166667,0.333333,0.009551,0.002959,0.012931,0.010536,1,no
0.009036,0.047619,0,0,0,0,0.074074,0.166667,0.006742,0,0.012931,0.012931,0,no
0.009036,0.047619,0,0,0,0,0.166667,0.333333,0.009551,0.002959,0.012931,0.010536,1,no
0.009036,0.047619,0,0,0,0,0.166667,0.333333,0.009551,0.002959,0.012931,0.010536,1,no
0.009036,0.047619,0,0,0,0,0.074074,0.166667,0.006742,0,0.012931,0.012931,0,no
0.009036,0.047619,0,0,0,0,0.074074,0.166667,0.006742,0,0.012931,0.012931,0,no
0.009036,0.047619,0,0,0,0,0.074074,0.166667,0.006742,0,0.012931,0.012931,0,no
0.009036,0.047619,0,0,0,0,0.074074,0.166667,0.006742,0,0.012931,0.012931,0,no
0.009036,0.047619,0,0,0,0,0.074074,0.166667,0.006742,0,0.012931,0.012931,0,no
0.009036,0.047619,0,0,0,0,0.092593,0.208333,0.008427,0,0.012931,0.012931,1,no
0.009036,0.047619,0,0,0,0,0.092593,0.208333,0.008427,0,0.012931,0.012931,1,no
0.009036,0.047619,0,0,0,0,0.074074,0.166667,0.006742,0,0.012931,0.012931,0,no
0,0.095238,0,0,0,0,0.074074,0.166667,0,0,0,0,0,no
0,0.142857,0,0,0,0,0.074074,0.166667,0,0,0,0,0,no
0,0.142857,0,0,0,0,0.074074,0.166667,0,0,0,0,0,no
0,0.142857,0,0,0,0,0.074074,0.166667,0,0,0,0,0,no
0,0.142857,0,0,0,0,0.074074,0.166667,0,0,0,0,0,no
0,0.142857,0,0,0,0,0.074074,0.166667,0,0,0,0,0,no
0,0.142857,0,0,0,0,0.074074,0.166667,0,0,0,0,0,no
0.009036,0.047619,0,0,0,0,0.092593,0.166667,0.008427,0,0.012931,0.012931,0,no
0.009036,0.047619,0,0,0,0,0.092593,0.166667,0.008427,0,0.012931,0.012931,0,no
0.009036,0.047619,0,0,0,0,0.074074,0.166667,0.006742,0,0.012931,0.012931,0,no
0.012048,0.095238,0,0,0,0,0.074074,0.166667,0.008989,0,0.017241,0.017241,0,no
0.01506,0,0,0,0,0,0.074074,0.166667,0.011236,0,0.021552,0.021552,0,no
0.012048,0.047619,0,0,0,0,0.148148,0.208333,0.021348,0.007101,0.038793,0.02694,1,no
0.009036,0,0,0,0,0,0.074074,0.166667,0.006742,0,0.012931,0.012931,0,no
0,0,0,0,0,0,0.074074,0.166667,0,0,0,0,0,no
0.01506,0,0,0,0,0.016129,0.074074,0.166667,0.011236,0,0.021552,0.021552,0,no
0.009036,0,0,0,0,0,0.074074,0.166667,0.006742,0,0.012931,0.012931,0,no
0.01506,0.047619,0,0,0,0,0.12963,0.208333,0.010674,0.001183,0.017241,0.012931,0,no
0.012048,0.047619,0,0,0,0,0.074074,0.166667,0.008989,0,0.017241,0.017241,0,no
0.009036,0.047619,0,0,0,0,0.074074,0.166667,0.006742,0,0.012931,0.012931,0,no
0.012048,0.095238,0,0,0,0,0.074074,0.166667,0.008989,0,0.017241,0.017241,0,no
0.01506,0,0,0,0,0.016129,0.074074,0.166667,0.011236,0,0.021552,0.021552,0,no
0.009036,0,0,0,0,0,0.074074,0.166667,0.006742,0,0.012931,0.012931,0,no
0.009036,0,0,0,0,0,0.074074,0.166667,0.006742,0,0.012931,0.012931,0,no
0.009036,0.047619,0,0,0,0,0.037037,0.041667,0.003371,0,0.012931,0.012931,1,no
0.018072,0.142857,0,0,0,0,0.12963,0.208333,0.015169,0.001775,0.025862,0.018473,0,no
0.018072,0,0,0,0,0.032258,0.074074,0.166667,0.013483,0,0.025862,0.025862,0,no
0.012048,0.047619,0,0,0,0,0.092593,0.166667,0.011236,0,0.017241,0.017241,0,no
0.012048,0.095238,0,0,0,0,0.074074,0.166667,0.008989,0,0.017241,0.017241,0,no
0.009036,0.047619,0,0,0,0,0.074074,0.166667,0.006742,0,0.012931,0.012931,0,no
0.012048,0.095238,0,0,0,0,0.074074,0.166667,0.008989,0,0.017241,0.017241,0,no
0.009036,0,0,0,0,0,0.074074,0.166667,0.006742,0,0.012931,0.012931,0,no
0.012048,0.095238,0,0,0,0,0.074074,0.166667,0.008989,0,0.017241,0.017241,0,no
0.009036,0,0,0,0,0,0.074074,0.166667,0.006742,0,0.012931,0.012931,0,no
0.009036,0,0,0,0,0,0.074074,0.166667,0.006742,0,0.012931,0.012931,0,no
0.012048,0.095238,0,0,0,0,0.074074,0.166667,0.008989,0,0.017241,0.017241,0,no
0.009036,0,0,0,0,0,0.074074,0.166667,0.006742,0,0.012931,0.012931,0,no
0.009036,0,0,0,0,0,0.074074,0.166667,0.006742,0,0.012931,0.012931,0,no
0.009036,0,0,0,0,0,0.074074,0.166667,0.006742,0,0.012931,0.012931,0,no
0.063253,0.047619,0,0,0,0,0.203704,0.333333,0.044944,0.001183,0.051724,0.032132,0,no
0.009036,0,0,0,0,0,0.074074,0.166667,0.006742,0,0.012931,0.012931,0,no
0.009036,0,0,0,0,0,0.074074,0.166667,0.006742,0,0.012931,0.012931,0,no
0.009036,0,0,0,0,0,0.055556,0.125,0.005056,0,0.012931,0.012931,0,no
0.009036,0,0,0,0,0,0.055556,0.125,0.005056,0,0.012931,0.012931,0,no
0.009036,0,0,0,0,0,0.055556,0.125,0.005056,0,0.012931,0.012931,0,no
0.009036,0,0,0,0,0,0.074074,0.166667,0.006742,0,0.012931,0.012931,0,no
0.009036,0,0,0,0,0,0.055556,0.125,0.005056,0,0.012931,0.012931,0,no
0.009036,0,0,0,0,0,0.055556,0.125,0.005056,0,0.012931,0.012931,0,no
0.009036,0,0,0,0,0,0.074074,0.166667,0.006742,0,0.012931,0.012931,0,no
0.009036,0,0,0,0,0,0.074074,0.166667,0.006742,0,0.012931,0.012931,0,no
0.009036,0,0,0,0,0,0.055556,0.125,0.005056,0,0.012931,0.012931,0,no
0.009036,0,0,0,0,0,0.074074,0.166667,0.006742,0,0.012931,0.012931,0,no
0.009036,0,0,0,0,0,0.092593,0.166667,0.008427,0,0.012931,0.012931,0,no
0.009036,0,0,0,0,0,0.092593,0.166667,0.008427,0,0.012931,0.012931,0,no
0.009036,0,0,0,0,0,0.055556,0.125,0.005056,0,0.012931,0.012931,0,no
0.009036,0,0,0,0,0,0.055556,0.125,0.005056,0,0.012931,0.012931,0,no
0.009036,0,0,0,0,0,0.074074,0.166667,0.006742,0,0.012931,0.012931,0,no
0.009036,0,0,0,0,0,0.166667,0.291667,0.009551,0.002959,0.012931,0.010536,0,no
0,0,0,0,0,0,0.074074,0.166667,0,0,0,0,0,no
0,0,0,0,0,0,0.074074,0.166667,0,0,0,0,0,no
0,0,0,0,0,0,0.074074,0.166667,0,0,0,0,0,no
0,0.047619,0,0,0,0,0.074074,0.166667,0,0,0,0,0,no
0.01506,0.095238,0,0,0,0,0.074074,0.166667,0.011236,0,0.021552,0.021552,0,no
0.012048,0,0,0,0,0.016129,0.074074,0.166667,0.008989,0,0.017241,0.017241,0,no
0.012048,0,0,0,0,0.016129,0.074074,0.166667,0.008989,0,0.017241,0.017241,0,no
0.009036,0,0,0,0,0,0.074074,0.166667,0.006742,0,0.012931,0.012931,0,no
0.009036,0,0,0,0,0,0.074074,0.166667,0.006742,0,0.012931,0.012931,0,no
0.009036,0,0,0,0,0,0.074074,0.166667,0.006742,0,0.012931,0.012931,0,no
0,0.047619,0,0,0.007937,0,0.074074,0.166667,0,0,0,0,0,no
0.009036,0.047619,0,0,0,0,0.074074,0.166667,0.006742,0,0.012931,0.012931,0,no
0,0.047619,0,0,0,0,0.074074,0.166667,0,0,0,0,0,no
0,0,0,0,0.007937,0,0.074074,0.166667,0,0,0,0,0,no
0,0.047619,0,0,0.007937,0,0.074074,0.166667,0,0,0,0,0,no
0.009036,0,0,0,0.007937,0,0.074074,0.166667,0.006742,0,0.012931,0.012931,0,no
0.009036,0.095238,0,0,0,0,0.092593,0.208333,0.007303,0.000592,0.012931,0.012069,0,no
0.009036,0.095238,0,0,0,0,0.074074,0.166667,0.006742,0,0.012931,0.012931,0,no
0.009036,0.095238,0,0,0,0,0.074074,0.166667,0.006742,0,0.012931,0.012931,0,no
0.01506,0.142857,0,0,0,0,0.074074,0.166667,0.011236,0,0.021552,0.021552,0,no
0.009036,0.095238,0,0,0,0,0.074074,0.166667,0.006742,0,0.012931,0.012931,0,no
0.072289,0.142857,0,0,0.007937,0.032258,0.111111,0.166667,0.055056,0.001183,0.103448,0.071839,0,no
0.009036,0,0,0,0,0,0.092593,0.166667,0.008427,0,0.012931,0.012931,0,no
0.009036,0,0,0,0,0,0.074074,0.166667,0.006742,0,0.012931,0.012931,0,no
0.009036,0.047619,0,0,0,0,0.111111,0.25,0.019101,0,0.025862,0.024425,0,no
0.018072,0.047619,0,0,0.007937,0,0.111111,0.25,0.019101,0,0.025862,0.024425,0,no
0.009036,0.047619,0,0,0,0,0.074074,0.166667,0.006742,0,0.012931,0.012931,0,no
0.01506,0.047619,0,0,0,0,0.111111,0.25,0.016854,0,0.021552,0.021552,0,no
0.009036,0,0,0,0,0,0.111111,0.166667,0.007865,0.001183,0.012931,0.011494,0,no
0.021084,0.142857,0,0,0,0,0.037037,0.083333,0.007865,0,0.030172,0.030172,0,no
0.012048,0.047619,0,0,0,0,0.037037,0.083333,0.004494,0,0.017241,0.017241,0,no
0.012048,0.047619,0,0,0,0,0.037037,0.083333,0.004494,0,0.017241,0.017241,0,no
0.009036,0,0,0,0,0,0.037037,0.083333,0.003371,0,0.012931,0.012931,0,no
0,0.095238,0,0,0,0,0.074074,0.166667,0,0,0,0,0,no
0,0.047619,0,0,0,0,0.074074,0.166667,0,0,0,0,0,no
0,0.047619,0,0,0,0,0.074074,0.166667,0,0,0,0,0,no
0.006024,0.095238,0,0,0,0,0.074074,0.166667,0.004494,0,0.008621,0.008621,0,no
0.009036,0.047619,0,0,0,0,0.074074,0.166667,0.006742,0,0.012931,0.012931,0,no
0.006024,0.047619,0,0,0,0,0.074074,0.166667,0.004494,0,0.008621,0.008621,0,no
0,0.095238,0,0,0,0,0.037037,0.083333,0,0,0,0,0,no
0,0.095238,0,0,0,0,0.037037,0.083333,0,0,0,0,0,no
0.006024,0.095238,0,0,0,0,0.037037,0.083333,0.002247,0,0.008621,0.008621,0,no
0.006024,0.095238,0,0,0,0,0.037037,0.083333,0.002247,0,0.008621,0.008621,0,no
0,0.095238,0,0,0,0,0.074074,0.166667,0,0,0,0,0,no
0.012048,0.095238,0,0,0,0,0.074074,0.166667,0.008989,0,0.017241,0.017241,0,no
0.009036,0.095238,0,0,0,0,0.074074,0.166667,0.006742,0,0.012931,0.012931,0,no
0.009036,0.095238,0,0,0,0,0.074074,0.166667,0.006742,0,0.012931,0.012931,0,no
0.009036,0.047619,0,0,0,0,0.074074,0.166667,0.006742,0,0.012931,0.012931,0,no
0.009036,0.047619,0,0,0,0,0.074074,0.166667,0.006742,0,0.012931,0.012931,0,no
0.012048,0.047619,0,0,0,0,0.074074,0.166667,0.008989,0,0.017241,0.017241,0,no
0.009036,0.095238,0,0,0,0,0.074074,0.166667,0.006742,0,0.012931,0.012931,0,no
0.009036,0.047619,0,0,0,0,0.074074,0.166667,0.006742,0,0.012931,0.012931,0,no
0.012048,0.047619,0,0,0,0,0.074074,0.166667,0.008989,0,0.017241,0.017241,0,no
0.009036,0.095238,0,0,0,0,0.074074,0.166667,0.006742,0,0.012931,0.012931,0,no
0.009036,0.047619,0,0,0,0,0.074074,0.166667,0.006742,0,0.012931,0.012931,0,no
0,0.142857,0,0,0,0,0.037037,0.083333,0,0,0,0,0,no
0,0.047619,0,0,0,0,0.092593,0.208333,0,0,0,0,1,no
0.009036,0.142857,0,0,0,0,0.092593,0.208333,0.008427,0,0.012931,0.012931,1,no
0,0.142857,0,0,0,0,0.092593,0.208333,0,0,0,0,0,no
0,0,0,0,0,0,0.074074,0.166667,0,0,0,0,0,no
0,0.142857,0,0,0,0,0.074074,0.166667,0,0,0,0,0,no
0.009036,0.047619,0,0,0,0,0.074074,0.166667,0.006742,0,0.012931,0.012931,0,no
0.012048,0.095238,0,0,0,0,0.092593,0.208333,0.011236,0,0.017241,0.017241,1,no
0.009036,0,0,0,0,0,0.092593,0.208333,0.008427,0,0.012931,0.012931,1,no
0.009036,0,0,0,0,0,0.092593,0.208333,0.008427,0,0.012931,0.012931,1,no
0.01506,0,0.021277,0,0,0.016129,0.092593,0.208333,0.014045,0,0.021552,0.021552,1,no
0.009036,0,0,0,0,0,0.092593,0.208333,0.008427,0,0.012931,0.012931,1,no
0,0.095238,0,0,0.007937,0,0.074074,0.166667,0,0,0,0,0,no
0.009036,0.047619,0,0,0,0,0.074074,0.166667,0.006742,0,0.012931,0.012931,0,no
0.009036,0.047619,0,0,0,0,0.074074,0.166667,0.006742,0,0.012931,0.012931,0,no
0.009036,0.047619,0,0,0,0,0.074074,0.166667,0.006742,0,0.012931,0.012931,0,no
0.009036,0.095238,0,0,0,0,0.074074,0.166667,0.006742,0,0.012931,0.012931,0,no
0,0.047619,0,0,0,0,0.092593,0.208333,0,0,0,0,1,no
0.006024,0,0,0,0.015873,0,0.092593,0.208333,0.005618,0,0.008621,0.008621,1,no
0.009036,0.047619,0,0,0,0,0.092593,0.208333,0.008427,0,0.012931,0.012931,1,no
0.009036,0.047619,0,0,0,0,0.092593,0.208333,0.008427,0,0.012931,0.012931,1,no
0.009036,0.047619,0,0,0,0,0.092593,0.208333,0.008427,0,0.012931,0.012931,1,no
0.012048,0.047619,0,0,0,0,0.092593,0.208333,0.011236,0,0.017241,0.017241,1,no
0.012048,0.047619,0,0,0,0,0.092593,0.208333,0.011236,0,0.017241,0.017241,1,no
0.009036,0,0,0,0,0,0.092593,0.208333,0.008427,0,0.012931,0.012931,1,no
0.012048,0,0,0,0,0,0.092593,0.208333,0.011236,0,0.017241,0.017241,1,no
0.009036,0,0.010638,0,0,0,0.092593,0.208333,0.008427,0,0.012931,0.012931,1,no
0.009036,0,0.010638,0,0,0,0.092593,0.208333,0.008427,0,0.012931,0.012931,1,no
0.012048,0.047619,0,0,0,0,0.092593,0.208333,0.011236,0,0.017241,0.017241,1,no
0.012048,0.095238,0,0,0,0,0.037037,0.083333,0.004494,0,0.017241,0.017241,0,no
0.012048,0.047619,0,0,0,0,0.037037,0.083333,0.004494,0,0.017241,0.017241,0,no
0.012048,0.047619,0,0,0,0,0.037037,0.083333,0.004494,0,0.017241,0.017241,0,no
0.012048,0.047619,0,0,0,0,0.037037,0.083333,0.004494,0,0.017241,0.017241,0,no
0.012048,0.047619,0,0,0,0,0.037037,0.083333,0.004494,0,0.017241,0.017241,0,no
0.012048,0.047619,0,0,0,0,0.037037,0.083333,0.004494,0,0.017241,0.017241,0,no
0.009036,0.047619,0,0,0,0,0.092593,0.208333,0.008427,0,0.012931,0.012931,1,no
0.009036,0.047619,0,0,0,0,0.092593,0.208333,0.008427,0,0.012931,0.012931,1,no
0.009036,0,0.010638,0,0,0,0.092593,0.208333,0.008427,0,0.012931,0.012931,1,no
0.012048,0.047619,0,0,0,0,0.092593,0.208333,0.011236,0,0.017241,0.017241,1,no
0.012048,0.047619,0,0,0,0,0.092593,0.208333,0.011236,0,0.017241,0.017241,1,no
0.012048,0.047619,0,0,0,0,0.092593,0.208333,0.011236,0,0.017241,0.017241,1,no
0.012048,0.095238,0,0,0,0,0.092593,0.208333,0.011236,0,0.017241,0.017241,1,no
0.024096,0.190476,0,0,0,0,0.092593,0.208333,0.022472,0,0.034483,0.034483,1,no
0.009036,0,0,0,0,0,0.092593,0.208333,0.008427,0,0.012931,0.012931,1,no
0.033133,0.333333,0,0,0,0,0.037037,0.083333,0.01236,0,0.047414,0.047414,0,no
0,0.095238,0,0,0.007937,0,0.092593,0.208333,0,0,0,0,1,no
0.012048,0.095238,0,0,0,0.016129,0.092593,0.208333,0.011236,0,0.017241,0.017241,1,no
0.012048,0.047619,0,0,0,0,0.092593,0.208333,0.011236,0,0.017241,0.017241,1,no
0.009036,0.095238,0,0,0,0,0.092593,0.208333,0.008427,0,0.012931,0.012931,1,no
0.021084,0.142857,0,0,0,0,0.092593,0.208333,0.019663,0,0.030172,0.030172,1,no
0.009036,0,0,0,0,0,0.092593,0.208333,0.008427,0,0.012931,0.012931,1,no
0.009036,0.047619,0,0,0,0,0.074074,0.166667,0.006742,0,0.012931,0.012931,0,no
0.012048,0.047619,0,0,0,0,0.074074,0.166667,0.008989,0,0.017241,0.017241,0,no
0.009036,0.047619,0,0,0,0,0.018519,0.041667,0.001685,0,0.012931,0.012931,0,no
0.012048,0,0,0,0,0,0.074074,0.166667,0.008989,0,0.017241,0.017241,0,no
0.009036,0.047619,0.021277,0,0,0,0.111111,0.25,0.008989,0.000592,0.012931,0.012213,1,no
0.021084,0.095238,0,0,0,0.016129,0.037037,0.083333,0.007865,0,0.030172,0.030172,0,no
0.009036,0.047619,0,0,0,0,0.037037,0.083333,0.003371,0,0.012931,0.012931,0,no
0.009036,0,0,0,0,0,0.037037,0.083333,0.003371,0,0.012931,0.012931,0,no
0.012048,0.047619,0,0,0,0,0.037037,0.083333,0.004494,0,0.017241,0.017241,0,no
0.012048,0.047619,0,0,0,0,0.037037,0.083333,0.004494,0,0.017241,0.017241,0,no
0.012048,0.047619,0,0,0,0,0.037037,0.083333,0.004494,0,0.017241,0.017241,0,no
0.012048,0.095238,0,0,0,0,0.037037,0.083333,0.004494,0,0.017241,0.017241,0,no
0.012048,0.047619,0,0,0,0,0.037037,0.083333,0.004494,0,0.017241,0.017241,0,no
0.012048,0.095238,0,0,0,0,0.037037,0.083333,0.004494,0,0.017241,0.017241,0,no
0.012048,0.047619,0,0,0,0,0.037037,0.083333,0.004494,0,0.017241,0.017241,0,no
0.012048,0.047619,0,0,0,0,0.037037,0.083333,0.004494,0,0.017241,0.017241,0,no
0.012048,0.047619,0,0,0,0,0.037037,0.083333,0.004494,0,0.017241,0.017241,0,no
0.012048,0.095238,0,0,0,0,0.037037,0.083333,0.004494,0,0.017241,0.017241,0,no
0.012048,0.047619,0,0,0,0,0.037037,0.083333,0.004494,0,0.017241,0.017241,0,no
0.01506,0.142857,0,0,0,0,0.037037,0.083333,0.005618,0,0.021552,0.021552,0,no
0.009036,0.095238,0,0,0,0,0.037037,0.083333,0.003371,0,0.012931,0.012931,0,no
0.009036,0.095238,0,0,0,0,0.037037,0.083333,0.003371,0,0.012931,0.012931,0,no
0.009036,0.095238,0,0,0,0,0.037037,0.083333,0.003371,0,0.012931,0.012931,0,no
0.012048,0.047619,0,0,0,0,0.037037,0.083333,0.004494,0,0.017241,0.017241,0,no
0.009036,0.095238,0,0,0,0,0.092593,0.208333,0.008427,0,0.012931,0.012931,0,no
0.012048,0.095238,0,0,0,0,0.092593,0.208333,0.011236,0,0.017241,0.017241,0,no
0.009036,0.047619,0,0,0,0,0.111111,0.208333,0.008989,0.000592,0.012931,0.012213,0,no
0.009036,0.047619,0,0,0,0,0.111111,0.208333,0.008989,0.000592,0.012931,0.012213,0,no
0.01506,0,0,0,0,0,0.111111,0.208333,0.014045,0,0.021552,0.01796,0,no
0.009036,0.047619,0,0,0,0,0.092593,0.208333,0.008427,0,0.012931,0.012931,0,no
0.012048,0.047619,0,0,0,0,0.092593,0.208333,0.011236,0,0.017241,0.017241,0,no
0.012048,0.047619,0,0,0,0,0.092593,0.208333,0.011236,0,0.017241,0.017241,0,no
0.012048,0.047619,0,0,0,0,0.092593,0.208333,0.011236,0,0.017241,0.017241,0,no
0.009036,0.095238,0,0,0,0,0.092593,0.208333,0.008427,0,0.012931,0.012931,0,no
0.009036,0.047619,0,0,0,0,0.092593,0.208333,0.008427,0,0.012931,0.012931,0,no
0.01506,0.190476,0,0,0,0.016129,0.111111,0.208333,0.014607,0.000592,0.021552,0.019397,0,no
0.009036,0.142857,0,0,0,0,0.092593,0.208333,0.008427,0,0.012931,0.012931,0,no
0.009036,0.047619,0,0,0,0,0.037037,0.083333,0.003371,0,0.012931,0.012931,0,no
0.009036,0.047619,0,0,0,0,0.037037,0.083333,0.003371,0,0.012931,0.012931,0,no
0.009036,0.047619,0,0,0,0,0.037037,0.083333,0.003371,0,0.012931,0.012931,0,no
0.009036,0.095238,0,0,0,0,0.037037,0.083333,0.003371,0,0.012931,0.012931,0,no
0.012048,0.047619,0,0,0,0,0.037037,0.083333,0.004494,0,0.017241,0.017241,0,no
0.012048,0.047619,0,0,0,0,0.037037,0.083333,0.004494,0,0.017241,0.017241,0,no
0.012048,0.047619,0,0,0,0,0.037037,0.083333,0.004494,0,0.017241,0.017241,0,no
0.012048,0.047619,0,0,0,0,0.037037,0.083333,0.004494,0,0.017241,0.017241,0,no
0.012048,0.047619,0,0,0,0,0.037037,0.083333,0.004494,0,0.017241,0.017241,0,no
0.012048,0.047619,0,0,0,0,0.037037,0.083333,0.004494,0,0.017241,0.017241,0,no
0.01506,0.095238,0,0,0,0,0.037037,0.083333,0.005618,0,0.021552,0.021552,0,no
0.009036,0.047619,0,0,0,0,0.037037,0.083333,0.003371,0,0.012931,0.012931,0,no
0.009036,0.047619,0,0,0,0,0.037037,0.083333,0.003371,0,0.012931,0.012931,0,no
0.009036,0,0,0,0,0,0.037037,0.083333,0.003371,0,0.012931,0.012931,0,no
0.009036,0,0,0,0,0,0.037037,0.083333,0.003371,0,0.012931,0.012931,0,no
0.009036,0.047619,0,0,0,0,0.037037,0.083333,0.003371,0,0.012931,0.012931,0,no
0.009036,0.190476,0,0,0,0,0.037037,0.083333,0.003371,0,0.012931,0.012931,0,no
0.009036,0,0,0,0,0,0.037037,0.083333,0.003371,0,0.012931,0.012931,0,no
0.009036,0,0,0,0,0,0.037037,0.083333,0.003371,0,0.012931,0.012931,0,no
0.012048,0.095238,0,0,0,0,0.037037,0.083333,0.004494,0,0.017241,0.017241,0,no
0.009036,0,0,0,0,0,0.037037,0.083333,0.003371,0,0.012931,0.012931,0,no
0.009036,0,0,0,0,0,0.037037,0.083333,0.003371,0,0.012931,0.012931,0,no
0.012048,0.047619,0,0,0,0.016129,0.037037,0.083333,0.004494,0,0.017241,0.017241,0,no
0.012048,0.095238,0,0,0,0,0.037037,0.083333,0.004494,0,0.017241,0.017241,0,no
0.009036,0,0,0,0,0,0.037037,0.083333,0.003371,0,0.012931,0.012931,0,no
0.009036,0.047619,0,0,0,0,0.037037,0.083333,0.003371,0,0.012931,0.012931,0,no
0.009036,0.095238,0,0,0,0,0.037037,0.083333,0.003371,0,0.012931,0.012931,0,no
0.009036,0.142857,0,0,0,0,0.037037,0.083333,0.003371,0,0.012931,0.012931,0,no
0.009036,0,0,0,0,0,0.037037,0.083333,0.003371,0,0.012931,0.012931,0,no
0.009036,0.047619,0,0,0,0,0.037037,0.083333,0.003371,0,0.012931,0.012931,0,no
0.009036,0.047619,0,0,0,0,0.037037,0.083333,0.003371,0,0.012931,0.012931,0,no
0.009036,0.047619,0,0,0,0,0.037037,0.083333,0.003371,0,0.012931,0.012931,0,no
0.009036,0.047619,0,0,0,0,0.037037,0.083333,0.003371,0,0.012931,0.012931,0,no
0.009036,0.047619,0,0,0,0,0.037037,0.083333,0.003371,0,0.012931,0.012931,0,no
0.009036,0.047619,0,0,0,0,0.037037,0.083333,0.003371,0,0.012931,0.012931,0,no
0.009036,0.047619,0,0,0,0,0.037037,0.083333,0.003371,0,0.012931,0.012931,0,no
0.009036,0.047619,0,0,0,0,0.037037,0.083333,0.003371,0,0.012931,0.012931,0,no
0.009036,0.047619,0,0,0,0,0.037037,0.083333,0.003371,0,0.012931,0.012931,0,no
0.009036,0.047619,0,0,0,0,0.037037,0.083333,0.003371,0,0.012931,0.012931,0,no
0.009036,0,0,0,0,0,0.037037,0.083333,0.003371,0,0.012931,0.012931,0,no
0.009036,0.047619,0,0,0,0,0.037037,0.083333,0.003371,0,0.012931,0.012931,0,no
0.009036,0.047619,0,0,0,0,0.037037,0.083333,0.003371,0,0.012931,0.012931,0,no
0.009036,0.047619,0,0,0,0,0.037037,0.083333,0.003371,0,0.012931,0.012931,0,no
0.009036,0.047619,0,0,0,0,0.037037,0.083333,0.003371,0,0.012931,0.012931,0,no
0.009036,0,0,0,0,0,0.037037,0.083333,0.003371,0,0.012931,0.012931,0,no
0.009036,0.047619,0,0,0,0,0.037037,0.083333,0.003371,0,0.012931,0.012931,0,no
0.009036,0.047619,0,0,0,0,0.037037,0.083333,0.003371,0,0.012931,0.012931,0,no
0.009036,0.047619,0,0,0,0,0.037037,0.083333,0.003371,0,0.012931,0.012931,0,no
0.009036,0.047619,0,0,0,0,0.037037,0.083333,0.003371,0,0.012931,0.012931,0,no
0.009036,0.047619,0,0,0,0,0.037037,0.083333,0.003371,0,0.012931,0.012931,0,no
0.009036,0.047619,0,0,0,0,0.037037,0.083333,0.003371,0,0.012931,0.012931,0,no
0.009036,0.047619,0,0,0,0,0.037037,0.083333,0.003371,0,0.012931,0.012931,0,no
0.009036,0.047619,0,0,0,0,0.037037,0.083333,0.003371,0,0.012931,0.012931,0,no
0.009036,0,0,0,0,0,0.037037,0.083333,0.003371,0,0.012931,0.012931,0,no
0.012048,0.047619,0,0,0,0,0.037037,0.083333,0.004494,0,0.017241,0.017241,0,no
0.009036,0,0,0,0,0,0.037037,0.083333,0.003371,0,0.012931,0.012931,0,no
0,0.047619,0,0,0,0,0.037037,0.083333,0,0,0,0,0,no
0,0,0,0,0,0,0.037037,0.083333,0,0,0,0,0,no
0,0.047619,0,0,0,0,0.037037,0.083333,0,0,0,0,0,no
0.009036,0.095238,0,0,0,0,0.037037,0.083333,0.003371,0,0.012931,0.012931,0,no
0.009036,0,0,0,0,0,0.037037,0.083333,0.003371,0,0.012931,0.012931,0,no
0.009036,0,0,0,0,0,0.037037,0.083333,0.003371,0,0.012931,0.012931,0,no
0.012048,0.095238,0,0,0,0,0.037037,0.083333,0.004494,0,0.017241,0.017241,0,no
0.006024,0.095238,0,0,0,0,0.037037,0.083333,0.002247,0,0.008621,0.008621,0,no
0.009036,0.047619,0,0,0,0,0.092593,0.208333,0.008427,0,0.012931,0.012931,0,no
0.01506,0.142857,0,0,0,0,0.074074,0.166667,0.011236,0,0.021552,0.021552,1,no
0.009036,0,0,0,0,0,0.12963,0.25,0.011798,0,0.012931,0.012931,1,no
0.009036,0.047619,0,0,0,0,0.12963,0.25,0.011798,0,0.012931,0.012931,1,no
0.01506,0.142857,0,0,0,0,0.148148,0.291667,0.020225,0.000592,0.021552,0.019935,1,no
0.012048,0.047619,0,0,0,0,0.203704,0.375,0.014045,0.000592,0.012931,0.010188,1,no
0,0.095238,0,0,0.007937,0,0.12963,0.25,0,0,0,0,1,no
0.021084,0.047619,0,0,0,0,0.12963,0.25,0.027528,0,0.030172,0.030172,1,no
0.009036,0,0,0,0,0,0.12963,0.25,0.011798,0,0.012931,0.012931,1,no
0.009036,0,0,0,0,0,0.12963,0.25,0.011798,0,0.012931,0.012931,1,no
0.009036,0,0,0,0,0,0.12963,0.25,0.011798,0,0.012931,0.012931,1,no
0.009036,0,0,0,0,0,0.12963,0.25,0.011798,0,0.012931,0.012931,1,no
0.009036,0,0,0,0,0,0.12963,0.25,0.011798,0,0.012931,0.012931,1,no
0.009036,0,0,0,0,0,0.12963,0.25,0.011798,0,0.012931,0.012931,1,no
0.012048,0.047619,0,0,0,0,0.12963,0.25,0.01573,0,0.017241,0.017241,1,no
0.009036,0,0,0,0,0,0.12963,0.25,0.011798,0,0.012931,0.012931,1,no
0.012048,0.047619,0,0,0,0,0.12963,0.25,0.01573,0,0.017241,0.017241,1,no
0.012048,0.047619,0,0,0,0,0.12963,0.25,0.01573,0,0.017241,0.017241,1,no
0.012048,0.047619,0,0,0,0,0.12963,0.25,0.01573,0,0.017241,0.017241,1,no
0.012048,0.047619,0,0,0,0,0.12963,0.25,0.01573,0,0.017241,0.017241,1,no
0,0.047619,0,0,0.007937,0,0.12963,0.25,0,0,0,0,1,no
0.009036,0.047619,0,0,0,0,0.12963,0.25,0.011798,0,0.012931,0.012931,1,no
0.009036,0.047619,0,0,0,0,0.12963,0.25,0.011798,0,0.012931,0.012931,1,no
0.012048,0.095238,0,0,0,0,0.12963,0.25,0.01573,0,0.017241,0.017241,1,no
0.006024,0.047619,0,0,0.007937,0,0.12963,0.25,0.007865,0,0.008621,0.008621,1,no
0.006024,0.047619,0,0,0.007937,0,0.12963,0.25,0.007865,0,0.008621,0.008621,1,no
0.012048,0.095238,0,0,0,0,0.12963,0.25,0.01573,0,0.017241,0.017241,1,no
0.009036,0.190476,0,0,0,0,0.12963,0.25,0.011798,0,0.012931,0.012931,1,no
0.009036,0.047619,0,0,0,0,0.12963,0.25,0.011798,0,0.012931,0.012931,1,no
0.012048,0.142857,0,0,0,0.016129,0.12963,0.25,0.01573,0,0.017241,0.017241,1,no
0.012048,0.047619,0,0,0,0,0.037037,0.083333,0.004494,0,0.017241,0.017241,0,no
0.009036,0,0,0,0,0,0.037037,0.083333,0.003371,0,0.012931,0.012931,0,no
0,0,0,0,0,0,0.185185,0.291667,0,0,0,0,0,no
0,0.047619,0,0,0,0,0.037037,0.083333,0,0,0,0,0,no
0.009036,0.047619,0,0,0,0,0.314815,0.5,0.020787,0.001183,0.017241,0.009888,0,no
0.006024,0.047619,0,0,0.007937,0,0.166667,0.333333,0.010112,0,0.008621,0.008621,0,no
0.009036,0,0,0,0,0,0.203704,0.333333,0.018539,0,0.012931,0.012931,0,no
0.009036,0.047619,0,0,0,0,0.037037,0.083333,0.003371,0,0.012931,0.012931,0,no
0.009036,0.047619,0,0,0,0,0.12963,0.25,0.011798,0,0.012931,0.012931,0,no
0.012048,0.095238,0,0,0,0,0.259259,0.458333,0.023034,0.002959,0.017241,0.014163,0,no
0.006024,0.047619,0,0,0.007937,0,0.166667,0.333333,0.010112,0,0.008621,0.008621,0,no
0.009036,0.142857,0,0,0,0,0.166667,0.333333,0.015169,0,0.012931,0.012931,0,no
0.009036,0.047619,0,0,0,0,0.037037,0.083333,0.003371,0,0.012931,0.012931,0,no
0.01506,0.142857,0,0,0,0,0.037037,0.083333,0.005618,0,0.021552,0.021552,0,no
0.009036,0.047619,0,0,0,0,0.203704,0.333333,0.018539,0,0.012931,0.012931,0,no
0.024096,0.047619,0,0,0,0.080645,0.240741,0.416667,0.03427,0,0.021552,0.020225,0,no
0.009036,0.047619,0,0,0,0,0.12963,0.25,0.011798,0,0.012931,0.012931,0,no
0.012048,0.095238,0,0,0,0,0.259259,0.458333,0.023034,0.002959,0.017241,0.014163,0,no
0.009036,0.047619,0,0,0,0,0.185185,0.333333,0.01573,0.000592,0.012931,0.0125,0,no
0.009036,0.142857,0,0,0,0,0.166667,0.333333,0.015169,0,0.012931,0.012931,0,no
0.009036,0.047619,0,0,0,0,0.166667,0.333333,0.015169,0,0.012931,0.012931,0,no
0.009036,0.047619,0,0,0,0,0.166667,0.333333,0.015169,0,0.012931,0.012931,0,no
0.009036,0.047619,0,0,0,0,0.166667,0.333333,0.015169,0,0.012931,0.012931,0,no
0.009036,0.047619,0,0,0,0,0.166667,0.333333,0.015169,0,0.012931,0.012931,0,no
0.009036,0,0,0,0,0,0.12963,0.25,0.008989,0,0.012931,0.009852,0,no
0.009036,0,0,0,0,0,0.037037,0.083333,0.003371,0,0.012931,0.012931,0,no
0.009036,0,0,0,0,0,0.037037,0.083333,0.003371,0,0.012931,0.012931,0,no
0.009036,0,0,0,0,0,0.037037,0.083333,0.003371,0,0.012931,0.012931,0,no
0.009036,0,0,0,0,0,0.037037,0.083333,0.003371,0,0.012931,0.012931,0,no
0.009036,0,0,0,0,0,0.037037,0.083333,0.003371,0,0.012931,0.012931,0,no
0.009036,0,0,0,0,0,0.037037,0.083333,0.003371,0,0.012931,0.012931,0,no
0.009036,0,0,0,0,0,0.037037,0.083333,0.003371,0,0.012931,0.012931,0,no
0.012048,0.047619,0,0,0,0,0.037037,0.083333,0.004494,0,0.017241,0.017241,0,no
0.012048,0.047619,0,0,0,0,0.037037,0.083333,0.004494,0,0.017241,0.017241,0,no
0.012048,0.047619,0,0,0,0,0.037037,0.083333,0.004494,0,0.017241,0.017241,0,no
0.012048,0.047619,0,0,0,0,0.037037,0.083333,0.004494,0,0.017241,0.017241,0,no
0.012048,0.047619,0,0,0,0,0.037037,0.083333,0.004494,0,0.017241,0.017241,0,no
0.012048,0.047619,0,0,0,0,0.037037,0.083333,0.004494,0,0.017241,0.017241,0,no
0,0.047619,0,0,0,0,0.148148,0.291667,0,0,0,0,0,no
0,0.047619,0,0,0,0,0.148148,0.291667,0,0,0,0,0,no
0,0.095238,0,0,0,0,0.037037,0.083333,0,0,0,0,0,no
0,0.047619,0,0,0,0,0.148148,0.291667,0,0,0,0,0,no
0,0.047619,0,0,0,0,0.148148,0.291667,0,0,0,0,0,no
0.009036,0.047619,0,0,0,0,0.185185,0.375,0.016854,0,0.012931,0.012931,0,no
0.006024,0,0,0,0.007937,0,0.037037,0.083333,0.002247,0,0.008621,0.008621,0,no
0.01506,0.142857,0,0,0,0,0.037037,0.083333,0.005618,0,0.021552,0.021552,0,no
0.009036,0,0,0,0,0,0.037037,0.083333,0.003371,0,0.012931,0.012931,0,no
0.009036,0,0,0,0,0,0.037037,0.083333,0.003371,0,0.012931,0.012931,0,no
0.009036,0,0,0,0,0,0.037037,0.083333,0.003371,0,0.012931,0.012931,0,no
0.009036,0.047619,0,0,0,0,0.037037,0.083333,0.003371,0,0.012931,0.012931,0,no
0.009036,0.047619,0,0,0,0,0.037037,0.083333,0.003371,0,0.012931,0.012931,0,no
0.009036,0.047619,0,0,0,0,0.037037,0.083333,0.003371,0,0.012931,0.012931,0,no
0.006024,0,0,0,0.007937,0,0.037037,0.083333,0.002247,0,0.008621,0.008621,0,no
0.009036,0.047619,0,0,0,0,0.037037,0.083333,0.003371,0,0.012931,0.012931,0,no
0.009036,0,0,0,0,0,0.037037,0.083333,0.003371,0,0.012931,0.012931,0,no
0.009036,0.047619,0,0,0,0,0.037037,0.083333,0.003371,0,0.012931,0.012931,0,no
0.009036,0,0.010638,0,0,0,0.037037,0.083333,0.003371,0,0.012931,0.012931,0,no
0.009036,0,0,0,0,0,0.037037,0.083333,0.003371,0,0.012931,0.012931,0,no
0.009036,0,0,0,0,0,0.037037,0.083333,0.003371,0,0.012931,0.012931,0,no
0.009036,0,0,0,0,0,0.037037,0.083333,0.003371,0,0.012931,0.012931,0,no
0.009036,0,0,0,0,0,0.037037,0.083333,0.003371,0,0.012931,0.012931,0,no
0.009036,0,0,0,0,0,0.037037,0.083333,0.003371,0,0.012931,0.012931,0,no
0.009036,0.047619,0,0,0,0,0.037037,0.083333,0.003371,0,0.012931,0.012931,0,no
0.009036,0.047619,0,0,0,0,0.037037,0.083333,0.003371,0,0.012931,0.012931,0,no
0.009036,0.047619,0,0,0,0,0.037037,0.083333,0.003371,0,0.012931,0.012931,0,no
0.009036,0.047619,0,0,0,0,0.037037,0.083333,0.003371,0,0.012931,0.012931,0,no
0.009036,0.047619,0,0,0,0,0.037037,0.083333,0.003371,0,0.012931,0.012931,0,no
0.009036,0.047619,0,0,0,0,0.037037,0.083333,0.003371,0,0.012931,0.012931,0,no
0.006024,0,0,0,0.007937,0,0.037037,0.083333,0.002247,0,0.008621,0.008621,0,no
0.009036,0.047619,0,0,0,0,0.037037,0.083333,0.003371,0,0.012931,0.012931,0,no
0.009036,0,0,0,0,0,0.037037,0.083333,0.003371,0,0.012931,0.012931,0,no
0.009036,0.047619,0,0,0,0,0.037037,0.083333,0.003371,0,0.012931,0.012931,0,no
0.009036,0,0,0,0,0,0.037037,0.083333,0.003371,0,0.012931,0.012931,0,no
0.009036,0,0,0,0,0,0.037037,0.083333,0.003371,0,0.012931,0.012931,0,no
0.009036,0,0,0,0,0,0.037037,0.083333,0.003371,0,0.012931,0.012931,0,no
0.009036,0,0,0,0,0,0.037037,0.083333,0.003371,0,0.012931,0.012931,0,no
0.009036,0.047619,0,0,0,0,0.037037,0.083333,0.003371,0,0.012931,0.012931,0,no
0.009036,0.047619,0,0,0,0,0.037037,0.083333,0.003371,0,0.012931,0.012931,0,no
0.009036,0.047619,0,0,0,0,0.037037,0.083333,0.003371,0,0.012931,0.012931,0,no
0.009036,0.047619,0,0,0,0,0.037037,0.083333,0.003371,0,0.012931,0.012931,0,no
0.006024,0,0,0,0.007937,0,0.037037,0.083333,0.002247,0,0.008621,0.008621,0,no
0.009036,0.047619,0,0,0,0,0.037037,0.083333,0.003371,0,0.012931,0.012931,0,no
0.009036,0,0,0,0,0,0.037037,0.083333,0.003371,0,0.012931,0.012931,0,no
0.009036,0.047619,0,0,0,0,0.037037,0.083333,0.003371,0,0.012931,0.012931,0,no
0.006024,0,0,0,0.015873,0,0.037037,0.083333,0.002247,0,0.008621,0.008621,0,no
0.009036,0,0,0,0,0,0.037037,0.083333,0.003371,0,0.012931,0.012931,0,no
0.009036,0,0,0,0,0,0.037037,0.083333,0.003371,0,0.012931,0.012931,0,no
0.009036,0,0,0,0,0,0.037037,0.083333,0.003371,0,0.012931,0.012931,0,no
0.009036,0.047619,0,0,0,0,0.037037,0.083333,0.003371,0,0.012931,0.012931,0,no
0.009036,0.047619,0,0,0,0,0.037037,0.083333,0.003371,0,0.012931,0.012931,0,no
0.009036,0.047619,0,0,0,0,0.037037,0.083333,0.003371,0,0.012931,0.012931,0,no
0.009036,0,0.010638,0,0,0,0.037037,0.083333,0.003371,0,0.012931,0.012931,0,no
0.009036,0,0,0,0,0,0.037037,0.083333,0.003371,0,0.012931,0.012931,0,no
0.009036,0,0,0,0,0,0.037037,0.083333,0.003371,0,0.012931,0.012931,0,no
0.009036,0.047619,0,0,0,0,0.037037,0.083333,0.003371,0,0.012931,0.012931,0,no
0.009036,0.047619,0,0,0,0,0.037037,0.083333,0.003371,0,0.012931,0.012931,0,no
0.009036,0.047619,0,0,0,0,0.037037,0.083333,0.003371,0,0.012931,0.012931,0,no
0.009036,0,0,0,0,0,0.037037,0.083333,0.003371,0,0.012931,0.012931,0,no
0.009036,0,0,0,0,0,0.037037,0.083333,0.003371,0,0.012931,0.012931,0,no
0.009036,0,0,0,0,0,0.037037,0.083333,0.003371,0,0.012931,0.012931,0,no
0.009036,0.047619,0,0,0,0,0.037037,0.083333,0.003371,0,0.012931,0.012931,0,no
0.009036,0.047619,0,0,0,0,0.037037,0.083333,0.003371,0,0.012931,0.012931,0,no
0.009036,0.047619,0,0,0,0,0.037037,0.083333,0.003371,0,0.012931,0.012931,0,no
0.009036,0,0,0,0,0,0.037037,0.083333,0.003371,0,0.012931,0.012931,0,no
0.009036,0,0,0,0,0,0.037037,0.083333,0.003371,0,0.012931,0.012931,0,no
0.009036,0.047619,0,0,0,0,0.037037,0.083333,0.003371,0,0.012931,0.012931,0,no
0.009036,0.047619,0,0,0,0,0.037037,0.083333,0.003371,0,0.012931,0.012931,0,no
0.01506,0.095238,0,0,0,0,0.203704,0.416667,0.021348,0,0.017241,0.01489,0,no
0.006024,0.047619,0,0,0.007937,0,0.166667,0.333333,0.010112,0,0.008621,0.008621,0,no
0.006024,0.047619,0,0,0.007937,0,0.166667,0.333333,0.010112,0,0.008621,0.008621,0,no
0.012048,0.095238,0,0,0,0,0.259259,0.458333,0.023034,0.002959,0.017241,0.014163,0,no
0.01506,0.190476,0,0,0,0.016129,0.314815,0.416667,0.029775,0.004734,0.021552,0.015467,0,no
0.009036,0.142857,0,0,0,0,0.277778,0.416667,0.018539,0.00355,0.012931,0.011207,0,no
0.012048,0.047619,0,0,0,0,0.12963,0.291667,0.01573,0,0.017241,0.017241,0,no
0.009036,0.047619,0,0,0,0,0.12963,0.291667,0.011798,0,0.012931,0.012931,0,no
0.009036,0.095238,0,0,0,0,0.222222,0.375,0.014607,0.002959,0.017241,0.011135,1,no
0.009036,0.238095,0,0,0,0,0.12963,0.291667,0.011798,0,0.012931,0.012931,0,no
0.006024,0.047619,0,0,0.007937,0,0.12963,0.208333,0.007865,0,0.008621,0.008621,1,no
0.009036,0.095238,0,0,0,0,0.12963,0.291667,0.011798,0,0.012931,0.012931,0,no
0.009036,0.238095,0,0,0,0,0.12963,0.291667,0.011798,0,0.012931,0.012931,0,no
0.009036,0.285714,0,0,0,0,0.12963,0.291667,0.011798,0,0.012931,0.012931,0,no
0.009036,0.238095,0,0,0,0,0.12963,0.291667,0.011798,0,0.012931,0.012931,0,no
0.009036,0.142857,0,0,0,0,0.12963,0.291667,0.011798,0,0.012931,0.012931,0,no
0.009036,0,0,0,0,0,0.12963,0.291667,0.011798,0,0.012931,0.012931,0,no
0.009036,0,0,0,0,0,0.12963,0.291667,0.011798,0,0.012931,0.012931,0,no
0.009036,0,0,0,0,0,0.12963,0.291667,0.011798,0,0.012931,0.012931,0,no
0.009036,0,0,0,0,0,0.12963,0.291667,0.011798,0,0.012931,0.012931,0,no
0,0.047619,0,0,0.007937,0,0.12963,0.291667,0,0,0,0,0,no
0.009036,0,0,0,0,0,0.111111,0.166667,0.007865,0.001183,0.012931,0.011494,0,no
0.009036,0,0,0,0,0,0.203704,0.333333,0.014045,0.002367,0.012931,0.011364,1,no
0.012048,0.095238,0,0,0,0,0.037037,0.083333,0.004494,0,0.017241,0.017241,0,no
0.009036,0.047619,0,0,0,0,0.037037,0.083333,0.003371,0,0.012931,0.012931,0,no
0.009036,0.095238,0,0,0,0,0.037037,0.083333,0.003371,0,0.012931,0.012931,0,no
0.009036,0,0,0,0,0,0.037037,0.083333,0.003371,0,0.012931,0.012931,0,no
0.009036,0,0,0,0,0,0.037037,0.083333,0.003371,0,0.012931,0.012931,0,no
0.009036,0,0,0,0,0,0.037037,0.083333,0.003371,0,0.012931,0.012931,0,no
0.009036,0.047619,0,0,0,0,0.037037,0.083333,0.003371,0,0.012931,0.012931,0,no
0.009036,0.095238,0,0,0,0,0.037037,0.083333,0.003371,0,0.012931,0.012931,0,no
0.009036,0.047619,0,0,0,0,0.037037,0.083333,0.003371,0,0.012931,0.012931,0,no
0.012048,0.047619,0,0,0,0,0.037037,0.083333,0.004494,0,0.017241,0.017241,0,no
0.012048,0.047619,0,0,0,0,0.037037,0.083333,0.004494,0,0.017241,0.017241,0,no
0.009036,0,0,0,0,0,0.037037,0.083333,0.003371,0,0.012931,0.012931,0,no
0.009036,0,0,0,0,0,0.037037,0.083333,0.003371,0,0.012931,0.012931,0,no
0.027108,0.095238,0,0,0,0,0.259259,0.458333,0.039326,0.001183,0.043103,0.022167,1,no
0.021084,0,0,0,0,0.016129,0.12963,0.208333,0.027528,0,0.030172,0.030172,1,no
0.009036,0,0,0,0.007937,0,0.12963,0.208333,0.011798,0,0.012931,0.012931,1,no
0.009036,0.047619,0,0,0,0,0.12963,0.208333,0.011798,0,0.012931,0.012931,1,no
0.009036,0.238095,0,0,0,0,0.12963,0.291667,0.011798,0,0.012931,0.012931,0,no
0.018072,0.047619,0,0,0,0.048387,0.12963,0.208333,0.023596,0,0.025862,0.025862,1,no
0.009036,0,0,0,0,0,0.12963,0.208333,0.011798,0,0.012931,0.012931,1,no
0.018072,0.047619,0,0,0,0.048387,0.12963,0.208333,0.023596,0,0.025862,0.025862,1,no
0.009036,0.095238,0,0,0,0,0.12963,0.208333,0.011798,0,0.012931,0.012931,1,no
0.009036,0.190476,0,0,0,0,0.12963,0.208333,0.011798,0,0.012931,0.012931,1,no
0.024096,0.238095,0,0,0,0,0.185185,0.375,0.033146,0.001775,0.034483,0.026724,0,no
0.012048,0.285714,0,0,0,0,0.222222,0.375,0.01573,0,0.017241,0.010057,1,no
0.01506,0.380952,0,0,0,0,0.222222,0.375,0.019663,0,0.021552,0.012572,1,no
0.01506,0.47619,0,0,0,0,0.222222,0.375,0.044944,0.026627,0.060345,0.044899,1,no
0.012048,0.428571,0,0,0,0,0.074074,0.125,0.008989,0,0.017241,0.017241,0,no
0.009036,0,0,0,0,0,0.12963,0.208333,0.011798,0,0.012931,0.012931,1,no
0.009036,0,0,0,0,0,0.12963,0.208333,0.011798,0,0.012931,0.012931,1,no
0.009036,0,0,0,0,0,0.12963,0.291667,0.011798,0,0.012931,0.012931,0,no
0.009036,0,0,0,0,0,0.12963,0.208333,0.011798,0,0.012931,0.012931,1,no
0.009036,0,0,0,0,0,0.12963,0.208333,0.011798,0,0.012931,0.012931,1,no
0.009036,0,0,0,0,0,0.12963,0.208333,0.011798,0,0.012931,0.012931,1,no
0.009036,0,0,0,0,0,0.12963,0.208333,0.011798,0,0.012931,0.012931,1,no
0.009036,0,0,0,0,0,0.12963,0.208333,0.011798,0,0.012931,0.012931,1,no
0.009036,0,0,0,0,0,0.018519,0.041667,0.001685,0,0.012931,0.012931,0,no
0.009036,0,0,0,0,0,0.12963,0.208333,0.011798,0,0.012931,0.012931,1,no
0.009036,0,0,0,0,0,0.12963,0.208333,0.011798,0,0.012931,0.012931,1,no
0.009036,0,0,0,0,0,0.12963,0.208333,0.011798,0,0.012931,0.012931,1,no
0.009036,0,0,0,0,0,0.12963,0.208333,0.011798,0,0.012931,0.012931,1,no
0.009036,0.047619,0,0,0,0,0.12963,0.291667,0.011798,0,0.012931,0.012931,0,no
0.009036,0.047619,0,0,0,0,0.12963,0.291667,0.011798,0,0.012931,0.012931,0,no
0.009036,0.047619,0,0,0,0,0.12963,0.291667,0.011798,0,0.012931,0.012931,0,no
0.009036,0.047619,0,0,0,0,0.12963,0.208333,0.011798,0,0.012931,0.012931,1,no
0.009036,0.047619,0,0,0,0,0.12963,0.291667,0.011798,0,0.012931,0.012931,0,no
0.009036,0.047619,0,0,0,0,0.018519,0.041667,0.001685,0,0.012931,0.012931,0,no
0.009036,0.047619,0,0,0,0,0.12963,0.291667,0.011798,0,0.012931,0.012931,0,no
0.006024,0,0,0,0.007937,0,0.037037,0.083333,0.002247,0,0.008621,0.008621,0,no
0.006024,0.047619,0,0,0.007937,0,0.277778,0.458333,0.015169,0.004734,0.017241,0.010057,1,no
0.009036,0.047619,0,0,0,0,0.12963,0.208333,0.011798,0,0.012931,0.012931,1,no
0.009036,0.047619,0,0,0,0,0.12963,0.291667,0.011798,0,0.012931,0.012931,0,no
0.012048,0.047619,0,0,0,0,0.074074,0.125,0.008989,0,0.017241,0.017241,0,no
0.012048,0.047619,0,0,0,0,0.074074,0.125,0.008989,0,0.017241,0.017241,0,no
0.012048,0.047619,0,0,0,0,0.074074,0.125,0.008989,0,0.017241,0.017241,0,no
0.012048,0.047619,0,0,0,0,0.074074,0.125,0.008989,0,0.017241,0.017241,0,no
0.012048,0.047619,0,0,0,0,0.074074,0.125,0.008989,0,0.017241,0.017241,0,no
0.012048,0.047619,0,0,0,0,0.074074,0.125,0.008989,0,0.017241,0.017241,0,no
0.012048,0.047619,0,0,0,0,0.074074,0.125,0.008989,0,0.017241,0.017241,0,no
0.012048,0.047619,0,0,0,0,0.074074,0.125,0.008989,0,0.017241,0.017241,0,no
0.012048,0.047619,0,0,0,0,0.074074,0.125,0.008989,0,0.017241,0.017241,0,no
0,0.047619,0,0,0,0,0.037037,0.083333,0,0,0,0,0,no
0,0,0,0,0,0,0.12963,0.208333,0,0,0,0,1,no
0,0,0,0,0,0,0.037037,0.083333,0,0,0,0,0,no
0,0,0,0,0,0,0.037037,0.083333,0,0,0,0,0,no
0,0,0,0,0,0,0.12963,0.208333,0,0,0,0,1,no
0,0,0,0,0,0,0.12963,0.208333,0,0,0,0,1,no
0,0,0,0,0,0,0.12963,0.208333,0,0,0,0,1,no
0,0.047619,0,0,0,0,0.037037,0.083333,0,0,0,0,0,no
0,0,0,0,0,0,0.037037,0.083333,0,0,0,0,0,no
0,0.095238,0,0,0,0,0.12963,0.208333,0,0,0,0,1,no
0,0,0,0,0,0,0.12963,0.208333,0,0,0,0,1,no
0,0.047619,0,0,0,0,0.12963,0.208333,0,0,0,0,1,no
0,0.047619,0,0,0,0,0.12963,0.208333,0,0,0,0,1,no
0,0,0,0,0,0,0.12963,0.208333,0,0,0,0,1,no
0,0,0,0,0,0,0.12963,0.208333,0,0,0,0,1,no
0,0.047619,0,0,0,0,0.12963,0.208333,0,0,0,0,1,no
0,0,0,0,0,0,0.12963,0.208333,0,0,0,0,1,no
0,0,0,0,0,0,0.12963,0.208333,0,0,0,0,1,no
0,0,0,0,0,0,0.12963,0.208333,0,0,0,0,1,no
0,0.190476,0,0,0,0,0.12963,0.208333,0,0,0,0,1,no
0,0,0,0,0.007937,0,0.12963,0.208333,0,0,0,0,1,no
0,0,0,0,0.007937,0,0.12963,0.208333,0,0,0,0,1,no
0,0.047619,0,0,0.007937,0,0.12963,0.208333,0,0,0,0,1,no
0,0.095238,0,0,0.007937,0,0.12963,0.208333,0,0,0,0,1,no
0.01506,0.142857,0,0,0,0,0.12963,0.208333,0.019663,0,0.021552,0.021552,1,no
0.009036,0.142857,0,0,0,0,0.12963,0.208333,0.011798,0,0.012931,0.012931,1,no
0.009036,0,0,0,0,0,0.12963,0.208333,0.011798,0,0.012931,0.012931,1,no
0.009036,0,0,0,0,0,0.12963,0.208333,0.011798,0,0.012931,0.012931,1,no
0.009036,0,0,0,0,0,0.12963,0.208333,0.011798,0,0.012931,0.012931,1,no
0.009036,0,0,0,0,0,0.12963,0.208333,0.011798,0,0.012931,0.012931,1,no
0.01506,0.190476,0,0,0,0,0.166667,0.291667,0.020787,0.001183,0.021552,0.018678,1,no
0.009036,0.047619,0,0,0,0,0.12963,0.208333,0.011798,0,0.012931,0.012931,1,no
0.01506,0.047619,0,0,0.007937,0.016129,0.166667,0.291667,0.020787,0.001183,0.021552,0.018678,1,no
0.021084,0.190476,0,0,0,0,0.12963,0.208333,0.027528,0,0.030172,0.030172,1,no
0.006024,0.047619,0,0,0,0,0.12963,0.208333,0.007865,0,0.008621,0.008621,1,no
0.012048,0,0,0,0,0,0.12963,0.208333,0.01573,0,0.017241,0.017241,1,no
0.009036,0.047619,0,0,0.007937,0,0.12963,0.208333,0.011798,0,0.012931,0.012931,1,no
0.009036,0,0,0,0,0,0.12963,0.208333,0.011798,0,0.012931,0.012931,1,no
0.009036,0,0,0,0,0,0.12963,0.208333,0.011798,0,0.012931,0.012931,1,no
0.024096,0,0,0,0.007937,0.064516,0.12963,0.208333,0.031461,0,0.034483,0.034483,1,no
0.009036,0,0,0,0,0,0.12963,0.208333,0.011798,0,0.012931,0.012931,1,no
0.009036,0.047619,0,0,0,0,0.12963,0.208333,0.011798,0,0.012931,0.012931,1,no
0.009036,0,0,0,0,0,0.074074,0.125,0.006742,0,0.012931,0.012931,0,no
0.009036,0.047619,0,0,0,0,0.12963,0.208333,0.011798,0,0.012931,0.012931,1,no
0.009036,0,0,0,0,0,0.12963,0.208333,0.011798,0,0.012931,0.012931,1,no
0.009036,0,0,0,0,0,0.12963,0.208333,0.011798,0,0.012931,0.012931,1,no
0.009036,0.047619,0,0,0,0,0.12963,0.208333,0.011798,0,0.012931,0.012931,1,no
0.006024,0,0,0,0.007937,0,0.12963,0.208333,0.007865,0,0.008621,0.008621,1,no
0.009036,0.047619,0,0,0,0,0.12963,0.208333,0.011798,0,0.012931,0.012931,1,no
0,0,0,0,0,0,0.12963,0.208333,0,0,0,0,1,no
0,0.047619,0,0,0,0,0.12963,0.208333,0,0,0,0,1,no
0,0.095238,0,0,0.007937,0,0.12963,0.208333,0,0,0,0,1,no
0,0.047619,0,0,0,0,0.12963,0.208333,0,0,0,0,1,no
0.009036,0.047619,0,0,0,0,0.12963,0.208333,0.011798,0,0.012931,0.012931,1,no
0.009036,0.190476,0,0,0,0,0.12963,0.208333,0.011798,0,0.012931,0.012931,1,no
0.009036,0,0,0,0,0,0.12963,0.208333,0.011798,0,0.012931,0.012931,1,no
0.009036,0.190476,0,0,0,0,0.12963,0.208333,0.011798,0,0.012931,0.012931,1,no
0.009036,0.047619,0,0,0,0,0.12963,0.208333,0.011798,0,0.012931,0.012931,1,no
0.009036,0.047619,0,0,0,0,0.12963,0.208333,0.011798,0,0.012931,0.012931,1,no
0.012048,0.047619,0,0,0,0,0.12963,0.208333,0.01573,0,0.017241,0.017241,1,no
0.009036,0,0,0,0.007937,0,0.12963,0.208333,0.011798,0,0.012931,0.012931,1,no
0.009036,0.095238,0,0,0.007937,0,0.12963,0.208333,0.011798,0,0.012931,0.012931,1,no
0.009036,0.095238,0,0,0,0,0.12963,0.208333,0.011798,0,0.012931,0.012931,1,no
0.009036,0,0,0,0,0,0.12963,0.208333,0.011798,0,0.012931,0.012931,1,no
0.009036,0.095238,0,0,0.007937,0,0.12963,0.208333,0.011798,0,0.012931,0.012931,1,no
0.009036,0,0,0,0,0,0.12963,0.208333,0.011798,0,0.012931,0.012931,1,no
0.009036,0,0,0,0,0,0.12963,0.208333,0.011798,0,0.012931,0.012931,1,no
0.009036,0.047619,0,0,0,0,0.12963,0.208333,0.011798,0,0.012931,0.012931,1,no
0.009036,0,0,0,0,0,0.12963,0.208333,0.011798,0,0.012931,0.012931,1,no
0.009036,0.047619,0,0,0,0,0.12963,0.208333,0.011798,0,0.012931,0.012931,1,no
0.009036,0.047619,0,0,0,0,0.12963,0.208333,0.011798,0,0.012931,0.012931,1,no
0.009036,0.047619,0,0,0.007937,0,0.12963,0.208333,0.011798,0,0.012931,0.012931,1,no
0.009036,0.095238,0,0,0,0,0.12963,0.208333,0.011798,0,0.012931,0.012931,1,no
0.009036,0.047619,0,0,0,0,0.12963,0.208333,0.011798,0,0.012931,0.012931,1,no
0.012048,0.047619,0,0,0,0,0.12963,0.208333,0.01573,0,0.017241,0.017241,1,no
0.009036,0,0,0,0.007937,0,0.12963,0.208333,0.011798,0,0.012931,0.012931,1,no
0.009036,0.095238,0,0,0.007937,0,0.12963,0.208333,0.011798,0,0.012931,0.012931,1,no
0.009036,0.095238,0,0,0,0,0.12963,0.208333,0.011798,0,0.012931,0.012931,1,no
0.009036,0,0,0,0,0,0.12963,0.208333,0.011798,0,0.012931,0.012931,1,no
0.012048,0.095238,0,0,0,0,0.12963,0.208333,0.01573,0,0.017241,0.017241,1,no
0.009036,0,0,0,0,0,0.12963,0.208333,0.011798,0,0.012931,0.012931,1,no
0.018072,0.095238,0,0,0,0,0.12963,0.25,0.023596,0,0.025862,0.025862,1,no
0.012048,0.095238,0,0,0,0,0.351852,0.666667,0.019663,0.002959,0.012931,0.009074,1,no
0.006024,0.047619,0,0,0.007937,0,0.12963,0.25,0.007865,0,0.008621,0.008621,1,no
0.009036,0,0,0,0,0,0.277778,0.375,0.055618,0.033136,0.060345,0.04454,1,no
0.012048,0.142857,0,0,0,0,0.092593,0.166667,0.011236,0,0.017241,0.017241,1,no
0.012048,0.047619,0,0,0,0,0.12963,0.291667,0.01573,0,0.017241,0.017241,0,no
0.012048,0.047619,0,0,0,0,0.12963,0.25,0.01573,0,0.017241,0.017241,1,no
0.012048,0.047619,0,0,0,0,0.12963,0.291667,0.01573,0,0.017241,0.017241,0,no
0.012048,0.047619,0,0,0,0,0.12963,0.25,0.01573,0,0.017241,0.017241,1,no
0.01506,0.142857,0,0,0,0,0.12963,0.25,0.019663,0,0.021552,0.021552,1,no
0.009036,0.047619,0,0,0,0,0.12963,0.25,0.011798,0,0.012931,0.012931,1,no
0.012048,0.047619,0,0,0,0,0.12963,0.25,0.01573,0,0.017241,0.017241,1,no
0.012048,0.047619,0,0,0,0,0.12963,0.25,0.01573,0,0.017241,0.017241,1,no
0,0.047619,0,0,0,0,0.12963,0.25,0,0,0,0,1,no
0,0.047619,0,0,0,0,0.12963,0.25,0,0,0,0,1,no
0.012048,0,0,0,0,0,0.12963,0.25,0.01573,0,0.017241,0.017241,1,no
0.012048,0.047619,0,0,0,0,0.12963,0.25,0.01573,0,0.017241,0.017241,1,no
0.012048,0.047619,0,0,0,0,0.12963,0.25,0.01573,0,0.017241,0.017241,1,no
0.012048,0.047619,0,0,0,0,0.037037,0.041667,0.004494,0,0.017241,0.017241,0,no
0.009036,0,0,0,0,0,0.12963,0.25,0.011798,0,0.012931,0.012931,1,no
0.009036,0,0,0,0,0,0.12963,0.25,0.011798,0,0.012931,0.012931,1,no
0.012048,0.095238,0,0,0,0,0.12963,0.25,0.01573,0,0.017241,0.017241,1,no
0.012048,0.095238,0,0,0,0,0.037037,0.041667,0.004494,0,0.017241,0.017241,0,no
0.009036,0,0,0,0,0,0.12963,0.25,0.011798,0,0.012931,0.012931,1,no
0.009036,0,0,0,0,0,0.12963,0.25,0.011798,0,0.012931,0.012931,1,no
0,0.047619,0,0,0,0,0.12963,0.25,0,0,0,0,1,no
0,0.095238,0,0,0.007937,0,0.185185,0.333333,0,0,0,0,1,no
0.006024,0,0,0,0.015873,0,0.12963,0.25,0.007865,0,0.008621,0.008621,1,no
0.012048,0.047619,0,0,0,0.016129,0.12963,0.25,0.01573,0,0.017241,0.017241,1,no
0.012048,0.047619,0,0,0,0,0.12963,0.25,0.01573,0,0.017241,0.017241,1,no
0.012048,0.047619,0,0,0,0,0.12963,0.25,0.01573,0,0.017241,0.017241,1,no
0.012048,0.047619,0,0,0,0,0.12963,0.25,0.01573,0,0.017241,0.017241,1,no
0.012048,0.047619,0,0,0,0,0.12963,0.25,0.01573,0,0.017241,0.017241,1,no
0.009036,0.047619,0,0,0,0,0.12963,0.25,0.011798,0,0.012931,0.012931,1,no
0.012048,0.142857,0,0,0,0,0.12963,0.25,0.01573,0,0.017241,0.017241,1,no
0.012048,0.190476,0,0,0,0,0.12963,0.25,0.01573,0,0.017241,0.017241,1,no
0.009036,0.047619,0,0,0,0,0.12963,0.25,0.011798,0,0.012931,0.012931,1,no
0.012048,0.142857,0,0,0,0,0.12963,0.25,0.01573,0,0.017241,0.017241,1,no
0.012048,0.095238,0,0,0,0,0.037037,0.041667,0.004494,0,0.017241,0.017241,0,no
0.009036,0,0,0,0,0,0.12963,0.25,0.011798,0,0.012931,0.012931,1,no
0.009036,0,0,0,0.007937,0,0.037037,0.041667,0.003371,0,0.012931,0.012931,0,no
0.009036,0,0,0,0,0,0.12963,0.25,0.011798,0,0.012931,0.012931,1,no
0.009036,0,0,0,0,0,0.12963,0.25,0.011798,0,0.012931,0.012931,1,no
0.009036,0,0,0,0,0,0.037037,0.041667,0.003371,0,0.012931,0.012931,0,no
0.009036,0,0,0,0,0,0.12963,0.25,0.011798,0,0.012931,0.012931,1,no
0.012048,0.095238,0,0,0,0,0.12963,0.25,0.01573,0,0.017241,0.017241,1,no
0.009036,0,0,0,0,0,0.12963,0.25,0.011798,0,0.012931,0.012931,1,no
0.009036,0,0,0,0,0,0.12963,0.25,0.011798,0,0.012931,0.012931,1,no
0.01506,0.190476,0,0,0,0,0.12963,0.25,0.019663,0,0.021552,0.021552,1,no
0.009036,0,0,0,0,0,0.12963,0.25,0.011798,0,0.012931,0.012931,1,no
0.009036,0,0,0,0,0,0.12963,0.25,0.011798,0,0.012931,0.012931,1,no
0.012048,0.142857,0,0,0,0,0.12963,0.25,0.01573,0,0.017241,0.017241,1,no
0.009036,0,0,0,0,0,0.12963,0.25,0.011798,0,0.012931,0.012931,1,no
0.009036,0,0,0,0,0,0.111111,0.208333,0.010112,0,0.012931,0.012931,1,no
0,0,0,0,0,0,0.12963,0.25,0,0,0,0,1,no
0,0,0,0,0,0,0.12963,0.25,0,0,0,0,1,no
0,0,0,0,0,0,0.12963,0.25,0,0,0,0,1,no
0,0,0,0,0,0,0.12963,0.25,0,0,0,0,1,no
0,0,0,0,0,0,0.12963,0.25,0,0,0,0,1,no
0,0,0,0,0,0,0.12963,0.25,0,0,0,0,1,no
0,0,0,0,0,0,0.12963,0.25,0,0,0,0,1,no
0.006024,0,0,0,0,0,0.12963,0.25,0.007865,0,0.008621,0.008621,1,no
0.009036,0,0,0,0,0,0.037037,0.041667,0.003371,0,0.012931,0.012931,1,no
0.009036,0.142857,0,0,0,0,0.037037,0.041667,0.003371,0,0.012931,0.012931,0,no
0.036145,0.238095,0,0,0,0,0.037037,0.041667,0.013483,0,0.051724,0.051724,0,no
0.009036,0,0,0,0,0,0.037037,0.041667,0.003371,0,0.012931,0.012931,0,no
0.021084,0.047619,0,0,0,0.032258,0.037037,0.041667,0.007865,0,0.030172,0.030172,0,no
0.012048,0.047619,0,0,0,0.016129,0.037037,0.041667,0.004494,0,0.017241,0.017241,0,no
0.012048,0.047619,0,0,0,0.016129,0.037037,0.041667,0.004494,0,0.017241,0.017241,0,no
0.012048,0.095238,0.010638,0,0,0.016129,0.037037,0.041667,0.004494,0,0.017241,0.017241,0,no
0.021084,0.095238,0,0,0,0.048387,0.037037,0.041667,0.007865,0,0.030172,0.030172,0,no
0.018072,0.047619,0,0,0,0.016129,0.037037,0.041667,0.006742,0,0.025862,0.025862,0,no
0.009036,0,0,0,0,0,0.037037,0.041667,0.003371,0,0.012931,0.012931,0,no
0.009036,0,0,0,0,0,0.037037,0.041667,0.003371,0,0.012931,0.012931,0,no
0.009036,0,0,0,0,0,0.037037,0.041667,0.003371,0,0.012931,0.012931,0,no
0.009036,0.142857,0,0,0,0,0.037037,0.041667,0.003371,0,0.012931,0.012931,0,no
0.009036,0.190476,0,0,0,0,0.037037,0.041667,0.003371,0,0.012931,0.012931,0,no
0.009036,0.142857,0,0,0,0,0.037037,0.041667,0.003371,0,0.012931,0.012931,0,no
0.012048,0.190476,0,0,0,0.016129,0.037037,0.041667,0.004494,0,0.017241,0.017241,0,no
0.018072,0.095238,0,0,0,0.032258,0.037037,0.041667,0.006742,0,0.025862,0.025862,0,no
0.03012,0.380952,0,0,0,0,0.037037,0.041667,0.011236,0,0.043103,0.043103,0,no
0.018072,0.047619,0,0,0,0.016129,0.037037,0.041667,0.006742,0,0.025862,0.025862,0,no
0.009036,0.047619,0,0,0,0,0.037037,0.041667,0.003371,0,0.012931,0.012931,0,no
0.009036,0.047619,0,0,0,0,0.037037,0.041667,0.003371,0,0.012931,0.012931,0,no
0.01506,0.047619,0,0,0,0.016129,0.037037,0.041667,0.005618,0,0.021552,0.021552,0,no
0.009036,0.047619,0,0,0,0,0.037037,0.041667,0.003371,0,0.012931,0.012931,0,no
0.012048,0,0,0,0,0,0.037037,0.041667,0.004494,0,0.017241,0.017241,0,no
0.024096,0.190476,0,0,0,0.064516,0.055556,0.083333,0.013483,0,0.034483,0.034483,0,no
0.009036,0,0,0,0,0,0.037037,0.041667,0.003371,0,0.012931,0.012931,0,no
0.009036,0.047619,0,0,0,0,0.148148,0.25,0.013483,0,0.012931,0.012931,1,no
0.009036,0.047619,0,0,0,0,0.148148,0.25,0.013483,0,0.012931,0.012931,1,no
0.006024,0,0,0,0.015873,0,0.12963,0.25,0.007865,0,0.008621,0.008621,1,no
0.012048,0.047619,0,0,0,0.016129,0.12963,0.25,0.01573,0,0.017241,0.017241,1,no
0.012048,0.047619,0,0,0,0,0.12963,0.25,0.01573,0,0.017241,0.017241,1,no
0.012048,0.047619,0,0,0,0,0.12963,0.25,0.01573,0,0.017241,0.017241,1,no
0.012048,0.047619,0,0,0,0,0.12963,0.25,0.01573,0,0.017241,0.017241,1,no
0.012048,0.047619,0,0,0,0,0.12963,0.25,0.01573,0,0.017241,0.017241,1,no
0,0.047619,0,0,0.007937,0,0.148148,0.25,0,0,0,0,1,no
0,0.047619,0,0,0.007937,0,0.148148,0.25,0,0,0,0,1,no
0,0.047619,0,0,0,0,0.12963,0.25,0,0,0,0,1,no
0,0.047619,0,0,0,0,0.12963,0.25,0,0,0,0,1,no
0.012048,0,0,0,0,0.016129,0.12963,0.25,0.01573,0,0.017241,0.017241,1,no
0.009036,0.047619,0,0,0,0,0.12963,0.25,0.011798,0,0.012931,0.012931,1,no
0.012048,0,0,0,0,0.016129,0.12963,0.25,0.01573,0,0.017241,0.017241,1,no
0.009036,0.047619,0,0,0,0,0.12963,0.25,0.011798,0,0.012931,0.012931,1,no
0.012048,0,0,0,0,0.016129,0.12963,0.25,0.01573,0,0.017241,0.017241,1,no
0.009036,0.047619,0,0,0,0,0.12963,0.25,0.011798,0,0.012931,0.012931,1,no
0.009036,0.095238,0,0,0,0,0.12963,0.25,0.011798,0,0.012931,0.012931,1,no
0.018072,0.190476,0,0,0,0,0.12963,0.25,0.023596,0,0.025862,0.025862,1,no
0.009036,0.047619,0,0,0,0,0.12963,0.25,0.011798,0,0.012931,0.012931,1,no
0.009036,0.047619,0,0,0,0,0.12963,0.25,0.011798,0,0.012931,0.012931,1,no
0.012048,0.047619,0,0,0,0,0.12963,0.25,0.01573,0,0.017241,0.017241,1,no
0.012048,0.047619,0,0,0,0,0.12963,0.25,0.01573,0,0.017241,0.017241,1,no
0.012048,0.047619,0,0,0,0,0.12963,0.25,0.01573,0,0.017241,0.017241,1,no
0.012048,0.047619,0,0,0,0,0.12963,0.25,0.01573,0,0.017241,0.017241,1,no
0.012048,0.047619,0,0,0,0,0.12963,0.25,0.01573,0,0.017241,0.017241,1,no
0.012048,0.047619,0,0,0,0,0.12963,0.25,0.01573,0,0.017241,0.017241,1,no
0.009036,0.047619,0,0,0,0,0.12963,0.25,0.011798,0,0.012931,0.012931,1,no
0.01506,0.190476,0,0,0,0.016129,0.12963,0.25,0.019663,0,0.021552,0.021552,1,no
0.009036,0.142857,0,0,0,0,0.12963,0.25,0.011798,0,0.012931,0.012931,1,no
0.009036,0,0,0,0,0,0.074074,0.125,0.006742,0,0.012931,0.012931,0,no
0.009036,0,0,0,0,0,0.092593,0.125,0.008427,0,0.012931,0.012931,0,no
0.009036,0,0,0,0,0,0.092593,0.125,0.008427,0,0.012931,0.012931,0,no
0.009036,0,0,0,0,0,0.074074,0.125,0.006742,0,0.012931,0.012931,0,no
0.009036,0,0,0,0,0,0.074074,0.125,0.006742,0,0.012931,0.012931,0,no
0.009036,0,0,0,0,0,0.111111,0.166667,0.008989,0.000592,0.012931,0.012213,0,no
0.018072,0.190476,0,0,0,0,0.074074,0.125,0.013483,0,0.025862,0.025862,0,no
0,0.047619,0,0,0,0,0.111111,0.208333,0,0,0,0,1,no
0,0.047619,0,0,0,0,0.111111,0.208333,0,0,0,0,1,no
0.012048,0.095238,0,0,0.007937,0,0.12963,0.25,0.014045,0.000592,0.017241,0.01601,1,no
0.012048,0.047619,0,0,0,0,0.111111,0.208333,0.013483,0,0.017241,0.017241,1,no
0.009036,0.047619,0,0,0,0,0.111111,0.208333,0.010112,0,0.012931,0.012931,1,no
0.009036,0.047619,0,0,0,0,0.111111,0.208333,0.010112,0,0.012931,0.012931,1,no
0.009036,0.047619,0,0,0,0,0.111111,0.208333,0.010112,0,0.012931,0.012931,1,no
0.009036,0.047619,0,0,0,0,0.111111,0.208333,0.010112,0,0.012931,0.012931,1,no
0.009036,0.047619,0,0,0,0,0.074074,0.166667,0.006742,0,0.012931,0.012931,0,yes
0.012048,0.142857,0,0,0,0,0.074074,0.166667,0.008989,0,0.017241,0.017241,0,no
0.006024,0,0,0,0,0,0.074074,0.166667,0.004494,0,0.008621,0.008621,0,no
0.009036,0,0,0,0,0,0.074074,0.166667,0.006742,0,0.012931,0.012931,0,no
0.012048,0,0,0,0,0,0.074074,0.166667,0.008989,0,0.017241,0.017241,0,no
0.009036,0,0,0,0,0,0.074074,0.166667,0.006742,0,0.012931,0.012931,0,no
0.009036,0,0,0,0,0,0.074074,0.166667,0.006742,0,0.012931,0.012931,0,no
0.012048,0,0,0,0,0,0.074074,0.166667,0.008989,0,0.017241,0.017241,0,no
0.009036,0,0,0,0,0,0.074074,0.166667,0.006742,0,0.012931,0.012931,0,no
0.009036,0,0,0,0,0,0.074074,0.166667,0.006742,0,0.012931,0.012931,0,no
0.009036,0,0,0,0,0,0.074074,0.166667,0.006742,0,0.012931,0.012931,0,no
0.009036,0.047619,0,0,0,0,0.074074,0.166667,0.006742,0,0.012931,0.012931,0,no
0.009036,0,0.010638,0,0,0,0.074074,0.166667,0.006742,0,0.012931,0.012931,0,no
0.009036,0.095238,0,0,0,0,0.074074,0.166667,0.006742,0,0.012931,0.012931,0,no
0.009036,0.047619,0,0,0,0,0.074074,0.166667,0.006742,0,0.012931,0.012931,0,no
0.018072,0.047619,0,0,0,0.032258,0.074074,0.166667,0.013483,0,0.025862,0.025862,0,no
0.01506,0.047619,0,0,0,0.032258,0.074074,0.166667,0.011236,0,0.021552,0.021552,0,no
0.021084,0.047619,0,0,0,0.048387,0.074074,0.166667,0.01573,0,0.030172,0.030172,0,no
0.009036,0,0,0,0,0,0.074074,0.166667,0.006742,0,0.012931,0.012931,0,no
0.009036,0.047619,0,0,0,0,0.074074,0.166667,0.006742,0,0.012931,0.012931,0,no
0.018072,0.095238,0,0,0,0.032258,0.074074,0.166667,0.013483,0,0.025862,0.025862,0,no
0.009036,0.095238,0,0,0,0,0.074074,0.166667,0.006742,0,0.012931,0.012931,0,no
0.009036,0,0,0,0,0,0.074074,0.166667,0.006742,0,0.012931,0.012931,0,no
0.009036,0,0,0,0,0,0.074074,0.166667,0.006742,0,0.012931,0.012931,0,no
0.009036,0,0,0,0,0,0.074074,0.166667,0.006742,0,0.012931,0.012931,0,no
0.009036,0.095238,0,0,0,0,0.074074,0.166667,0.006742,0,0.012931,0.012931,0,no
0.006024,0.047619,0,0,0,0,0.074074,0.166667,0.004494,0,0.008621,0.008621,0,no
0.009036,0.047619,0,0,0,0,0.074074,0.166667,0.006742,0,0.012931,0.012931,0,no
0.009036,0.047619,0,0,0,0,0.074074,0.166667,0.006742,0,0.012931,0.012931,0,no
0.009036,0.047619,0,0,0,0,0.074074,0.166667,0.006742,0,0.012931,0.012931,0,no
0.009036,0.047619,0,0,0,0,0.074074,0.166667,0.006742,0,0.012931,0.012931,0,no
0.009036,0,0,0,0,0,0.074074,0.166667,0.006742,0,0.012931,0.012931,0,no
0.01506,0.047619,0,0,0,0,0.074074,0.166667,0.011236,0,0.021552,0.021552,0,no
0.009036,0.095238,0,0,0,0,0.074074,0.166667,0.006742,0,0.012931,0.012931,0,no
0.012048,0.095238,0,0,0,0,0.12963,0.291667,0.008427,0,0.012931,0.009236,1,no
0.009036,0.047619,0,0,0,0,0.074074,0.166667,0.006742,0,0.012931,0.012931,0,no
0.009036,0.095238,0,0,0,0,0.074074,0.166667,0.006742,0,0.012931,0.012931,0,no
0.009036,0,0,0,0,0,0.055556,0.125,0.005056,0,0.012931,0.012931,1,no
0.006024,0.047619,0,0,0.007937,0,0.074074,0.125,0.004494,0,0.008621,0.008621,0,no
0,0.142857,0,0,0,0,0.074074,0.125,0,0,0,0,0,no
0.009036,0,0,0,0,0,0.203704,0.458333,0.039888,0.013018,0.043103,0.036442,1,no
0.01506,0.047619,0,0,0,0.032258,0.055556,0.083333,0.008427,0,0.021552,0.021552,0,no
0,0.047619,0,0,0,0,0.055556,0.083333,0,0,0,0,0,no
0,0.095238,0,0,0,0,0.055556,0.083333,0,0,0,0,0,no
0.033133,0,0,0,0,0.032258,0.111111,0.208333,0.030337,0.012426,0.077586,0.053879,1,no
0.009036,0,0,0,0,0,0.185185,0.291667,0.020787,0.012426,0.030172,0.025,1,no
0.01506,0.095238,0,0,0,0,0.037037,0.083333,0.005618,0,0.021552,0.021552,0,no
0.012048,0.047619,0,0,0,0,0.12963,0.291667,0.01573,0,0.017241,0.017241,0,no
0.012048,0.142857,0,0,0,0,0.185185,0.333333,0.023596,0.00355,0.025862,0.02069,0,no
0.012048,0.047619,0,0,0,0.016129,0.055556,0.083333,0.006742,0,0.017241,0.017241,0,no
0.012048,0.095238,0,0,0,0.016129,0.055556,0.083333,0.006742,0,0.017241,0.017241,0,no
0.012048,0.047619,0,0,0,0,0.12963,0.291667,0.01573,0,0.017241,0.017241,0,no
0.012048,0.047619,0,0,0,0,0.12963,0.291667,0.01573,0,0.017241,0.017241,0,no
0.012048,0.047619,0,0,0,0,0.12963,0.291667,0.01573,0,0.017241,0.017241,0,no
0.012048,0.047619,0,0,0,0,0.055556,0.083333,0.006742,0,0.017241,0.017241,0,no
0.012048,0.047619,0,0,0,0,0.055556,0.083333,0.006742,0,0.017241,0.017241,0,no
0.012048,0.047619,0,0,0,0,0.12963,0.291667,0.01573,0,0.017241,0.017241,0,no
0.012048,0.047619,0,0,0,0,0.12963,0.291667,0.01573,0,0.017241,0.017241,0,no
0.012048,0.047619,0,0,0,0,0.12963,0.291667,0.01573,0,0.017241,0.017241,0,no
0.012048,0.047619,0,0,0,0,0.074074,0.125,0.008989,0,0.017241,0.017241,0,no
0.012048,0.142857,0,0,0,0,0.277778,0.375,0.034831,0.018343,0.068966,0.026724,1,no
0.009036,0.047619,0,0,0,0,0.055556,0.083333,0.005056,0,0.012931,0.012931,0,no
0.012048,0.095238,0,0,0,0,0.055556,0.083333,0.006742,0,0.017241,0.017241,0,no
0.012048,0.047619,0,0,0,0,0.074074,0.125,0.008989,0,0.017241,0.017241,0,no
0.012048,0.047619,0,0,0,0,0.074074,0.125,0.008989,0,0.017241,0.017241,0,no
0.012048,0.047619,0,0,0,0,0.074074,0.125,0.008989,0,0.017241,0.017241,0,no
0.012048,0.047619,0,0,0,0,0.055556,0.083333,0.006742,0,0.017241,0.017241,0,no
0.012048,0.047619,0,0,0,0,0.055556,0.083333,0.006742,0,0.017241,0.017241,0,no
0.012048,0.047619,0,0,0,0,0.074074,0.125,0.008989,0,0.017241,0.017241,0,no
0.012048,0.047619,0,0,0,0,0.185185,0.375,0.022472,0,0.017241,0.017241,0,no
0.012048,0.047619,0,0,0,0,0.074074,0.125,0.008989,0,0.017241,0.017241,0,no
0.012048,0.047619,0,0,0,0,0.074074,0.125,0.008989,0,0.017241,0.017241,0,no
0.012048,0.047619,0,0,0,0,0.185185,0.375,0.022472,0,0.017241,0.017241,0,no
0.006024,0,0,0,0.015873,0,0.074074,0.125,0.004494,0,0.008621,0.008621,0,no
0.012048,0.047619,0,0,0,0,0.074074,0.125,0.008989,0,0.017241,0.017241,0,no
0.009036,0.047619,0,0,0,0,0.055556,0.083333,0.005056,0,0.012931,0.012931,0,no
0.012048,0.095238,0,0,0,0.016129,0.055556,0.083333,0.006742,0,0.017241,0.017241,0,no
0.012048,0.047619,0,0,0,0,0.074074,0.125,0.008989,0,0.017241,0.017241,0,no
0.012048,0.047619,0,0,0,0,0.074074,0.125,0.008989,0,0.017241,0.017241,0,no
0.012048,0.047619,0,0,0,0,0.074074,0.125,0.008989,0,0.017241,0.017241,0,no
0.012048,0.047619,0,0,0,0,0.074074,0.125,0.008989,0,0.017241,0.017241,0,no
0.012048,0.047619,0,0,0,0,0.074074,0.125,0.008989,0,0.017241,0.017241,0,no
0.012048,0.047619,0,0,0,0,0.055556,0.083333,0.006742,0,0.017241,0.017241,0,no
0.012048,0.047619,0,0,0,0,0.055556,0.083333,0.006742,0,0.017241,0.017241,0,no
0.012048,0.047619,0,0,0,0,0.12963,0.291667,0.01573,0,0.017241,0.017241,1,no
0.012048,0.047619,0,0,0,0,0.074074,0.125,0.008989,0,0.017241,0.017241,0,no
0.012048,0.047619,0,0,0,0,0.074074,0.125,0.008989,0,0.017241,0.017241,0,no
0.012048,0.047619,0,0,0,0,0.074074,0.125,0.008989,0,0.017241,0.017241,0,no
0.012048,0.047619,0,0,0,0,0.12963,0.291667,0.01573,0,0.017241,0.017241,1,no
0,0,0,0,0,0,0.037037,0.083333,0,0,0,0,0,no
0,0,0,0,0,0,0.037037,0.083333,0,0,0,0,0,no
0,0,0,0,0,0,0.037037,0.083333,0,0,0,0,0,no
0,0,0,0,0,0,0.037037,0.083333,0,0,0,0,0,no
0,0.047619,0,0,0,0,0.037037,0.083333,0,0,0,0,0,no
0.009036,0.095238,0,0,0,0,0.074074,0.125,0.006742,0,0.012931,0.012931,0,no
0.009036,0,0,0,0,0,0.074074,0.125,0.006742,0,0.012931,0.012931,0,no
0.012048,0.095238,0,0,0,0,0.074074,0.125,0.008989,0,0.017241,0.017241,0,no
0.012048,0.047619,0,0,0,0,0.074074,0.125,0.008989,0,0.017241,0.017241,0,no
0.012048,0.047619,0,0,0,0,0.074074,0.125,0.008989,0,0.017241,0.017241,0,no
0.012048,0.047619,0,0,0,0,0.074074,0.125,0.008989,0,0.017241,0.017241,0,no
0.012048,0.095238,0,0,0,0,0.074074,0.125,0.008989,0,0.017241,0.017241,0,no
0.009036,0,0,0,0,0,0.074074,0.125,0.006742,0,0.012931,0.012931,0,no
0.009036,0,0,0,0,0,0.074074,0.125,0.006742,0,0.012931,0.012931,0,no
0.012048,0.047619,0,0,0,0,0.074074,0.125,0.008989,0,0.017241,0.017241,0,no
0.012048,0.047619,0,0,0,0,0.074074,0.125,0.008989,0,0.017241,0.017241,0,no
0.012048,0.047619,0,0,0,0,0.074074,0.125,0.008989,0,0.017241,0.017241,0,no
0,0.095238,0,0,0,0,0.074074,0.125,0,0,0,0,0,no
0,0,0,0,0,0,0.074074,0.125,0,0,0,0,0,no
0,0.095238,0,0,0,0,0.074074,0.125,0,0,0,0,0,no
0,0.047619,0,0,0,0,0.074074,0.125,0,0,0,0,0,no
0,0.047619,0,0,0,0,0.074074,0.125,0,0,0,0,0,no
0,0,0,0,0,0,0.074074,0.125,0,0,0,0,0,no
0,0.047619,0,0,0,0,0.074074,0.125,0,0,0,0,0,no
0,0,0,0,0,0,0.074074,0.125,0,0,0,0,0,no
0.01506,0.095238,0,0,0.007937,0.032258,0.092593,0.208333,0.014045,0,0.021552,0.021552,1,no
0.009036,0,0,0,0,0,0.092593,0.208333,0.008427,0,0.012931,0.012931,1,no
0.012048,0.047619,0,0,0,0,0.092593,0.208333,0.011236,0,0.017241,0.017241,1,no
0.012048,0.047619,0,0,0,0,0.092593,0.208333,0.011236,0,0.017241,0.017241,1,no
0,0,0,0,0,0,0.055556,0.083333,0,0,0,0,0,no
0,0.095238,0,0,0,0,0.074074,0.125,0,0,0,0,0,no
0,0,0,0,0,0,0.074074,0.125,0,0,0,0,0,no
0.009036,0.095238,0,0,0,0,0.074074,0.125,0.006742,0,0.012931,0.012931,0,no
0.009036,0.047619,0,0,0,0,0.055556,0.083333,0.005056,0,0.012931,0.012931,0,no
0.009036,0,0,0,0,0,0.055556,0.083333,0.005056,0,0.012931,0.012931,0,no
0.018072,0.095238,0,0,0,0.016129,0.074074,0.125,0.013483,0,0.025862,0.025862,0,no
0.012048,0,0,0,0,0,0.074074,0.125,0.008989,0,0.017241,0.017241,0,no
0.009036,0.047619,0,0,0.007937,0,0.074074,0.125,0.006742,0,0.012931,0.012931,0,no
0.009036,0,0,0,0,0,0.074074,0.125,0.006742,0,0.012931,0.012931,0,no
0.009036,0,0,0,0,0,0.055556,0.083333,0.005056,0,0.012931,0.012931,0,no
0.009036,0.095238,0,0,0,0,0.074074,0.125,0.006742,0,0.012931,0.012931,0,no
0.006024,0,0,0,0.007937,0,0.074074,0.125,0.004494,0,0.008621,0.008621,0,no
0.009036,0.095238,0,0,0,0,0.074074,0.125,0.006742,0,0.012931,0.012931,0,no
0.009036,0.047619,0,0,0,0,0.055556,0.083333,0.005056,0,0.012931,0.012931,0,no
0.009036,0,0,0,0,0,0.055556,0.083333,0.005056,0,0.012931,0.012931,0,no
0.009036,0,0,0,0,0,0.074074,0.125,0.006742,0,0.012931,0.012931,0,no
0.009036,0.095238,0,0,0,0,0.074074,0.125,0.006742,0,0.012931,0.012931,0,no
0.006024,0,0,0,0.007937,0,0.074074,0.125,0.004494,0,0.008621,0.008621,0,no
0.009036,0.047619,0,0,0.007937,0,0.074074,0.125,0.006742,0,0.012931,0.012931,0,no
0.009036,0,0,0,0,0,0.074074,0.125,0.006742,0,0.012931,0.012931,0,no
0.009036,0.047619,0,0,0,0,0.074074,0.125,0.006742,0,0.012931,0.012931,0,no
0.012048,0.095238,0,0,0,0,0.074074,0.125,0.008989,0,0.017241,0.017241,0,no
0.009036,0,0,0,0,0,0.074074,0.125,0.006742,0,0.012931,0.012931,0,no
0,0.095238,0,0,0,0,0.074074,0.125,0,0,0,0,0,no
0,0,0,0,0,0,0.074074,0.125,0,0,0,0,0,no
0.012048,0.095238,0,0,0,0,0.055556,0.083333,0.006742,0,0.017241,0.017241,0,no
0.009036,0,0,0,0,0,0.055556,0.083333,0.005056,0,0.012931,0.012931,0,no
0,0,0,0,0,0,0.055556,0.083333,0,0,0,0,0,no
0,0,0,0,0,0,0.055556,0.083333,0,0,0,0,0,no
0,0.047619,0,0,0,0,0.055556,0.083333,0,0,0,0,0,no
0.009036,0,0,0,0,0,0.055556,0.083333,0.005056,0,0.012931,0.012931,0,no
0.009036,0,0,0,0,0,0.055556,0.083333,0.005056,0,0.012931,0.012931,0,no
0.009036,0,0,0,0,0,0.055556,0.083333,0.005056,0,0.012931,0.012931,0,no
0.01506,0.047619,0,0,0,0,0.055556,0.083333,0.008427,0,0.021552,0.021552,0,no
0.024096,0.190476,0,0,0,0.016129,0.055556,0.083333,0.013483,0,0.034483,0.034483,0,no
0.012048,0,0,0,0,0,0.055556,0.083333,0.006742,0,0.017241,0.017241,0,no
0.018072,0.047619,0,0,0,0.016129,0.055556,0.083333,0.010112,0,0.025862,0.025862,0,no
0.01506,0.190476,0,0,0,0,0.055556,0.083333,0.008427,0,0.021552,0.021552,0,no
0.009036,0,0,0,0,0,0.055556,0.083333,0.005056,0,0.012931,0.012931,0,no
0.01506,0.047619,0,0,0,0.016129,0.055556,0.083333,0.008427,0,0.021552,0.021552,0,no
0.012048,0.095238,0,0,0,0,0.074074,0.166667,0.008989,0,0.017241,0.017241,0,no
0.009036,0,0,0,0,0,0.074074,0.166667,0.006742,0,0.012931,0.012931,0,no
0.009036,0,0,0,0,0,0.074074,0.166667,0.006742,0,0.012931,0.012931,0,no
0.009036,0.095238,0,0,0,0,0.074074,0.166667,0.006742,0,0.012931,0.012931,0,no
0.009036,0.095238,0,0,0.007937,0,0.092593,0.208333,0.007303,0.000592,0.012931,0.012069,1,no
0.009036,0.047619,0,0,0,0,0.055556,0.083333,0.005056,0,0.012931,0.012931,0,no
0,0.047619,0,0,0.015873,0,0.055556,0.083333,0,0,0,0,0,no
0.01506,0.190476,0,0,0,0,0.055556,0.083333,0.008427,0,0.021552,0.021552,0,no
0.009036,0,0,0,0,0,0.055556,0.083333,0.005056,0,0.012931,0.012931,0,no
0.012048,0,0,0,0,0,0.055556,0.083333,0.006742,0,0.017241,0.017241,0,no
0.012048,0.047619,0,0,0,0,0.055556,0.083333,0.006742,0,0.017241,0.017241,0,no
0.018072,0.095238,0,0,0.015873,0.032258,0.074074,0.125,0.013483,0,0.025862,0.025862,0,no
0.012048,0.047619,0,0,0,0,0.074074,0.125,0.008989,0,0.017241,0.017241,0,no
0,0.095238,0,0,0,0,0.074074,0.125,0,0,0,0,0,no
0.009036,0,0,0,0,0,0.074074,0.166667,0.006742,0,0.012931,0.012931,0,no
0.009036,0,0.010638,0,0,0,0.074074,0.166667,0.006742,0,0.012931,0.012931,0,no
0.009036,0.095238,0,0,0,0,0.037037,0.083333,0.003371,0,0.012931,0.012931,0,no
0.009036,0.047619,0,0,0,0,0.074074,0.166667,0.006742,0,0.012931,0.012931,0,no
0.009036,0,0,0,0,0,0.074074,0.166667,0.006742,0,0.012931,0.012931,0,no
0.009036,0,0,0,0,0,0.074074,0.166667,0.006742,0,0.012931,0.012931,0,no
0.021084,0.190476,0,0,0,0,0.074074,0.166667,0.01573,0,0.030172,0.030172,0,no
0.024096,0.190476,0,0,0,0,0.12963,0.166667,0.019663,0.001775,0.034483,0.023399,0,no
0.009036,0,0,0,0.007937,0,0.074074,0.166667,0.006742,0,0.012931,0.012931,0,no
0.009036,0,0,0,0,0,0.074074,0.166667,0.006742,0,0.012931,0.012931,0,no
0.009036,0,0,0,0,0,0.074074,0.166667,0.006742,0,0.012931,0.012931,0,no
0.009036,0.047619,0,0,0,0,0.074074,0.166667,0.006742,0,0.012931,0.012931,0,no
0.01506,0.142857,0,0,0,0,0.074074,0.166667,0.011236,0,0.021552,0.021552,0,no
0.012048,0.047619,0,0,0,0.016129,0.074074,0.166667,0.008989,0,0.017241,0.017241,0,no
0.018072,0,0,0,0,0.016129,0.074074,0.166667,0.013483,0,0.025862,0.025862,0,no
0.009036,0,0,0,0,0,0.074074,0.166667,0.006742,0,0.012931,0.012931,0,no
0,0,0,0,0.007937,0,0.074074,0.166667,0,0,0,0,0,no
0,0.047619,0,0,0,0,0.074074,0.166667,0,0,0,0,0,no
0,0,0,0,0,0,0.074074,0.166667,0,0,0,0,0,no
0,0,0,0,0,0,0.074074,0.166667,0,0,0,0,0,no
0,0,0,0,0,0,0.074074,0.166667,0,0,0,0,0,no
0,0,0,0,0,0,0.074074,0.166667,0,0,0,0,0,no
0.006024,0,0,0,0.015873,0,0.074074,0.166667,0.004494,0,0.008621,0.008621,0,no
0.027108,0,0,0,0,0,0.148148,0.166667,0.024157,0.004142,0.056034,0.02694,0,no
0.009036,0,0,0,0,0,0.074074,0.166667,0.006742,0,0.012931,0.012931,0,no
0.009036,0.047619,0,0,0,0,0.074074,0.166667,0.006742,0,0.012931,0.012931,0,no
0.009036,0.047619,0,0,0,0,0.074074,0.166667,0.006742,0,0.012931,0.012931,0,no
0.009036,0,0,0,0,0,0.074074,0.166667,0.006742,0,0.012931,0.012931,0,no
0.009036,0.047619,0,0,0,0,0.074074,0.166667,0.006742,0,0.012931,0.012931,0,no
0.012048,0.047619,0,0,0,0,0.111111,0.25,0.013483,0,0.017241,0.017241,1,no
0.012048,0.047619,0,0,0,0,0.111111,0.25,0.013483,0,0.017241,0.017241,1,no
0.012048,0.047619,0,0,0,0,0.111111,0.25,0.013483,0,0.017241,0.017241,1,no
0.012048,0.047619,0,0,0,0,0.111111,0.25,0.013483,0,0.017241,0.017241,1,no
0.012048,0.047619,0,0,0,0,0.111111,0.25,0.013483,0,0.017241,0.017241,1,no
0.012048,0.047619,0,0,0,0,0.111111,0.25,0.013483,0,0.017241,0.017241,1,no
0.012048,0.047619,0,0,0,0,0.111111,0.25,0.013483,0,0.017241,0.017241,1,no
0.012048,0.047619,0,0,0,0,0.111111,0.25,0.013483,0,0.017241,0.017241,1,no
0.012048,0.047619,0,0,0,0,0.111111,0.25,0.013483,0,0.017241,0.017241,1,no
0.012048,0.047619,0,0,0,0,0.111111,0.25,0.013483,0,0.017241,0.017241,1,no
0.012048,0.047619,0,0,0,0,0.111111,0.25,0.013483,0,0.017241,0.017241,1,no
0.012048,0.047619,0,0,0,0,0.111111,0.25,0.013483,0,0.017241,0.017241,1,no
0.012048,0.047619,0,0,0,0,0.074074,0.166667,0.008989,0,0.017241,0.017241,0,no
0.012048,0.047619,0,0,0,0,0.074074,0.166667,0.008989,0,0.017241,0.017241,0,no
0.012048,0.047619,0,0,0,0,0.055556,0.125,0.006742,0,0.017241,0.017241,1,no
0.009036,0,0,0,0,0,0.092593,0.166667,0.007303,0.000592,0.012931,0.012069,0,no
0.01506,0.142857,0,0,0,0,0.074074,0.166667,0.011236,0,0.021552,0.021552,0,no
0.009036,0,0,0,0,0,0.074074,0.166667,0.006742,0,0.012931,0.012931,0,no
0.01506,0.095238,0,0,0,0,0.074074,0.166667,0.011236,0,0.021552,0.021552,0,no
0.01506,0.142857,0,0,0,0,0.074074,0.166667,0.011236,0,0.021552,0.021552,0,no
0.009036,0.095238,0,0,0,0,0.074074,0.166667,0.006742,0,0.012931,0.012931,0,no
0.009036,0.047619,0,0,0,0,0.074074,0.166667,0.006742,0,0.012931,0.012931,0,no
0.009036,0,0,0,0,0,0.074074,0.166667,0.006742,0,0.012931,0.012931,0,no
0.024096,0.142857,0.010638,0,0,0.016129,0.092593,0.166667,0.019101,0.001183,0.043103,0.031034,0,no
0.027108,0.190476,0.010638,0,0,0.016129,0.111111,0.166667,0.02191,0.001775,0.047414,0.030172,0,no
0.009036,0,0,0,0,0,0.074074,0.166667,0.006742,0,0.012931,0.012931,0,no
0.009036,0.142857,0,0,0,0,0.074074,0.166667,0.006742,0,0.012931,0.012931,0,no
0.021084,0.238095,0,0,0,0,0.074074,0.166667,0.01573,0,0.030172,0.030172,0,no
0.009036,0,0,0,0.015873,0,0.074074,0.166667,0.006742,0,0.012931,0.012931,0,no
0.009036,0,0,0,0,0,0.074074,0.166667,0.006742,0,0.012931,0.012931,0,no
0.009036,0,0,0,0,0,0.092593,0.166667,0.007303,0.000592,0.012931,0.012069,0,no
0.009036,0.142857,0,0,0,0,0.092593,0.166667,0.009551,0.002959,0.034483,0.018966,0,no
0.009036,0.190476,0,0,0,0,0.092593,0.166667,0.010112,0.00355,0.038793,0.02069,0,no
0.009036,0,0,0,0,0,0.074074,0.166667,0.006742,0,0.012931,0.012931,0,no
0.012048,0.095238,0,0,0,0,0.092593,0.166667,0.009551,0.000592,0.017241,0.015517,0,no
0.009036,0,0,0,0.015873,0,0.092593,0.166667,0.007303,0.000592,0.012931,0.012069,0,no
0.01506,0,0,0,0,0.016129,0.092593,0.166667,0.011798,0.000592,0.021552,0.018966,0,no
0.009036,0,0,0,0,0,0.092593,0.166667,0.007303,0.000592,0.012931,0.012069,0,no
0.009036,0.047619,0,0,0,0,0.074074,0.125,0.006742,0,0.012931,0.012931,0,no
0.009036,0,0,0,0,0,0.222222,0.375,0.020225,0,0.012931,0.012931,1,no
0.012048,0.190476,0,0,0,0,0.314815,0.458333,0.014607,0.001183,0.012931,0.007099,1,no
0.009036,0.047619,0,0,0,0,0.222222,0.375,0.020225,0,0.012931,0.012931,1,no
0.012048,0.047619,0,0,0,0,0.074074,0.125,0.008989,0,0.017241,0.017241,0,no
0.009036,0,0,0,0,0,0.092593,0.125,0.007303,0.000592,0.017241,0.012069,0,no
0.01506,0,0,0,0,0.016129,0.074074,0.125,0.011236,0,0.021552,0.021552,0,no
0.012048,0.142857,0,0,0,0,0.333333,0.458333,0.024719,0.016568,0.068966,0.017241,1,no
0.018072,0.095238,0,0,0,0.016129,0.222222,0.375,0.040449,0,0.025862,0.025862,1,no
0.009036,0,0,0,0,0,0.222222,0.375,0.020225,0,0.012931,0.012931,1,no
0.012048,0.047619,0,0,0,0,0.240741,0.375,0.027528,0.000592,0.017241,0.016578,1,no
0.012048,0.047619,0,0,0,0,0.074074,0.125,0.008989,0,0.017241,0.017241,0,no
0.012048,0.047619,0,0,0,0,0.074074,0.125,0.008989,0,0.017241,0.017241,0,no
0.012048,0.047619,0,0,0,0,0.074074,0.125,0.008989,0,0.017241,0.017241,0,no
0.012048,0.047619,0,0,0,0,0.074074,0.125,0.008989,0,0.017241,0.017241,0,no
0.012048,0.047619,0,0,0,0,0.074074,0.125,0.008989,0,0.017241,0.017241,0,no
0,0,0,0,0,0,0.074074,0.125,0,0,0,0,0,no
0,0,0,0,0,0,0.074074,0.125,0,0,0,0,0,no
0,0.047619,0,0,0,0,0.222222,0.375,0,0,0,0,1,no
0,0.142857,0,0,0,0,0.074074,0.125,0,0,0,0,0,no
0,0.095238,0,0,0,0,0.222222,0.375,0,0,0,0,1,no
0,0.047619,0,0,0,0,0.074074,0.125,0,0,0,0,0,no
0,0,0,0,0,0,0.222222,0.375,0,0,0,0,1,no
0.009036,0,0,0,0,0,0.314815,0.458333,0.035955,0.092308,0.068966,0.055781,1,no
0.012048,0.047619,0,0,0,0,0.074074,0.125,0.008989,0,0.017241,0.017241,0,no
0.009036,0,0,0,0,0,0.092593,0.125,0.007303,0.000592,0.017241,0.012069,0,no
0.01506,0,0,0,0,0.016129,0.074074,0.125,0.011236,0,0.021552,0.021552,0,no
0.009036,0,0,0,0,0,0.222222,0.375,0.020225,0,0.012931,0.012931,1,no
0.012048,0.047619,0,0,0,0,0.074074,0.125,0.008989,0,0.017241,0.017241,0,no
0.012048,0.047619,0,0,0,0,0.074074,0.125,0.008989,0,0.017241,0.017241,0,no
0.012048,0.047619,0,0,0,0,0.074074,0.125,0.008989,0,0.017241,0.017241,0,no
0.012048,0.047619,0,0,0,0,0.074074,0.125,0.008989,0,0.017241,0.017241,0,no
0.012048,0.047619,0,0,0,0,0.074074,0.125,0.008989,0,0.017241,0.017241,0,no
0.012048,0.047619,0,0,0,0,0.074074,0.125,0.008989,0,0.017241,0.017241,0,no
0.012048,0.047619,0,0,0,0,0.074074,0.125,0.008989,0,0.017241,0.017241,0,no
0.01506,0.142857,0,0,0,0,0.222222,0.375,0.033708,0,0.021552,0.021552,1,no
0.009036,0,0,0,0,0,0.222222,0.375,0.020225,0,0.012931,0.012931,1,no
0.006024,0,0,0,0.015873,0,0.074074,0.125,0.004494,0,0.008621,0.008621,0,no
0.018072,0.190476,0,0,0,0.016129,0.074074,0.125,0.013483,0,0.025862,0.025862,0,no
0.012048,0.047619,0,0,0,0,0.074074,0.125,0.008989,0,0.017241,0.017241,0,no
0.009036,0.142857,0,0,0,0,0.074074,0.125,0.006742,0,0.012931,0.012931,0,no
0.009036,0.095238,0,0,0,0,0.074074,0.125,0.006742,0,0.012931,0.012931,0,no
0.009036,0,0,0,0,0,0.074074,0.125,0.006742,0,0.012931,0.012931,0,no
0.009036,0.142857,0,0,0,0,0.074074,0.125,0.006742,0,0.012931,0.012931,0,no
0.012048,0.047619,0,0,0,0,0.074074,0.125,0.008989,0,0.017241,0.017241,0,no
0.012048,0.047619,0,0,0,0,0.074074,0.125,0.008989,0,0.017241,0.017241,0,no
0.012048,0.047619,0,0,0,0,0.074074,0.125,0.008989,0,0.017241,0.017241,0,no
0.012048,0.095238,0,0,0,0,0.074074,0.125,0.008989,0,0.017241,0.017241,0,no
0.009036,0,0,0,0,0,0.074074,0.125,0.006742,0,0.012931,0.012931,0,no
0.009036,0,0,0,0,0,0.074074,0.125,0.006742,0,0.012931,0.012931,0,no
0.012048,0.047619,0,0,0,0,0.074074,0.125,0.008989,0,0.017241,0.017241,0,no
0.012048,0.047619,0,0,0,0,0.074074,0.125,0.008989,0,0.017241,0.017241,0,no
0.012048,0.047619,0,0,0,0,0.074074,0.125,0.008989,0,0.017241,0.017241,0,no
0,0.095238,0,0,0,0,0.074074,0.125,0,0,0,0,0,no
0,0,0,0,0,0,0.074074,0.125,0,0,0,0,0,no
0,0.142857,0,0,0,0,0.074074,0.125,0,0,0,0,0,no
0,0.047619,0,0,0,0,0.074074,0.125,0,0,0,0,0,no
0,0.047619,0,0,0,0,0.074074,0.125,0,0,0,0,0,no
0,0,0,0,0,0,0.074074,0.125,0,0,0,0,0,no
0,0.047619,0,0,0,0,0.074074,0.125,0,0,0,0,0,no
0,0,0,0,0,0,0.074074,0.125,0,0,0,0,0,no
0.01506,0.095238,0,0,0.007937,0.032258,0.092593,0.208333,0.014045,0,0.021552,0.021552,1,no
0.009036,0,0,0,0,0,0.092593,0.208333,0.008427,0,0.012931,0.012931,1,no
0.012048,0.047619,0,0,0,0,0.092593,0.208333,0.011236,0,0.017241,0.017241,1,no
0.012048,0.047619,0,0,0,0,0.092593,0.208333,0.011236,0,0.017241,0.017241,1,no
0,0.095238,0,0,0,0,0.074074,0.125,0,0,0,0,0,no
0,0.047619,0,0,0,0,0.222222,0.375,0,0,0,0,1,no
0,0,0,0,0,0,0.074074,0.125,0,0,0,0,0,no
0,0,0,0,0,0,0.222222,0.375,0,0,0,0,1,no
0.009036,0.095238,0,0,0,0,0.074074,0.125,0.006742,0,0.012931,0.012931,0,no
0.009036,0,0,0,0,0,0.222222,0.375,0.020225,0,0.012931,0.012931,1,no
0.009036,0.095238,0,0,0,0,0.296296,0.458333,0.013483,0.021302,0.025862,0.016164,1,no
0.018072,0.047619,0,0,0,0.016129,0.222222,0.375,0.040449,0,0.025862,0.025862,1,no
0.012048,0,0,0,0,0,0.074074,0.125,0.008989,0,0.017241,0.017241,0,no
0.006024,0,0,0,0.007937,0,0.222222,0.375,0.013483,0,0.008621,0.008621,1,no
0.009036,0.047619,0,0,0.007937,0,0.074074,0.125,0.006742,0,0.012931,0.012931,0,no
0.009036,0,0,0,0,0,0.074074,0.125,0.006742,0,0.012931,0.012931,0,no
0.009036,0.095238,0,0,0,0,0.074074,0.125,0.006742,0,0.012931,0.012931,0,no
0.009036,0.047619,0,0,0,0,0.222222,0.375,0.020225,0,0.012931,0.012931,1,no
0.006024,0,0,0,0.007937,0,0.074074,0.125,0.004494,0,0.008621,0.008621,0,no
0.006024,0,0,0,0.007937,0,0.222222,0.375,0.013483,0,0.008621,0.008621,1,no
0.009036,0.095238,0,0,0,0,0.074074,0.125,0.006742,0,0.012931,0.012931,0,no
0.009036,0,0,0,0,0,0.074074,0.125,0.006742,0,0.012931,0.012931,0,no
0.009036,0.095238,0,0,0,0,0.296296,0.458333,0.013483,0.007101,0.012931,0.009698,1,no
0.009036,0.047619,0,0,0,0,0.240741,0.375,0.020787,0.000592,0.012931,0.012599,1,no
0.009036,0,0,0,0,0,0.296296,0.458333,0.011236,0,0.008621,0.005388,1,no
0.03012,0,0,0,0,0.016129,0.222222,0.375,0.067416,0,0.043103,0.043103,1,no
0.009036,0,0,0,0,0,0.222222,0.375,0.020225,0,0.012931,0.012931,1,no
0.009036,0.047619,0,0,0.007937,0,0.074074,0.125,0.006742,0,0.012931,0.012931,0,no
0.009036,0,0,0,0,0,0.074074,0.125,0.006742,0,0.012931,0.012931,0,no
0.009036,0.047619,0,0,0,0,0.074074,0.125,0.006742,0,0.012931,0.012931,0,no
0.012048,0.095238,0,0,0,0,0.074074,0.125,0.008989,0,0.017241,0.017241,0,no
0.009036,0,0,0,0,0,0.074074,0.125,0.006742,0,0.012931,0.012931,0,no
0,0.095238,0,0,0,0,0.074074,0.125,0,0,0,0,0,no
0,0,0,0,0,0,0.074074,0.125,0,0,0,0,0,no
0.009036,0.047619,0,0,0,0,0.518519,0.625,0.029775,0.010651,0.017241,0.01093,1,no
0.006024,0.047619,0,0,0.007937,0,0.185185,0.166667,0.011236,0,0.008621,0.008621,1,no
0.006024,0,0,0,0.015873,0,0.185185,0.166667,0.011236,0,0.008621,0.008621,1,no
0.009036,0.047619,0,0,0,0,0.185185,0.166667,0.016854,0,0.012931,0.012931,1,no
0.012048,0,0,0,0,0.016129,0.185185,0.166667,0.022472,0,0.017241,0.017241,1,no
0.021084,0.047619,0,0,0,0.016129,0.185185,0.166667,0.039326,0,0.030172,0.030172,1,no
0.012048,0.047619,0,0,0,0,0.185185,0.166667,0.022472,0,0.017241,0.017241,1,no
0.012048,0.047619,0,0,0,0,0.185185,0.166667,0.022472,0,0.017241,0.017241,1,no
0.01506,0.047619,0,0,0,0,0.185185,0.166667,0.02809,0,0.021552,0.021552,1,no
0.009036,0.095238,0,0,0,0,0.185185,0.166667,0.016854,0,0.012931,0.012931,1,no
0,0.047619,0,0,0,0,0.185185,0.166667,0,0,0,0,1,no
0,0.047619,0,0,0,0,0.185185,0.166667,0,0,0,0,1,no
0,0.047619,0,0,0,0,0.185185,0.166667,0,0,0,0,1,no
0,0.047619,0,0,0,0,0.185185,0.166667,0,0,0,0,1,no
0,0.047619,0,0,0,0,0.185185,0.166667,0,0,0,0,1,no
0,0.095238,0,0,0,0,0.185185,0.166667,0,0,0,0,1,no
0.006024,0,0,0,0.015873,0,0.185185,0.166667,0.011236,0,0.008621,0.008621,1,no
0.009036,0.047619,0,0,0,0,0.185185,0.166667,0.016854,0,0.012931,0.012931,1,no
0.012048,0,0,0,0,0.016129,0.185185,0.166667,0.022472,0,0.017241,0.017241,1,no
0.012048,0.047619,0,0,0,0,0.185185,0.166667,0.022472,0,0.017241,0.017241,1,no
0.012048,0.047619,0,0,0,0,0.185185,0.166667,0.022472,0,0.017241,0.017241,1,no
0.01506,0.047619,0,0,0,0,0.185185,0.166667,0.02809,0,0.021552,0.021552,1,no
0.009036,0.095238,0,0,0,0,0.185185,0.166667,0.016854,0,0.012931,0.012931,1,no
0.018072,0.190476,0,0,0,0,0.185185,0.166667,0.033708,0,0.025862,0.025862,1,no
0.009036,0,0,0,0,0,0.185185,0.166667,0.016854,0,0.012931,0.012931,1,no
0.009036,0,0,0,0,0,0.185185,0.166667,0.016854,0,0.012931,0.012931,1,no
0.009036,0,0,0,0,0,0.185185,0.166667,0.016854,0,0.012931,0.012931,1,no
0.009036,0,0,0,0,0,0.185185,0.166667,0.016854,0,0.012931,0.012931,1,no
0.009036,0,0,0,0,0,0.185185,0.166667,0.016854,0,0.012931,0.012931,1,no
0.009036,0,0,0,0,0,0.185185,0.166667,0.016854,0,0.012931,0.012931,1,no
0.009036,0,0,0,0,0,0.185185,0.166667,0.016854,0,0.012931,0.012931,1,no
0.009036,0,0,0,0,0,0.185185,0.166667,0.016854,0,0.012931,0.012931,1,no
0.009036,0,0,0,0,0,0.185185,0.166667,0.016854,0,0.012931,0.012931,1,no
0.009036,0,0,0,0,0,0.185185,0.166667,0.016854,0,0.012931,0.012931,1,no
0.009036,0,0,0,0,0,0.185185,0.166667,0.016854,0,0.012931,0.012931,1,no
0.009036,0,0,0,0,0,0.185185,0.166667,0.016854,0,0.012931,0.012931,1,no
0.009036,0,0,0,0,0,0.203704,0.458333,0.018539,0,0.012931,0.012931,0,no
0.009036,0,0,0,0,0,0.185185,0.166667,0.016854,0,0.012931,0.012931,1,no
0.012048,0.047619,0,0,0,0,0.185185,0.166667,0.022472,0,0.017241,0.017241,1,no
0.012048,0.047619,0,0,0,0,0.185185,0.166667,0.022472,0,0.017241,0.017241,1,no
0.012048,0.047619,0,0,0,0,0.185185,0.166667,0.022472,0,0.017241,0.017241,1,no
0.012048,0.047619,0,0,0,0,0.185185,0.166667,0.022472,0,0.017241,0.017241,1,no
0.012048,0.047619,0,0,0,0,0.185185,0.166667,0.022472,0,0.017241,0.017241,1,no
0.012048,0.047619,0,0,0,0,0.185185,0.166667,0.022472,0,0.017241,0.017241,1,no
0.012048,0.047619,0,0,0,0,0.185185,0.166667,0.022472,0,0.017241,0.017241,1,no
0.012048,0.047619,0,0,0,0,0.185185,0.166667,0.022472,0,0.017241,0.017241,1,no
0.012048,0.047619,0,0,0,0,0.203704,0.458333,0.024719,0,0.017241,0.017241,0,no
0.012048,0.047619,0,0,0,0,0.185185,0.166667,0.022472,0,0.017241,0.017241,1,no
0.009036,0.047619,0,0,0.007937,0,0.037037,0.083333,0.003371,0,0.012931,0.012931,0,no
0.009036,0.238095,0,0,0,0,0.037037,0.083333,0.003371,0,0.012931,0.012931,0,no
0.009036,0.095238,0,0,0,0,0.185185,0.166667,0.016854,0,0.012931,0.012931,1,no
0.018072,0,0,0,0,0,0.277778,0.25,0.025281,0,0.012931,0.012931,1,no
0.01506,0,0,0,0,0,0.185185,0.166667,0.02809,0,0.021552,0.021552,1,no
0.012048,0,0,0,0,0,0.092593,0.125,0.011236,0,0.017241,0.017241,1,no
0.009036,0,0,0,0,0,0.185185,0.166667,0.016854,0,0.012931,0.012931,1,no
0.009036,0,0,0,0,0,0.092593,0.125,0.008427,0,0.012931,0.012931,1,no
0.009036,0,0,0,0,0,0.277778,0.25,0.019663,0.002959,0.012931,0.011494,1,no
0.01506,0,0,0,0,0,0.185185,0.166667,0.022472,0,0.017241,0.017241,1,no
0.012048,0,0,0,0,0,0.185185,0.166667,0.022472,0,0.017241,0.017241,1,no
0.012048,0,0,0,0,0,0.185185,0.166667,0.022472,0,0.017241,0.017241,1,no
0.009036,0,0,0,0,0,0.185185,0.166667,0.022472,0,0.017241,0.017241,1,no
0.009036,0,0,0,0,0,0.185185,0.166667,0.022472,0,0.017241,0.017241,1,no
0.012048,0,0,0,0,0,0.185185,0.166667,0.022472,0,0.017241,0.017241,1,no
0.009036,0,0,0,0,0,0.185185,0.166667,0.016854,0,0.012931,0.012931,1,no
0.009036,0,0,0,0,0,0.037037,0.083333,0.003371,0,0.012931,0.012931,0,no
0,0,0,0,0,0,0.185185,0.166667,0,0,0,0,1,no
0.009036,0.142857,0,0,0,0,0.185185,0.166667,0.016854,0,0.012931,0.012931,1,no
0.009036,0.095238,0,0,0,0,0.185185,0.166667,0.016854,0,0.012931,0.012931,1,no
0.009036,0.095238,0,0,0,0,0.185185,0.166667,0.016854,0,0.012931,0.012931,1,no
0.009036,0.095238,0,0,0,0,0.185185,0.166667,0.016854,0,0.012931,0.012931,1,no
0.009036,0.095238,0,0,0,0,0.185185,0.166667,0.016854,0,0.012931,0.012931,1,no
0.009036,0.142857,0,0,0,0,0.185185,0.166667,0.016854,0,0.012931,0.012931,1,no
0.012048,0.047619,0,0,0,0,0.185185,0.166667,0.022472,0,0.017241,0.017241,1,no
0.006024,0.047619,0,0,0.007937,0,0.185185,0.166667,0.011236,0,0.008621,0.008621,1,no
0.006024,0.047619,0,0,0.007937,0,0.185185,0.166667,0.011236,0,0.008621,0.008621,1,no
0.006024,0,0,0,0.015873,0,0.185185,0.166667,0.011236,0,0.008621,0.008621,1,no
0.018072,0.190476,0,0,0,0.016129,0.185185,0.166667,0.033708,0,0.025862,0.025862,1,no
0.012048,0.047619,0,0,0,0,0.185185,0.166667,0.022472,0,0.017241,0.017241,1,no
0.009036,0.142857,0,0,0,0,0.185185,0.166667,0.016854,0,0.012931,0.012931,1,no
0.012048,0.047619,0,0,0,0,0.296296,0.541667,0.017978,0.001183,0.017241,0.009159,1,no
0.009036,0,0,0,0,0,0.12963,0.291667,0.011798,0,0.012931,0.012931,0,no
0.01506,0.095238,0,0,0,0,0.259259,0.5,0.020787,0,0.021552,0.011392,1,no
0.006024,0.047619,0,0,0.007937,0,0.166667,0.166667,0.010112,0,0.008621,0.008621,1,no
0.012048,0.047619,0,0,0,0,0.166667,0.166667,0.020225,0,0.017241,0.017241,1,no
0.021084,0.142857,0,0,0,0,0.259259,0.5,0.029775,0,0.030172,0.016318,1,no
0.009036,0.047619,0,0,0,0,0.166667,0.166667,0.015169,0,0.012931,0.012931,1,no
0.012048,0.047619,0,0,0,0,0.166667,0.166667,0.020225,0,0.017241,0.017241,1,no
0.01506,0.142857,0,0,0,0,0.166667,0.166667,0.025281,0,0.021552,0.021552,1,no
0.012048,0.095238,0,0,0,0,0.166667,0.166667,0.020225,0,0.017241,0.017241,1,no
0.009036,0,0,0,0,0,0.166667,0.166667,0.015169,0,0.012931,0.012931,1,no
0.009036,0,0,0,0,0,0.166667,0.166667,0.015169,0,0.012931,0.012931,1,no
0.009036,0,0,0,0,0,0.166667,0.166667,0.015169,0,0.012931,0.012931,1,no
0.018072,0,0.010638,0,0,0.016129,0.277778,0.416667,0.033708,0.00355,0.025862,0.018966,1,no
0.009036,0,0,0,0,0,0.166667,0.166667,0.015169,0,0.012931,0.012931,1,no
0,0,0,0,0,0,0.12963,0.291667,0,0,0,0,0,no
0,0,0,0,0,0,0.12963,0.291667,0,0,0,0,0,no
0,0,0,0,0,0,0.12963,0.291667,0,0,0,0,0,no
0.009036,0.047619,0,0,0,0,0.12963,0.291667,0.011798,0,0.012931,0.012931,0,no
0.012048,0.095238,0,0,0,0,0.12963,0.291667,0.01573,0,0.017241,0.017241,0,no
0.045181,0.095238,0,0,0,0.064516,0.148148,0.208333,0.067416,0,0.064655,0.064655,1,no
0.012048,0.095238,0,0,0,0.016129,0.296296,0.208333,0.164607,0.146746,0.193966,0.145744,1,no
0.009036,0.047619,0,0,0,0,0.148148,0.166667,0.013483,0,0.012931,0.012931,1,no
0,0.047619,0,0,0,0,0.166667,0.166667,0,0,0,0,1,no
0,0.095238,0,0,0.007937,0,0.166667,0.166667,0,0,0,0,1,no
0,0.047619,0,0,0,0,0.166667,0.166667,0,0,0,0,1,no
0.01506,0.095238,0,0,0,0,0.333333,0.416667,0.025281,0,0.017241,0.010776,1,no
0.009036,0.047619,0,0,0,0,0.166667,0.166667,0.015169,0,0.012931,0.012931,1,no
0.012048,0.047619,0,0,0,0,0.333333,0.416667,0.020225,0,0.012931,0.008621,1,no
0.024096,0.095238,0,0,0,0.032258,0.259259,0.5,0.033708,0,0.034483,0.018473,1,no
0.009036,0.095238,0,0,0,0,0.166667,0.166667,0.015169,0,0.012931,0.012931,1,no
0.012048,0.190476,0,0,0.015873,0,0.166667,0.166667,0.020225,0,0.017241,0.017241,1,no
0.009036,0.047619,0,0,0,0,0.166667,0.166667,0.015169,0,0.012931,0.012931,1,no
0.009036,0.047619,0,0,0,0,0.166667,0.166667,0.015169,0,0.012931,0.012931,1,no
0.012048,0.047619,0,0,0,0,0.203704,0.416667,0.024719,0,0.017241,0.017241,0,no
0.012048,0.047619,0,0,0,0,0.148148,0.208333,0.017978,0,0.017241,0.017241,1,no
0.012048,0.047619,0,0,0,0,0.166667,0.166667,0.020225,0,0.017241,0.017241,1,no
0.012048,0.047619,0,0,0,0,0.166667,0.166667,0.020225,0,0.017241,0.017241,1,no
0.012048,0.047619,0,0,0,0,0.166667,0.166667,0.020225,0,0.017241,0.017241,1,no
0.012048,0.047619,0,0,0,0,0.166667,0.166667,0.020225,0,0.017241,0.017241,1,no
0.012048,0.047619,0,0,0,0,0.166667,0.166667,0.020225,0,0.017241,0.017241,1,no
0.009036,0.047619,0,0,0,0,0.166667,0.166667,0.015169,0,0.012931,0.012931,1,no
0.01506,0.190476,0,0,0,0.016129,0.166667,0.166667,0.025281,0,0.021552,0.021552,1,no
0.009036,0.142857,0,0,0,0,0.166667,0.166667,0.015169,0,0.012931,0.012931,1,no
0,0.095238,0,0,0.007937,0,0.018519,0.041667,0,0,0,0,0,no
0,0,0,0,0.007937,0,0.018519,0.041667,0,0,0,0,0,no
0,0,0,0,0.007937,0,0.018519,0.041667,0,0,0,0,0,no
0,0.047619,0,0,0,0,0.018519,0.041667,0,0,0,0,0,no
0,0.047619,0,0,0,0,0.018519,0.041667,0,0,0,0,0,no
0.006024,0.047619,0,0,0.007937,0,0.018519,0.041667,0.001124,0,0.008621,0.008621,0,no
0.009036,0.047619,0,0,0,0,0.018519,0.041667,0.001685,0,0.012931,0.012931,0,no
0.009036,0.047619,0,0,0,0,0.018519,0.041667,0.001685,0,0.012931,0.012931,0,no
0.009036,0.047619,0,0,0,0,0.018519,0.041667,0.001685,0,0.012931,0.012931,0,no
0.009036,0.047619,0,0,0,0,0.018519,0.041667,0.001685,0,0.012931,0.012931,0,no
0.012048,0.095238,0,0,0,0,0.018519,0.041667,0.002247,0,0.017241,0.017241,0,no
0.009036,0.047619,0,0,0,0,0.018519,0.041667,0.001685,0,0.012931,0.012931,0,no
0.009036,0,0,0,0,0,0.018519,0.041667,0.001685,0,0.012931,0.012931,0,no
0.009036,0,0,0,0,0,0.018519,0.041667,0.001685,0,0.012931,0.012931,0,no
0.009036,0.047619,0,0,0,0,0.018519,0.041667,0.001685,0,0.012931,0.012931,0,no
0.006024,0.047619,0,0,0.007937,0,0.018519,0.041667,0.001124,0,0.008621,0.008621,0,no
0.012048,0.047619,0,0,0,0,0.018519,0.041667,0.002247,0,0.017241,0.017241,0,no
0.012048,0.047619,0,0,0,0,0.018519,0.041667,0.002247,0,0.017241,0.017241,0,no
0.012048,0.047619,0,0,0,0,0.018519,0.041667,0.002247,0,0.017241,0.017241,0,no
0.012048,0.047619,0,0,0,0,0.018519,0.041667,0.002247,0,0.017241,0.017241,0,no
0.009036,0.047619,0,0,0,0,0.018519,0.041667,0.001685,0,0.012931,0.012931,0,no
0.01506,0.190476,0,0,0,0.016129,0.018519,0.041667,0.002809,0,0.021552,0.021552,0,no
0.006024,0,0,0,0.015873,0,0.074074,0.125,0.004494,0,0.008621,0.008621,1,no
0.009036,0,0,0,0,0,0.074074,0.125,0.006742,0,0.012931,0.012931,1,no
0.006024,0.047619,0,0,0.007937,0,0.074074,0.125,0.004494,0,0.008621,0.008621,1,no
0.009036,0.047619,0,0,0,0,0.074074,0.125,0.006742,0,0.012931,0.012931,1,no
0.009036,0.047619,0,0,0,0,0.074074,0.125,0.006742,0,0.012931,0.012931,1,no
0.009036,0.047619,0,0,0,0,0.074074,0.125,0.006742,0,0.012931,0.012931,1,no
0.009036,0,0,0,0,0,0.074074,0.125,0.006742,0,0.012931,0.012931,1,no
0.012048,0.047619,0,0,0,0,0.074074,0.125,0.008989,0,0.017241,0.017241,1,no
0.012048,0.047619,0,0,0,0,0.074074,0.125,0.008989,0,0.017241,0.017241,1,no
0.009036,0.047619,0,0,0,0,0.074074,0.125,0.006742,0,0.012931,0.012931,1,no
0.012048,0.047619,0,0,0,0,0.074074,0.125,0.008989,0,0.017241,0.017241,1,no
0.009036,0,0,0,0,0,0.074074,0.125,0.006742,0,0.012931,0.012931,1,no
0.012048,0.095238,0,0,0,0,0.074074,0.125,0.008989,0,0.017241,0.017241,1,no
0.009036,0.047619,0.010638,0,0,0,0.074074,0.125,0.006742,0,0.012931,0.012931,1,no
0.009036,0.047619,0,0,0,0,0.074074,0.125,0.006742,0,0.012931,0.012931,1,no
0,0.047619,0,0,0,0,0.074074,0.125,0,0,0,0,1,no
0,0.047619,0,0,0,0,0.074074,0.125,0,0,0,0,1,no
0.009036,0.047619,0,0,0,0,0.074074,0.125,0.006742,0,0.012931,0.012931,1,no
0.009036,0.047619,0,0,0,0,0.074074,0.125,0.006742,0,0.012931,0.012931,1,no
0.012048,0.095238,0,0,0,0,0.074074,0.125,0.008989,0,0.017241,0.017241,1,no
0,0.047619,0,0,0,0,0.074074,0.125,0,0,0,0,1,no
0.009036,0.095238,0,0,0,0,0.074074,0.125,0.006742,0,0.012931,0.012931,1,no
0.009036,0.142857,0,0,0,0,0.074074,0.125,0.006742,0,0.012931,0.012931,1,no
0.012048,0.047619,0,0,0,0,0.074074,0.125,0.008989,0,0.017241,0.017241,1,no
0.012048,0.047619,0,0,0,0.016129,0.074074,0.125,0.008989,0,0.017241,0.017241,1,no
0.009036,0.142857,0,0,0,0,0.074074,0.125,0.006742,0,0.012931,0.012931,1,no
0.009036,0.190476,0,0,0,0,0.074074,0.125,0.006742,0,0.012931,0.012931,1,no
0.009036,0.047619,0,0,0,0,0.074074,0.125,0.006742,0,0.012931,0.012931,1,no
0.009036,0,0,0,0,0,0.074074,0.125,0.006742,0,0.012931,0.012931,1,no
0.009036,0.047619,0,0,0,0,0.074074,0.125,0.006742,0,0.012931,0.012931,1,no
0.009036,0.047619,0,0,0,0,0.074074,0.125,0.006742,0,0.012931,0.012931,1,no
0.006024,0.047619,0,0,0.007937,0,0.037037,0.083333,0.002247,0,0.008621,0.008621,0,no
0.006024,0.095238,0,0,0.007937,0,0.037037,0.083333,0.002247,0,0.008621,0.008621,0,no
0.006024,0.047619,0,0,0.007937,0,0.037037,0.083333,0.002247,0,0.008621,0.008621,0,no
0.006024,0.047619,0,0,0.007937,0,0.037037,0.083333,0.002247,0,0.008621,0.008621,0,no
0.006024,0.047619,0,0,0.007937,0,0.037037,0.083333,0.002247,0,0.008621,0.008621,0,no
0.006024,0.095238,0,0,0.007937,0,0.037037,0.083333,0.002247,0,0.008621,0.008621,0,no
0.009036,0,0,0,0,0,0.037037,0.083333,0.003371,0,0.012931,0.012931,0,no
0,0.047619,0,0,0,0,0.074074,0.125,0,0,0,0,1,no
0.009036,0.047619,0,0,0,0,0.240741,0.291667,0.01236,0.005325,0.017241,0.010279,1,no
0.012048,0.095238,0,0,0,0,0.148148,0.125,0.008989,0.002959,0.021552,0.011315,1,no
0.009036,0,0,0,0,0,0.074074,0.083333,0.006742,0,0.012931,0.012931,0,yes
0.009036,0,0,0,0,0,0.074074,0.125,0.006742,0,0.012931,0.012931,1,yes
0.009036,0.047619,0,0,0,0,0.037037,0.083333,0.003371,0,0.012931,0.012931,1,no
0.012048,0,0,0,0,0,0.333333,0.375,0.040449,0.028402,0.038793,0.028736,1,no
0.009036,0,0,0,0,0,0.055556,0.125,0.005056,0,0.012931,0.012931,1,no
0.009036,0,0,0,0,0,0.203704,0.291667,0.010674,0.004142,0.012931,0.010188,1,no
0.009036,0,0,0,0,0,0.074074,0.083333,0.006742,0,0.012931,0.012931,0,no
0.01506,0.047619,0,0,0.007937,0,0.259259,0.416667,0.014607,0.004734,0.017241,0.010468,1,no
0.039157,0.047619,0,0,0,0,0.407407,0.458333,0.038764,0.009467,0.056034,0.016654,1,no
0.009036,0.095238,0,0,0,0,0.12963,0.166667,0.008427,0.001775,0.012931,0.011084,1,no
0.009036,0.095238,0,0,0,0,0.055556,0.083333,0.005056,0,0.012931,0.012931,0,no
0.009036,0.095238,0,0,0,0,0.12963,0.166667,0.008427,0.001775,0.012931,0.011084,1,no
0.009036,0,0,0,0,0,0.148148,0.208333,0.008989,0.002367,0.012931,0.010776,1,no
0.009036,0,0,0,0,0,0.074074,0.083333,0.006742,0,0.012931,0.012931,0,no
0.009036,0,0,0,0,0,0.074074,0.083333,0.006742,0,0.012931,0.012931,0,no
0.009036,0,0,0,0,0,0.074074,0.083333,0.006742,0,0.012931,0.012931,0,no
0.009036,0,0,0,0,0,0.074074,0.083333,0.006742,0,0.012931,0.012931,0,no
0.009036,0,0,0,0,0,0.092593,0.208333,0.008427,0,0.012931,0.012931,1,no
0.009036,0,0,0,0,0,0.074074,0.083333,0.006742,0,0.012931,0.012931,0,no
0.009036,0,0,0,0,0,0.074074,0.083333,0.006742,0,0.012931,0.012931,0,no
0.009036,0,0,0,0,0,0.074074,0.125,0.006742,0,0.012931,0.012931,1,no
0.009036,0,0,0,0,0,0.074074,0.125,0.006742,0,0.012931,0.012931,1,no
0.009036,0,0,0,0,0,0.037037,0.083333,0.003371,0,0.012931,0.012931,0,no
0.012048,0,0,0,0,0,0.148148,0.208333,0.011236,0.002367,0.017241,0.012931,1,no
0.009036,0,0,0,0,0,0.037037,0.083333,0.003371,0,0.012931,0.012931,1,no
0.01506,0.047619,0,0,0,0,0.055556,0.083333,0.008427,0,0.021552,0.021552,0,no
0.009036,0,0,0,0,0,0.425926,0.5,0.017416,0.011243,0.012931,0.00937,1,yes
0.009036,0.095238,0,0,0,0,0.092593,0.083333,0.00618,0.001183,0.012931,0.011207,0,no
0.009036,0.095238,0,0,0,0,0.055556,0.083333,0.005056,0,0.012931,0.012931,0,no
0.009036,0.095238,0,0,0,0,0.111111,0.125,0.004494,0.002959,0.012931,0.009339,0,no
0.009036,0,0,0,0,0,0.074074,0.083333,0.006742,0,0.012931,0.012931,0,no
0.012048,0.047619,0,0,0,0,0.037037,0.083333,0.004494,0,0.017241,0.017241,1,no
0.012048,0.047619,0,0,0,0,0.074074,0.083333,0.008989,0,0.017241,0.017241,0,no
0.012048,0.047619,0,0,0,0,0.074074,0.083333,0.008989,0,0.017241,0.017241,0,no
0.012048,0.047619,0,0,0,0,0.074074,0.083333,0.008989,0,0.017241,0.017241,0,no
0.012048,0.047619,0,0,0,0,0.092593,0.208333,0.011236,0,0.017241,0.017241,1,no
0.012048,0.047619,0,0,0,0,0.074074,0.083333,0.008989,0,0.017241,0.017241,0,no
0.012048,0.047619,0,0,0,0,0.074074,0.125,0.008989,0,0.017241,0.017241,1,no
0.012048,0.095238,0,0,0,0,0.074074,0.125,0.008989,0,0.017241,0.017241,1,no
0.009036,0.095238,0,0,0,0,0.074074,0.125,0.006742,0,0.012931,0.012931,1,no
0.009036,0.142857,0,0,0,0,0.074074,0.125,0.006742,0,0.012931,0.012931,1,no
0.012048,0.047619,0,0,0,0,0.074074,0.125,0.008989,0,0.017241,0.017241,1,no
0.009036,0.047619,0,0,0,0,0.111111,0.125,0.007865,0.001183,0.012931,0.011494,1,no
0.009036,0.095238,0,0,0,0,0.037037,0.083333,0.003371,0,0.012931,0.012931,1,no
0.009036,0.095238,0,0,0,0,0.111111,0.125,0.008989,0.001183,0.017241,0.012931,1,no
0.01506,0.142857,0,0,0,0,0.037037,0.083333,0.005618,0,0.021552,0.021552,1,no
0.009036,0.047619,0,0,0,0,0.111111,0.125,0.007865,0.001183,0.012931,0.011494,0,no
0.009036,0,0,0,0,0,0.074074,0.083333,0.006742,0,0.012931,0.012931,0,no
0.01506,0,0,0,0,0.016129,0.074074,0.083333,0.011236,0,0.021552,0.021552,0,no
0.009036,0,0,0,0,0,0.074074,0.083333,0.006742,0,0.012931,0.012931,0,no
0.009036,0,0,0,0,0,0.037037,0.083333,0.003371,0,0.012931,0.012931,1,no
0.009036,0,0,0,0,0,0.074074,0.083333,0.006742,0,0.012931,0.012931,0,no
0.009036,0,0,0,0,0,0.074074,0.083333,0.006742,0,0.012931,0.012931,0,no
0.009036,0,0,0,0,0,0.074074,0.083333,0.006742,0,0.012931,0.012931,0,no
0.009036,0.047619,0,0,0,0,0.037037,0.083333,0.003371,0,0.012931,0.012931,1,no
0.009036,0,0,0,0,0,0.111111,0.083333,0.007865,0.001183,0.012931,0.011494,0,no
0.009036,0,0,0,0,0,0.074074,0.083333,0.006742,0,0.012931,0.012931,0,no
0.021084,0.190476,0,0,0,0,0.074074,0.083333,0.01573,0,0.030172,0.030172,0,no
0.009036,0.047619,0,0,0,0,0.074074,0.083333,0.006742,0,0.012931,0.012931,0,no
0.018072,0.047619,0.010638,0,0,0.032258,0.203704,0.291667,0.017416,0.004142,0.025862,0.01489,1,yes
0.009036,0,0,0,0,0,0.074074,0.083333,0.006742,0,0.012931,0.012931,0,yes
0.01506,0.095238,0,0,0,0,0.111111,0.166667,0.01236,0.001183,0.021552,0.017241,1,no
0.009036,0,0,0,0,0,0.074074,0.083333,0.006742,0,0.012931,0.012931,0,no
0.009036,0,0,0,0,0,0.074074,0.083333,0.006742,0,0.012931,0.012931,0,no
0.009036,0.047619,0,0,0,0,0.074074,0.083333,0.006742,0,0.012931,0.012931,0,no
0.012048,0,0,0,0,0,0.037037,0.083333,0.004494,0,0.017241,0.017241,1,no
0.009036,0,0,0,0,0,0.111111,0.166667,0.007865,0.001183,0.012931,0.011494,1,no
0.01506,0.095238,0,0,0,0,0.111111,0.166667,0.01236,0.001183,0.021552,0.017241,1,no
0.009036,0,0,0,0,0,0.074074,0.083333,0.006742,0,0.012931,0.012931,0,no
0.009036,0.047619,0,0,0,0,0.185185,0.291667,0.010112,0.00355,0.012931,0.010345,1,no
0.009036,0.047619,0,0,0,0,0.074074,0.083333,0.006742,0,0.012931,0.012931,0,no
0.009036,0.047619,0,0,0,0,0.074074,0.083333,0.006742,0,0.012931,0.012931,0,no
0.009036,0,0,0,0,0,0.074074,0.083333,0.006742,0,0.012931,0.012931,0,no
0.009036,0,0,0,0,0,0.074074,0.083333,0.006742,0,0.012931,0.012931,0,no
0,0,0,0,0,0,0.037037,0.083333,0,0,0,0,1,no
0,0.047619,0,0,0,0,0.037037,0.083333,0,0,0,0,1,no
0,0.047619,0,0,0,0,0.074074,0.083333,0,0,0,0,0,no
0,0.047619,0,0,0,0,0.074074,0.083333,0,0,0,0,0,no
0,0,0,0,0,0,0.037037,0.083333,0,0,0,0,1,no
0,0.047619,0,0,0,0,0.074074,0.083333,0,0,0,0,0,no
0,0.047619,0,0,0,0,0.074074,0.083333,0,0,0,0,0,no
0,0.047619,0,0,0,0,0.074074,0.083333,0,0,0,0,0,no
0.009036,0,0,0,0,0,0.074074,0.125,0.006742,0,0.012931,0.012931,1,no
0.009036,0.047619,0,0,0,0,0.074074,0.125,0.006742,0,0.012931,0.012931,1,no
0.009036,0,0,0,0,0,0.074074,0.125,0.006742,0,0.012931,0.012931,1,no
0.01506,0.047619,0,0,0,0,0.111111,0.166667,0.01236,0.001183,0.021552,0.017241,1,no
0,0.047619,0,0,0,0,0.037037,0.083333,0,0,0,0,0,no
0,0.095238,0,0,0,0,0.037037,0.083333,0,0,0,0,0,no
0,0.047619,0,0,0,0,0.037037,0.083333,0,0,0,0,0,no
0,0.047619,0,0,0,0,0.037037,0.083333,0,0,0,0,0,no
0,0.047619,0,0,0,0,0.037037,0.083333,0,0,0,0,0,no
0,0.095238,0,0,0,0,0.037037,0.083333,0,0,0,0,0,no
0,0.047619,0,0,0,0,0.074074,0.125,0,0,0,0,1,no
0,0.047619,0,0,0,0,0.074074,0.125,0,0,0,0,1,no
0.009036,0,0,0,0,0,0.074074,0.125,0.006742,0,0.012931,0.012931,1,no
0.009036,0.095238,0,0,0,0,0.074074,0.125,0.006742,0,0.012931,0.012931,1,no
0.01506,0.142857,0,0,0,0,0.074074,0.125,0.011236,0,0.021552,0.021552,1,no
0.01506,0.047619,0,0,0,0.016129,0.074074,0.125,0.011236,0,0.021552,0.021552,1,no
0.009036,0.047619,0,0,0,0,0.074074,0.125,0.006742,0,0.012931,0.012931,1,no
0.009036,0,0,0,0,0,0.074074,0.125,0.006742,0,0.012931,0.012931,1,no
0.006024,0,0,0,0,0,0.074074,0.125,0.004494,0,0.008621,0.008621,1,no
0,0.047619,0,0,0.007937,0,0.055556,0.125,0,0,0,0,1,no
0.009036,0.047619,0,0,0,0,0.111111,0.166667,0.006742,0.001775,0.012931,0.010776,1,no
0.018072,0.095238,0,0,0,0,0.037037,0.083333,0.006742,0,0.025862,0.025862,0,no
0.009036,0.047619,0,0,0,0,0.018519,0.041667,0.001685,0,0.012931,0.012931,1,no
0.009036,0.047619,0,0,0,0,0.018519,0.041667,0.001685,0,0.012931,0.012931,1,no
0.009036,0.047619,0,0,0,0,0.037037,0.083333,0.003371,0,0.012931,0.012931,0,no
0.009036,0.047619,0,0,0,0,0.037037,0.083333,0.003371,0,0.012931,0.012931,0,no
0.009036,0,0,0,0,0,0.037037,0.083333,0.003371,0,0.012931,0.012931,0,no
0.009036,0,0,0,0,0,0.037037,0.083333,0.003371,0,0.012931,0.012931,0,no
0.009036,0,0,0,0,0,0.055556,0.125,0.003933,0.000592,0.012931,0.011494,1,no
0.009036,0.095238,0.021277,0,0,0,0.037037,0.083333,0.003371,0,0.012931,0.012931,0,no
0.021084,0.142857,0,0,0,0,0.12963,0.208333,0.020787,0.001183,0.030172,0.024015,1,no
0.009036,0,0,0,0,0,0.092593,0.208333,0.008427,0,0.012931,0.012931,1,no
0.009036,0,0,0,0,0,0.092593,0.208333,0.008427,0,0.012931,0.012931,1,no
0.009036,0,0,0,0,0,0.092593,0.208333,0.008427,0,0.012931,0.012931,1,no
0.012048,0.095238,0,0,0,0,0.018519,0.041667,0.002247,0,0.017241,0.017241,0,no
0.009036,0,0,0,0,0,0.018519,0.041667,0.001685,0,0.012931,0.012931,0,no
0.018072,0.142857,0,0,0,0,0.018519,0.041667,0.003371,0,0.025862,0.025862,0,no
0,0.095238,0,0,0.007937,0,0,0,0,0,0,0,0,no
0.009036,0.047619,0,0,0,0,0.018519,0.041667,0.001685,0,0.012931,0.012931,0,no
0.009036,0.047619,0,0,0,0,0.018519,0.041667,0.001685,0,0.012931,0.012931,0,no
0.009036,0,0,0,0,0,0.018519,0.041667,0.001685,0,0.012931,0.012931,0,no
0.009036,0.047619,0,0,0,0,0.018519,0.041667,0.001685,0,0.012931,0.012931,0,no
0.009036,0,0,0,0,0,0.018519,0.041667,0.001685,0,0.012931,0.012931,0,no
0.009036,0,0,0,0,0,0.018519,0.041667,0.001685,0,0.012931,0.012931,0,no
0,0,0,0,0,0,0,0,0,0,0,0,0,no
0.006024,0,0,0,0,0,0,0,0,0,0,0,0,no
0,0.142857,0,0,0,0,0,0,0,0,0,0,0,no
0,0.047619,0,0,0,0,0.018519,0.041667,0,0,0,0,0,no
0,0,0,0,0,0,0.018519,0.041667,0,0,0,0,0,no
0.027108,0.095238,0,0,0.007937,0.016129,0.037037,0.083333,0.010112,0,0.038793,0.038793,0,no
0.01506,0.142857,0,0,0,0,0.055556,0.125,0.008427,0,0.021552,0.021552,1,no
0.01506,0.047619,0,0,0,0.032258,0.037037,0.083333,0.005618,0,0.021552,0.021552,0,yes
0.009036,0,0,0,0,0,0.055556,0.125,0.005056,0,0.012931,0.012931,1,no
0.009036,0,0,0,0,0,0.055556,0.125,0.005056,0,0.012931,0.012931,1,no
0.009036,0,0,0,0,0,0.055556,0.125,0.005056,0,0.012931,0.012931,1,no
0.021084,0,0,0,0,0.016129,0.037037,0.083333,0.007865,0,0.030172,0.030172,0,yes
0.009036,0,0,0,0,0,0.111111,0.208333,0.006742,0.001775,0.012931,0.010776,1,yes
0.009036,0.095238,0,0,0,0,0.111111,0.208333,0.020225,0.009467,0.047414,0.037356,1,no
0.033133,0.142857,0,0,0.007937,0.016129,0.092593,0.208333,0.019663,0.001183,0.047414,0.031897,1,no
0.012048,0,0,0,0,0,0.055556,0.125,0.006742,0,0.017241,0.017241,1,no
0.009036,0,0,0,0,0,0.037037,0.083333,0.003371,0,0.012931,0.012931,1,no
0.018072,0.047619,0,0,0.007937,0.032258,0.185185,0.25,0.065169,0.039053,0.142241,0.078448,1,yes
0.021084,0.142857,0,0,0,0.032258,0.037037,0.083333,0.007865,0,0.030172,0.030172,1,yes
0.009036,0.095238,0,0,0,0,0.037037,0.083333,0.003371,0,0.012931,0.012931,0,no
0.024096,0.047619,0,0,0,0.016129,0.111111,0.208333,0.015169,0.001775,0.034483,0.021552,1,no
0.009036,0.047619,0,0,0,0,0.111111,0.208333,0.006742,0.001775,0.012931,0.010776,1,yes
0.009036,0,0,0,0,0,0.111111,0.208333,0.006742,0.001775,0.012931,0.010776,1,yes
0.01506,0.047619,0,0,0.007937,0,0.203704,0.291667,0.02809,0.014793,0.047414,0.029389,1,no
0.01506,0.047619,0,0,0,0,0.111111,0.208333,0.010112,0.001775,0.021552,0.015086,1,no
0.009036,0,0,0,0,0,0.055556,0.125,0.005056,0,0.012931,0.012931,1,no
0.009036,0,0,0,0,0,0.055556,0.125,0.005056,0,0.012931,0.012931,1,no
0.009036,0,0,0,0,0,0.055556,0.125,0.005056,0,0.012931,0.012931,1,no
0.009036,0,0,0,0,0,0.111111,0.208333,0.006742,0.001775,0.012931,0.010776,1,no
0.012048,0.047619,0,0,0.007937,0,0.055556,0.125,0.006742,0,0.017241,0.017241,1,no
0.012048,0.047619,0,0,0.007937,0,0.055556,0.125,0.006742,0,0.017241,0.017241,1,no
0.009036,0.047619,0,0,0,0,0.074074,0.125,0.006742,0,0.012931,0.012931,1,no
0.012048,0.047619,0,0,0.007937,0,0.092593,0.166667,0.007865,0.001183,0.017241,0.013793,1,no
0.009036,0,0,0,0.007937,0,0.055556,0.125,0.005056,0,0.012931,0.012931,1,no
0.009036,0.095238,0,0,0,0,0.111111,0.208333,0.010112,0.005325,0.025862,0.019397,1,yes
0.009036,0.095238,0,0,0,0,0.166667,0.25,0.011798,0.007101,0.025862,0.015805,1,yes
0.01506,0,0,0,0,0.016129,0.12963,0.208333,0.010674,0.002367,0.021552,0.014163,1,yes
0.009036,0,0,0,0,0,0.148148,0.208333,0.007865,0.002959,0.012931,0.010237,1,yes
0.012048,0.047619,0,0,0.007937,0,0.092593,0.166667,0.007865,0.001183,0.017241,0.013793,1,no
0.009036,0,0,0,0,0,0.055556,0.125,0.005056,0,0.012931,0.012931,1,yes
0.01506,0,0,0,0,0.016129,0.092593,0.166667,0.009551,0.001183,0.021552,0.016379,1,yes
0.012048,0.047619,0,0,0,0,0.055556,0.125,0.006742,0,0.017241,0.017241,1,no
0.009036,0,0,0,0,0,0.111111,0.208333,0.006742,0.001775,0.012931,0.010776,1,yes
0.009036,0.095238,0,0,0,0,0.055556,0.125,0.005056,0,0.012931,0.012931,1,no
0.009036,0.047619,0,0,0,0,0.055556,0.125,0.005056,0,0.012931,0.012931,1,no
0.009036,0,0,0,0,0,0.111111,0.208333,0.006742,0.001775,0.012931,0.010776,1,no
0.009036,0,0,0,0,0,0.055556,0.125,0.005056,0,0.012931,0.012931,1,no
0.009036,0,0.010638,0,0,0,0.055556,0.125,0.005056,0,0.012931,0.012931,1,yes
0.009036,0,0,0,0,0,0.055556,0.125,0.005056,0,0.012931,0.012931,1,no
0.009036,0,0,0,0,0,0.111111,0.208333,0.006742,0.001775,0.012931,0.010776,1,no
0.009036,0.047619,0,0,0,0,0.055556,0.125,0.005056,0,0.012931,0.012931,1,no
0.009036,0,0,0,0,0,0.055556,0.125,0.005056,0,0.012931,0.012931,1,no
0.009036,0.047619,0,0,0,0,0.055556,0.125,0.005056,0,0.012931,0.012931,1,no
0.009036,0,0,0,0.007937,0,0.055556,0.125,0.005056,0,0.012931,0.012931,1,no
0.009036,0.095238,0,0,0,0,0.055556,0.125,0.005056,0,0.012931,0.012931,1,no
0.009036,0.095238,0,0,0,0,0.055556,0.125,0.005056,0,0.012931,0.012931,1,no
0.009036,0,0,0,0,0,0.055556,0.125,0.005056,0,0.012931,0.012931,1,no
0.009036,0.047619,0,0,0,0,0.037037,0.083333,0.003371,0,0.012931,0.012931,0,no
0.018072,0.047619,0,0,0,0.016129,0.037037,0.083333,0.006742,0,0.025862,0.025862,0,no
0.009036,0.047619,0,0,0,0,0.074074,0.125,0.006742,0,0.012931,0.012931,1,no
0.009036,0.047619,0,0,0,0,0.074074,0.125,0.006742,0,0.012931,0.012931,1,no
0.01506,0.047619,0,0,0,0,0.074074,0.125,0.011236,0,0.021552,0.021552,1,no
0.012048,0.047619,0,0,0,0,0.074074,0.125,0.008989,0,0.017241,0.017241,1,no
0.012048,0.047619,0,0,0,0,0.074074,0.125,0.008989,0,0.017241,0.017241,1,no
0.018072,0.190476,0,0,0,0.016129,0.074074,0.125,0.013483,0,0.025862,0.025862,1,no
0.012048,0.047619,0,0,0,0,0.074074,0.125,0.008989,0,0.017241,0.017241,1,no
0.012048,0.047619,0,0,0,0,0.074074,0.125,0.008989,0,0.017241,0.017241,1,no
0.012048,0.047619,0,0,0,0,0.074074,0.125,0.008989,0,0.017241,0.017241,1,no
0.009036,0.142857,0,0,0,0,0.055556,0.125,0.005056,0,0.012931,0.012931,0,no
0.012048,0.095238,0,0,0,0,0.074074,0.125,0.008989,0,0.017241,0.017241,1,no
0.009036,0.047619,0,0,0,0,0.074074,0.125,0.006742,0,0.012931,0.012931,1,no
0.009036,0.047619,0,0,0,0,0.074074,0.125,0.006742,0,0.012931,0.012931,1,no
0,0.047619,0,0,0,0,0.074074,0.125,0,0,0,0,1,no
0,0.047619,0,0,0,0,0.074074,0.125,0,0,0,0,1,no
0.009036,0.047619,0,0,0,0,0.074074,0.125,0.006742,0,0.012931,0.012931,1,no
0.009036,0.047619,0,0,0,0,0.074074,0.125,0.006742,0,0.012931,0.012931,1,no
0,0.047619,0,0,0,0,0.074074,0.125,0,0,0,0,1,no
0.021084,0.190476,0,0,0,0,0.074074,0.166667,0.01573,0,0.030172,0.030172,1,no
0.009036,0,0,0,0,0,0.074074,0.166667,0.006742,0,0.012931,0.012931,1,no
0.009036,0,0,0,0,0,0.074074,0.166667,0.006742,0,0.012931,0.012931,1,no
0.009036,0,0,0,0,0,0.074074,0.166667,0.006742,0,0.012931,0.012931,1,no
0.009036,0,0,0,0,0,0.074074,0.166667,0.006742,0,0.012931,0.012931,1,no
0.009036,0,0,0,0,0,0.074074,0.166667,0.006742,0,0.012931,0.012931,1,no
0.024096,0,0.010638,0,0,0.016129,0.074074,0.166667,0.017978,0,0.034483,0.034483,1,no
0.009036,0,0,0,0,0,0.074074,0.166667,0.006742,0,0.012931,0.012931,1,no
0.009036,0,0,0,0,0,0.074074,0.166667,0.006742,0,0.012931,0.012931,1,no
0.045181,0,0,0,0,0.016129,0.092593,0.166667,0.032022,0,0.060345,0.049138,1,no
0.018072,0.095238,0,0,0,0.016129,0.074074,0.166667,0.013483,0,0.025862,0.025862,1,no
0.021084,0.047619,0,0,0.007937,0,0.12963,0.291667,0.027528,0,0.030172,0.030172,1,no
0.01506,0.095238,0,0,0,0,0.092593,0.208333,0.014045,0,0.021552,0.021552,1,no
0.009036,0,0,0,0,0,0.092593,0.208333,0.008427,0,0.012931,0.012931,1,no
0.009036,0,0,0,0,0,0.092593,0.208333,0.008427,0,0.012931,0.012931,1,no
0.009036,0,0,0,0,0,0.092593,0.208333,0.008427,0,0.012931,0.012931,1,no
0.018072,0,0,0,0,0.016129,0.092593,0.208333,0.016854,0,0.025862,0.025862,1,no
0.009036,0,0,0,0,0,0.092593,0.208333,0.008427,0,0.012931,0.012931,1,no
0.018072,0.190476,0,0,0,0,0.018519,0.041667,0.003371,0,0.025862,0.025862,1,no
0.009036,0,0,0,0,0,0.074074,0.166667,0.006742,0,0.012931,0.012931,1,no
0.009036,0,0,0,0,0,0.074074,0.166667,0.006742,0,0.012931,0.012931,1,no
0.009036,0,0,0,0,0,0.018519,0.041667,0.001685,0,0.012931,0.012931,1,no
0.009036,0,0,0,0,0,0.074074,0.166667,0.006742,0,0.012931,0.012931,1,no
0.018072,0,0.031915,0,0,0.016129,0.074074,0.166667,0.013483,0,0.025862,0.025862,1,no
0.009036,0,0,0,0,0,0.074074,0.166667,0.006742,0,0.012931,0.012931,1,no
0.009036,0.238095,0,0,0,0,0.074074,0.166667,0.006742,0,0.012931,0.012931,1,no
0.009036,0.238095,0,0,0,0,0.074074,0.166667,0.006742,0,0.012931,0.012931,1,no
0.027108,0.333333,0,0,0,0,0.074074,0.166667,0.020225,0,0.038793,0.038793,1,no
0.009036,0,0,0,0,0,0.074074,0.166667,0.006742,0,0.012931,0.012931,1,no
0.009036,0,0,0,0,0,0.074074,0.166667,0.006742,0,0.012931,0.012931,1,no
0.009036,0,0,0,0,0,0.074074,0.166667,0.006742,0,0.012931,0.012931,1,no
0.009036,0,0,0,0,0,0.074074,0.166667,0.006742,0,0.012931,0.012931,1,no
0.009036,0,0,0,0,0,0.074074,0.166667,0.006742,0,0.012931,0.012931,1,no
0.009036,0,0,0,0,0,0.074074,0.166667,0.006742,0,0.012931,0.012931,1,no
0.03012,0,0.074468,0,0,0.016129,0.074074,0.166667,0.022472,0,0.043103,0.043103,1,no
0.009036,0,0,0,0,0,0.074074,0.166667,0.006742,0,0.012931,0.012931,1,no
0.009036,0,0,0,0,0,0.074074,0.166667,0.006742,0,0.012931,0.012931,1,no
0.006024,0,0,0,0,0,0.074074,0.166667,0.004494,0,0.008621,0.008621,1,no
0.009036,0.047619,0,0,0,0,0.074074,0.166667,0.006742,0,0.012931,0.012931,1,no
0.012048,0.095238,0,0,0,0,0.074074,0.166667,0.008989,0,0.017241,0.017241,1,no
0.009036,0,0,0,0,0,0.074074,0.166667,0.006742,0,0.012931,0.012931,1,no
0.009036,0,0,0,0,0,0.074074,0.166667,0.006742,0,0.012931,0.012931,1,no
0.006024,0,0,0,0.007937,0,0.074074,0.166667,0.004494,0,0.008621,0.008621,1,no
0.006024,0.095238,0,0,0.007937,0,0.074074,0.166667,0.004494,0,0.008621,0.008621,1,no
0.009036,0.095238,0,0,0,0,0.074074,0.166667,0.006742,0,0.012931,0.012931,1,no
0.009036,0,0,0,0,0,0.074074,0.166667,0.006742,0,0.012931,0.012931,1,no
0.009036,0,0,0,0,0,0.074074,0.166667,0.006742,0,0.012931,0.012931,1,no
0.009036,0.047619,0,0,0,0,0.074074,0.166667,0.006742,0,0.012931,0.012931,1,no
0.009036,0,0,0,0,0,0.074074,0.166667,0.006742,0,0.012931,0.012931,1,no
0.018072,0.047619,0,0,0,0,0.074074,0.166667,0.013483,0,0.025862,0.025862,1,no
0.012048,0.095238,0,0,0,0,0.074074,0.166667,0.008989,0,0.017241,0.017241,1,no
0.009036,0.095238,0,0,0,0,0.074074,0.166667,0.006742,0,0.012931,0.012931,1,no
0.012048,0.047619,0,0,0,0.016129,0.074074,0.166667,0.008989,0,0.017241,0.017241,1,no
0.009036,0.047619,0,0,0,0,0.074074,0.166667,0.006742,0,0.012931,0.012931,1,no
0.009036,0.047619,0,0,0,0,0.074074,0.166667,0.006742,0,0.012931,0.012931,1,no
0.006024,0,0,0,0.015873,0,0.092593,0.125,0.005618,0,0.008621,0.008621,1,no
0.006024,0.095238,0,0,0,0,0.037037,0.083333,0.002247,0,0.008621,0.008621,0,no
0.018072,0.047619,0.010638,0,0,0.032258,0.074074,0.166667,0.013483,0,0.025862,0.025862,1,no
0.024096,0.095238,0,0,0,0,0.092593,0.125,0.022472,0,0.034483,0.034483,1,no
0.012048,0.047619,0,0,0,0.016129,0.12963,0.125,0.01236,0.001183,0.017241,0.014778,1,no
0.012048,0.047619,0,0,0,0.016129,0.185185,0.25,0.014045,0.002959,0.017241,0.012931,1,no
0.009036,0.047619,0,0,0,0,0.074074,0.166667,0.006742,0,0.012931,0.012931,1,no
0.01506,0.095238,0,0,0,0,0.166667,0.291667,0.014045,0.002959,0.021552,0.014368,1,no
0.021084,0,0.010638,0,0,0.064516,0.074074,0.166667,0.01573,0,0.030172,0.030172,1,no
0.009036,0,0,0,0,0,0.074074,0.166667,0.006742,0,0.012931,0.012931,1,no
0.009036,0.047619,0,0,0.007937,0,0.074074,0.166667,0.006742,0,0.012931,0.012931,1,no
0.009036,0,0,0,0,0,0.074074,0.166667,0.006742,0,0.012931,0.012931,1,no
0.009036,0.095238,0,0,0,0,0.074074,0.166667,0.006742,0,0.012931,0.012931,1,no
0.009036,0.047619,0,0,0.007937,0,0.074074,0.166667,0.006742,0,0.012931,0.012931,1,no
0.009036,0.047619,0,0,0,0,0.074074,0.166667,0.006742,0,0.012931,0.012931,1,no
0.009036,0.047619,0,0,0,0,0.074074,0.166667,0.006742,0,0.012931,0.012931,1,no
0,0.047619,0,0,0,0,0.074074,0.166667,0,0,0,0,1,no
0,0.095238,0,0,0,0,0.037037,0.083333,0,0,0,0,0,no
0,0.047619,0,0,0,0,0.092593,0.125,0,0,0,0,1,no
0,0.047619,0,0,0,0,0.074074,0.166667,0,0,0,0,1,no
0,0,0,0,0,0,0.074074,0.166667,0,0,0,0,1,no
0,0.095238,0,0,0,0,0.092593,0.125,0,0,0,0,1,no
0,0.047619,0,0,0,0,0.092593,0.125,0,0,0,0,1,no
0,0.047619,0,0,0,0,0.074074,0.166667,0,0,0,0,1,no
0,0.047619,0,0,0,0,0.092593,0.125,0,0,0,0,1,no
0.006024,0,0,0,0.007937,0,0.074074,0.166667,0.004494,0,0.008621,0.008621,1,no
0.006024,0.095238,0,0,0.007937,0,0.074074,0.166667,0.004494,0,0.008621,0.008621,1,no
0.009036,0.095238,0,0,0,0,0.222222,0.375,0.013483,0.014201,0.025862,0.017241,1,no
0.009036,0.095238,0,0,0,0,0.074074,0.166667,0.006742,0,0.012931,0.012931,1,no
0.01506,0.142857,0,0,0,0,0.074074,0.166667,0.011236,0,0.021552,0.021552,1,no
0.009036,0.047619,0,0,0,0,0.074074,0.166667,0.006742,0,0.012931,0.012931,1,no
0.009036,0,0,0,0,0,0.074074,0.166667,0.006742,0,0.012931,0.012931,1,no
0.009036,0,0,0,0,0,0.074074,0.166667,0.006742,0,0.012931,0.012931,1,no
0.009036,0,0,0,0,0,0.12963,0.166667,0.011798,0,0.012931,0.012931,0,no
0.012048,0.190476,0,0,0,0.016129,0.074074,0.166667,0.008989,0,0.017241,0.017241,1,no
0.009036,0.142857,0,0,0,0,0.037037,0.083333,0.003371,0,0.012931,0.012931,0,no
0.009036,0.047619,0,0,0,0,0.074074,0.166667,0.006742,0,0.012931,0.012931,1,no
0.009036,0.095238,0,0,0,0,0.111111,0.208333,0.010112,0,0.012931,0.012931,1,no
0,0.095238,0,0,0,0,0.074074,0.166667,0,0,0,0,1,no
0.009036,0.047619,0,0,0,0,0.074074,0.166667,0.006742,0,0.012931,0.012931,1,no
0,0.142857,0,0,0,0,0.074074,0.166667,0,0,0,0,1,no
0.009036,0.047619,0,0,0,0,0.074074,0.166667,0.006742,0,0.012931,0.012931,1,no
0.006024,0,0,0,0,0,0.074074,0.166667,0.004494,0,0.008621,0.008621,1,no
0.018072,0.142857,0,0,0,0,0.074074,0.166667,0.013483,0,0.025862,0.025862,1,no
0.018072,0.190476,0,0,0,0,0.074074,0.166667,0.013483,0,0.025862,0.025862,1,no
0.009036,0,0,0,0,0,0.074074,0.166667,0.006742,0,0.012931,0.012931,1,no
0.009036,0,0,0,0,0,0.074074,0.166667,0.006742,0,0.012931,0.012931,1,no
0,0.047619,0,0,0,0,0.074074,0.166667,0,0,0,0,1,no
0,0,0,0,0,0,0.074074,0.166667,0,0,0,0,1,no
0,0,0,0,0,0,0.074074,0.166667,0,0,0,0,1,no
0.009036,0.285714,0,0,0,0,0.425926,0.5,0.130899,0.094675,0.224138,0.073651,1,no
0.012048,0,0,0,0,0,0.074074,0.166667,0.008989,0,0.017241,0.017241,1,no
0.009036,0,0,0,0,0,0.074074,0.166667,0.006742,0,0.012931,0.012931,1,no
0.03012,0,0,0,0,0.016129,0.37037,0.375,0.026966,0.002367,0.034483,0.011207,1,no
0.009036,0,0,0,0,0,0.111111,0.208333,0.010112,0,0.012931,0.012931,1,no
0.009036,0,0,0,0,0,0.074074,0.166667,0.006742,0,0.012931,0.012931,1,no
0.012048,0.095238,0,0,0,0,0.074074,0.166667,0.008989,0,0.017241,0.017241,1,no
0.012048,0.095238,0,0,0,0,0.111111,0.208333,0.013483,0,0.017241,0.017241,1,no
0.01506,0.190476,0,0,0,0,0.074074,0.166667,0.011236,0,0.021552,0.021552,1,no
0.01506,0.238095,0,0,0,0,0.037037,0.083333,0.005618,0,0.021552,0.021552,0,no
0.009036,0.047619,0,0,0,0,0.074074,0.166667,0.006742,0,0.012931,0.012931,1,no
0.009036,0,0,0,0,0,0.074074,0.166667,0.006742,0,0.012931,0.012931,1,no
0.009036,0,0,0,0.007937,0,0.074074,0.166667,0.006742,0,0.012931,0.012931,1,no
0.009036,0.047619,0,0,0,0,0.074074,0.166667,0.006742,0,0.012931,0.012931,1,no
0.009036,0,0,0,0,0,0.074074,0.166667,0.006742,0,0.012931,0.012931,1,no
0.012048,0.142857,0,0,0,0.016129,0.074074,0.166667,0.008989,0,0.017241,0.017241,1,no
0.009036,0,0,0,0,0,0.074074,0.166667,0.006742,0,0.012931,0.012931,1,no
0.009036,0.047619,0,0,0,0,0.166667,0.291667,0.009551,0.002959,0.012931,0.010536,1,no
0.012048,0.095238,0,0,0,0.016129,0.074074,0.166667,0.008989,0,0.017241,0.017241,1,no
0.009036,0,0,0,0,0,0.074074,0.166667,0.006742,0,0.012931,0.012931,1,no
0.009036,0.047619,0,0,0,0,0.074074,0.166667,0.006742,0,0.012931,0.012931,1,no
0.009036,0,0,0,0,0,0.074074,0.166667,0.006742,0,0.012931,0.012931,1,no
0.009036,0.047619,0,0,0,0,0.074074,0.166667,0.006742,0,0.012931,0.012931,1,no
0.009036,0.380952,0,0,0,0,0.037037,0.083333,0.003371,0,0.012931,0.012931,0,no
0.039157,0.428571,0,0,0,0.016129,0.037037,0.083333,0.014607,0,0.056034,0.056034,0,no
0.012048,0.095238,0,0,0,0.016129,0.092593,0.208333,0.009551,0.000592,0.017241,0.015517,1,no
0.009036,0.047619,0,0,0,0,0.074074,0.166667,0.006742,0,0.012931,0.012931,1,no
0.009036,0.047619,0,0,0,0,0.074074,0.166667,0.006742,0,0.012931,0.012931,1,no
0.012048,0.095238,0,0,0,0,0.074074,0.166667,0.008989,0,0.017241,0.017241,1,no
0.012048,0,0,0,0,0,0.074074,0.166667,0.008989,0,0.017241,0.017241,1,no
0.012048,0,0,0,0,0,0.074074,0.166667,0.008989,0,0.017241,0.017241,1,no
0.012048,0.095238,0,0,0.015873,0,0.074074,0.166667,0.008989,0,0.017241,0.017241,1,no
0.006024,0,0,0,0.015873,0,0.074074,0.166667,0.004494,0,0.008621,0.008621,1,no
0.009036,0,0,0,0,0,0.074074,0.166667,0.006742,0,0.012931,0.012931,1,no
0.006024,0.047619,0,0,0.007937,0,0.074074,0.166667,0.004494,0,0.008621,0.008621,1,no
0.009036,0.047619,0,0,0,0,0.074074,0.166667,0.006742,0,0.012931,0.012931,1,no
0.009036,0.047619,0,0,0,0,0.074074,0.166667,0.006742,0,0.012931,0.012931,1,no
0.012048,0.047619,0,0,0,0,0.074074,0.166667,0.008989,0,0.017241,0.017241,1,no
0.012048,0.047619,0,0,0,0,0.074074,0.166667,0.008989,0,0.017241,0.017241,1,no
0.012048,0.047619,0,0,0,0,0.074074,0.166667,0.008989,0,0.017241,0.017241,1,no
0.009036,0,0,0,0,0,0.074074,0.166667,0.006742,0,0.012931,0.012931,1,no
0.012048,0.095238,0,0,0,0,0.074074,0.166667,0.008989,0,0.017241,0.017241,1,no
0.009036,0.047619,0.010638,0,0,0,0.074074,0.166667,0.006742,0,0.012931,0.012931,1,no
0.009036,0.047619,0,0,0,0,0.074074,0.166667,0.006742,0,0.012931,0.012931,1,no
0,0.047619,0,0,0,0,0.074074,0.166667,0,0,0,0,1,no
0,0.047619,0,0,0,0,0.074074,0.166667,0,0,0,0,1,no
0.009036,0.047619,0,0,0,0,0.074074,0.166667,0.006742,0,0.012931,0.012931,1,no
0.009036,0.047619,0,0,0,0,0.074074,0.166667,0.006742,0,0.012931,0.012931,1,no
0.012048,0.095238,0,0,0,0,0.092593,0.208333,0.011236,0,0.017241,0.017241,1,no
0.012048,0.095238,0,0,0,0,0.092593,0.208333,0.011236,0,0.017241,0.017241,1,no
0,0.047619,0,0,0,0,0.074074,0.166667,0,0,0,0,1,no
0.012048,0.095238,0,0,0,0,0.074074,0.166667,0.008989,0,0.017241,0.017241,1,no
0.009036,0,0,0,0,0,0.074074,0.166667,0.006742,0,0.012931,0.012931,1,no
0.009036,0,0,0,0,0,0.074074,0.166667,0.006742,0,0.012931,0.012931,1,no
0.009036,0.047619,0,0,0,0,0.074074,0.166667,0.006742,0,0.012931,0.012931,1,no
0.006024,0,0,0,0.007937,0,0.074074,0.166667,0.004494,0,0.008621,0.008621,1,no
0.009036,0.047619,0,0,0,0,0.074074,0.166667,0.006742,0,0.012931,0.012931,1,no
0.01506,0.047619,0,0,0,0,0.074074,0.166667,0.011236,0,0.021552,0.021552,1,no
0.01506,0.095238,0,0,0,0,0.074074,0.166667,0.011236,0,0.021552,0.021552,1,no
0.009036,0.095238,0,0,0,0,0.074074,0.166667,0.006742,0,0.012931,0.012931,1,no
0.009036,0.047619,0,0,0,0,0.074074,0.166667,0.006742,0,0.012931,0.012931,1,no
0.009036,0,0,0,0,0,0.074074,0.166667,0.006742,0,0.012931,0.012931,1,no
0.009036,0,0,0,0,0,0.074074,0.166667,0.006742,0,0.012931,0.012931,1,no
0.060241,0,0,0,0,0.064516,0.074074,0.166667,0.044944,0,0.086207,0.086207,1,no
0.009036,0,0,0,0,0,0.074074,0.166667,0.006742,0,0.012931,0.012931,1,no
0.009036,0,0,0,0,0,0.074074,0.166667,0.006742,0,0.012931,0.012931,1,no
0.012048,0,0,0,0,0.016129,0.074074,0.166667,0.008989,0,0.017241,0.017241,1,no
0.009036,0,0,0,0,0,0.074074,0.166667,0.006742,0,0.012931,0.012931,1,no
0,0,0,0,0,0,0.074074,0.166667,0,0,0,0,1,no
0,0.047619,0,0,0,0,0.074074,0.166667,0,0,0,0,1,no
0,0,0,0,0,0,0.074074,0.166667,0,0,0,0,1,no
0,0,0,0,0,0,0.074074,0.166667,0,0,0,0,1,no
0,0.047619,0,0,0,0,0.074074,0.166667,0,0,0,0,1,no
0.009036,0,0,0,0,0,0.074074,0.166667,0.006742,0,0.012931,0.012931,1,no
0.009036,0.047619,0,0,0,0,0.074074,0.166667,0.006742,0,0.012931,0.012931,1,no
0.009036,0,0,0,0.007937,0,0.074074,0.166667,0.006742,0,0.012931,0.012931,1,no
0.009036,0.095238,0,0,0.007937,0,0.074074,0.166667,0.006742,0,0.012931,0.012931,1,no
0.009036,0.095238,0,0,0,0,0.074074,0.166667,0.006742,0,0.012931,0.012931,1,no
0.009036,0,0,0,0,0,0.074074,0.166667,0.006742,0,0.012931,0.012931,1,no
0.009036,0.095238,0,0,0,0,0.074074,0.166667,0.006742,0,0.012931,0.012931,1,no
0.006024,0,0,0,0.007937,0,0.074074,0.166667,0.004494,0,0.008621,0.008621,1,no
0.01506,0,0,0,0,0.016129,0.074074,0.166667,0.011236,0,0.021552,0.021552,1,no
0.009036,0.047619,0,0,0,0,0.074074,0.166667,0.006742,0,0.012931,0.012931,1,no
0.009036,0,0,0,0.007937,0,0.074074,0.166667,0.006742,0,0.012931,0.012931,1,no
0.009036,0.095238,0,0,0.007937,0,0.074074,0.166667,0.006742,0,0.012931,0.012931,1,no
0.009036,0.095238,0,0,0,0,0.074074,0.166667,0.006742,0,0.012931,0.012931,1,no
0.009036,0,0,0,0,0,0.074074,0.166667,0.006742,0,0.012931,0.012931,1,no
0.009036,0.095238,0,0,0,0,0.074074,0.166667,0.006742,0,0.012931,0.012931,1,no
0.009036,0.142857,0,0,0,0,0.074074,0.166667,0.006742,0,0.012931,0.012931,1,no
0.03012,0.190476,0,0,0,0,0.074074,0.166667,0.022472,0,0.043103,0.043103,1,no
0.060241,0,0,0,0,0,0.074074,0.166667,0.044944,0,0.086207,0.086207,1,no
0.072289,0,0,0,0,0,0.074074,0.166667,0.053933,0,0.103448,0.103448,1,no
0.009036,0,0,0,0,0,0.074074,0.166667,0.006742,0,0.012931,0.012931,1,no
0.024096,0.190476,0,0,0,0.064516,0.259259,0.5,0.022472,0.002367,0.025862,0.013547,1,no
0.027108,0.142857,0,0,0,0.048387,0.222222,0.458333,0.022472,0.004734,0.043103,0.017241,1,no
0.012048,0.047619,0,0,0,0,0.074074,0.166667,0.008989,0,0.017241,0.017241,1,no
0.009036,0,0,0,0,0,0.037037,0.083333,0.003371,0,0.012931,0.012931,1,no
0.009036,0.190476,0,0,0,0,0.037037,0.083333,0.003371,0,0.012931,0.012931,1,no
0.009036,0.047619,0,0,0,0,0.037037,0.083333,0.003371,0,0.012931,0.012931,1,no
0.009036,0.047619,0,0,0,0,0.037037,0.083333,0.003371,0,0.012931,0.012931,1,no
0.009036,0,0,0,0,0,0.037037,0.083333,0.003371,0,0.012931,0.012931,1,no
0.009036,0.190476,0,0,0,0,0.037037,0.083333,0.003371,0,0.012931,0.012931,1,no
0.009036,0.190476,0,0,0,0,0.037037,0.083333,0.003371,0,0.012931,0.012931,1,no
0.009036,0.047619,0,0,0,0,0.037037,0.083333,0.003371,0,0.012931,0.012931,1,no
0.009036,0.047619,0,0,0,0,0.037037,0.083333,0.003371,0,0.012931,0.012931,1,no
0.009036,0.047619,0,0,0,0,0.074074,0.166667,0.006742,0,0.012931,0.012931,1,no
0.009036,0.047619,0,0,0,0,0.074074,0.166667,0.006742,0,0.012931,0.012931,1,no
0.01506,0.047619,0,0,0,0,0.074074,0.166667,0.011236,0,0.021552,0.021552,1,no
0.012048,0.047619,0,0,0,0,0.074074,0.166667,0.008989,0,0.017241,0.017241,1,no
0.012048,0.047619,0,0,0,0,0.074074,0.166667,0.008989,0,0.017241,0.017241,1,no
0.018072,0.190476,0,0,0,0.016129,0.074074,0.166667,0.013483,0,0.025862,0.025862,1,no
0.012048,0.047619,0,0,0,0,0.074074,0.166667,0.008989,0,0.017241,0.017241,1,no
0.012048,0.047619,0,0,0,0,0.074074,0.166667,0.008989,0,0.017241,0.017241,1,no
0.012048,0.047619,0,0,0,0,0.074074,0.166667,0.008989,0,0.017241,0.017241,1,no
0.009036,0.142857,0,0,0,0,0.074074,0.166667,0.006742,0,0.012931,0.012931,1,no
0.009036,0,0,0,0,0,0.074074,0.166667,0.006742,0,0.012931,0.012931,1,no
0.012048,0,0,0,0,0,0.074074,0.166667,0.008989,0,0.017241,0.017241,1,no
0.012048,0.095238,0,0,0,0,0.074074,0.166667,0.008989,0,0.017241,0.017241,1,no
0.009036,0.047619,0,0,0,0,0.074074,0.166667,0.006742,0,0.012931,0.012931,1,no
0.009036,0.047619,0,0,0,0,0.074074,0.166667,0.006742,0,0.012931,0.012931,1,no
0,0.047619,0,0,0,0,0.074074,0.166667,0,0,0,0,1,no
0,0.047619,0,0,0,0,0.074074,0.166667,0,0,0,0,1,no
0.009036,0.047619,0,0,0,0,0.074074,0.166667,0.006742,0,0.012931,0.012931,1,no
0.009036,0.047619,0,0,0,0,0.074074,0.166667,0.006742,0,0.012931,0.012931,1,no
0,0.047619,0,0,0,0,0.074074,0.166667,0,0,0,0,1,no
0.009036,0,0,0,0,0,0.111111,0.25,0.010112,0,0.012931,0.012931,1,no
0.009036,0,0,0,0,0,0.111111,0.25,0.010112,0,0.012931,0.012931,1,no
0.018072,0.142857,0,0,0,0,0.111111,0.25,0.020225,0,0.025862,0.025862,1,no
0.012048,0.047619,0,0,0,0,0.166667,0.375,0.015169,0.001775,0.017241,0.014368,1,no
0.01506,0.047619,0,0,0,0,0.166667,0.375,0.018539,0.001775,0.021552,0.017241,1,no
0.009036,0.095238,0,0,0,0,0.111111,0.25,0.010112,0,0.012931,0.012931,1,no
0,0.047619,0,0,0,0,0.111111,0.25,0,0,0,0,1,no
0,0.047619,0,0,0,0,0.111111,0.25,0,0,0,0,1,no
0,0.047619,0,0,0,0,0.111111,0.25,0,0,0,0,1,no
0,0,0,0,0,0,0.111111,0.25,0,0,0,0,1,no
0.033133,0.380952,0,0,0,0,0.111111,0.25,0.037079,0,0.047414,0.047414,1,no
0.009036,0,0,0,0,0,0.111111,0.25,0.010112,0,0.012931,0.012931,1,no
0.009036,0,0,0,0,0,0.111111,0.25,0.010112,0,0.012931,0.012931,1,no
0.009036,0,0,0,0,0,0.111111,0.25,0.010112,0,0.012931,0.012931,1,no
0.009036,0,0,0,0,0,0.111111,0.25,0.010112,0,0.012931,0.012931,1,no
0.009036,0,0,0,0,0,0.111111,0.25,0.010112,0,0.012931,0.012931,1,no
0.009036,0,0,0,0,0,0.111111,0.25,0.010112,0,0.012931,0.012931,1,no
0.009036,0,0,0,0,0,0.111111,0.25,0.010112,0,0.012931,0.012931,1,no
0.009036,0,0,0,0,0,0.111111,0.25,0.010112,0,0.012931,0.012931,1,no
0.009036,0,0,0,0,0,0.111111,0.25,0.010112,0,0.012931,0.012931,1,no
0.009036,0.047619,0,0,0,0,0.111111,0.25,0.010112,0,0.012931,0.012931,1,no
0.021084,0.047619,0,0,0.007937,0.032258,0.111111,0.25,0.023596,0,0.030172,0.030172,1,no
0.012048,0,0,0,0,0,0.111111,0.25,0.013483,0,0.017241,0.017241,1,no
0.009036,0,0,0,0,0,0.111111,0.25,0.010112,0,0.012931,0.012931,1,no
0.018072,0.047619,0,0,0,0.032258,0.111111,0.25,0.020225,0,0.025862,0.025862,1,no
0.027108,0.047619,0,0,0,0.048387,0.111111,0.25,0.030337,0,0.038793,0.038793,1,no
0.009036,0,0,0,0,0,0.111111,0.25,0.010112,0,0.012931,0.012931,1,no
0.009036,0,0,0,0,0,0.111111,0.25,0.010112,0,0.012931,0.012931,1,no
0.009036,0,0,0,0,0,0.111111,0.25,0.010112,0,0.012931,0.012931,1,no
0.01506,0.142857,0,0,0,0,0.111111,0.25,0.016854,0,0.021552,0.021552,1,no
0.009036,0,0,0,0,0,0.111111,0.25,0.010112,0,0.012931,0.012931,1,no
0.009036,0,0,0,0,0,0.111111,0.25,0.010112,0,0.012931,0.012931,1,no
0.009036,0,0,0,0,0,0.111111,0.25,0.010112,0,0.012931,0.012931,1,no
0.018072,0,0.031915,0,0,0.016129,0.111111,0.25,0.020225,0,0.025862,0.025862,1,no
0.009036,0,0,0,0,0,0.111111,0.25,0.010112,0,0.012931,0.012931,1,no
0.01506,0.047619,0,0,0,0,0.12963,0.25,0.016854,0,0.021552,0.018473,1,no
0.01506,0,0,0,0,0,0.12963,0.25,0.017416,0.000592,0.021552,0.019704,1,no
0.01506,0,0,0,0,0,0.12963,0.25,0.017416,0.000592,0.021552,0.019704,1,no
0.018072,0,0,0,0,0,0.12963,0.25,0.020787,0.000592,0.025862,0.023399,1,no
0.009036,0,0,0,0.007937,0,0.12963,0.25,0.010674,0.000592,0.012931,0.012315,1,no
0.009036,0.047619,0,0,0,0,0.111111,0.25,0.010112,0,0.012931,0.012931,1,no
0.009036,0.047619,0,0,0,0,0.111111,0.25,0.010112,0,0.012931,0.012931,1,no
0.009036,0,0,0,0,0,0.111111,0.25,0.010112,0,0.012931,0.012931,1,no
0.009036,0,0,0,0,0,0.111111,0.25,0.010112,0,0.012931,0.012931,1,no
0.009036,0,0,0,0,0,0.111111,0.25,0.010112,0,0.012931,0.012931,1,no
0.009036,0.047619,0,0,0,0,0.12963,0.25,0.010674,0.000592,0.012931,0.012315,1,no
0.009036,0.047619,0,0,0,0,0.111111,0.25,0.010112,0,0.012931,0.012931,1,no
0.009036,0,0,0,0.007937,0,0.111111,0.25,0.010112,0,0.012931,0.012931,1,no
0.009036,0,0,0,0,0,0.111111,0.25,0.010112,0,0.012931,0.012931,1,no
0.01506,0.142857,0,0,0,0,0.12963,0.25,0.017416,0.000592,0.021552,0.019704,1,no
0,0,0,0,0,0,0.111111,0.25,0,0,0,0,1,no
0,0.047619,0,0,0,0,0.111111,0.25,0,0,0,0,1,no
0.009036,0.047619,0,0,0,0,0.111111,0.25,0.010112,0,0.012931,0.012931,1,no
0.012048,0,0,0,0,0,0.111111,0.25,0.013483,0,0.017241,0.017241,1,no
0.009036,0,0,0,0,0,0.111111,0.25,0.010112,0,0.012931,0.012931,1,no
0.03012,0.333333,0,0,0,0,0.111111,0.25,0.033708,0,0.043103,0.043103,1,no
0.009036,0,0,0,0,0,0.111111,0.25,0.010112,0,0.012931,0.012931,1,no
0.009036,0,0,0,0,0,0.111111,0.25,0.010112,0,0.012931,0.012931,1,no
0.009036,0,0,0,0,0,0.111111,0.25,0.010112,0,0.012931,0.012931,1,no
0.009036,0,0,0,0,0,0.111111,0.25,0.010112,0,0.012931,0.012931,1,no
0.009036,0,0,0,0,0,0.111111,0.25,0.010112,0,0.012931,0.012931,1,no
0.009036,0,0,0,0,0,0.111111,0.25,0.010112,0,0.012931,0.012931,1,no
0.009036,0,0,0,0,0,0.111111,0.25,0.010112,0,0.012931,0.012931,1,no
0.009036,0,0,0,0,0,0.111111,0.25,0.010112,0,0.012931,0.012931,1,no
0.009036,0.095238,0,0,0,0,0.12963,0.25,0.011798,0,0.012931,0.012931,0,no
0.009036,0.047619,0,0,0,0,0.12963,0.25,0.011798,0,0.012931,0.012931,0,no
0.01506,0,0,0,0,0.016129,0.12963,0.25,0.019663,0,0.021552,0.021552,0,no
0.009036,0.047619,0,0,0,0,0.12963,0.25,0.011798,0,0.012931,0.012931,0,no
0.012048,0,0,0,0,0,0.12963,0.25,0.01573,0,0.017241,0.017241,0,no
0.018072,0.095238,0,0,0,0,0.148148,0.208333,0.026966,0,0.025862,0.025862,1,no
0.009036,0,0,0,0,0,0.148148,0.208333,0.013483,0,0.012931,0.012931,1,no
0.012048,0.142857,0,0,0,0,0.203704,0.291667,0.019663,0.001775,0.017241,0.01489,1,no
0.01506,0.142857,0,0,0,0,0.314815,0.333333,0.024719,0.002959,0.021552,0.012424,1,no
0.006024,0.047619,0,0,0.007937,0,0.148148,0.208333,0.008989,0,0.008621,0.008621,1,no
0.009036,0,0,0,0,0,0.074074,0.125,0.006742,0,0.012931,0.012931,0,no
0.012048,0.142857,0,0,0,0,0.111111,0.208333,0.011798,0.000592,0.017241,0.015805,1,no
0.012048,0.047619,0,0,0,0,0.074074,0.125,0.008989,0,0.017241,0.017241,0,no
0.012048,0.047619,0,0,0,0,0.074074,0.125,0.008989,0,0.017241,0.017241,0,no
0.012048,0.047619,0,0,0,0,0.074074,0.125,0.008989,0,0.017241,0.017241,0,no
0.021084,0.190476,0,0,0,0,0.037037,0.083333,0.007865,0,0.030172,0.030172,0,no
0.009036,0.047619,0,0,0,0,0.037037,0.083333,0.003371,0,0.012931,0.012931,0,no
0.021084,0.190476,0,0,0,0,0.037037,0.083333,0.007865,0,0.030172,0.030172,0,no
0.006024,0.047619,0,0,0.007937,0,0.148148,0.208333,0.008989,0,0.008621,0.008621,1,no
0.012048,0.047619,0,0,0,0,0.037037,0.083333,0.004494,0,0.017241,0.017241,0,no
0.012048,0.047619,0,0,0,0,0.222222,0.25,0.01573,0,0.012931,0.010057,1,no
0.018072,0.095238,0,0,0,0.032258,0.055556,0.125,0.010112,0,0.025862,0.025862,0,no
0.009036,0,0,0,0,0,0.055556,0.125,0.005056,0,0.012931,0.012931,0,no
0.009036,0.047619,0,0,0,0,0.055556,0.125,0.005056,0,0.012931,0.012931,0,no
0,0.047619,0,0,0,0,0.148148,0.208333,0,0,0,0,1,no
0,0.047619,0,0,0,0,0.037037,0.083333,0,0,0,0,0,no
0.009036,0.047619,0,0,0,0,0.148148,0.208333,0.013483,0,0.012931,0.012931,1,no
0.009036,0.047619,0,0,0,0,0.092593,0.208333,0.005056,0.001775,0.012931,0.010345,0,no
0.012048,0.047619,0,0,0,0,0.148148,0.208333,0.017978,0,0.017241,0.017241,1,no
0,0.047619,0,0,0,0,0.037037,0.083333,0,0,0,0,0,no
0,0.095238,0,0,0,0,0.037037,0.083333,0,0,0,0,0,no
0,0.047619,0,0,0,0,0.148148,0.208333,0,0,0,0,1,no
0,0.047619,0,0,0,0,0.037037,0.083333,0,0,0,0,0,no
0.009036,0.047619,0,0,0,0,0.037037,0.083333,0.003371,0,0.012931,0.012931,0,no
0.009036,0.047619,0,0,0,0,0.037037,0.083333,0.003371,0,0.012931,0.012931,0,no
0.012048,0.047619,0,0,0,0,0.037037,0.083333,0.004494,0,0.017241,0.017241,0,no
0.009036,0.047619,0,0,0,0,0.037037,0.083333,0.003371,0,0.012931,0.012931,0,no
0.01506,0.047619,0,0,0,0.016129,0.092593,0.208333,0.007303,0.001775,0.021552,0.013793,0,no
0.012048,0.047619,0,0,0,0,0.148148,0.208333,0.017978,0,0.017241,0.017241,1,no
0.009036,0.047619,0,0,0,0,0.037037,0.083333,0.003371,0,0.012931,0.012931,0,no
0.012048,0.047619,0,0,0,0,0.148148,0.208333,0.017978,0,0.017241,0.017241,1,no
0.03012,0.095238,0,0,0,0,0.092593,0.208333,0.012921,0.001775,0.043103,0.022414,0,no
0.012048,0,0,0,0,0.016129,0.037037,0.083333,0.004494,0,0.017241,0.017241,0,no
0.009036,0.047619,0,0,0,0,0.037037,0.083333,0.003371,0,0.012931,0.012931,0,no
0.012048,0,0,0,0,0.016129,0.037037,0.083333,0.004494,0,0.017241,0.017241,0,no
0.009036,0.047619,0,0,0,0,0.037037,0.083333,0.003371,0,0.012931,0.012931,0,no
0.012048,0,0,0,0,0.016129,0.037037,0.083333,0.004494,0,0.017241,0.017241,0,no
0.009036,0.047619,0,0,0,0,0.037037,0.083333,0.003371,0,0.012931,0.012931,0,no
0.012048,0.095238,0,0,0,0,0.148148,0.208333,0.017978,0,0.017241,0.017241,1,no
0.009036,0.047619,0,0,0,0,0.148148,0.208333,0.013483,0,0.012931,0.012931,1,no
0.009036,0.047619,0,0,0,0,0.148148,0.208333,0.013483,0,0.012931,0.012931,1,no
0.01506,0,0,0,0,0,0.240741,0.333333,0.028652,0.002959,0.025862,0.018568,1,no
0.012048,0.047619,0,0,0,0,0.148148,0.208333,0.017978,0,0.017241,0.017241,1,no
0.012048,0.047619,0,0,0,0,0.148148,0.208333,0.017978,0,0.017241,0.017241,1,no
0.012048,0.047619,0,0,0,0,0.037037,0.083333,0.004494,0,0.017241,0.017241,0,no
0.012048,0.047619,0,0,0,0,0.037037,0.083333,0.004494,0,0.017241,0.017241,0,no
0.012048,0.047619,0,0,0,0,0.148148,0.208333,0.017978,0,0.017241,0.017241,1,no
0.009036,0.047619,0,0,0,0,0.148148,0.208333,0.013483,0,0.012931,0.012931,1,no
0.01506,0.190476,0,0,0,0.016129,0.148148,0.208333,0.022472,0,0.021552,0.021552,1,no
0.009036,0.095238,0,0,0,0,0.037037,0.083333,0.003371,0,0.012931,0.012931,0,no
0.009036,0.142857,0,0,0,0,0.148148,0.208333,0.013483,0,0.012931,0.012931,1,no
0.009036,0.095238,0,0,0.007937,0,0,0,0,0,0,0,0,no
0.012048,0.095238,0,0,0,0,0,0,0,0,0,0,0,no
0.009036,0,0,0,0,0,0,0,0,0,0,0,0,no
0.009036,0,0,0,0,0,0,0,0,0,0,0,0,no
0,0,0,0,0,0,0,0,0,0,0,0,0,no
0,0.047619,0,0,0,0,0,0,0,0,0,0,0,no
0,0.047619,0,0,0,0,0,0,0,0,0,0,0,no
0.009036,0.095238,0,0,0,0,0,0,0,0,0,0,0,no
0.009036,0.142857,0,0,0,0,0,0,0,0,0,0,0,no
0.021084,0.190476,0,0,0,0,0,0,0,0,0,0,0,no
0.009036,0.142857,0,0,0,0,0,0,0,0,0,0,0,no
0.006024,0.047619,0,0,0,0,0,0,0,0,0,0,0,no
0.009036,0,0,0,0,0,0,0,0,0,0,0,0,no
0.009036,0,0,0,0,0,0,0,0,0,0,0,0,no
0.009036,0,0,0,0,0,0,0,0,0,0,0,0,no
0.009036,0,0,0,0,0,0,0,0,0,0,0,0,no
0.009036,0,0,0,0,0,0,0,0,0,0,0,0,no
0.009036,0,0,0,0,0,0,0,0,0,0,0,0,no
0.009036,0,0,0,0,0,0,0,0,0,0,0,0,no
0.009036,0,0,0,0,0,0,0,0,0,0,0,0,no
0.009036,0,0,0,0,0,0,0,0,0,0,0,0,no
0.009036,0,0,0,0,0,0,0,0,0,0,0,0,no
0.009036,0,0,0,0,0,0,0,0,0,0,0,0,no
0.009036,0,0,0,0,0,0,0,0,0,0,0,0,no
0.009036,0,0,0,0,0,0,0,0,0,0,0,0,no
0.009036,0,0,0,0,0,0,0,0,0,0,0,0,no
0.009036,0,0,0,0,0,0,0,0,0,0,0,0,no
0.009036,0.047619,0,0,0,0,0,0,0,0,0,0,0,no
0.009036,0.047619,0,0,0,0,0,0,0,0,0,0,0,no
0.009036,0.047619,0,0,0,0,0,0,0,0,0,0,0,no
0.009036,0.047619,0,0,0,0,0,0,0,0,0,0,0,no
0.009036,0.047619,0,0,0,0,0,0,0,0,0,0,0,no
0.009036,0.047619,0,0,0,0,0,0,0,0,0,0,0,no
0.009036,0.047619,0,0,0,0,0,0,0,0,0,0,0,no
0.009036,0.047619,0,0,0,0,0,0,0,0,0,0,0,no
0.009036,0.047619,0,0,0,0,0,0,0,0,0,0,0,no
0.009036,0.047619,0,0,0,0,0,0,0,0,0,0,0,no
0.009036,0.047619,0,0,0,0,0,0,0,0,0,0,0,no
0.009036,0.047619,0,0,0,0,0,0,0,0,0,0,0,no
0.009036,0.047619,0,0,0,0,0,0,0,0,0,0,0,no
0.009036,0,0,0,0,0,0,0,0,0,0,0,0,no
0.012048,0.047619,0,0,0,0,0,0,0,0,0,0,0,no
0.012048,0.047619,0,0,0,0,0,0,0,0,0,0,0,no
0.012048,0.047619,0,0,0,0,0,0,0,0,0,0,0,no
0.012048,0.047619,0,0,0,0,0,0,0,0,0,0,0,no
0.012048,0.047619,0,0,0,0,0,0,0,0,0,0,0,no
0.012048,0.047619,0,0,0,0,0,0,0,0,0,0,0,no
0.012048,0.047619,0,0,0,0,0,0,0,0,0,0,0,no
0.012048,0.047619,0,0,0,0,0,0,0,0,0,0,0,no
0.012048,0.047619,0,0,0,0,0,0,0,0,0,0,0,no
0.012048,0.047619,0,0,0,0,0,0,0,0,0,0,0,no
0.012048,0.047619,0,0,0,0,0,0,0,0,0,0,0,no
0.012048,0.047619,0,0,0,0,0,0,0,0,0,0,0,no
0.012048,0.047619,0,0,0,0,0,0,0,0,0,0,0,no
0.012048,0.047619,0,0,0,0,0,0,0,0,0,0,0,no
0.012048,0.047619,0,0,0,0,0,0,0,0,0,0,0,no
0.009036,0.047619,0,0,0,0,0,0,0,0,0,0,0,no
0.021084,0.142857,0,0,0,0,0,0,0,0,0,0,0,no
0.009036,0.095238,0,0,0,0,0,0,0,0,0,0,0,no
0.01506,0.047619,0,0,0,0.016129,0,0,0,0,0,0,0,no
0.009036,0.047619,0,0,0,0,0,0,0,0,0,0,0,no
0.006024,0,0,0,0,0,0,0,0,0,0,0,0,no
0.006024,0,0,0,0,0,0,0,0,0,0,0,0,no
0.042169,0.095238,0,0,0.007937,0.096774,0,0,0,0,0,0,0,no
0.009036,0,0,0,0,0,0,0,0,0,0,0,0,no
0.009036,0.047619,0,0,0,0,0,0,0,0,0,0,0,no
0.009036,0,0,0,0,0,0,0,0,0,0,0,0,no
0.009036,0.047619,0,0,0,0,0,0,0,0,0,0,0,no
0.01506,0.142857,0,0,0,0,0,0,0,0,0,0,0,no
0.009036,0,0,0,0,0,0,0,0,0,0,0,0,no
0.009036,0,0,0,0,0,0,0,0,0,0,0,0,no
0.009036,0,0,0,0,0,0,0,0,0,0,0,0,no
0.006024,0,0,0,0.007937,0,0,0,0,0,0,0,0,no
0.009036,0.095238,0,0,0,0,0,0,0,0,0,0,0,no
0.018072,0.142857,0,0,0,0,0,0,0,0,0,0,0,no
0.012048,0.047619,0,0,0,0.016129,0,0,0,0,0,0,0,no
0.006024,0,0,0,0.007937,0,0,0,0,0,0,0,0,no
0.009036,0,0,0,0,0,0,0,0,0,0,0,0,no
0.006024,0,0,0,0.007937,0,0,0,0,0,0,0,0,no
0.009036,0.047619,0,0,0,0,0,0,0,0,0,0,0,no
0.009036,0,0,0,0.007937,0,0,0,0,0,0,0,0,no
0.006024,0,0,0,0,0,0,0,0,0,0,0,0,no
0.006024,0,0,0,0,0,0,0,0,0,0,0,0,no
0.01506,0.047619,0,0,0.007937,0,0,0,0,0,0,0,0,no
0.012048,0.047619,0,0,0,0,0,0,0,0,0,0,0,no
0.012048,0.047619,0,0,0,0,0,0,0,0,0,0,0,no
0.006024,0.047619,0,0,0,0,0,0,0,0,0,0,0,no
0.009036,0.047619,0,0,0,0,0,0,0,0,0,0,0,no
0.012048,0.047619,0,0,0,0,0,0,0,0,0,0,0,no
0.009036,0.047619,0,0,0,0,0,0,0,0,0,0,0,no
0.009036,0.047619,0,0,0,0,0,0,0,0,0,0,0,no
0.012048,0.095238,0,0,0,0,0,0,0,0,0,0,0,no
0.009036,0,0,0,0,0,0,0,0,0,0,0,0,no
0.009036,0,0,0,0,0,0,0,0,0,0,0,0,no
0.009036,0,0,0,0,0,0,0,0,0,0,0,0,no
0.009036,0.047619,0,0,0,0,0,0,0,0,0,0,0,no
0.009036,0.047619,0,0,0,0,0,0,0,0,0,0,0,no
0.009036,0.047619,0,0,0,0,0,0,0,0,0,0,0,no
0.009036,0,0,0,0,0,0,0,0,0,0,0,0,no
0,0,0,0,0,0,0,0,0,0,0,0,0,no
0,0,0,0,0,0,0,0,0,0,0,0,0,no
0,0,0,0,0,0,0,0,0,0,0,0,0,no
0,0,0,0,0,0,0,0,0,0,0,0,0,no
0,0,0,0,0,0,0,0,0,0,0,0,0,no
0.021084,0.190476,0,0,0,0,0,0,0,0,0,0,0,no
0.009036,0,0,0,0,0,0.074074,0.166667,0.006742,0,0.012931,0.012931,1,no
0.009036,0,0,0,0,0,0.074074,0.166667,0.006742,0,0.012931,0.012931,1,no
0.009036,0,0,0,0,0,0.074074,0.166667,0.006742,0,0.012931,0.012931,1,no
0.009036,0,0,0,0,0,0.074074,0.166667,0.006742,0,0.012931,0.012931,1,no
0.009036,0,0,0,0,0,0.074074,0.166667,0.006742,0,0.012931,0.012931,1,no
0.021084,0,0,0,0,0.016129,0.074074,0.166667,0.01573,0,0.030172,0.030172,1,no
0.009036,0,0,0,0,0,0.074074,0.166667,0.006742,0,0.012931,0.012931,1,no
0,0.047619,0,0,0.007937,0,0.074074,0.166667,0,0,0,0,1,no
0.012048,0.095238,0,0,0,0,0.074074,0.125,0.008989,0,0.017241,0.017241,0,no
0.012048,0.095238,0,0,0,0,0.074074,0.166667,0.008989,0,0.017241,0.017241,1,no
0.009036,0,0,0,0,0,0.074074,0.166667,0.006742,0,0.012931,0.012931,1,no
0.006024,0.047619,0,0,0,0,0.074074,0.166667,0.004494,0,0.008621,0.008621,1,no
0.012048,0,0,0,0,0,0.074074,0.166667,0.008989,0,0.017241,0.017241,1,no
0.009036,0,0,0,0,0,0.074074,0.166667,0.006742,0,0.012931,0.012931,1,no
0.01506,0.142857,0,0,0,0,0.074074,0.166667,0.011236,0,0.021552,0.021552,1,no
0.012048,0.047619,0,0,0,0,0.074074,0.166667,0.008989,0,0.017241,0.017241,1,no
0.012048,0.047619,0,0,0,0,0.074074,0.166667,0.008989,0,0.017241,0.017241,1,no
0.018072,0.190476,0,0,0,0,0.074074,0.166667,0.013483,0,0.025862,0.025862,1,no
0.009036,0,0,0,0,0,0.074074,0.166667,0.006742,0,0.012931,0.012931,1,no
0.009036,0.047619,0,0,0,0,0.074074,0.166667,0.006742,0,0.012931,0.012931,1,no
0.009036,0,0,0,0,0,0.074074,0.166667,0.006742,0,0.012931,0.012931,1,no
0.009036,0,0,0,0,0,0.074074,0.166667,0.006742,0,0.012931,0.012931,1,no
0.009036,0,0,0,0,0,0.074074,0.166667,0.006742,0,0.012931,0.012931,1,no
0.021084,0,0,0,0,0.016129,0.074074,0.166667,0.01573,0,0.030172,0.030172,1,no
0.009036,0,0,0,0,0,0.074074,0.166667,0.006742,0,0.012931,0.012931,1,no
0.006024,0,0,0,0.007937,0,0.074074,0.166667,0.004494,0,0.008621,0.008621,1,no
0.012048,0.190476,0,0,0,0,0.074074,0.166667,0.008989,0,0.017241,0.017241,1,no
0.009036,0,0,0,0,0,0.074074,0.166667,0.006742,0,0.012931,0.012931,1,no
0.01506,0,0,0,0,0.016129,0.074074,0.166667,0.011236,0,0.021552,0.021552,1,no
0.009036,0,0,0,0,0,0.074074,0.166667,0.006742,0,0.012931,0.012931,1,no
0.006024,0,0,0,0.007937,0,0.074074,0.166667,0.004494,0,0.008621,0.008621,1,no
0.012048,0.095238,0,0,0,0,0.074074,0.166667,0.008989,0,0.017241,0.017241,1,no
0.009036,0,0,0,0,0,0.074074,0.166667,0.006742,0,0.012931,0.012931,1,no
0.009036,0,0,0,0,0,0.074074,0.166667,0.006742,0,0.012931,0.012931,1,no
0.01506,0,0,0,0,0.016129,0.074074,0.166667,0.011236,0,0.021552,0.021552,1,no
0.009036,0,0,0,0,0,0.074074,0.166667,0.006742,0,0.012931,0.012931,1,no
0.006024,0,0,0,0.007937,0,0.074074,0.166667,0.004494,0,0.008621,0.008621,1,no
0.01506,0.142857,0,0,0,0,0.074074,0.166667,0.011236,0,0.021552,0.021552,1,no
0.009036,0,0,0,0,0,0.074074,0.166667,0.006742,0,0.012931,0.012931,1,no
0.009036,0,0,0,0,0,0.074074,0.166667,0.006742,0,0.012931,0.012931,1,no
0.009036,0,0,0,0,0,0.074074,0.166667,0.006742,0,0.012931,0.012931,1,no
0.018072,0,0,0,0,0.016129,0.074074,0.166667,0.013483,0,0.025862,0.025862,1,no
0.009036,0,0,0,0,0,0.074074,0.166667,0.006742,0,0.012931,0.012931,1,no
0.024096,0.238095,0,0,0,0,0.074074,0.166667,0.017978,0,0.034483,0.034483,1,no
0.009036,0,0,0,0,0,0.074074,0.166667,0.006742,0,0.012931,0.012931,1,no
0.009036,0.047619,0,0,0,0,0.074074,0.166667,0.006742,0,0.012931,0.012931,1,no
0.009036,0.047619,0,0,0,0,0.074074,0.166667,0.006742,0,0.012931,0.012931,1,no
0.012048,0.047619,0,0,0.007937,0,0.074074,0.166667,0.008989,0,0.017241,0.017241,1,no
0.009036,0.047619,0,0,0,0,0.074074,0.166667,0.006742,0,0.012931,0.012931,1,no
0.009036,0,0,0,0,0,0.074074,0.166667,0.006742,0,0.012931,0.012931,1,no
0.012048,0,0,0,0,0,0.074074,0.166667,0.008989,0,0.017241,0.017241,1,no
0.012048,0,0,0,0,0,0.074074,0.166667,0.008989,0,0.017241,0.017241,1,no
0.012048,0,0,0,0,0,0.074074,0.166667,0.008989,0,0.017241,0.017241,1,no
0.018072,0.047619,0,0,0,0,0.074074,0.166667,0.013483,0,0.025862,0.025862,1,no
0.009036,0.047619,0,0,0,0,0.074074,0.166667,0.006742,0,0.012931,0.012931,1,no
0.01506,0.142857,0,0,0,0,0.074074,0.166667,0.011236,0,0.021552,0.021552,1,no
0.006024,0.047619,0,0,0.007937,0,0.074074,0.166667,0.004494,0,0.008621,0.008621,1,no
0.006024,0.047619,0,0,0.007937,0,0.074074,0.166667,0.004494,0,0.008621,0.008621,1,no
0.009036,0,0,0,0,0,0.074074,0.166667,0.006742,0,0.012931,0.012931,1,no
0.012048,0.095238,0,0,0,0,0.074074,0.166667,0.008989,0,0.017241,0.017241,1,no
0.01506,0.190476,0,0,0,0.016129,0.074074,0.166667,0.011236,0,0.021552,0.021552,1,no
0.009036,0.142857,0,0,0,0,0.074074,0.166667,0.006742,0,0.012931,0.012931,1,no
0.01506,0.095238,0,0,0,0,0.055556,0.125,0.008427,0,0.021552,0.021552,0,no
0.012048,0.142857,0,0,0,0,0.055556,0.125,0.006742,0,0.017241,0.017241,0,no
0.009036,0,0,0,0,0,0.055556,0.125,0.005056,0,0.012931,0.012931,0,no
0,0,0,0,0,0,0.055556,0.125,0,0,0,0,0,no
0.009036,0,0,0,0,0,0.055556,0.125,0.005056,0,0.012931,0.012931,0,no
0.009036,0.047619,0,0,0,0,0.055556,0.125,0.005056,0,0.012931,0.012931,0,no
0.009036,0,0,0,0,0,0.055556,0.125,0.005056,0,0.012931,0.012931,0,no
0.012048,0.047619,0,0,0,0,0.055556,0.125,0.006742,0,0.017241,0.017241,0,no
0.009036,0.047619,0,0,0,0,0.037037,0.083333,0.003371,0,0.012931,0.012931,1,no
0.009036,0.095238,0,0,0,0,0.055556,0.125,0.005056,0,0.012931,0.012931,0,no
0.009036,0.095238,0,0,0,0,0.037037,0.083333,0.003371,0,0.012931,0.012931,1,no
0.009036,0,0,0,0,0,0.092593,0.166667,0.00618,0.001183,0.012931,0.011207,1,no
0,0.047619,0,0,0,0,0.055556,0.125,0,0,0,0,0,no
0,0,0,0,0,0,0.055556,0.125,0,0,0,0,0,no
0,0.047619,0,0,0,0,0.055556,0.125,0,0,0,0,0,no
0,0.047619,0,0,0,0,0.055556,0.125,0,0,0,0,0,no
0,0.047619,0,0,0,0,0.055556,0.125,0,0,0,0,0,no
0.021084,0.095238,0,0,0,0,0.055556,0.125,0.011798,0,0.030172,0.030172,0,no
0.009036,0,0,0,0,0,0.055556,0.125,0.005056,0,0.012931,0.012931,0,no
0.009036,0,0,0,0,0,0.055556,0.125,0.005056,0,0.012931,0.012931,0,no
0.009036,0,0,0,0,0,0.055556,0.125,0.005056,0,0.012931,0.012931,0,no
0.009036,0,0,0,0,0,0.055556,0.125,0.005056,0,0.012931,0.012931,0,no
0.009036,0,0,0,0,0,0.055556,0.125,0.005056,0,0.012931,0.012931,0,no
0.018072,0.047619,0,0,0,0.016129,0.055556,0.125,0.010112,0,0.025862,0.025862,0,no
0.018072,0.047619,0,0,0,0.048387,0.055556,0.125,0.010112,0,0.025862,0.025862,0,no
0.009036,0.047619,0,0,0,0,0.037037,0.083333,0.003371,0,0.012931,0.012931,1,no
0.012048,0.047619,0,0,0,0,0.055556,0.125,0.006742,0,0.017241,0.017241,0,no
0.012048,0.047619,0,0,0,0,0.055556,0.125,0.006742,0,0.017241,0.017241,0,no
0.01506,0.047619,0,0,0,0.016129,0.055556,0.125,0.008427,0,0.021552,0.021552,0,no
0.012048,0.047619,0,0,0,0,0.037037,0.083333,0.004494,0,0.017241,0.017241,1,no
0.01506,0.095238,0,0,0,0,0.037037,0.083333,0.005618,0,0.021552,0.021552,1,no
0.012048,0.047619,0,0,0,0,0.055556,0.125,0.006742,0,0.017241,0.017241,0,no
0.012048,0.047619,0,0,0,0,0.055556,0.125,0.006742,0,0.017241,0.017241,0,no
0.009036,0.047619,0,0,0,0,0.037037,0.083333,0.003371,0,0.012931,0.012931,1,no
0.01506,0.095238,0,0,0,0,0.037037,0.083333,0.005618,0,0.021552,0.021552,1,no
0.009036,0.095238,0,0,0,0,0.037037,0.083333,0.003371,0,0.012931,0.012931,1,no
0.024096,0.142857,0,0,0,0,0.037037,0.083333,0.008989,0,0.034483,0.034483,1,no
0.018072,0.095238,0,0,0,0,0.037037,0.083333,0.006742,0,0.025862,0.025862,1,no
0.009036,0.047619,0,0,0,0,0.203704,0.291667,0.018539,0,0.012931,0.012931,1,no
0.009036,0.047619,0,0,0,0,0.203704,0.291667,0.018539,0,0.012931,0.012931,1,no
0.009036,0,0,0,0,0,0.055556,0.125,0.005056,0,0.012931,0.012931,1,no
0.009036,0,0,0,0,0,0.203704,0.291667,0.018539,0,0.012931,0.012931,1,no
0.009036,0.047619,0,0,0,0,0.203704,0.291667,0.018539,0,0.012931,0.012931,1,no
0.021084,0.095238,0,0,0,0.016129,0.092593,0.166667,0.019663,0,0.030172,0.030172,1,no
0.009036,0.047619,0,0,0,0,0.092593,0.166667,0.008427,0,0.012931,0.012931,1,no
0.021084,0.095238,0,0,0,0.016129,0.148148,0.291667,0.031461,0,0.030172,0.030172,1,no
0.021084,0.095238,0,0,0,0.016129,0.148148,0.291667,0.031461,0,0.030172,0.030172,1,no
0.009036,0.047619,0,0,0,0,0.148148,0.291667,0.013483,0,0.012931,0.012931,1,no
0.021084,0.095238,0,0,0,0.016129,0.148148,0.291667,0.031461,0,0.030172,0.030172,1,no
0.021084,0.095238,0,0,0,0.016129,0.148148,0.291667,0.031461,0,0.030172,0.030172,1,no
0.006024,0.047619,0,0,0.007937,0,0.148148,0.291667,0.008989,0,0.008621,0.008621,1,no
0.009036,0.047619,0,0,0,0,0.037037,0.041667,0.003371,0,0.012931,0.012931,0,no
0.009036,0,0,0,0,0,0.037037,0.041667,0.003371,0,0.012931,0.012931,0,no
0.009036,0.047619,0,0,0,0,0.037037,0.041667,0.003371,0,0.012931,0.012931,0,no
0.009036,0.047619,0,0,0,0,0.037037,0.041667,0.003371,0,0.012931,0.012931,0,no
0.009036,0.047619,0,0,0,0,0.037037,0.041667,0.003371,0,0.012931,0.012931,0,no
0.009036,0.047619,0,0,0,0,0.037037,0.041667,0.003371,0,0.012931,0.012931,0,no
0.009036,0.095238,0,0,0,0,0.037037,0.041667,0.003371,0,0.012931,0.012931,0,no
0.009036,0.095238,0,0,0,0,0.037037,0.041667,0.003371,0,0.012931,0.012931,0,no
0.009036,0.047619,0,0,0,0,0.037037,0.041667,0.003371,0,0.012931,0.012931,0,no
0.009036,0.047619,0,0,0,0,0.037037,0.041667,0.003371,0,0.012931,0.012931,0,no
0.009036,0.095238,0,0,0,0,0.037037,0.041667,0.003371,0,0.012931,0.012931,0,no
0.009036,0.095238,0,0,0,0,0.037037,0.041667,0.003371,0,0.012931,0.012931,0,no
0.009036,0.142857,0,0,0,0,0.037037,0.041667,0.003371,0,0.012931,0.012931,0,no
0.009036,0.095238,0,0,0,0,0.037037,0.041667,0.003371,0,0.012931,0.012931,0,no
0.009036,0.095238,0,0,0,0,0.037037,0.041667,0.003371,0,0.012931,0.012931,0,no
0.009036,0.047619,0,0,0,0,0.037037,0.041667,0.003371,0,0.012931,0.012931,0,no
0.009036,0,0,0,0,0,0.037037,0.041667,0.003371,0,0.012931,0.012931,0,no
0.009036,0.047619,0,0,0,0,0.037037,0.041667,0.003371,0,0.012931,0.012931,0,no
0.009036,0.047619,0,0,0,0,0.037037,0.041667,0.003371,0,0.012931,0.012931,0,no
0.009036,0.047619,0,0,0,0,0.037037,0.041667,0.003371,0,0.012931,0.012931,0,no
0.009036,0.047619,0,0,0,0,0.037037,0.041667,0.003371,0,0.012931,0.012931,0,no
0.009036,0.095238,0,0,0,0,0.037037,0.041667,0.003371,0,0.012931,0.012931,0,no
0.009036,0.095238,0,0,0,0,0.037037,0.041667,0.003371,0,0.012931,0.012931,0,no
0.009036,0.047619,0,0,0,0,0.037037,0.041667,0.003371,0,0.012931,0.012931,0,no
0.009036,0.047619,0,0,0,0,0.037037,0.041667,0.003371,0,0.012931,0.012931,0,no
0.009036,0.095238,0,0,0,0,0.037037,0.041667,0.003371,0,0.012931,0.012931,0,no
0.009036,0.095238,0,0,0,0,0.037037,0.041667,0.003371,0,0.012931,0.012931,0,no
0.009036,0.142857,0,0,0,0,0.037037,0.041667,0.003371,0,0.012931,0.012931,0,no
0.009036,0.095238,0,0,0,0,0.037037,0.041667,0.003371,0,0.012931,0.012931,0,no
0.009036,0.095238,0,0,0,0,0.037037,0.041667,0.003371,0,0.012931,0.012931,0,no
0,0.047619,0,0,0,0,0.037037,0.041667,0,0,0,0,0,no
0,0.047619,0,0,0,0,0.037037,0.041667,0,0,0,0,0,no
0,0.047619,0,0,0,0,0.037037,0.041667,0,0,0,0,0,no
0,0.047619,0,0,0,0,0.037037,0.041667,0,0,0,0,0,no
0,0.095238,0,0,0,0,0.037037,0.041667,0,0,0,0,0,no
0,0.095238,0,0,0,0,0.037037,0.041667,0,0,0,0,0,no
0,0.047619,0,0,0,0,0.037037,0.041667,0,0,0,0,0,no
0,0.047619,0,0,0,0,0.037037,0.041667,0,0,0,0,0,no
0,0.095238,0,0,0,0,0.037037,0.041667,0,0,0,0,0,no
0,0.095238,0,0,0,0,0.037037,0.041667,0,0,0,0,0,no
0,0.142857,0,0,0,0,0.037037,0.041667,0,0,0,0,0,no
0,0.095238,0,0,0,0,0.037037,0.041667,0,0,0,0,0,no
0,0.095238,0,0,0,0,0.037037,0.041667,0,0,0,0,0,no
0.006024,0,0,0,0.007937,0,0.037037,0.041667,0.002247,0,0.008621,0.008621,0,no
0.009036,0.142857,0,0,0,0,0.203704,0.375,0.012921,0.00355,0.025862,0.011364,1,no
0.021084,0.190476,0,0,0,0,0.037037,0.083333,0.007865,0,0.030172,0.030172,0,no
0.009036,0,0,0,0,0,0.055556,0.125,0.005056,0,0.012931,0.012931,1,no
0.009036,0,0,0,0,0,0.037037,0.083333,0.003371,0,0.012931,0.012931,0,no
0.009036,0,0,0,0,0,0.055556,0.125,0.005056,0,0.012931,0.012931,1,no
0.009036,0,0,0,0,0,0.203704,0.375,0.006742,0.004734,0.017241,0.007837,1,no
0.012048,0.047619,0,0,0,0,0.055556,0.125,0.006742,0,0.017241,0.017241,1,no
0.012048,0.047619,0,0,0,0,0.055556,0.125,0.006742,0,0.017241,0.017241,1,no
0.012048,0.047619,0,0,0,0,0.037037,0.083333,0.004494,0,0.017241,0.017241,0,no
0.012048,0.047619,0,0,0,0,0.055556,0.125,0.006742,0,0.017241,0.017241,1,no
0.006024,0,0,0,0.007937,0,0.074074,0.166667,0.004494,0,0.008621,0.008621,1,no
0.021084,0.238095,0,0,0,0,0.055556,0.125,0.011798,0,0.030172,0.030172,1,no
0.009036,0,0,0,0,0,0.055556,0.125,0.005056,0,0.012931,0.012931,1,no
0.009036,0,0,0,0,0,0.055556,0.125,0.005056,0,0.012931,0.012931,1,no
0.009036,0,0,0,0,0,0.055556,0.125,0.005056,0,0.012931,0.012931,1,no
0.009036,0,0,0,0,0,0.055556,0.125,0.005056,0,0.012931,0.012931,1,no
0.009036,0,0,0,0,0,0.055556,0.125,0.005056,0,0.012931,0.012931,1,no
0.009036,0,0,0,0,0,0.074074,0.166667,0.006742,0,0.012931,0.012931,1,no
0.009036,0,0,0,0,0,0.055556,0.125,0.005056,0,0.012931,0.012931,1,no
0.012048,0.047619,0,0,0,0,0.055556,0.125,0.006742,0,0.017241,0.017241,1,no
0.012048,0.047619,0,0,0,0,0.055556,0.125,0.006742,0,0.017241,0.017241,1,no
0.012048,0.047619,0,0,0,0,0.055556,0.125,0.006742,0,0.017241,0.017241,1,no
0.012048,0.047619,0,0,0,0,0.055556,0.125,0.006742,0,0.017241,0.017241,1,no
0.012048,0.047619,0,0,0,0,0.055556,0.125,0.006742,0,0.017241,0.017241,1,no
0.009036,0.047619,0,0,0,0,0.055556,0.125,0.005056,0,0.012931,0.012931,1,no
0.009036,0,0,0,0,0,0.055556,0.125,0.005056,0,0.012931,0.012931,1,no
0.006024,0.047619,0,0,0,0,0.055556,0.125,0.003371,0,0.008621,0.008621,1,no
0.012048,0.047619,0,0,0,0.016129,0.092593,0.208333,0.007865,0.001183,0.017241,0.013793,1,no
0.012048,0.047619,0,0,0,0.016129,0.055556,0.125,0.006742,0,0.017241,0.017241,1,no
0,0,0,0,0.007937,0,0.055556,0.125,0,0,0,0,1,no
0,0,0,0,0,0,0.055556,0.125,0,0,0,0,1,no
0,0.047619,0,0,0,0,0.055556,0.125,0,0,0,0,1,no
0.009036,0.047619,0,0,0,0,0.055556,0.125,0.005056,0,0.012931,0.012931,1,no
0.009036,0,0,0,0,0,0.055556,0.125,0.005056,0,0.012931,0.012931,1,no
0.009036,0,0,0,0,0,0.055556,0.125,0.005056,0,0.012931,0.012931,1,no
0.009036,0.047619,0,0,0,0,0.037037,0.041667,0.003371,0,0.012931,0.012931,0,no
0.009036,0,0,0,0.007937,0,0.037037,0.041667,0.003371,0,0.012931,0.012931,0,no
0.006024,0.047619,0,0,0,0,0.037037,0.041667,0.002247,0,0.008621,0.008621,0,no
0.012048,0.047619,0,0,0,0.016129,0.037037,0.041667,0.004494,0,0.017241,0.017241,0,no
0.012048,0.047619,0,0,0,0.016129,0.037037,0.041667,0.004494,0,0.017241,0.017241,0,no
0,0,0,0,0,0,0.037037,0.041667,0,0,0,0,0,no
0,0.047619,0,0,0,0,0.037037,0.041667,0,0,0,0,0,no
0.009036,0.047619,0,0,0,0,0.037037,0.041667,0.003371,0,0.012931,0.012931,0,no
0.009036,0,0,0,0,0,0.037037,0.041667,0.003371,0,0.012931,0.012931,0,no
0.009036,0,0,0,0.007937,0,0.037037,0.041667,0.003371,0,0.012931,0.012931,0,no
0.009036,0.047619,0,0,0,0,0.148148,0.291667,0.013483,0,0.012931,0.012931,1,no
0.009036,0,0,0,0,0,0.148148,0.291667,0.013483,0,0.012931,0.012931,1,no
0.009036,0,0,0,0,0,0.148148,0.291667,0.013483,0,0.012931,0.012931,1,no
0,0.047619,0,0,0,0,0.092593,0.166667,0,0,0,0,1,no
0,0.047619,0,0,0,0,0.148148,0.291667,0,0,0,0,1,no
0,0.095238,0,0,0,0,0.148148,0.291667,0,0,0,0,1,no
0,0,0,0,0,0,0.148148,0.291667,0,0,0,0,1,no
0,0.047619,0,0,0,0,0.148148,0.291667,0,0,0,0,1,no
0,0.047619,0,0,0,0,0.148148,0.291667,0,0,0,0,1,no
0.009036,0.047619,0,0,0,0,0.074074,0.166667,0.006742,0,0.012931,0.012931,1,no
0.009036,0.190476,0,0,0,0,0.037037,0.041667,0.003371,0,0.012931,0.012931,0,no
0.009036,0.095238,0,0,0,0,0.111111,0.208333,0.007865,0.001183,0.012931,0.011494,1,no
0.009036,0.190476,0,0,0,0,0.111111,0.208333,0.007865,0.001183,0.012931,0.011494,1,no
0.03012,0.190476,0,0,0,0,0.037037,0.041667,0.011236,0,0.043103,0.043103,0,no
0.009036,0,0,0,0,0,0.037037,0.041667,0.003371,0,0.012931,0.012931,0,no
0.021084,0.047619,0,0,0,0.032258,0.12963,0.166667,0.007303,0.00355,0.034483,0.0117,0,no
0.012048,0.095238,0.010638,0,0,0.016129,0.074074,0.166667,0.008989,0,0.017241,0.017241,1,no
0.009036,0,0,0,0,0,0.074074,0.125,0.004494,0.001183,0.012931,0.010776,0,no
0.009036,0,0,0,0,0,0.074074,0.166667,0.006742,0,0.012931,0.012931,1,no
0.009036,0,0,0,0,0,0.074074,0.166667,0.006742,0,0.012931,0.012931,1,no
0.018072,0.095238,0,0,0,0.032258,0.203704,0.291667,0.014045,0.00355,0.017241,0.012147,1,no
0.024096,0.333333,0,0,0,0,0.037037,0.041667,0.008989,0,0.034483,0.034483,0,no
0.009036,0.047619,0,0,0,0,0.037037,0.041667,0.003371,0,0.012931,0.012931,0,no
0.009036,0.047619,0,0,0,0,0.037037,0.041667,0.003371,0,0.012931,0.012931,0,no
0.009036,0,0,0,0,0,0.037037,0.041667,0.003371,0,0.012931,0.012931,0,no
0.009036,0.047619,0,0,0,0,0.037037,0.041667,0.003371,0,0.012931,0.012931,0,no
0.012048,0,0,0,0,0,0.037037,0.041667,0.004494,0,0.017241,0.017241,0,no
0.009036,0,0,0,0,0,0.037037,0.041667,0.003371,0,0.012931,0.012931,0,no
0.009036,0.047619,0,0,0,0,0.037037,0.041667,0.003371,0,0.012931,0.012931,0,no
0.009036,0.047619,0,0,0,0,0.111111,0.208333,0.007865,0.001183,0.012931,0.011494,1,no
0.009036,0,0,0,0,0,0.111111,0.208333,0.007865,0.001183,0.012931,0.011494,1,no
0,0,0,0,0,0,0.12963,0.291667,0,0,0,0,0,no
0,0,0,0,0,0,0.12963,0.291667,0,0,0,0,0,no
0,0.047619,0,0,0,0,0.12963,0.291667,0,0,0,0,0,no
0,0.047619,0,0,0,0,0.12963,0.291667,0,0,0,0,0,no
0.018072,0.047619,0,0,0,0.016129,0.12963,0.291667,0.023596,0,0.025862,0.025862,0,no
0,0.095238,0,0,0,0,0.12963,0.291667,0,0,0,0,0,no
0.018072,0.047619,0,0,0,0.016129,0.12963,0.291667,0.023596,0,0.025862,0.025862,0,no
0,0.095238,0,0,0,0,0.12963,0.291667,0,0,0,0,0,no
0,0.047619,0,0,0,0,0.12963,0.291667,0,0,0,0,0,no
0.018072,0.190476,0,0,0,0,0.203704,0.25,0.037079,0,0.025862,0.025862,1,no
0.009036,0,0,0,0,0,0.12963,0.291667,0.011798,0,0.012931,0.012931,0,no
0.009036,0,0,0,0,0,0.12963,0.291667,0.011798,0,0.012931,0.012931,0,no
0.009036,0.047619,0,0,0,0,0.185185,0.25,0.016854,0,0.012931,0.012931,1,no
0.01506,0.095238,0,0,0,0.016129,0.185185,0.25,0.02809,0,0.021552,0.021552,1,no
0.009036,0.095238,0,0,0,0,0.185185,0.25,0.016854,0,0.012931,0.012931,1,no
0.01506,0.095238,0,0,0,0.016129,0.12963,0.291667,0.019663,0,0.021552,0.021552,0,no
0.009036,0.047619,0,0,0,0,0.185185,0.25,0.016854,0,0.012931,0.012931,1,no
0.01506,0.095238,0,0,0,0.016129,0.185185,0.25,0.02809,0,0.021552,0.021552,1,no
0.009036,0.095238,0,0,0,0,0.185185,0.25,0.016854,0,0.012931,0.012931,1,no
0.01506,0.095238,0,0,0,0.016129,0.12963,0.291667,0.019663,0,0.021552,0.021552,0,no
0.009036,0.047619,0,0,0,0,0.185185,0.25,0.016854,0,0.012931,0.012931,1,no
0.01506,0.095238,0,0,0,0.016129,0.185185,0.25,0.02809,0,0.021552,0.021552,1,no
0.009036,0.095238,0,0,0,0,0.185185,0.25,0.016854,0,0.012931,0.012931,1,no
0.01506,0.095238,0,0,0,0.016129,0.12963,0.291667,0.019663,0,0.021552,0.021552,0,no
0.009036,0.047619,0,0,0,0,0.185185,0.25,0.016854,0,0.012931,0.012931,1,no
0.006024,0.047619,0,0,0.007937,0,0.203704,0.25,0.01236,0,0.008621,0.008621,1,no
0.006024,0.047619,0,0,0.007937,0,0.203704,0.25,0.01236,0,0.008621,0.008621,1,no
0.009036,0,0,0,0,0,0.185185,0.25,0.016854,0,0.012931,0.012931,1,no
0.006024,0.047619,0,0,0,0,0.185185,0.25,0.011236,0,0.008621,0.008621,1,no
0.009036,0.047619,0,0,0,0,0.185185,0.25,0.016854,0,0.012931,0.012931,1,no
0.012048,0.190476,0,0,0,0.016129,0.240741,0.333333,0.02809,0.001183,0.034483,0.017241,1,no
0.009036,0.047619,0,0,0,0,0.148148,0.291667,0.01236,0.000592,0.012931,0.012392,0,no
0.009036,0.047619,0,0,0,0,0.12963,0.291667,0.011798,0,0.012931,0.012931,0,no
0.012048,0.047619,0,0,0,0,0.166667,0.291667,0.022472,0.002367,0.034483,0.021073,0,no
0.018072,0.190476,0,0,0,0,0.203704,0.25,0.037079,0,0.025862,0.025862,1,no
0.009036,0,0,0,0,0,0.12963,0.291667,0.011798,0,0.012931,0.012931,0,no
0.009036,0,0,0,0,0,0.12963,0.291667,0.011798,0,0.012931,0.012931,0,no
0.009036,0.047619,0,0,0,0,0.185185,0.25,0.016854,0,0.012931,0.012931,1,no
0.01506,0.095238,0,0,0,0.016129,0.185185,0.25,0.02809,0,0.021552,0.021552,1,no
0.009036,0.095238,0,0,0,0,0.185185,0.25,0.016854,0,0.012931,0.012931,1,no
0.01506,0.095238,0,0,0,0.016129,0.12963,0.291667,0.019663,0,0.021552,0.021552,0,no
0.009036,0.047619,0,0,0,0,0.185185,0.25,0.016854,0,0.012931,0.012931,1,no
0.01506,0.095238,0,0,0,0.016129,0.185185,0.25,0.02809,0,0.021552,0.021552,1,no
0.009036,0.095238,0,0,0,0,0.185185,0.25,0.016854,0,0.012931,0.012931,1,no
0.01506,0.095238,0,0,0,0.016129,0.12963,0.291667,0.019663,0,0.021552,0.021552,0,no
0.009036,0.047619,0,0,0,0,0.185185,0.25,0.016854,0,0.012931,0.012931,1,no
0.01506,0.095238,0,0,0,0.016129,0.185185,0.25,0.02809,0,0.021552,0.021552,1,no
0.009036,0.095238,0,0,0,0,0.185185,0.25,0.016854,0,0.012931,0.012931,1,no
0.01506,0.095238,0,0,0,0.016129,0.12963,0.291667,0.019663,0,0.021552,0.021552,0,no
0.009036,0.047619,0,0,0,0,0.185185,0.25,0.016854,0,0.012931,0.012931,1,no
0.006024,0.047619,0,0,0.007937,0,0.185185,0.25,0.011236,0,0.008621,0.008621,1,no
0.006024,0.047619,0,0,0.007937,0,0.185185,0.25,0.011236,0,0.008621,0.008621,1,no
0.009036,0,0,0,0,0,0.185185,0.25,0.016854,0,0.012931,0.012931,1,no
0.009036,0.047619,0,0,0,0,0.296296,0.333333,0.020225,0.00355,0.012931,0.011315,1,no
0.009036,0.047619,0,0,0,0,0.185185,0.25,0.016854,0,0.012931,0.012931,1,no
0.012048,0.190476,0,0,0,0.016129,0.203704,0.25,0.026404,0.004142,0.047414,0.02116,1,no
0.009036,0.047619,0,0,0,0,0.148148,0.291667,0.01236,0.000592,0.017241,0.012392,0,no
0.009036,0.047619,0,0,0,0,0.12963,0.291667,0.011798,0,0.012931,0.012931,0,no
0.012048,0.047619,0,0,0,0,0.166667,0.291667,0.022472,0.002367,0.034483,0.021073,0,no
0.009036,0.047619,0,0,0,0,0.037037,0.041667,0.003371,0,0.012931,0.012931,0,no
0.012048,0.095238,0,0,0,0,0.037037,0.041667,0.004494,0,0.017241,0.017241,0,no
0.009036,0,0,0,0,0,0.037037,0.041667,0.003371,0,0.012931,0.012931,0,no
0.009036,0,0,0,0,0,0.037037,0.041667,0.003371,0,0.012931,0.012931,0,no
0.009036,0,0,0,0,0,0.037037,0.041667,0.003371,0,0.012931,0.012931,0,no
0.009036,0,0,0,0,0,0.037037,0.041667,0.003371,0,0.012931,0.012931,0,no
0.009036,0.047619,0,0,0,0,0.037037,0.041667,0.003371,0,0.012931,0.012931,0,no
0.009036,0.047619,0,0,0,0,0.037037,0.041667,0.003371,0,0.012931,0.012931,0,no
0.009036,0.047619,0,0,0,0,0.037037,0.041667,0.003371,0,0.012931,0.012931,0,no
0.012048,0.047619,0,0,0,0,0.037037,0.041667,0.004494,0,0.017241,0.017241,0,no
0.009036,0.047619,0,0,0,0,0.037037,0.041667,0.003371,0,0.012931,0.012931,0,no
0.009036,0.047619,0,0,0,0,0.037037,0.041667,0.003371,0,0.012931,0.012931,0,no
0,0.047619,0,0,0,0,0.037037,0.041667,0,0,0,0,0,no
0,0.047619,0,0,0,0,0.037037,0.041667,0,0,0,0,0,no
0,0.047619,0,0,0,0,0.037037,0.041667,0,0,0,0,0,no
0,0.047619,0,0,0,0,0.037037,0.041667,0,0,0,0,0,no
0,0.047619,0,0,0,0,0.037037,0.041667,0,0,0,0,0,no
0.033133,0.095238,0,0,0,0.032258,0.055556,0.125,0.018539,0,0.047414,0.047414,0,no
0.024096,0.095238,0,0,0,0.016129,0.055556,0.125,0.013483,0,0.034483,0.034483,0,no
0.009036,0.142857,0,0,0,0,0.055556,0.125,0.005056,0,0.012931,0.012931,0,no
0.009036,0.142857,0,0,0,0,0.055556,0.125,0.005056,0,0.012931,0.012931,0,no
0.006024,0.047619,0,0,0.007937,0,0.055556,0.125,0.003371,0,0.008621,0.008621,0,no
0.009036,0,0,0,0.007937,0,0.055556,0.125,0.005056,0,0.012931,0.012931,0,no
0.012048,0.047619,0,0,0,0,0.055556,0.125,0.006742,0,0.017241,0.017241,0,no
0.012048,0.047619,0,0,0,0,0.055556,0.125,0.006742,0,0.017241,0.017241,0,no
0.012048,0.047619,0,0,0,0,0.055556,0.125,0.006742,0,0.017241,0.017241,0,no
0.012048,0.047619,0,0,0,0,0.055556,0.125,0.006742,0,0.017241,0.017241,0,no
0.009036,0.047619,0,0,0,0,0.055556,0.125,0.005056,0,0.012931,0.012931,0,no
0.009036,0,0,0,0,0,0.037037,0.041667,0.003371,0,0.012931,0.012931,0,no
0.01506,0.095238,0,0,0,0,0.037037,0.041667,0.005618,0,0.021552,0.021552,0,no
0.009036,0.047619,0,0,0,0,0.037037,0.041667,0.003371,0,0.012931,0.012931,0,no
0.012048,0.047619,0,0,0,0,0.037037,0.041667,0.004494,0,0.017241,0.017241,0,no
0,0.047619,0,0,0,0,0.037037,0.041667,0,0,0,0,0,no
0,0.047619,0,0,0,0,0.037037,0.041667,0,0,0,0,0,no
0.009036,0.047619,0,0,0,0,0.092593,0.166667,0.005056,0.001775,0.012931,0.010345,0,no
0.012048,0.095238,0,0,0,0,0.037037,0.041667,0.004494,0,0.017241,0.017241,0,no
0.009036,0.047619,0,0,0,0,0.037037,0.041667,0.003371,0,0.012931,0.012931,0,no
0.009036,0.047619,0,0,0,0,0.037037,0.041667,0.003371,0,0.012931,0.012931,0,no
0.018072,0.190476,0,0,0,0,0.037037,0.041667,0.006742,0,0.025862,0.025862,0,no
0,0.047619,0,0,0,0,0.037037,0.041667,0,0,0,0,0,no
0,0.047619,0,0,0,0,0.037037,0.041667,0,0,0,0,0,no
0.01506,0.047619,0,0,0,0,0.055556,0.125,0.008427,0,0.021552,0.021552,0,no
0.012048,0.047619,0,0,0,0.016129,0.055556,0.125,0.006742,0,0.017241,0.017241,0,no
0.009036,0,0,0,0,0,0.055556,0.125,0.005056,0,0.012931,0.012931,0,no
0.009036,0,0,0,0,0,0.055556,0.125,0.005056,0,0.012931,0.012931,0,no
0.009036,0.047619,0,0,0,0,0.055556,0.125,0.005056,0,0.012931,0.012931,0,no
0.012048,0.047619,0,0,0,0.016129,0.055556,0.125,0.006742,0,0.017241,0.017241,0,no
0.009036,0,0,0,0.007937,0,0.055556,0.125,0.005056,0,0.012931,0.012931,0,no
0,0.095238,0,0,0,0,0.037037,0.041667,0,0,0,0,0,no
0.009036,0.047619,0,0,0,0,0.037037,0.041667,0.003371,0,0.012931,0.012931,0,no
0.009036,0,0,0,0,0,0.037037,0.041667,0.003371,0,0.012931,0.012931,0,no
0.009036,0.095238,0,0,0.007937,0,0.055556,0.125,0.005056,0,0.012931,0.012931,0,no
0.009036,0.047619,0,0,0,0,0.055556,0.125,0.005056,0,0.012931,0.012931,0,no
0.009036,0.047619,0,0,0,0,0.055556,0.125,0.005056,0,0.012931,0.012931,0,no
0.012048,0.047619,0,0,0,0,0.055556,0.125,0.006742,0,0.017241,0.017241,0,no
0.012048,0.047619,0,0,0,0,0.055556,0.125,0.006742,0,0.017241,0.017241,0,no
0.012048,0.047619,0,0,0,0,0.055556,0.125,0.006742,0,0.017241,0.017241,0,no
0.009036,0.047619,0,0,0,0,0.055556,0.125,0.005056,0,0.012931,0.012931,0,no
0.01506,0.190476,0,0,0,0.016129,0.055556,0.125,0.008427,0,0.021552,0.021552,0,no
0.009036,0.142857,0,0,0,0,0.055556,0.125,0.005056,0,0.012931,0.012931,0,no
0.009036,0.095238,0,0,0,0,0.203704,0.416667,0.018539,0,0.012931,0.012931,0,no
0.018072,0.142857,0,0,0.007937,0,0.277778,0.541667,0.039326,0.002367,0.025862,0.021264,1,no
0.012048,0,0.010638,0,0.007937,0.016129,0.203704,0.416667,0.024719,0,0.017241,0.017241,0,no
0.006024,0.047619,0,0,0.007937,0,0.203704,0.416667,0.01236,0,0.008621,0.008621,0,no
0.01506,0,0,0,0,0.016129,0.222222,0.416667,0.032584,0.001775,0.034483,0.021911,0,no
0.01506,0.142857,0,0,0,0,0.351852,0.541667,0.035955,0.004142,0.025862,0.016107,1,no
0.009036,0,0,0,0,0,0.203704,0.375,0.017416,0.000592,0.012931,0.012539,0,no
0.009036,0,0,0,0,0,0.185185,0.375,0.016854,0,0.012931,0.012931,0,no
0.009036,0,0,0,0,0,0.185185,0.375,0.016854,0,0.012931,0.012931,0,no
0.009036,0,0,0,0,0,0.185185,0.375,0.016854,0,0.012931,0.012931,0,no
0,0,0,0,0,0,0.185185,0.375,0,0,0,0,0,no
0,0,0,0,0,0,0.185185,0.375,0,0,0,0,0,no
0.009036,0.047619,0,0,0,0,0.240741,0.5,0.018539,0.001775,0.012931,0.011936,1,no
0.012048,0.095238,0,0,0,0,0.055556,0.125,0.006742,0,0.017241,0.017241,1,no
0.009036,0,0,0,0,0,0.055556,0.125,0.005056,0,0.012931,0.012931,1,no
0.009036,0,0,0,0,0,0.185185,0.375,0.016854,0,0.012931,0.012931,0,no
0.018072,0.047619,0,0,0.007937,0,0.203704,0.375,0.033708,0,0.025862,0.023511,0,no
0.01506,0.142857,0,0,0,0.016129,0.203704,0.375,0.028652,0.000592,0.021552,0.020376,0,no
0.009036,0,0,0,0,0,0.185185,0.375,0.016854,0,0.012931,0.012931,0,no
0.009036,0.095238,0,0,0,0,0.185185,0.375,0.016854,0,0.012931,0.012931,0,no
0.01506,0.095238,0,0,0.007937,0.032258,0.185185,0.375,0.02809,0,0.021552,0.021552,0,no
0.021084,0.047619,0,0,0,0.032258,0.203704,0.375,0.039326,0,0.030172,0.027429,0,no
0.009036,0,0,0,0,0,0.185185,0.375,0.016854,0,0.012931,0.012931,0,no
0.009036,0.095238,0,0,0.007937,0,0.185185,0.375,0.016854,0,0.012931,0.012931,0,no
0.012048,0.095238,0,0,0,0,0.185185,0.375,0.022472,0,0.017241,0.017241,0,no
0.009036,0,0,0,0,0,0.185185,0.375,0.016854,0,0.012931,0.012931,0,no
0.012048,0.047619,0,0,0,0,0.185185,0.375,0.022472,0,0.017241,0.017241,0,no
0.012048,0.047619,0,0,0,0.016129,0.185185,0.375,0.022472,0,0.017241,0.017241,0,no
0.01506,0.047619,0,0,0,0,0.185185,0.375,0.02809,0,0.021552,0.021552,0,no
0.009036,0,0,0,0,0,0.185185,0.375,0.016854,0,0.012931,0.012931,0,no
0.012048,0.047619,0,0,0,0.016129,0.185185,0.375,0.022472,0,0.017241,0.017241,0,no
0.012048,0.047619,0,0,0,0.016129,0.185185,0.375,0.022472,0,0.017241,0.017241,0,no
0.012048,0.095238,0,0,0,0,0.185185,0.375,0.022472,0,0.017241,0.017241,0,no
0.009036,0,0,0,0,0,0.185185,0.375,0.016854,0,0.012931,0.012931,0,no
0.012048,0.047619,0,0,0,0,0.185185,0.375,0.022472,0,0.017241,0.017241,0,no
0,0,0,0,0,0,0.185185,0.375,0,0,0,0,0,no
0,0.047619,0,0,0,0,0.185185,0.375,0,0,0,0,0,no
0,0.047619,0,0,0,0,0.185185,0.375,0,0,0,0,0,no
0.006024,0.047619,0,0,0.015873,0,0.185185,0.375,0.011236,0,0.008621,0.008621,0,no
0.009036,0,0,0,0,0,0.185185,0.375,0.016854,0,0.012931,0.012931,0,no
0.009036,0,0,0,0,0,0.185185,0.375,0.016854,0,0.012931,0.012931,0,no
0.009036,0.047619,0,0,0,0,0.185185,0.375,0.016854,0,0.012931,0.012931,0,no
0.009036,0.047619,0,0,0,0,0.185185,0.375,0.016854,0,0.012931,0.012931,0,no
0.009036,0,0,0,0,0,0.185185,0.375,0.016854,0,0.012931,0.012931,0,no
0.009036,0,0,0,0,0,0.185185,0.375,0.016854,0,0.012931,0.012931,0,no
0.009036,0,0,0,0,0,0.185185,0.375,0.016854,0,0.012931,0.012931,0,no
0.009036,0.047619,0,0,0,0,0.185185,0.375,0.016854,0,0.012931,0.012931,0,no
0.009036,0.047619,0,0,0,0,0.185185,0.375,0.016854,0,0.012931,0.012931,0,no
0.009036,0,0,0,0,0,0.203704,0.375,0.017416,0.000592,0.012931,0.012539,0,no
0.009036,0,0,0,0,0,0.185185,0.375,0.016854,0,0.012931,0.012931,0,no
0.009036,0,0,0,0,0,0.185185,0.375,0.016854,0,0.012931,0.012931,0,no
0.009036,0,0,0,0,0,0.185185,0.375,0.016854,0,0.012931,0.012931,0,no
0.009036,0.047619,0,0,0,0,0.185185,0.375,0.016854,0,0.012931,0.012931,0,no
0.009036,0.047619,0,0,0,0,0.185185,0.375,0.016854,0,0.012931,0.012931,0,no
0.009036,0.047619,0,0,0,0,0.185185,0.375,0.016854,0,0.012931,0.012931,0,no
0.009036,0,0,0,0,0,0.185185,0.375,0.016854,0,0.012931,0.012931,0,no
0.009036,0,0,0,0,0,0.185185,0.375,0.016854,0,0.012931,0.012931,0,no
0.009036,0,0,0,0,0,0.185185,0.375,0.016854,0,0.012931,0.012931,0,no
0.009036,0,0,0,0,0,0.185185,0.375,0.016854,0,0.012931,0.012931,0,no
0.009036,0,0,0,0,0,0.185185,0.375,0.016854,0,0.012931,0.012931,0,no
0.009036,0,0,0,0,0,0.185185,0.375,0.016854,0,0.012931,0.012931,0,no
0.009036,0,0,0,0,0,0.185185,0.375,0.016854,0,0.012931,0.012931,0,no
0.009036,0,0,0,0,0,0.185185,0.375,0.016854,0,0.012931,0.012931,0,no
0.009036,0.047619,0,0,0,0,0.185185,0.375,0.016854,0,0.012931,0.012931,0,no
0.009036,0.047619,0,0,0,0,0.185185,0.375,0.016854,0,0.012931,0.012931,0,no
0.009036,0.047619,0,0,0,0,0.185185,0.375,0.016854,0,0.012931,0.012931,0,no
0.009036,0.047619,0,0,0,0,0.185185,0.375,0.016854,0,0.012931,0.012931,0,no
0.009036,0.047619,0,0,0,0,0.185185,0.375,0.016854,0,0.012931,0.012931,0,no
0.009036,0.047619,0,0,0,0,0.185185,0.375,0.016854,0,0.012931,0.012931,0,no
0.009036,0.047619,0,0,0,0,0.185185,0.375,0.016854,0,0.012931,0.012931,0,no
0.009036,0,0,0,0,0,0.185185,0.375,0.016854,0,0.012931,0.012931,0,no
0.009036,0,0,0,0,0,0.185185,0.375,0.016854,0,0.012931,0.012931,0,no
0.009036,0.047619,0,0,0,0,0.185185,0.375,0.016854,0,0.012931,0.012931,0,no
0.012048,0.095238,0,0,0,0,0.185185,0.375,0.022472,0,0.017241,0.017241,0,no
0.009036,0,0,0,0,0,0.185185,0.375,0.016854,0,0.012931,0.012931,0,no
0.009036,0,0,0,0,0,0.185185,0.375,0.016854,0,0.012931,0.012931,0,no
0.009036,0,0,0,0,0,0.185185,0.375,0.016854,0,0.012931,0.012931,0,no
0.009036,0.047619,0,0,0,0,0.185185,0.375,0.016854,0,0.012931,0.012931,0,no
0.009036,0.142857,0,0,0,0,0.185185,0.375,0.016854,0,0.012931,0.012931,0,no
0.009036,0.047619,0,0,0,0,0.185185,0.375,0.016854,0,0.012931,0.012931,0,no
0.03012,0.047619,0,0,0.02381,0.064516,0.185185,0.375,0.05618,0,0.043103,0.043103,0,no
0.009036,0,0,0,0,0,0.185185,0.375,0.016854,0,0.012931,0.012931,0,no
0,0,0,0,0,0,0.185185,0.375,0,0,0,0,0,no
0.012048,0.095238,0,0,0,0,0.185185,0.375,0.022472,0,0.017241,0.017241,0,no
0.006024,0.047619,0,0,0.007937,0,0.185185,0.375,0.011236,0,0.008621,0.008621,0,no
0.006024,0.047619,0,0,0.007937,0,0.185185,0.375,0.011236,0,0.008621,0.008621,0,no
0.009036,0,0,0,0,0,0.185185,0.375,0.016854,0,0.012931,0.012931,0,no
0.012048,0.095238,0,0,0,0,0.185185,0.375,0.022472,0,0.017241,0.017241,0,no
0.01506,0.190476,0,0,0,0.016129,0.185185,0.375,0.02809,0,0.021552,0.021552,0,no
0.009036,0.142857,0,0,0,0,0.185185,0.375,0.016854,0,0.012931,0.012931,0,no
0.009036,0.190476,0,0,0,0,0,0,0,0,0,0,0,no
0.012048,0.238095,0,0,0.007937,0.016129,0,0,0,0,0,0,0,no
0.009036,0.047619,0,0,0,0,0,0,0,0,0,0,0,no
0.009036,0.095238,0,0,0,0,0,0,0,0,0,0,0,no
0.012048,0.047619,0,0,0,0.016129,0,0,0,0,0,0,0,no
0.01506,0.047619,0,0,0,0.016129,0,0,0,0,0,0,0,no
0.012048,0.095238,0,0,0.007937,0.016129,0,0,0,0,0,0,0,no
0.009036,0.095238,0,0,0,0,0,0,0,0,0,0,0,no
0.012048,0.142857,0,0,0.015873,0.016129,0,0,0,0,0,0,0,no
0.009036,0.047619,0,0,0,0,0,0,0,0,0,0,0,no
0.009036,0.047619,0,0,0,0,0,0,0,0,0,0,0,no
0.009036,0.047619,0,0,0.007937,0,0,0,0,0,0,0,0,no
0,0.047619,0,0,0.007937,0,0,0,0,0,0,0,0,no
0.009036,0,0,0,0,0,0,0,0,0,0,0,0,no
0.009036,0.047619,0,0,0,0,0,0,0,0,0,0,0,no
0.006024,0,0,0,0.007937,0,0,0,0,0,0,0,0,no
0.009036,0.047619,0,0,0,0,0,0,0,0,0,0,0,no
0.009036,0,0,0,0,0,0,0,0,0,0,0,0,no
0.006024,0,0,0,0.007937,0,0,0,0,0,0,0,0,no
0.009036,0.047619,0,0,0,0,0,0,0,0,0,0,0,no
0.009036,0,0,0,0,0,0,0,0,0,0,0,0,no
0.009036,0.047619,0,0,0,0,0,0,0,0,0,0,0,no
0.009036,0,0,0,0,0,0,0,0,0,0,0,0,no
0.009036,0,0,0,0,0,0,0,0,0,0,0,0,no
0.009036,0,0,0,0,0,0,0,0,0,0,0,0,no
0.009036,0.047619,0,0,0,0,0,0,0,0,0,0,0,no
0.012048,0.095238,0,0,0,0,0,0,0,0,0,0,0,no
0.009036,0.095238,0,0,0,0,0,0,0,0,0,0,0,no
0.009036,0.095238,0,0,0,0,0,0,0,0,0,0,0,no
0.009036,0.095238,0,0,0,0,0,0,0,0,0,0,0,no
0.009036,0.047619,0,0,0,0,0,0,0,0,0,0,0,no
0.009036,0.047619,0,0,0,0,0,0,0,0,0,0,0,no
0.009036,0,0,0,0,0,0,0,0,0,0,0,0,no
0.009036,0,0,0,0,0,0,0,0,0,0,0,0,no
0.009036,0,0,0,0,0,0,0,0,0,0,0,0,no
0.009036,0,0,0,0,0,0,0,0,0,0,0,0,no
0.009036,0,0,0,0,0,0,0,0,0,0,0,0,no
0.009036,0.047619,0,0,0,0,0,0,0,0,0,0,0,no
0.009036,0.047619,0,0,0,0,0,0,0,0,0,0,0,no
0.009036,0.047619,0,0,0,0,0,0,0,0,0,0,0,no
0.009036,0.047619,0,0,0,0,0,0,0,0,0,0,0,no
0.009036,0,0,0,0,0,0,0,0,0,0,0,0,no
0.009036,0,0,0,0,0,0,0,0,0,0,0,0,no
0.009036,0,0,0,0,0,0,0,0,0,0,0,0,no
0.009036,0.047619,0,0,0,0,0,0,0,0,0,0,0,no
0.009036,0.047619,0,0,0,0,0,0,0,0,0,0,0,no
0.009036,0.047619,0,0,0,0,0,0,0,0,0,0,0,no
0.009036,0,0,0,0,0,0,0,0,0,0,0,0,no
0.009036,0,0,0,0,0,0,0,0,0,0,0,0,no
0.009036,0,0,0,0,0,0,0,0,0,0,0,0,no
0.009036,0,0,0,0,0,0,0,0,0,0,0,0,no
0.009036,0,0,0,0.007937,0,0,0,0,0,0,0,0,no
0.009036,0,0,0,0,0,0,0,0,0,0,0,0,no
0.009036,0.047619,0,0,0,0,0,0,0,0,0,0,0,no
0.009036,0.047619,0,0,0,0,0,0,0,0,0,0,0,no
0.009036,0.047619,0,0,0,0,0,0,0,0,0,0,0,no
0.009036,0,0,0,0,0,0,0,0,0,0,0,0,no
0.009036,0,0,0,0,0,0,0,0,0,0,0,0,no
0.009036,0,0,0,0,0,0,0,0,0,0,0,0,no
0.009036,0,0,0,0,0,0,0,0,0,0,0,0,no
0.009036,0.047619,0,0,0,0,0,0,0,0,0,0,0,no
0.009036,0,0,0,0,0,0,0,0,0,0,0,0,no
0.009036,0,0,0,0,0,0,0,0,0,0,0,0,no
0.009036,0,0,0,0,0,0,0,0,0,0,0,0,no
0.009036,0,0,0,0,0,0,0,0,0,0,0,0,no
0.009036,0.047619,0,0,0,0,0,0,0,0,0,0,0,no
0.009036,0.047619,0,0,0,0,0,0,0,0,0,0,0,no
0.009036,0.047619,0,0,0,0,0,0,0,0,0,0,0,no
0.009036,0.047619,0,0,0,0,0,0,0,0,0,0,0,no
0.009036,0.095238,0,0,0,0,0,0,0,0,0,0,0,no
0.009036,0.047619,0,0,0,0,0,0,0,0,0,0,0,no
0.01506,0,0,0,0,0.016129,0,0,0,0,0,0,0,no
0.009036,0.047619,0,0,0,0,0,0,0,0,0,0,0,no
0.01506,0,0,0,0,0.016129,0,0,0,0,0,0,0,no
0.009036,0,0,0,0,0,0,0,0,0,0,0,0,no
0.009036,0,0,0,0,0,0,0,0,0,0,0,0,no
0.009036,0,0,0,0,0,0,0,0,0,0,0,0,no
0.009036,0.047619,0,0,0,0,0,0,0,0,0,0,0,no
0.01506,0,0,0,0,0.016129,0,0,0,0,0,0,0,no
0.009036,0,0,0,0,0,0,0,0,0,0,0,0,no
0.009036,0,0,0,0,0,0,0,0,0,0,0,0,no
0.009036,0,0,0,0,0,0,0,0,0,0,0,0,no
0.009036,0.047619,0,0,0,0,0,0,0,0,0,0,0,no
0.009036,0.047619,0,0,0,0,0,0,0,0,0,0,0,no
0.009036,0.047619,0,0,0,0,0,0,0,0,0,0,0,no
0.009036,0.047619,0,0,0,0,0,0,0,0,0,0,0,no
0.009036,0.047619,0,0,0,0,0,0,0,0,0,0,0,no
0.009036,0.047619,0,0,0,0,0,0,0,0,0,0,0,no
0.009036,0,0,0,0,0,0,0,0,0,0,0,0,no
0.009036,0,0,0,0,0,0,0,0,0,0,0,0,no
0.009036,0.047619,0,0,0,0,0,0,0,0,0,0,0,no
0.009036,0,0,0,0,0,0.037037,0.083333,0.003371,0,0.012931,0.012931,0,no
0.009036,0,0,0,0,0,0.037037,0.083333,0.003371,0,0.012931,0.012931,0,no
0.009036,0,0,0,0,0,0.037037,0.083333,0.003371,0,0.012931,0.012931,0,no
0.009036,0,0,0,0,0,0.037037,0.083333,0.003371,0,0.012931,0.012931,0,no
0.009036,0,0,0,0,0,0,0,0,0,0,0,0,no
0.009036,0.047619,0,0,0,0,0.037037,0.083333,0.003371,0,0.012931,0.012931,0,no
0.009036,0.047619,0,0,0,0,0.037037,0.083333,0.003371,0,0.012931,0.012931,0,no
0.009036,0.047619,0,0,0,0,0.037037,0.083333,0.003371,0,0.012931,0.012931,0,no
0.009036,0.047619,0,0,0,0,0.037037,0.083333,0.003371,0,0.012931,0.012931,0,no
0.009036,0.047619,0,0,0,0,0,0,0,0,0,0,0,no
0.006024,0,0,0,0,0,0,0,0,0,0,0,0,no
0.009036,0.095238,0,0,0,0,0,0,0,0,0,0,0,no
0.018072,0.238095,0,0,0.007937,0.032258,0,0,0,0,0,0,0,no
0.018072,0.238095,0,0,0.007937,0.032258,0,0,0,0,0,0,0,no
0.03012,0,0,0,0.007937,0.048387,0,0,0,0,0,0,0,no
0.009036,0.047619,0,0,0,0,0,0,0,0,0,0,0,no
0.024096,0.047619,0,0,0,0.032258,0,0,0,0,0,0,0,no
0.009036,0.047619,0,0,0,0,0,0,0,0,0,0,0,no
0.009036,0.142857,0,0,0,0,0,0,0,0,0,0,0,no
0.006024,0.047619,0,0,0.007937,0,0,0,0,0,0,0,0,no
0.009036,0.095238,0,0,0,0,0,0,0,0,0,0,0,no
0.009036,0.047619,0,0,0,0,0,0,0,0,0,0,0,no
0.009036,0.047619,0,0,0,0,0,0,0,0,0,0,0,no
0.009036,0.142857,0,0,0,0,0,0,0,0,0,0,0,no
0.006024,0,0,0,0.007937,0,0,0,0,0,0,0,0,no
0.009036,0.047619,0,0,0,0,0,0,0,0,0,0,0,no
0.009036,0.095238,0,0,0,0,0,0,0,0,0,0,0,no
0.009036,0,0,0,0.007937,0,0,0,0,0,0,0,0,no
0.006024,0.095238,0,0,0.007937,0,0,0,0,0,0,0,0,no
0.012048,0.047619,0,0,0,0,0,0,0,0,0,0,0,no
0.012048,0.095238,0,0,0,0,0,0,0,0,0,0,0,no
0.009036,0,0,0,0,0,0,0,0,0,0,0,0,no
0.009036,0.047619,0,0,0,0,0,0,0,0,0,0,0,no
0.009036,0.095238,0,0,0,0,0,0,0,0,0,0,0,no
0.006024,0.047619,0,0,0.007937,0,0,0,0,0,0,0,0,no
0.009036,0.095238,0,0,0,0,0,0,0,0,0,0,0,no
0.012048,0.047619,0,0,0,0,0,0,0,0,0,0,0,no
0.012048,0.095238,0,0,0,0,0,0,0,0,0,0,0,no
0.009036,0,0,0,0,0,0,0,0,0,0,0,0,no
0.009036,0.047619,0,0,0,0,0,0,0,0,0,0,0,no
0.009036,0.095238,0,0,0,0,0,0,0,0,0,0,0,no
0.021084,0,0,0,0,0.016129,0.055556,0.125,0.011798,0,0.030172,0.030172,0,no
0.009036,0.047619,0,0,0,0,0.055556,0.125,0.005056,0,0.012931,0.012931,0,no
0.012048,0.047619,0,0,0,0,0.055556,0.125,0.006742,0,0.017241,0.017241,0,no
0.009036,0.142857,0,0,0,0,0.055556,0.125,0.005056,0,0.012931,0.012931,0,no
0.012048,0,0,0,0,0.016129,0.055556,0.125,0.006742,0,0.017241,0.017241,0,no
0.012048,0,0,0,0.007937,0.016129,0.055556,0.125,0.006742,0,0.017241,0.017241,0,no
0,0,0,0,0,0,0.055556,0.125,0,0,0,0,0,no
0,0,0,0,0,0,0.055556,0.125,0,0,0,0,0,no
0,0,0,0,0,0,0.055556,0.125,0,0,0,0,0,no
0,0,0,0,0,0,0.055556,0.125,0,0,0,0,0,no
0.021084,0.095238,0,0,0,0.016129,0.055556,0.125,0.011798,0,0.030172,0.030172,0,no
0.009036,0,0,0,0,0,0.055556,0.125,0.005056,0,0.012931,0.012931,0,no
0.009036,0,0,0,0,0,0.055556,0.125,0.005056,0,0.012931,0.012931,0,no
0.009036,0,0,0,0,0,0.055556,0.125,0.005056,0,0.012931,0.012931,0,no
0.018072,0,0,0,0,0.016129,0.055556,0.125,0.010112,0,0.025862,0.025862,0,no
0.009036,0.047619,0,0,0.007937,0,0.055556,0.125,0.005056,0,0.012931,0.012931,0,no
0.009036,0.047619,0,0,0,0,0.055556,0.125,0.005056,0,0.012931,0.012931,0,no
0.009036,0.047619,0,0,0.007937,0,0.055556,0.125,0.005056,0,0.012931,0.012931,0,no
0.024096,0,0,0,0.007937,0.032258,0.092593,0.208333,0.014607,0.001183,0.034483,0.024138,1,no
0.012048,0.142857,0,0,0,0,0.055556,0.125,0.006742,0,0.017241,0.017241,0,no
0.009036,0.047619,0,0,0,0,0.055556,0.125,0.005056,0,0.012931,0.012931,0,no
0.054217,0.047619,0,0,0.031746,0.080645,0.055556,0.125,0.030337,0,0.077586,0.077586,0,no
0.012048,0.142857,0,0,0,0,0.055556,0.125,0.006742,0,0.017241,0.017241,0,no
0.009036,0.047619,0,0,0,0,0.055556,0.125,0.005056,0,0.012931,0.012931,0,no
0.021084,0.095238,0,0,0,0.016129,0.055556,0.125,0.011798,0,0.030172,0.030172,0,no
0.009036,0,0,0,0,0,0.055556,0.125,0.005056,0,0.012931,0.012931,0,no
0.009036,0,0,0,0,0,0.055556,0.125,0.005056,0,0.012931,0.012931,0,no
0.009036,0,0,0,0,0,0.055556,0.125,0.005056,0,0.012931,0.012931,0,no
0.018072,0,0,0,0,0.016129,0.092593,0.208333,0.011236,0.001183,0.025862,0.018966,1,no
0.009036,0.047619,0,0,0.007937,0,0.055556,0.125,0.005056,0,0.012931,0.012931,0,no
0.009036,0.047619,0,0,0,0,0.055556,0.125,0.005056,0,0.012931,0.012931,0,no
0.009036,0.047619,0,0,0.007937,0,0.055556,0.125,0.005056,0,0.012931,0.012931,0,no
0.024096,0,0,0,0.007937,0.032258,0.055556,0.125,0.013483,0,0.034483,0.034483,0,no
0.012048,0.142857,0,0,0,0,0.055556,0.125,0.006742,0,0.017241,0.017241,0,no
0.009036,0.047619,0,0,0,0,0.055556,0.125,0.005056,0,0.012931,0.012931,0,no
0.03012,0.047619,0,0,0.031746,0.048387,0.055556,0.125,0.016854,0,0.043103,0.043103,0,no
0.012048,0.142857,0,0,0,0,0.055556,0.125,0.006742,0,0.017241,0.017241,0,no
0.018072,0.047619,0,0,0,0.016129,0.055556,0.125,0.010112,0,0.025862,0.025862,0,no
0.009036,0,0,0,0,0,0.055556,0.125,0.005056,0,0.012931,0.012931,0,no
0.009036,0,0,0,0,0,0.055556,0.125,0.005056,0,0.012931,0.012931,0,no
0.009036,0,0,0,0,0,0.055556,0.125,0.005056,0,0.012931,0.012931,0,no
0.018072,0,0,0,0,0.016129,0.055556,0.125,0.010112,0,0.025862,0.025862,0,no
0.009036,0.047619,0,0,0.007937,0,0.055556,0.125,0.005056,0,0.012931,0.012931,0,no
0.009036,0.047619,0,0,0,0,0.055556,0.125,0.005056,0,0.012931,0.012931,0,no
0.009036,0.047619,0,0,0.007937,0,0.055556,0.125,0.005056,0,0.012931,0.012931,0,no
0.024096,0,0,0,0.007937,0.032258,0.092593,0.208333,0.014607,0.001183,0.034483,0.024138,1,no
0.012048,0.142857,0,0,0,0,0.055556,0.125,0.006742,0,0.017241,0.017241,0,no
0.009036,0.047619,0,0,0,0,0.055556,0.125,0.005056,0,0.012931,0.012931,0,no
0.054217,0.047619,0,0,0.031746,0.080645,0.055556,0.125,0.030337,0,0.077586,0.077586,0,no
0.012048,0.142857,0,0,0,0,0.055556,0.125,0.006742,0,0.017241,0.017241,0,no
0.009036,0.047619,0,0,0,0,0.055556,0.125,0.005056,0,0.012931,0.012931,0,no
0.018072,0.047619,0,0,0,0.016129,0.055556,0.125,0.010112,0,0.025862,0.025862,0,no
0.009036,0,0,0,0,0,0.055556,0.125,0.005056,0,0.012931,0.012931,0,no
0.009036,0,0,0,0,0,0.055556,0.125,0.005056,0,0.012931,0.012931,0,no
0.009036,0,0,0,0,0,0.055556,0.125,0.005056,0,0.012931,0.012931,0,no
0.018072,0,0,0,0,0.016129,0.092593,0.208333,0.011236,0.001183,0.025862,0.018966,1,no
0.009036,0.047619,0,0,0.007937,0,0.055556,0.125,0.005056,0,0.012931,0.012931,0,no
0.009036,0.047619,0,0,0,0,0.055556,0.125,0.005056,0,0.012931,0.012931,0,no
0.009036,0.047619,0,0,0.007937,0,0.055556,0.125,0.005056,0,0.012931,0.012931,0,no
0.024096,0,0,0,0.007937,0.032258,0.055556,0.125,0.013483,0,0.034483,0.034483,0,no
0.012048,0.142857,0,0,0,0,0.055556,0.125,0.006742,0,0.017241,0.017241,0,no
0.009036,0.047619,0,0,0,0,0.055556,0.125,0.005056,0,0.012931,0.012931,0,no
0.03012,0.047619,0,0,0.031746,0.048387,0.055556,0.125,0.016854,0,0.043103,0.043103,0,no
0.012048,0.142857,0,0,0,0,0.055556,0.125,0.006742,0,0.017241,0.017241,0,no
0,0.047619,0,0,0,0,0.055556,0.125,0,0,0,0,0,no
0.009036,0.047619,0,0,0,0,0.055556,0.125,0.005056,0,0.012931,0.012931,0,no
0.01506,0.095238,0,0,0,0,0.055556,0.125,0.008427,0,0.021552,0.021552,0,no
0.009036,0.047619,0,0,0,0,0.055556,0.125,0.005056,0,0.012931,0.012931,0,no
0.009036,0.047619,0,0,0,0,0.055556,0.125,0.005056,0,0.012931,0.012931,0,no
0.009036,0.047619,0,0,0,0,0.055556,0.125,0.005056,0,0.012931,0.012931,0,no
0.009036,0,0,0,0,0,0.055556,0.125,0.005056,0,0.012931,0.012931,0,no
0.009036,0,0,0,0,0,0.055556,0.125,0.005056,0,0.012931,0.012931,0,no
0.009036,0,0,0,0,0,0.055556,0.125,0.005056,0,0.012931,0.012931,0,no
0.009036,0,0,0,0,0,0.055556,0.125,0.005056,0,0.012931,0.012931,0,no
0.018072,0,0,0,0,0.016129,0.055556,0.125,0.010112,0,0.025862,0.025862,0,no
0.009036,0.047619,0,0,0,0,0.055556,0.125,0.005056,0,0.012931,0.012931,0,no
0.009036,0,0,0,0,0,0.055556,0.125,0.005056,0,0.012931,0.012931,0,no
0.009036,0.047619,0,0,0,0,0.055556,0.125,0.005056,0,0.012931,0.012931,0,no
0.006024,0,0,0,0,0,0.055556,0.125,0.003371,0,0.008621,0.008621,0,no
0.009036,0.047619,0,0,0,0,0.055556,0.125,0.005056,0,0.012931,0.012931,0,no
0.009036,0,0,0,0,0,0.055556,0.125,0.005056,0,0.012931,0.012931,0,no
0.01506,0.047619,0,0,0,0.016129,0.055556,0.125,0.008427,0,0.021552,0.021552,0,no
0.009036,0,0,0,0,0,0.055556,0.125,0.005056,0,0.012931,0.012931,0,no
0.01506,0.047619,0,0,0,0.016129,0.055556,0.125,0.008427,0,0.021552,0.021552,0,no
0.009036,0.095238,0,0,0,0,0.055556,0.125,0.005056,0,0.012931,0.012931,0,no
0.009036,0.095238,0,0,0,0,0.055556,0.125,0.005056,0,0.012931,0.012931,0,no
0.009036,0.047619,0,0,0,0,0.055556,0.125,0.005056,0,0.012931,0.012931,0,no
0.009036,0.047619,0,0,0,0,0.055556,0.125,0.005056,0,0.012931,0.012931,0,no
0.012048,0.095238,0,0,0,0.016129,0.055556,0.125,0.006742,0,0.017241,0.017241,0,no
0.012048,0.095238,0,0,0,0.016129,0.055556,0.125,0.006742,0,0.017241,0.017241,0,no
0,0,0,0,0,0,0,0,0,0,0,0,0,no
0.009036,0,0,0,0,0,0,0,0,0,0,0,0,no
0.009036,0,0,0,0,0,0,0,0,0,0,0,0,no
0.009036,0,0,0,0,0,0,0,0,0,0,0,0,no
0.009036,0,0,0,0,0,0,0,0,0,0,0,0,no
0,0.095238,0,0,0,0,0,0,0,0,0,0,0,no
0,0.047619,0,0,0,0,0,0,0,0,0,0,0,no
0,0.285714,0,0,0,0,0,0,0,0,0,0,0,no
0.021084,0,0,0,0,0.016129,0,0,0,0,0,0,0,no
0.018072,0.095238,0,0,0,0.016129,0,0,0,0,0,0,0,no
0,0,0,0,0,0,0,0,0,0,0,0,0,no
0.009036,0.047619,0,0,0,0,0,0,0,0,0,0,0,no
0.012048,0.095238,0,0,0,0,0,0,0,0,0,0,0,no
0.009036,0.095238,0,0,0,0,0,0,0,0,0,0,0,no
0.012048,0.047619,0,0,0,0,0,0,0,0,0,0,0,no
0.012048,0.047619,0,0,0,0,0,0,0,0,0,0,0,no
0.012048,0.047619,0,0,0,0,0,0,0,0,0,0,0,no
0.009036,0,0,0,0,0,0,0,0,0,0,0,0,no
0.009036,0.047619,0,0,0,0,0,0,0,0,0,0,0,no
0.009036,0,0,0,0,0,0,0,0,0,0,0,0,no
0.009036,0,0,0,0,0,0,0,0,0,0,0,0,no
0.009036,0,0,0,0,0,0,0,0,0,0,0,0,no
0.009036,0,0,0,0,0,0,0,0,0,0,0,0,no
0.009036,0,0.010638,0,0,0,0,0,0,0,0,0,0,no
0.012048,0.095238,0,0,0,0,0,0,0,0,0,0,0,no
0.009036,0.047619,0,0,0,0,0,0,0,0,0,0,0,no
0.033133,0.190476,0,0,0.02381,0.064516,0,0,0,0,0,0,0,no
0.018072,0.095238,0,0,0.015873,0.048387,0,0,0,0,0,0,0,no
0.01506,0.047619,0,0,0.015873,0.032258,0,0,0,0,0,0,0,no
0.009036,0.047619,0,0,0,0,0,0,0,0,0,0,0,no
0.009036,0.095238,0,0,0,0,0,0,0,0,0,0,0,no
0.009036,0.142857,0,0,0,0,0,0,0,0,0,0,0,no
0.012048,0.142857,0,0,0,0,0,0,0,0,0,0,0,no
0.01506,0.142857,0,0,0.007937,0,0,0,0,0,0,0,0,no
0.006024,0,0,0,0.007937,0,0,0,0,0,0,0,0,no
0.009036,0.047619,0,0,0,0,0,0,0,0,0,0,0,no
0.009036,0.095238,0,0,0,0,0,0,0,0,0,0,0,no
0.009036,0,0,0,0,0,0,0,0,0,0,0,0,no
0.009036,0.047619,0,0,0,0,0,0,0,0,0,0,0,no
0.009036,0,0,0,0,0,0,0,0,0,0,0,0,no
0.009036,0.047619,0,0,0,0,0,0,0,0,0,0,0,no
0.012048,0.095238,0,0,0,0,0,0,0,0,0,0,0,no
0.009036,0,0,0,0,0,0,0,0,0,0,0,0,no
0.01506,0.047619,0,0,0,0.016129,0,0,0,0,0,0,0,no
0.009036,0.095238,0,0,0,0,0,0,0,0,0,0,0,no
0.009036,0,0,0,0,0,0,0,0,0,0,0,0,no
0.009036,0.047619,0,0,0,0,0,0,0,0,0,0,0,no
0.009036,0.095238,0,0,0,0,0,0,0,0,0,0,0,no
0.009036,0,0,0,0,0,0,0,0,0,0,0,0,no
0.009036,0.047619,0,0,0,0,0,0,0,0,0,0,0,no
0.012048,0.095238,0,0,0,0,0,0,0,0,0,0,0,no
0.009036,0,0,0,0,0,0,0,0,0,0,0,0,no
0.01506,0.047619,0,0,0,0.016129,0,0,0,0,0,0,0,no
0.009036,0.095238,0,0,0,0,0,0,0,0,0,0,0,no
0.009036,0,0,0,0,0,0,0,0,0,0,0,0,no
0.009036,0.047619,0,0,0,0,0,0,0,0,0,0,0,no
0.009036,0.095238,0,0,0,0,0,0,0,0,0,0,0,no
0.009036,0,0,0,0,0,0,0,0,0,0,0,0,no
0.009036,0.047619,0,0,0,0,0,0,0,0,0,0,0,no
0.009036,0.095238,0.010638,0,0.007937,0,0,0,0,0,0,0,0,no
0.009036,0,0,0,0,0,0,0,0,0,0,0,0,no
0.009036,0.047619,0,0,0,0,0,0,0,0,0,0,0,no
0.009036,0.095238,0.010638,0,0.007937,0,0,0,0,0,0,0,0,no
0.009036,0,0,0,0,0,0,0,0,0,0,0,0,no
0.009036,0.047619,0,0,0,0,0,0,0,0,0,0,0,no
0.009036,0.095238,0,0,0,0,0,0,0,0,0,0,0,no
0.009036,0,0,0,0,0,0,0,0,0,0,0,0,no
0.009036,0.047619,0,0,0,0,0,0,0,0,0,0,0,no
0.012048,0.095238,0,0,0,0,0,0,0,0,0,0,0,no
0.009036,0.095238,0,0,0,0,0,0,0,0,0,0,0,no
0.009036,0.047619,0,0,0,0,0,0,0,0,0,0,0,no
0.009036,0.142857,0,0,0,0,0,0,0,0,0,0,0,no
0.018072,0.047619,0,0,0,0.032258,0,0,0,0,0,0,0,no
0.009036,0.047619,0,0,0,0,0,0,0,0,0,0,0,no
0.009036,0.047619,0,0,0,0,0,0,0,0,0,0,0,no
0.009036,0.095238,0,0,0,0,0,0,0,0,0,0,0,no
0.009036,0.095238,0,0,0,0,0,0,0,0,0,0,0,no
0.009036,0.095238,0,0,0,0,0,0,0,0,0,0,0,no
0.009036,0.095238,0,0,0,0,0,0,0,0,0,0,0,no
0.009036,0.095238,0,0,0,0,0,0,0,0,0,0,0,no
0.009036,0.095238,0,0,0,0,0,0,0,0,0,0,0,no
0.009036,0.095238,0,0,0,0,0,0,0,0,0,0,0,no
0.009036,0.095238,0,0,0,0,0,0,0,0,0,0,0,no
0.009036,0.095238,0,0,0,0,0,0,0,0,0,0,0,no
0.009036,0.095238,0,0,0,0,0,0,0,0,0,0,0,no
0.009036,0.095238,0,0,0,0,0,0,0,0,0,0,0,no
0.009036,0.095238,0,0,0,0,0,0,0,0,0,0,0,no
0.009036,0.095238,0,0,0,0,0,0,0,0,0,0,0,no
0.009036,0.095238,0,0,0,0,0,0,0,0,0,0,0,no
0.009036,0.095238,0,0,0,0,0,0,0,0,0,0,0,no
0.009036,0.095238,0,0,0,0,0,0,0,0,0,0,0,no
0.01506,0.095238,0,0,0,0,0,0,0,0,0,0,0,no
0.009036,0.047619,0,0,0,0,0,0,0,0,0,0,0,no
0.009036,0.047619,0,0,0,0,0,0,0,0,0,0,0,no
0.009036,0.095238,0,0,0,0,0,0,0,0,0,0,0,no
0.009036,0,0,0,0,0,0,0,0,0,0,0,0,no
0.009036,0.047619,0,0,0.007937,0,0,0,0,0,0,0,0,no
0.009036,0.095238,0,0,0,0,0,0,0,0,0,0,0,no
0.012048,0.095238,0,0,0,0,0,0,0,0,0,0,0,no
0.03012,0.095238,0,0,0,0,0,0,0,0,0,0,0,no
0.039157,0.095238,0,0,0,0.048387,0,0,0,0,0,0,0,no
0.012048,0.095238,0,0,0,0,0,0,0,0,0,0,0,no
0.033133,0.142857,0,0,0,0.080645,0,0,0,0,0,0,0,no
0.009036,0,0,0,0,0,0,0,0,0,0,0,0,no
0.009036,0.047619,0,0,0,0,0,0,0,0,0,0,0,no
0.009036,0.047619,0,0,0,0,0,0,0,0,0,0,0,no
0.012048,0.095238,0,0,0,0,0,0,0,0,0,0,0,no
0.009036,0.047619,0,0,0,0,0,0,0,0,0,0,0,no
0.009036,0.142857,0,0,0,0,0,0,0,0,0,0,0,no
0.012048,0.095238,0,0,0,0,0,0,0,0,0,0,0,no
0.009036,0,0,0,0,0,0,0,0,0,0,0,0,no
0.009036,0.190476,0,0,0,0,0,0,0,0,0,0,0,no
0.009036,0,0,0,0,0,0,0,0,0,0,0,0,no
0.009036,0,0,0,0,0,0,0,0,0,0,0,0,no
0.009036,0,0,0,0,0,0,0,0,0,0,0,0,no
0.018072,0.190476,0,0,0,0,0,0,0,0,0,0,0,no
0.009036,0,0,0,0,0,0,0,0,0,0,0,0,no
0.009036,0,0,0,0,0,0,0,0,0,0,0,0,no
0.009036,0,0,0,0,0,0,0,0,0,0,0,0,no
0.009036,0,0,0,0,0,0,0,0,0,0,0,0,no
0.009036,0,0.010638,0,0,0,0,0,0,0,0,0,0,no
0.009036,0.142857,0,0,0,0,0,0,0,0,0,0,0,no
0.012048,0.142857,0,0,0,0,0,0,0,0,0,0,0,no
0.033133,0.428571,0,0,0,0,0,0,0,0,0,0,0,no
0.009036,0,0,0,0,0,0,0,0,0,0,0,0,no
0.009036,0,0,0,0,0,0,0,0,0,0,0,0,no
0.009036,0,0,0,0,0,0,0,0,0,0,0,0,no
0.009036,0.047619,0.010638,0,0,0,0,0,0,0,0,0,0,no
0.009036,0,0,0,0,0,0,0,0,0,0,0,0,no
0.009036,0,0,0,0,0,0,0,0,0,0,0,0,no
0.009036,0,0,0,0,0,0,0,0,0,0,0,0,no
0.009036,0,0,0,0,0,0,0,0,0,0,0,0,no
0.009036,0.142857,0,0,0,0,0,0,0,0,0,0,0,no
0.012048,0.142857,0,0,0,0,0,0,0,0,0,0,0,no
0.024096,0.047619,0,0,0,0,0,0,0,0,0,0,0,no
0.009036,0,0,0,0,0,0,0,0,0,0,0,0,no
0.01506,0.142857,0,0,0,0,0,0,0,0,0,0,0,no
0.012048,0.047619,0,0,0,0,0,0,0,0,0,0,0,no
0.009036,0,0,0,0,0,0,0,0,0,0,0,0,no
0.009036,0,0,0,0,0,0,0,0,0,0,0,0,no
0.009036,0.047619,0,0,0,0,0,0,0,0,0,0,0,no
0.009036,0.047619,0,0,0.007937,0,0,0,0,0,0,0,0,no
0.009036,0.047619,0,0,0.007937,0,0,0,0,0,0,0,0,no
0.009036,0.190476,0,0,0,0,0,0,0,0,0,0,0,no
0.009036,0.190476,0,0,0,0,0,0,0,0,0,0,0,no
0.009036,0.333333,0,0,0,0,0,0,0,0,0,0,0,no
0.009036,0.238095,0,0,0,0,0,0,0,0,0,0,0,no
0.009036,0.428571,0,0,0,0,0,0,0,0,0,0,0,no
0.009036,0.142857,0,0,0,0,0,0,0,0,0,0,0,no
0.03012,0.047619,0,0,0,0.048387,0,0,0,0,0,0,0,no
0.081325,0.095238,0,0,0,0.096774,0,0,0,0,0,0,0,no
0.009036,0.047619,0,0,0,0,0,0,0,0,0,0,0,no
0.01506,0.047619,0,0,0,0.016129,0,0,0,0,0,0,0,no
0.009036,0.047619,0,0,0,0,0,0,0,0,0,0,0,no
0.01506,0.047619,0,0,0,0.032258,0,0,0,0,0,0,0,no
0.01506,0.047619,0,0,0,0.016129,0,0,0,0,0,0,0,no
0.009036,0,0,0,0,0,0,0,0,0,0,0,0,no
0.009036,0,0,0,0,0,0,0,0,0,0,0,0,no
0.009036,0,0,0,0,0,0,0,0,0,0,0,0,no
0.009036,0,0,0,0,0,0,0,0,0,0,0,0,no
0.021084,0.095238,0,0,0,0,0,0,0,0,0,0,0,no
0.009036,0.047619,0,0,0,0,0,0,0,0,0,0,0,no
0.009036,0.047619,0,0,0,0,0,0,0,0,0,0,0,no
0.021084,0.142857,0,0,0,0.048387,0,0,0,0,0,0,0,no
0.021084,0.095238,0,0,0,0.048387,0,0,0,0,0,0,0,no
0.009036,0,0,0,0,0,0,0,0,0,0,0,0,no
0.009036,0,0,0,0,0,0,0,0,0,0,0,0,no
0.009036,0,0,0,0,0,0,0,0,0,0,0,0,no
0.009036,0,0,0,0,0,0,0,0,0,0,0,0,no
0.009036,0,0,0,0,0,0,0,0,0,0,0,0,no
0.009036,0,0,0,0,0,0,0,0,0,0,0,0,no
0.009036,0.047619,0,0,0,0,0,0,0,0,0,0,0,no
0.009036,0,0,0,0,0,0,0,0,0,0,0,0,no
0.009036,0.047619,0,0,0,0,0,0,0,0,0,0,0,no
0.009036,0.047619,0,0,0,0,0,0,0,0,0,0,0,no
0.009036,0,0,0,0,0,0,0,0,0,0,0,0,no
0.009036,0.190476,0,0,0,0,0,0,0,0,0,0,0,no
0.009036,0.142857,0,0,0,0,0,0,0,0,0,0,0,no
0.009036,0.190476,0,0,0,0,0,0,0,0,0,0,0,no
0.009036,0.142857,0,0,0,0,0,0,0,0,0,0,0,no
0.036145,0.047619,0,0,0,0.129032,0,0,0,0,0,0,0,no
0.009036,0.047619,0,0,0,0,0,0,0,0,0,0,0,no
0.009036,0,0,0,0,0,0,0,0,0,0,0,0,no
0.009036,0,0,0,0,0,0,0,0,0,0,0,0,no
0.009036,0,0,0,0,0,0,0,0,0,0,0,0,no
0.006024,0.047619,0,0,0.007937,0,0,0,0,0,0,0,0,no
0.009036,0.047619,0,0,0,0,0,0,0,0,0,0,0,no
0.009036,0,0,0,0,0,0,0,0,0,0,0,0,no
0.009036,0.095238,0,0,0,0,0,0,0,0,0,0,0,no
0.009036,0.238095,0,0,0,0,0,0,0,0,0,0,0,no
0.009036,0.190476,0,0,0,0,0,0,0,0,0,0,0,no
0.042169,0.047619,0,0,0,0.16129,0,0,0,0,0,0,0,no
0,0.047619,0,0,0,0,0,0,0,0,0,0,0,no
0.009036,0.428571,0,0,0,0,0,0,0,0,0,0,0,no
0.009036,0.095238,0,0,0,0,0,0,0,0,0,0,0,no
0.039157,0.047619,0,0,0,0.129032,0,0,0,0,0,0,0,no
0.012048,0.190476,0,0,0,0,0,0,0,0,0,0,0,no
0.009036,0,0,0,0,0,0,0,0,0,0,0,0,no
0.009036,0.047619,0,0,0,0,0,0,0,0,0,0,0,no
0.009036,0,0,0,0,0,0,0,0,0,0,0,0,no
0.01506,0.047619,0,0,0,0.032258,0,0,0,0,0,0,0,no
0.009036,0,0,0,0,0,0,0,0,0,0,0,0,no
0.01506,0.047619,0,0,0,0.032258,0,0,0,0,0,0,0,no
0.009036,0,0,0,0,0,0,0,0,0,0,0,0,no
0.009036,0.047619,0,0,0,0,0,0,0,0,0,0,0,no
0.009036,0,0,0,0,0,0,0,0,0,0,0,0,no
0.009036,0,0,0,0,0,0,0,0,0,0,0,0,no
0.01506,0.047619,0,0,0,0.032258,0,0,0,0,0,0,0,no
0.009036,0,0,0,0,0,0,0,0,0,0,0,0,no
0.009036,0.190476,0,0,0,0,0,0,0,0,0,0,0,no
0.01506,0.238095,0,0,0,0.032258,0,0,0,0,0,0,0,no
0.009036,0,0,0,0,0,0,0,0,0,0,0,0,no
0.01506,0.142857,0,0,0,0,0,0,0,0,0,0,0,no
0.009036,0,0,0,0,0,0,0,0,0,0,0,0,no
0.009036,0.047619,0,0,0,0,0,0,0,0,0,0,0,no
0.009036,0.047619,0,0,0,0,0,0,0,0,0,0,0,no
0.009036,0.190476,0,0,0,0,0,0,0,0,0,0,0,no
0.009036,0,0,0,0,0,0,0,0,0,0,0,0,no
0.021084,0.238095,0,0,0,0,0,0,0,0,0,0,0,no
0.03012,0,0,0,0,0.064516,0,0,0,0,0,0,0,no
0.009036,0,0,0,0,0,0,0,0,0,0,0,0,no
0.012048,0.095238,0,0,0,0,0,0,0,0,0,0,0,no
0.009036,0.047619,0,0,0,0,0,0,0,0,0,0,0,no
0.009036,0.047619,0,0,0,0,0,0,0,0,0,0,0,no
0.009036,0.190476,0,0,0,0,0,0,0,0,0,0,0,no
0.01506,0.238095,0,0,0,0.032258,0,0,0,0,0,0,0,no
0.009036,0,0,0,0,0,0,0,0,0,0,0,0,no
0.01506,0.142857,0,0,0,0,0,0,0,0,0,0,0,no
0.027108,0,0,0,0,0.080645,0,0,0,0,0,0,0,no
0.009036,0,0,0,0,0,0,0,0,0,0,0,0,no
0.012048,0.095238,0,0,0,0,0,0,0,0,0,0,0,no
0.018072,0.047619,0,0,0,0.032258,0,0,0,0,0,0,0,no
0.009036,0.047619,0,0,0,0,0,0,0,0,0,0,0,no
0.009036,0.190476,0,0,0,0,0,0,0,0,0,0,0,no
0.009036,0,0,0,0,0,0,0,0,0,0,0,0,no
0.01506,0.142857,0,0,0,0,0,0,0,0,0,0,0,no
0.021084,0,0,0,0,0.064516,0,0,0,0,0,0,0,no
0.018072,0.047619,0,0,0.007937,0.032258,0,0,0,0,0,0,0,no
0.009036,0,0,0,0,0,0,0,0,0,0,0,0,no
0,0,0,0,0,0,0,0,0,0,0,0,0,no
0,0.047619,0,0,0,0,0,0,0,0,0,0,0,no
0.012048,0.190476,0,0,0,0,0,0,0,0,0,0,0,no
0.009036,0,0,0,0,0,0,0,0,0,0,0,0,no
0.009036,0.047619,0,0,0,0,0,0,0,0,0,0,0,no
0.012048,0.190476,0,0,0,0,0,0,0,0,0,0,0,no
0.009036,0,0,0,0,0,0,0,0,0,0,0,0,no
0.009036,0.047619,0,0,0,0,0,0,0,0,0,0,0,no
0.021084,0.142857,0,0,0,0.016129,0,0,0,0,0,0,0,no
0.009036,0,0,0,0,0,0,0,0,0,0,0,0,no
0.012048,0.047619,0,0,0,0.016129,0,0,0,0,0,0,0,no
0.009036,0.047619,0,0,0,0,0,0,0,0,0,0,0,no
0.006024,0.047619,0,0,0.007937,0,0,0,0,0,0,0,0,no
0,0.095238,0,0,0,0,0,0,0,0,0,0,0,no
0.006024,0.047619,0,0,0.007937,0,0,0,0,0,0,0,0,no
0.009036,0.047619,0,0,0,0,0,0,0,0,0,0,0,no
0.006024,0.095238,0,0,0.007937,0,0,0,0,0,0,0,0,no
0.009036,0.095238,0,0,0,0,0,0,0,0,0,0,0,no
0,0.095238,0,0,0,0,0,0,0,0,0,0,0,no
0,0.047619,0,0,0,0,0,0,0,0,0,0,0,no
0,0,0,0,0,0,0,0,0,0,0,0,0,no
0,0,0,0,0,0,0,0,0,0,0,0,0,no
0,0.047619,0,0,0,0,0,0,0,0,0,0,0,no
0,0.047619,0,0,0,0,0,0,0,0,0,0,0,no
0,0.095238,0,0,0,0,0,0,0,0,0,0,0,no
0,0.047619,0,0,0,0,0,0,0,0,0,0,0,no
0,0.047619,0,0,0,0,0,0,0,0,0,0,0,no
0,0.095238,0,0,0,0,0,0,0,0,0,0,0,no
0.009036,0.095238,0,0,0,0,0,0,0,0,0,0,0,no
0.009036,0,0,0,0,0,0,0,0,0,0,0,0,no
0.006024,0.047619,0,0,0.007937,0,0,0,0,0,0,0,0,no
0.006024,0,0,0,0.007937,0,0,0,0,0,0,0,0,no
0.006024,0,0,0,0.007937,0,0,0,0,0,0,0,0,no
0.006024,0.047619,0,0,0.015873,0,0,0,0,0,0,0,0,no
0.012048,0.095238,0,0,0,0,0,0,0,0,0,0,0,no
0.009036,0.047619,0,0,0,0,0,0,0,0,0,0,0,no
0.009036,0,0,0,0,0,0,0,0,0,0,0,0,no
0.009036,0,0,0,0,0,0,0,0,0,0,0,0,no
0.012048,0.047619,0,0,0.007937,0,0,0,0,0,0,0,0,no
0.009036,0.047619,0,0,0,0,0,0,0,0,0,0,0,no
0.009036,0.047619,0,0,0,0,0,0,0,0,0,0,0,no
0.009036,0,0,0,0,0,0,0,0,0,0,0,0,no
0.009036,0,0,0,0,0,0,0,0,0,0,0,0,no
0.009036,0.047619,0,0,0,0,0,0,0,0,0,0,0,no
0,0.047619,0,0,0,0,0,0,0,0,0,0,0,no
0,0.190476,0,0,0,0,0,0,0,0,0,0,0,no
0,0.238095,0,0,0,0,0,0,0,0,0,0,0,no
0,0,0,0,0,0,0,0,0,0,0,0,0,no
0.006024,0,0,0,0,0,0,0,0,0,0,0,0,no
0.009036,0,0,0,0,0,0,0,0,0,0,0,0,no
0.01506,0.142857,0,0,0,0,0,0,0,0,0,0,0,no
0.009036,0,0,0,0,0,0,0,0,0,0,0,0,no
0.009036,0,0,0,0,0,0,0,0,0,0,0,0,no
0.009036,0,0,0,0,0,0,0,0,0,0,0,0,no
0,0.095238,0,0,0,0,0,0,0,0,0,0,0,no
0,0,0,0,0,0,0,0,0,0,0,0,0,no
0,0,0,0,0,0,0,0,0,0,0,0,0,no
0,0,0,0,0,0,0,0,0,0,0,0,0,no
0,0,0,0,0,0,0,0,0,0,0,0,0,no
0.012048,0.095238,0,0,0,0,0,0,0,0,0,0,0,no
0.009036,0,0,0,0,0,0,0,0,0,0,0,0,no
0.009036,0,0,0,0,0,0,0,0,0,0,0,0,no
0.012048,0.095238,0,0,0,0,0,0,0,0,0,0,0,no
0.009036,0.047619,0,0,0,0,0,0,0,0,0,0,0,no
0.009036,0.095238,0,0,0,0,0,0,0,0,0,0,0,no
0.009036,0,0,0,0,0,0,0,0,0,0,0,0,no
0,0.047619,0,0,0,0,0,0,0,0,0,0,0,no
0,0.095238,0,0,0,0,0,0,0,0,0,0,0,no
0.033133,0,0,0,0,0.096774,0,0,0,0,0,0,0,no
0.009036,0.047619,0,0,0,0,0,0,0,0,0,0,0,no
0.009036,0,0,0,0,0,0,0,0,0,0,0,0,no
0.009036,0,0,0,0,0,0,0,0,0,0,0,0,no
0.009036,0,0,0,0,0,0,0,0,0,0,0,0,no
0.009036,0.190476,0,0,0,0,0,0,0,0,0,0,0,no
0.009036,0,0,0,0,0,0,0,0,0,0,0,0,no
0.018072,0.190476,0,0,0,0,0,0,0,0,0,0,0,no
0.01506,0,0,0,0,0.032258,0,0,0,0,0,0,0,no
0.009036,0,0,0,0,0,0,0,0,0,0,0,0,no
0.009036,0.047619,0,0,0,0,0,0,0,0,0,0,0,no
0.006024,0.047619,0,0,0,0,0,0,0,0,0,0,0,no
0.006024,0.047619,0,0,0,0,0,0,0,0,0,0,0,no
0.009036,0,0,0,0,0,0,0,0,0,0,0,0,no
0.009036,0.047619,0,0,0,0,0,0,0,0,0,0,0,no
0.012048,0.095238,0,0,0,0,0,0,0,0,0,0,0,no
0.009036,0.047619,0,0,0,0,0,0,0,0,0,0,0,no
0.01506,0.142857,0,0,0,0,0,0,0,0,0,0,0,no
0.009036,0.047619,0,0,0,0,0,0,0,0,0,0,0,no
0.021084,0,0,0,0,0,0.055556,0.083333,0.001685,0.001775,0.008621,0.008621,0,no
0.009036,0.047619,0,0,0,0,0,0,0,0,0,0,0,no
0.01506,0,0,0,0,0.016129,0,0,0,0,0,0,0,no
0.009036,0,0,0,0,0,0,0,0,0,0,0,0,no
0.01506,0.095238,0,0,0,0,0,0,0,0,0,0,0,no
0.009036,0,0,0,0,0,0,0,0,0,0,0,0,no
0.01506,0.095238,0,0,0,0,0,0,0,0,0,0,0,no
0.009036,0.047619,0,0,0,0,0,0,0,0,0,0,0,no
0.009036,0,0,0,0,0,0,0,0,0,0,0,0,no
0.009036,0.047619,0,0,0,0,0,0,0,0,0,0,0,no
0.009036,0.047619,0,0,0,0,0,0,0,0,0,0,0,no
0.009036,0,0,0,0,0,0,0,0,0,0,0,0,no
0.012048,0.047619,0,0,0,0,0,0,0,0,0,0,0,no
0.012048,0.095238,0,0,0,0,0,0,0,0,0,0,0,no
0.024096,0.047619,0,0,0,0.048387,0,0,0,0,0,0,0,no
0.009036,0,0,0,0,0,0,0,0,0,0,0,0,no
0.012048,0.095238,0,0,0,0,0,0,0,0,0,0,0,no
0.018072,0.190476,0,0,0,0,0,0,0,0,0,0,0,no
0.006024,0,0,0,0.007937,0,0,0,0,0,0,0,0,no
0.01506,0.095238,0,0,0,0,0,0,0,0,0,0,0,no
0.018072,0.047619,0,0,0.007937,0.016129,0,0,0,0,0,0,0,no
0.01506,0.142857,0,0,0,0,0,0,0,0,0,0,0,no
0.006024,0,0,0,0.007937,0,0,0,0,0,0,0,0,no
0.018072,0.047619,0,0,0,0.016129,0,0,0,0,0,0,0,no
0.009036,0.095238,0,0,0,0,0,0,0,0,0,0,0,no
0.009036,0.047619,0,0,0,0,0,0,0,0,0,0,0,no
0.009036,0.047619,0,0,0,0,0,0,0,0,0,0,0,no
0.009036,0,0,0,0,0,0.074074,0.166667,0.006742,0,0.012931,0.012931,0,no
0.009036,0.047619,0,0,0,0,0.148148,0.208333,0.013483,0,0.012931,0.012931,1,no
0.01506,0.047619,0,0,0,0,0.148148,0.208333,0.022472,0,0.021552,0.021552,1,no
0.009036,0,0,0,0,0,0.148148,0.208333,0.013483,0,0.012931,0.012931,1,no
0.048193,0,0,0,0.007937,0.048387,0.148148,0.208333,0.07191,0,0.068966,0.068966,1,no
0.01506,0.047619,0,0,0,0.032258,0.148148,0.208333,0.022472,0,0.021552,0.021552,1,no
0.01506,0,0,0,0,0.016129,0.148148,0.208333,0.022472,0,0.021552,0.021552,1,no
0.021084,0.047619,0,0,0.007937,0.032258,0.148148,0.208333,0.031461,0,0.030172,0.030172,1,no
0.009036,0.095238,0,0,0,0,0.148148,0.208333,0.013483,0,0.012931,0.012931,1,no
0.009036,0.047619,0,0,0.007937,0,0.148148,0.208333,0.013483,0,0.012931,0.012931,1,no
0.009036,0.047619,0,0,0,0,0,0,0,0,0,0,0,no
0.009036,0.095238,0,0,0,0,0,0,0,0,0,0,0,no
0.009036,0.047619,0,0,0,0,0,0,0,0,0,0,0,no
0.009036,0.142857,0,0,0,0,0,0,0,0,0,0,0,no
0.009036,0.095238,0,0,0,0,0,0,0,0,0,0,0,no
0.009036,0.095238,0,0,0,0,0,0,0,0,0,0,0,no
0.009036,0.142857,0,0,0,0,0,0,0,0,0,0,0,no
0.009036,0.047619,0,0,0,0,0,0,0,0,0,0,0,no
0.009036,0.095238,0,0,0,0,0,0,0,0,0,0,0,no
0.009036,0.095238,0,0,0,0,0,0,0,0,0,0,0,no
0.01506,0.142857,0,0,0,0.016129,0,0,0,0,0,0,0,no
0.009036,0.095238,0,0,0,0,0,0,0,0,0,0,0,no
0.009036,0.047619,0,0,0,0,0,0,0,0,0,0,0,no
0.009036,0.095238,0,0,0,0,0,0,0,0,0,0,0,no
0.009036,0.047619,0,0,0,0,0,0,0,0,0,0,0,no
0.009036,0.047619,0,0,0,0,0,0,0,0,0,0,0,no
0.009036,0.095238,0,0,0,0,0,0,0,0,0,0,0,no
0.009036,0.095238,0,0,0,0,0,0,0,0,0,0,0,no
0.009036,0.047619,0,0,0,0,0,0,0,0,0,0,0,no
0.009036,0.047619,0,0,0,0,0,0,0,0,0,0,0,no
0.009036,0.095238,0,0,0,0,0,0,0,0,0,0,0,no
0.009036,0.095238,0,0,0,0,0,0,0,0,0,0,0,no
0.009036,0.047619,0,0,0,0,0,0,0,0,0,0,0,no
0.009036,0.095238,0,0,0,0,0,0,0,0,0,0,0,no
0.009036,0.047619,0,0,0,0,0,0,0,0,0,0,0,no
0.009036,0.095238,0,0,0,0,0,0,0,0,0,0,0,no
0.009036,0.047619,0,0,0,0,0,0,0,0,0,0,0,no
0.009036,0.095238,0,0,0,0,0,0,0,0,0,0,0,no
0.009036,0.047619,0,0,0,0,0,0,0,0,0,0,0,no
0.009036,0.095238,0,0,0,0,0,0,0,0,0,0,0,no
0.009036,0.047619,0,0,0,0,0,0,0,0,0,0,0,no
0.009036,0.095238,0,0,0,0,0,0,0,0,0,0,0,no
0.009036,0.047619,0,0,0,0,0,0,0,0,0,0,0,no
0.009036,0.095238,0,0,0,0,0,0,0,0,0,0,0,no
0.009036,0.047619,0,0,0,0,0,0,0,0,0,0,0,no
0.009036,0.095238,0,0,0,0,0,0,0,0,0,0,0,no
0.009036,0.047619,0,0,0,0,0,0,0,0,0,0,0,no
0.009036,0.047619,0,0,0,0,0,0,0,0,0,0,0,no
0.009036,0.047619,0,0,0,0,0.055556,0.125,0.005056,0,0.012931,0.012931,0,no
0.009036,0.095238,0,0,0,0,0.074074,0.166667,0.006742,0,0.012931,0.012931,0,no
0.009036,0.047619,0,0,0,0,0.074074,0.166667,0.006742,0,0.012931,0.012931,0,no
0,0.047619,0,0,0.007937,0,0,0,0,0,0,0,0,no
0,0.047619,0,0,0,0,0,0,0,0,0,0,0,no
0,0.047619,0,0,0,0,0,0,0,0,0,0,0,no
0,0.095238,0,0,0,0,0,0,0,0,0,0,0,no
0,0.047619,0,0,0,0,0,0,0,0,0,0,0,no
0,0,0,0,0,0,0,0,0,0,0,0,0,no
0,0,0,0,0,0,0,0,0,0,0,0,0,no
0,0.047619,0,0,0,0,0,0,0,0,0,0,0,no
0,0.047619,0,0,0,0,0,0,0,0,0,0,0,no
0,0.047619,0,0,0,0,0,0,0,0,0,0,0,no
0,0,0,0,0,0,0,0,0,0,0,0,0,no
0,0.047619,0,0,0,0,0,0,0,0,0,0,0,no
0,0.095238,0,0,0,0,0,0,0,0,0,0,0,no
0,0.095238,0,0,0,0,0,0,0,0,0,0,0,no
0,0,0,0,0,0,0,0,0,0,0,0,0,no
0,0.142857,0,0,0,0,0,0,0,0,0,0,0,no
0,0.190476,0,0,0,0,0,0,0,0,0,0,0,no
0,0.095238,0,0,0,0,0,0,0,0,0,0,0,no
0,0,0,0,0.007937,0,0,0,0,0,0,0,0,no
0,0,0,0,0.007937,0,0,0,0,0,0,0,0,no
0,0.142857,0,0,0.007937,0,0,0,0,0,0,0,0,no
0.012048,0.095238,0,0,0,0,0,0,0,0,0,0,0,no
0.009036,0,0,0,0,0,0,0,0,0,0,0,0,no
0.009036,0,0,0,0,0,0,0,0,0,0,0,0,no
0.01506,0.142857,0,0,0,0,0,0,0,0,0,0,0,no
0.009036,0.095238,0,0,0.007937,0,0,0,0,0,0,0,0,no
0.009036,0.095238,0,0,0,0,0,0,0,0,0,0,0,no
0.009036,0.142857,0,0,0,0,0,0,0,0,0,0,0,no
0.009036,0.142857,0,0,0,0,0.018519,0.041667,0.000562,0.000592,0.008621,0.008621,0,no
0.009036,0.190476,0,0,0,0,0.018519,0.041667,0.000562,0.000592,0.008621,0.008621,0,no
0.009036,0.238095,0,0,0,0,0.018519,0.041667,0.000562,0.000592,0.008621,0.008621,0,no
0.009036,0.142857,0,0,0,0,0.018519,0.041667,0.000562,0.000592,0.008621,0.008621,0,no
0.060241,0.190476,0,0,0,0.064516,0.018519,0.041667,0.000562,0.000592,0.008621,0.008621,0,no
0.012048,0.095238,0,0,0.007937,0,0.111111,0.208333,0.001685,0.00355,0.008621,0.006466,0,no
0.009036,0.142857,0,0,0,0,0,0,0,0,0,0,0,no
0.021084,0.190476,0,0,0,0.064516,0,0,0,0,0,0,0,no
0.009036,0.142857,0,0,0,0,0,0,0,0,0,0,0,no
0,0.142857,0,0,0.007937,0,0,0,0,0,0,0,0,no
0,0.190476,0,0,0.007937,0,0,0,0,0,0,0,0,no
0,0.142857,0,0,0.007937,0,0,0,0,0,0,0,0,no
0.009036,0,0,0,0,0,0,0,0,0,0,0,0,no
0.009036,0.095238,0,0,0,0,0,0,0,0,0,0,0,no
0.027108,0.142857,0,0,0,0,0,0,0,0,0,0,0,no
0.027108,0.190476,0,0,0,0,0,0,0,0,0,0,0,no
0.012048,0,0,0,0,0,0,0,0,0,0,0,0,no
0.012048,0,0,0,0,0,0,0,0,0,0,0,0,no
0.01506,0.142857,0,0,0,0,0,0,0,0,0,0,0,no
0.009036,0.047619,0,0,0,0,0,0,0,0,0,0,0,no
0.009036,0,0,0,0,0,0,0,0,0,0,0,0,no
0.009036,0.047619,0,0,0,0,0,0,0,0,0,0,0,no
0.009036,0.047619,0,0,0,0,0,0,0,0,0,0,0,no
0.009036,0.095238,0,0,0,0,0,0,0,0,0,0,0,no
0.009036,0.142857,0,0,0.02381,0,0,0,0,0,0,0,0,no
0.009036,0.047619,0,0,0,0,0,0,0,0,0,0,0,no
0.009036,0,0,0,0,0,0,0,0,0,0,0,0,no
0.009036,0,0,0,0,0,0,0,0,0,0,0,0,no
0.009036,0.047619,0,0,0,0,0,0,0,0,0,0,0,no
0.009036,0.047619,0,0,0,0,0,0,0,0,0,0,0,no
0.009036,0,0,0,0,0,0,0,0,0,0,0,0,no
0.009036,0.095238,0,0,0,0,0,0,0,0,0,0,0,no
0.009036,0.142857,0,0,0,0,0,0,0,0,0,0,0,no
0.012048,0.190476,0,0,0.007937,0.016129,0,0,0,0,0,0,0,no
0.009036,0.142857,0,0,0,0,0,0,0,0,0,0,0,no
0.009036,0.047619,0,0,0,0,0,0,0,0,0,0,0,no
0.009036,0.047619,0,0,0,0,0,0,0,0,0,0,0,no
0.009036,0,0,0,0,0,0,0,0,0,0,0,0,no
0.009036,0.047619,0,0,0,0,0,0,0,0,0,0,0,no
0.009036,0,0,0,0,0,0,0,0,0,0,0,0,no
0.009036,0,0,0,0,0,0,0,0,0,0,0,0,no
0.009036,0,0,0,0,0,0,0,0,0,0,0,0,no
0.012048,0.238095,0,0,0,0.016129,0,0,0,0,0,0,0,no
0.009036,0.095238,0,0,0,0,0,0,0,0,0,0,0,no
0.009036,0,0,0,0,0,0,0,0,0,0,0,0,no
0.009036,0.047619,0,0,0,0,0,0,0,0,0,0,0,no
0.009036,0.095238,0,0,0,0,0,0,0,0,0,0,0,no
0.012048,0.142857,0,0,0.007937,0.016129,0,0,0,0,0,0,0,no
0.009036,0.047619,0,0,0,0,0,0,0,0,0,0,0,no
0.018072,0.190476,0,0,0,0,0,0,0,0,0,0,0,no
0.009036,0,0,0,0,0,0,0,0,0,0,0,0,no
0.009036,0,0,0,0,0,0,0,0,0,0,0,0,no
0.009036,0,0,0,0,0,0,0,0,0,0,0,0,no
0.009036,0,0,0,0,0,0,0,0,0,0,0,0,no
0.01506,0.142857,0,0,0,0,0,0,0,0,0,0,0,no
0.009036,0,0,0,0,0,0,0,0,0,0,0,0,no
0.009036,0,0,0,0,0,0,0,0,0,0,0,0,no
0.009036,0,0,0,0,0,0,0,0,0,0,0,0,no
0,0,0,0,0,0,0,0,0,0,0,0,0,no
0,0.142857,0,0,0,0,0,0,0,0,0,0,0,no
0,0.095238,0,0,0,0,0,0,0,0,0,0,0,no
0,0.095238,0,0,0,0,0,0,0,0,0,0,0,no
0,0.095238,0,0,0,0,0,0,0,0,0,0,0,no
0,0.095238,0,0,0,0,0,0,0,0,0,0,0,no
0,0,0,0,0,0,0,0,0,0,0,0,0,no
0,0.142857,0,0,0,0,0,0,0,0,0,0,0,no
0.021084,0.095238,0,0,0,0.032258,0,0,0,0,0,0,0,no
0,0.142857,0,0,0,0,0,0,0,0,0,0,0,no
0.009036,0,0,0,0,0,0,0,0,0,0,0,0,no
0,0.095238,0,0,0,0,0,0,0,0,0,0,0,no
0,0.142857,0,0,0,0,0,0,0,0,0,0,0,no
0.012048,0.047619,0,0,0,0,0,0,0,0,0,0,0,no
0.009036,0,0,0,0,0,0,0,0,0,0,0,0,no
0.009036,0,0,0,0,0,0,0,0,0,0,0,0,no
0.009036,0,0,0,0,0,0,0,0,0,0,0,0,no
0.009036,0,0,0,0,0,0,0,0,0,0,0,0,no
0.009036,0,0,0,0,0,0,0,0,0,0,0,0,no
0.009036,0.047619,0,0,0,0,0,0,0,0,0,0,0,no
0.009036,0.142857,0,0,0,0,0,0,0,0,0,0,0,no
0.012048,0.047619,0,0,0,0,0,0,0,0,0,0,0,no
0.009036,0.047619,0,0,0,0,0,0,0,0,0,0,0,no
0.009036,0.142857,0,0,0,0,0,0,0,0,0,0,0,no
0.009036,0.047619,0,0,0,0,0,0,0,0,0,0,0,no
0.01506,0.095238,0,0,0,0,0,0,0,0,0,0,0,no
0.009036,0,0,0,0,0,0,0,0,0,0,0,0,no
0.009036,0,0,0,0,0,0,0,0,0,0,0,0,no
0.021084,0.047619,0.031915,0,0.02381,0.016129,0,0,0,0,0,0,0,no
0.009036,0.095238,0,0,0,0,0,0,0,0,0,0,0,no
0.009036,0.190476,0,0,0,0,0,0,0,0,0,0,0,no
0.009036,0.142857,0,0,0.007937,0,0,0,0,0,0,0,0,no
0,0,0,0,0,0,0,0,0,0,0,0,0,no
0,0,0,0,0,0,0,0,0,0,0,0,0,no
0,0,0,0,0,0,0,0,0,0,0,0,0,no
0,0,0,0,0,0,0,0,0,0,0,0,0,no
0,0,0,0,0,0,0,0,0,0,0,0,0,no
0,0,0,0,0,0,0,0,0,0,0,0,0,no
0,0,0,0,0,0,0,0,0,0,0,0,0,no
0,0,0,0,0,0,0,0,0,0,0,0,0,no
0,0,0,0,0,0,0,0,0,0,0,0,0,no
0,0,0,0,0,0,0,0,0,0,0,0,0,no
0,0.047619,0,0,0,0,0,0,0,0,0,0,0,no
0,0.095238,0,0,0,0,0,0,0,0,0,0,0,no
0,0.047619,0,0,0,0,0,0,0,0,0,0,0,no
0,0.047619,0,0,0,0,0,0,0,0,0,0,0,no
0,0.047619,0,0,0,0,0,0,0,0,0,0,0,no
0,0.047619,0,0,0,0,0,0,0,0,0,0,0,no
0,0.047619,0,0,0,0,0,0,0,0,0,0,0,no
0,0,0,0,0,0,0,0,0,0,0,0,0,no
0,0.047619,0,0,0,0,0,0,0,0,0,0,0,no
0,0.095238,0,0,0,0,0,0,0,0,0,0,0,no
0,0.095238,0,0,0,0,0,0,0,0,0,0,0,no
0,0.047619,0,0,0,0,0,0,0,0,0,0,0,no
0,0.095238,0,0,0,0,0,0,0,0,0,0,0,no
0,0.047619,0,0,0,0,0,0,0,0,0,0,0,no
0,0,0,0,0,0,0,0,0,0,0,0,0,no
0,0,0,0,0,0,0,0,0,0,0,0,0,no
0,0.047619,0,0,0,0,0,0,0,0,0,0,0,no
0.009036,0,0,0,0,0,0,0,0,0,0,0,0,no
0.009036,0,0,0,0,0,0,0,0,0,0,0,0,no
0.009036,0.047619,0,0,0,0,0,0,0,0,0,0,0,no
0.009036,0,0.010638,0,0.007937,0,0,0,0,0,0,0,0,no
0.009036,0,0,0,0,0,0,0,0,0,0,0,0,no
0.009036,0,0,0,0,0,0,0,0,0,0,0,0,no
0.009036,0,0,0,0,0,0,0,0,0,0,0,0,no
0.009036,0.047619,0,0,0,0,0,0,0,0,0,0,0,no
0.012048,0.047619,0,0,0.007937,0,0,0,0,0,0,0,0,no
0.009036,0,0,0,0,0,0,0,0,0,0,0,0,no
0.009036,0,0,0,0,0,0,0,0,0,0,0,0,no
0.01506,0.142857,0,0,0,0,0,0,0,0,0,0,0,no
0.009036,0.047619,0,0,0,0,0,0,0,0,0,0,0,no
0.012048,0.142857,0,0,0,0,0,0,0,0,0,0,0,no
0.009036,0.095238,0,0,0,0,0,0,0,0,0,0,0,no
0.009036,0.142857,0,0,0,0,0,0,0,0,0,0,0,no
0.009036,0.142857,0,0,0,0,0,0,0,0,0,0,0,no
0.009036,0.047619,0,0,0,0,0,0,0,0,0,0,0,no
0.009036,0.047619,0,0,0,0,0,0,0,0,0,0,0,no
0.012048,0.047619,0,0,0,0,0,0,0,0,0,0,0,no
0.009036,0.047619,0,0,0,0,0,0,0,0,0,0,0,no
0.009036,0.047619,0,0,0,0,0,0,0,0,0,0,0,no
0.009036,0.047619,0,0,0,0,0,0,0,0,0,0,0,no
0.009036,0.047619,0,0,0,0,0,0,0,0,0,0,0,no
0.009036,0.047619,0,0,0,0,0,0,0,0,0,0,0,no
0.009036,0.047619,0,0,0,0,0,0,0,0,0,0,0,no
0.009036,0.095238,0,0,0,0,0,0,0,0,0,0,0,no
0.009036,0.095238,0,0,0,0,0,0,0,0,0,0,0,no
0.009036,0.047619,0,0,0,0,0,0,0,0,0,0,0,no
0.009036,0.095238,0,0,0,0,0,0,0,0,0,0,0,no
0.009036,0.095238,0,0,0,0,0,0,0,0,0,0,0,no
0.009036,0.095238,0,0,0,0,0,0,0,0,0,0,0,no
0.009036,0,0,0,0,0,0,0,0,0,0,0,0,no
0.009036,0,0,0,0,0,0,0,0,0,0,0,0,no
0.009036,0,0,0,0,0,0,0,0,0,0,0,0,no
0.009036,0,0,0,0,0,0,0,0,0,0,0,0,no
0.009036,0,0,0,0,0,0,0,0,0,0,0,0,no
0.009036,0.047619,0,0,0,0,0,0,0,0,0,0,0,no
0.01506,0.047619,0,0,0,0,0,0,0,0,0,0,0,no
0.01506,0.190476,0,0,0,0,0,0,0,0,0,0,0,no
0.009036,0,0,0,0,0,0,0,0,0,0,0,0,no
0.009036,0,0,0,0,0,0,0,0,0,0,0,0,no
0.009036,0,0,0,0,0,0,0,0,0,0,0,0,no
0.009036,0,0,0,0,0,0,0,0,0,0,0,0,no
0.009036,0,0,0,0.007937,0,0,0,0,0,0,0,0,no
0.009036,0.142857,0,0,0.007937,0,0,0,0,0,0,0,0,no
0,0.142857,0,0,0.007937,0,0,0,0,0,0,0,0,no
0,0.095238,0,0,0.007937,0,0,0,0,0,0,0,0,no
0.009036,0,0,0,0,0,0,0,0,0,0,0,0,no
0.009036,0.047619,0,0,0,0,0,0,0,0,0,0,0,no
0.009036,0,0,0,0,0,0,0,0,0,0,0,0,no
0,0.047619,0,0,0,0,0,0,0,0,0,0,0,no
0.009036,0.047619,0,0,0,0,0,0,0,0,0,0,0,no
0.009036,0.142857,0,0,0,0,0,0,0,0,0,0,0,no
0.009036,0.047619,0,0,0,0,0,0,0,0,0,0,0,no
0.009036,0.047619,0,0,0,0,0,0,0,0,0,0,0,no
0.009036,0.047619,0,0,0,0,0,0,0,0,0,0,0,no
0.009036,0.047619,0,0,0,0,0,0,0,0,0,0,0,no
0.009036,0.047619,0,0,0,0,0,0,0,0,0,0,0,no
0.009036,0.095238,0,0,0,0,0,0,0,0,0,0,0,no
0.009036,0.047619,0,0,0,0,0,0,0,0,0,0,0,no
0.009036,0.190476,0,0,0.007937,0,0,0,0,0,0,0,0,no
0.009036,0.142857,0,0,0.007937,0,0,0,0,0,0,0,0,no
0.009036,0.047619,0,0,0,0,0,0,0,0,0,0,0,no
0.009036,0.047619,0,0,0,0,0,0,0,0,0,0,0,no
0.009036,0.190476,0,0,0,0,0,0,0,0,0,0,0,no
0.009036,0,0,0,0,0,0,0,0,0,0,0,0,no
0.009036,0.047619,0,0,0,0,0,0,0,0,0,0,0,no
0.009036,0.047619,0,0,0,0,0,0,0,0,0,0,0,no
0.018072,0.047619,0,0,0,0.032258,0,0,0,0,0,0,0,no
0.009036,0.047619,0,0,0,0,0,0,0,0,0,0,0,no
0.009036,0.142857,0,0,0,0,0,0,0,0,0,0,0,no
0.009036,0.047619,0,0,0,0,0,0,0,0,0,0,0,no
0.01506,0.142857,0,0,0,0,0,0,0,0,0,0,0,no
0.009036,0,0,0,0,0,0,0,0,0,0,0,0,no
0.009036,0,0,0,0,0,0,0,0,0,0,0,0,no
0.009036,0,0,0,0,0,0,0,0,0,0,0,0,no
0,0.047619,0,0,0.015873,0,0,0,0,0,0,0,0,no
0,0,0,0,0,0,0,0,0,0,0,0,0,no
0,0.142857,0,0,0.007937,0,0,0,0,0,0,0,0,no
0,0.047619,0,0,0.007937,0,0,0,0,0,0,0,0,no
0,0.095238,0,0,0.007937,0,0,0,0,0,0,0,0,no
0,0.047619,0,0,0.007937,0,0,0,0,0,0,0,0,no
0,0.095238,0,0,0.007937,0,0,0,0,0,0,0,0,no
0,0.095238,0,0,0.007937,0,0,0,0,0,0,0,0,no
0,0.095238,0,0,0.007937,0,0,0,0,0,0,0,0,no
0,0.095238,0,0,0.007937,0,0,0,0,0,0,0,0,no
0,0.095238,0,0,0.007937,0,0,0,0,0,0,0,0,no
0,0.095238,0,0,0.007937,0,0,0,0,0,0,0,0,no
0,0.095238,0,0,0,0,0,0,0,0,0,0,0,no
0,0.095238,0,0,0.007937,0,0,0,0,0,0,0,0,no
0,0.047619,0,0,0,0,0,0,0,0,0,0,0,no
0,0.142857,0,0,0.007937,0,0,0,0,0,0,0,0,no
0,0.142857,0,0,0.007937,0,0,0,0,0,0,0,0,no
0,0.142857,0,0,0.007937,0,0,0,0,0,0,0,0,no
0,0.047619,0,0,0.007937,0,0,0,0,0,0,0,0,no
0,0.047619,0,0,0,0,0,0,0,0,0,0,0,no
0,0.095238,0,0,0.007937,0,0,0,0,0,0,0,0,no
0,0,0,0,0.007937,0,0,0,0,0,0,0,0,no
0,0,0,0,0.007937,0,0,0,0,0,0,0,0,no
0,0.095238,0,0,0.007937,0,0,0,0,0,0,0,0,no
0.009036,0,0,0,0,0,0,0,0,0,0,0,0,no
0,0.095238,0,0,0.007937,0,0,0,0,0,0,0,0,no
0,0.095238,0,0,0.007937,0,0,0,0,0,0,0,0,no
0,0.095238,0,0,0.007937,0,0,0,0,0,0,0,0,no
0,0.047619,0,0,0.007937,0,0,0,0,0,0,0,0,no
0,0,0,0,0.007937,0,0,0,0,0,0,0,0,no
0,0.047619,0,0,0.007937,0,0,0,0,0,0,0,0,no
0,0.047619,0,0,0.007937,0,0,0,0,0,0,0,0,no
0,0.095238,0,0,0.007937,0,0,0,0,0,0,0,0,no
0,0.095238,0,0,0.007937,0,0,0,0,0,0,0,0,no
0,0,0,0,0.007937,0,0,0,0,0,0,0,0,no
0,0,0,0,0.007937,0,0,0,0,0,0,0,0,no
0,0.095238,0,0,0.007937,0,0,0,0,0,0,0,0,no
0,0.095238,0,0,0.007937,0,0,0,0,0,0,0,0,no
0,0.047619,0,0,0.007937,0,0,0,0,0,0,0,0,no
0,0.142857,0,0,0.007937,0,0,0,0,0,0,0,0,no
0,0.095238,0,0,0.007937,0,0,0,0,0,0,0,0,no
0,0,0,0,0.007937,0,0,0,0,0,0,0,0,no
0,0.095238,0,0,0.007937,0,0,0,0,0,0,0,0,no
0,0,0,0,0.007937,0,0,0,0,0,0,0,0,no
0,0.047619,0,0,0.007937,0,0,0,0,0,0,0,0,no
0,0.047619,0,0,0.007937,0,0,0,0,0,0,0,0,no
0,0.047619,0,0,0.007937,0,0,0,0,0,0,0,0,no
0,0.047619,0,0,0.007937,0,0,0,0,0,0,0,0,no
0,0.047619,0,0,0.007937,0,0,0,0,0,0,0,0,no
0,0.142857,0,0,0.007937,0,0,0,0,0,0,0,0,no
0,0.142857,0,0,0.007937,0,0,0,0,0,0,0,0,no
0,0.238095,0,0,0.007937,0,0,0,0,0,0,0,0,no
0,0.095238,0,0,0.007937,0,0,0,0,0,0,0,0,no
0,0.142857,0,0,0.007937,0,0,0,0,0,0,0,0,no
0,0.095238,0,0,0.007937,0,0,0,0,0,0,0,0,no
0,0.095238,0,0,0.007937,0,0,0,0,0,0,0,0,no
0,0.047619,0,0,0.007937,0,0,0,0,0,0,0,0,no
0,0.142857,0,0,0.007937,0,0,0,0,0,0,0,0,no
0,0.047619,0,0,0.007937,0,0,0,0,0,0,0,0,no
0,0.095238,0,0,0.007937,0,0,0,0,0,0,0,0,no
0,0.095238,0,0,0.007937,0,0,0,0,0,0,0,0,no
0,0.047619,0,0,0.007937,0,0,0,0,0,0,0,0,no
0,0.047619,0,0,0.007937,0,0,0,0,0,0,0,0,no
0,0.047619,0,0,0.007937,0,0,0,0,0,0,0,0,no
0,0.047619,0,0,0.007937,0,0,0,0,0,0,0,0,no
0,0.095238,0,0,0.007937,0,0,0,0,0,0,0,0,no
0,0.095238,0,0,0.007937,0,0,0,0,0,0,0,0,no
0,0.095238,0,0,0.007937,0,0,0,0,0,0,0,0,no
0,0.190476,0,0,0.007937,0,0,0,0,0,0,0,0,no
0,0.190476,0,0,0.007937,0,0,0,0,0,0,0,0,no
0.012048,0.095238,0,0,0,0,0,0,0,0,0,0,0,no
0.009036,0.047619,0,0,0,0,0,0,0,0,0,0,0,no
0.012048,0,0,0,0,0,0,0,0,0,0,0,0,no
0.009036,0.142857,0,0,0,0,0,0,0,0,0,0,0,no
0.009036,0.047619,0,0,0,0,0,0,0,0,0,0,0,no
0.009036,0.095238,0,0,0,0,0,0,0,0,0,0,0,no
0.009036,0.095238,0,0,0,0,0,0,0,0,0,0,0,no
0.009036,0.095238,0,0,0,0,0,0,0,0,0,0,0,no
0.009036,0.095238,0,0,0,0,0,0,0,0,0,0,0,no
0.009036,0.095238,0,0,0,0,0,0,0,0,0,0,0,no
0.009036,0.095238,0,0,0,0,0,0,0,0,0,0,0,no
0.009036,0.095238,0,0,0,0,0,0,0,0,0,0,0,no
0.009036,0.047619,0,0,0,0,0,0,0,0,0,0,0,no
0.009036,0.142857,0,0,0,0,0,0,0,0,0,0,0,no
0.009036,0.142857,0,0,0,0,0,0,0,0,0,0,0,no
0.009036,0.047619,0,0,0,0,0,0,0,0,0,0,0,no
0.009036,0.047619,0,0,0,0,0,0,0,0,0,0,0,no
0,0.190476,0,0,0.007937,0,0,0,0,0,0,0,0,no
0.012048,0.095238,0,0,0,0.016129,0,0,0,0,0,0,0,no
0.009036,0,0,0,0,0,0,0,0,0,0,0,0,no
0.009036,0,0,0,0,0,0,0,0,0,0,0,0,no
0.009036,0,0,0,0,0,0,0,0,0,0,0,0,no
0.01506,0.047619,0,0,0,0.016129,0,0,0,0,0,0,0,no
0.021084,0.095238,0,0,0,0.064516,0,0,0,0,0,0,0,no
0.009036,0,0,0,0,0,0,0,0,0,0,0,0,no
0.012048,0.142857,0,0,0,0.016129,0,0,0,0,0,0,0,no
0.009036,0,0,0,0,0,0,0,0,0,0,0,0,no
0.012048,0.047619,0,0,0,0,0,0,0,0,0,0,0,no
0.009036,0.047619,0,0,0,0,0,0,0,0,0,0,0,no
0.021084,0.047619,0,0,0,0,0,0,0,0,0,0,0,no
0.009036,0.047619,0,0,0,0,0,0,0,0,0,0,0,no
0.012048,0.142857,0,0,0,0.016129,0,0,0,0,0,0,0,no
0.009036,0.095238,0,0,0,0,0,0,0,0,0,0,0,no
0.01506,0.142857,0,0,0,0.032258,0,0,0,0,0,0,0,no
0.009036,0.095238,0,0,0,0,0,0,0,0,0,0,0,no
0.021084,0.095238,0,0,0,0.064516,0,0,0,0,0,0,0,no
0.009036,0.047619,0,0,0,0,0,0,0,0,0,0,0,no
0.021084,0.142857,0,0,0,0.016129,0,0,0,0,0,0,0,no
0.009036,0.047619,0,0,0,0,0,0,0,0,0,0,0,no
0.012048,0.095238,0,0,0,0.016129,0,0,0,0,0,0,0,no
0.012048,0.047619,0,0,0,0.016129,0,0,0,0,0,0,0,no
0.009036,0.095238,0,0,0,0,0,0,0,0,0,0,0,no
0.009036,0.095238,0,0,0,0,0,0,0,0,0,0,0,no
0.012048,0.095238,0,0,0,0,0,0,0,0,0,0,0,no
0.009036,0,0,0,0,0,0,0,0,0,0,0,0,no
0.009036,0,0,0,0,0,0,0,0,0,0,0,0,no
0.024096,0.047619,0,0,0,0,0.037037,0.083333,0.001124,0.001183,0.008621,0.008621,0,no
0.009036,0.142857,0,0,0,0,0.037037,0.083333,0.001124,0.001183,0.008621,0.008621,0,no
0.009036,0.047619,0,0,0,0,0.037037,0.083333,0.001124,0.001183,0.008621,0.008621,0,no
0.009036,0.095238,0,0,0,0,0.037037,0.083333,0.001124,0.001183,0.008621,0.008621,0,no
0.009036,0.047619,0,0,0,0,0,0,0,0,0,0,0,no
0.009036,0.095238,0,0,0,0,0.037037,0.083333,0.001124,0.001183,0.008621,0.008621,0,no
0.01506,0.095238,0,0,0,0.016129,0.037037,0.083333,0.001124,0.001183,0.008621,0.008621,0,no
0.009036,0.095238,0,0,0,0,0.037037,0.083333,0.001124,0.001183,0.008621,0.008621,0,no
0.012048,0.095238,0,0,0.007937,0.016129,0.037037,0.083333,0.001124,0.001183,0.008621,0.008621,0,no
0.009036,0.095238,0,0,0,0,0.037037,0.083333,0.001124,0.001183,0.008621,0.008621,0,no
0.009036,0.095238,0,0,0,0,0,0,0,0,0,0,0,no
0.009036,0,0,0,0,0,0.037037,0.083333,0.001124,0.001183,0.008621,0.008621,0,no
0.009036,0.047619,0,0,0,0,0.037037,0.083333,0.001124,0.001183,0.008621,0.008621,0,no
0.009036,0.095238,0,0,0,0,0.037037,0.083333,0.001124,0.001183,0.008621,0.008621,0,no
0.009036,0.095238,0,0,0,0,0.037037,0.083333,0.001124,0.001183,0.008621,0.008621,0,no
0.01506,0.047619,0,0,0,0.016129,0,0,0,0,0,0,0,no
0.009036,0.142857,0,0,0,0,0,0,0,0,0,0,0,no
0.009036,0.047619,0,0,0,0,0.037037,0.083333,0.001124,0.001183,0.008621,0.008621,0,no
0.009036,0.047619,0,0,0,0,0,0,0,0,0,0,0,no
0.009036,0.095238,0,0,0,0,0,0,0,0,0,0,0,no
0.006024,0,0,0,0,0,0,0,0,0,0,0,0,no
0.009036,0.047619,0,0,0,0,0,0,0,0,0,0,0,no
0.009036,0.047619,0,0,0,0,0,0,0,0,0,0,0,no
0.021084,0.095238,0,0,0,0,0,0,0,0,0,0,0,no
0.021084,0.142857,0,0,0,0,0,0,0,0,0,0,0,no
0.009036,0.047619,0,0,0,0,0,0,0,0,0,0,0,no
0.009036,0.047619,0,0,0,0,0,0,0,0,0,0,0,no
0.009036,0,0.010638,0,0.015873,0,0,0,0,0,0,0,0,no
0.009036,0,0,0,0,0,0,0,0,0,0,0,0,no
0.009036,0,0,0,0,0,0,0,0,0,0,0,0,no
0.009036,0,0,0,0,0,0,0,0,0,0,0,0,no
0.009036,0,0,0,0,0,0,0,0,0,0,0,0,no
0.009036,0,0.010638,0,0.015873,0,0,0,0,0,0,0,0,no
0.009036,0,0,0,0,0,0,0,0,0,0,0,0,no
0.024096,0,0.031915,0,0,0.032258,0,0,0,0,0,0,0,no
0.009036,0,0,0,0,0,0,0,0,0,0,0,0,no
0.009036,0.047619,0.010638,0,0,0,0,0,0,0,0,0,0,no
0.009036,0,0,0,0,0,0,0,0,0,0,0,0,no
0,0.047619,0,0,0.007937,0,0,0,0,0,0,0,0,no
0,0.047619,0,0,0.007937,0,0,0,0,0,0,0,0,no
0,0,0,0,0.007937,0,0,0,0,0,0,0,0,no
0,0,0,0,0.007937,0,0,0,0,0,0,0,0,no
0,0,0,0,0.007937,0,0,0,0,0,0,0,0,no
0,0,0,0,0.007937,0,0,0,0,0,0,0,0,no
0,0,0,0,0.007937,0,0,0,0,0,0,0,0,no
0,0.047619,0,0,0.007937,0,0,0,0,0,0,0,0,no
0,0.142857,0,0,0.007937,0,0,0,0,0,0,0,0,no
0,0.047619,0,0,0.007937,0,0,0,0,0,0,0,0,no
0,0.047619,0,0,0.007937,0,0,0,0,0,0,0,0,no
0,0.047619,0,0,0.007937,0,0,0,0,0,0,0,0,no
0,0.047619,0,0,0.007937,0,0,0,0,0,0,0,0,no
0,0,0,0,0.007937,0,0,0,0,0,0,0,0,no
0,0.047619,0,0,0.007937,0,0,0,0,0,0,0,0,no
0,0.047619,0,0,0.007937,0,0,0,0,0,0,0,0,no
0,0,0,0,0.007937,0,0,0,0,0,0,0,0,no
0,0.047619,0,0,0.007937,0,0,0,0,0,0,0,0,no
0,0.047619,0,0,0.007937,0,0,0,0,0,0,0,0,no
0,0.047619,0,0,0.007937,0,0,0,0,0,0,0,0,no
0,0.047619,0,0,0.007937,0,0,0,0,0,0,0,0,no
0.009036,0,0,0,0,0,0,0,0,0,0,0,0,no
0.009036,0.095238,0,0,0,0,0,0,0,0,0,0,0,no
0.009036,0.047619,0,0,0,0,0,0,0,0,0,0,0,no
0.009036,0.095238,0,0,0,0,0,0,0,0,0,0,0,no
0.01506,0.047619,0,0,0,0.016129,0,0,0,0,0,0,0,no
0.012048,0.095238,0,0,0,0,0,0,0,0,0,0,0,no
0.021084,0,0,0,0,0.032258,0,0,0,0,0,0,0,no
0.01506,0,0,0,0,0.016129,0,0,0,0,0,0,0,no
0.021084,0.142857,0,0,0,0,0,0,0,0,0,0,0,no
0.009036,0,0,0,0,0,0,0,0,0,0,0,0,no
0.009036,0,0,0,0,0,0,0,0,0,0,0,0,no
0.009036,0,0,0,0,0,0,0,0,0,0,0,0,no
0.009036,0,0,0,0,0,0,0,0,0,0,0,0,no
0.009036,0,0,0,0,0,0,0,0,0,0,0,0,no
0.024096,0,0.031915,0,0,0.032258,0,0,0,0,0,0,0,no
0.009036,0,0,0,0,0,0,0,0,0,0,0,0,no
0.018072,0.190476,0,0,0,0,0,0,0,0,0,0,0,no
0.009036,0,0,0,0,0,0,0,0,0,0,0,0,no
0.009036,0,0,0,0,0,0,0,0,0,0,0,0,no
0.009036,0,0,0,0,0,0,0,0,0,0,0,0,no
0.021084,0,0.010638,0,0,0.032258,0.037037,0.083333,0.007865,0,0.030172,0.030172,1,no
0.009036,0,0,0,0,0,0,0,0,0,0,0,0,no
0.009036,0.047619,0,0,0,0,0,0,0,0,0,0,0,no
0.009036,0.047619,0,0,0,0,0,0,0,0,0,0,0,no
0.009036,0.047619,0,0,0,0,0,0,0,0,0,0,0,no
0.009036,0.047619,0,0,0,0,0,0,0,0,0,0,0,no
0.012048,0,0.010638,0,0.007937,0.016129,0,0,0,0,0,0,0,no
0.01506,0.190476,0,0,0,0.016129,0,0,0,0,0,0,0,no
0.01506,0.047619,0,0,0,0.016129,0,0,0,0,0,0,0,no
0.009036,0.047619,0,0,0,0,0,0,0,0,0,0,0,no
0.009036,0,0,0,0,0,0,0,0,0,0,0,0,no
0.009036,0,0,0,0,0,0,0,0,0,0,0,0,no
0.009036,0,0,0,0,0,0,0,0,0,0,0,0,no
0.009036,0,0,0,0,0,0,0,0,0,0,0,0,no
0.009036,0,0,0,0,0,0,0,0,0,0,0,0,no
0.009036,0,0,0,0,0,0,0,0,0,0,0,0,no
0.009036,0,0,0,0,0,0,0,0,0,0,0,0,no
0.009036,0,0,0,0,0,0,0,0,0,0,0,0,no
0.009036,0,0,0,0,0,0,0,0,0,0,0,0,no
0.009036,0,0,0,0,0,0,0,0,0,0,0,0,no
0.009036,0,0,0,0,0,0,0,0,0,0,0,0,no
0.009036,0,0,0,0,0,0,0,0,0,0,0,0,no
0.009036,0,0,0,0,0,0,0,0,0,0,0,0,no
0.009036,0,0,0,0,0,0,0,0,0,0,0,0,no
0.009036,0,0,0,0,0,0,0,0,0,0,0,0,no
0.009036,0,0,0,0,0,0,0,0,0,0,0,0,no
0.01506,0.095238,0,0,0,0.016129,0,0,0,0,0,0,0,no
0.009036,0,0,0,0,0,0,0,0,0,0,0,0,no
0.009036,0.047619,0,0,0,0,0,0,0,0,0,0,0,no
0.009036,0.095238,0,0,0,0,0,0,0,0,0,0,0,no
0.009036,0.095238,0,0,0,0,0,0,0,0,0,0,0,no
0.009036,0.095238,0,0,0,0,0,0,0,0,0,0,0,no
0.009036,0.095238,0,0,0,0,0,0,0,0,0,0,0,no
0.009036,0.095238,0,0,0,0,0,0,0,0,0,0,0,no
0,0,0,0,0.007937,0,0,0,0,0,0,0,0,no
0.009036,0.047619,0,0,0,0,0,0,0,0,0,0,0,no
0.009036,0,0,0,0,0,0,0,0,0,0,0,0,no
0.009036,0,0,0,0,0,0,0,0,0,0,0,0,no
0.009036,0,0,0,0,0,0,0,0,0,0,0,0,no
0.009036,0,0,0,0,0,0,0,0,0,0,0,0,no
0.009036,0,0,0,0,0,0,0,0,0,0,0,0,no
0.009036,0,0,0,0,0,0,0,0,0,0,0,0,no
0.009036,0,0,0,0,0,0,0,0,0,0,0,0,no
0.009036,0.047619,0,0,0,0,0,0,0,0,0,0,0,no
0.009036,0.047619,0,0,0,0,0,0,0,0,0,0,0,no
0.009036,0.047619,0,0,0,0,0,0,0,0,0,0,0,no
0.009036,0.047619,0,0,0,0,0,0,0,0,0,0,0,no
0.009036,0.047619,0,0,0,0,0,0,0,0,0,0,0,no
0.01506,0.047619,0,0,0,0,0,0,0,0,0,0,0,no
0.024096,0,0,0,0,0.032258,0,0,0,0,0,0,0,no
0.009036,0.047619,0,0,0,0,0,0,0,0,0,0,0,no
0.021084,0,0,0,0,0.032258,0,0,0,0,0,0,0,no
0.009036,0,0,0,0,0,0,0,0,0,0,0,0,no
0.009036,0,0,0,0,0,0,0,0,0,0,0,0,no
0.009036,0.047619,0,0,0,0,0,0,0,0,0,0,0,no
0.012048,0,0,0,0,0.016129,0,0,0,0,0,0,0,no
0.012048,0,0,0,0,0.016129,0,0,0,0,0,0,0,no
0.012048,0,0,0,0,0.016129,0,0,0,0,0,0,0,no
0.012048,0,0,0,0,0.016129,0,0,0,0,0,0,0,no
0.009036,0,0,0,0,0,0,0,0,0,0,0,0,no
0.012048,0,0,0,0,0.016129,0,0,0,0,0,0,0,no
0.012048,0,0,0,0,0.016129,0,0,0,0,0,0,0,no
0.012048,0,0,0,0,0.016129,0,0,0,0,0,0,0,no
0.012048,0,0,0,0,0.016129,0,0,0,0,0,0,0,no
0.012048,0,0,0,0,0.016129,0,0,0,0,0,0,0,no
0.012048,0,0,0,0,0.016129,0,0,0,0,0,0,0,no
0.012048,0,0,0,0,0.016129,0,0,0,0,0,0,0,no
0.012048,0,0,0,0,0.016129,0,0,0,0,0,0,0,no
0.009036,0.047619,0.010638,0,0,0,0,0,0,0,0,0,0,no
0.009036,0.047619,0,0,0,0,0,0,0,0,0,0,0,no
0.009036,0.047619,0.010638,0,0,0,0,0,0,0,0,0,0,no
0.009036,0.047619,0.010638,0,0,0,0,0,0,0,0,0,0,no
0.009036,0.047619,0.010638,0,0,0,0,0,0,0,0,0,0,no
0.009036,0.047619,0.010638,0,0,0,0,0,0,0,0,0,0,no
0.009036,0.047619,0.010638,0,0,0,0,0,0,0,0,0,0,no
0.009036,0.047619,0.010638,0,0,0,0,0,0,0,0,0,0,no
0.009036,0.047619,0,0,0,0,0,0,0,0,0,0,0,no
0.009036,0.047619,0.010638,0,0,0,0,0,0,0,0,0,0,no
0.009036,0.047619,0,0,0,0,0,0,0,0,0,0,0,no
0.009036,0.047619,0,0,0,0,0,0,0,0,0,0,0,no
0.012048,0,0,0,0,0.016129,0,0,0,0,0,0,0,no
0.009036,0,0,0,0,0,0,0,0,0,0,0,0,no
0.009036,0.142857,0,0,0,0,0,0,0,0,0,0,0,no
0.009036,0.142857,0,0,0,0,0,0,0,0,0,0,0,no
0.012048,0.190476,0,0,0,0.016129,0,0,0,0,0,0,0,no
0.01506,0.142857,0,0,0,0,0,0,0,0,0,0,0,no
0.024096,0,0.010638,0,0,0.032258,0,0,0,0,0,0,0,no
0.033133,0,0,0,0,0.016129,0,0,0,0,0,0,0,no
0.009036,0.047619,0,0,0,0,0,0,0,0,0,0,0,no
0.009036,0,0,0,0,0,0,0,0,0,0,0,0,no
0.009036,0,0,0,0,0,0,0,0,0,0,0,0,no
0.009036,0.047619,0,0,0.007937,0,0,0,0,0,0,0,0,no
0.009036,0.047619,0,0,0,0,0,0,0,0,0,0,0,no
0.009036,0,0,0,0,0,0,0,0,0,0,0,0,no
0.009036,0,0,0,0,0,0,0,0,0,0,0,0,no
0.009036,0,0,0,0,0,0,0,0,0,0,0,0,no
0.009036,0,0,0,0,0,0,0,0,0,0,0,0,no
0.009036,0,0,0,0,0,0,0,0,0,0,0,0,no
0.009036,0,0,0,0,0,0,0,0,0,0,0,0,no
0.01506,0,0,0,0.007937,0.032258,0,0,0,0,0,0,0,no
0.009036,0,0,0,0,0,0,0,0,0,0,0,0,no
0.009036,0,0,0,0,0,0,0,0,0,0,0,0,no
0.009036,0,0,0,0,0,0,0,0,0,0,0,0,no
0.009036,0,0,0,0,0,0,0,0,0,0,0,0,no
0.009036,0,0,0,0,0,0,0,0,0,0,0,0,no
0.018072,0,0,0,0,0.032258,0,0,0,0,0,0,0,no
0.012048,0,0,0,0,0.016129,0,0,0,0,0,0,0,no
0.009036,0.047619,0.010638,0,0,0,0,0,0,0,0,0,0,no
0.009036,0.047619,0,0,0,0,0,0,0,0,0,0,0,no
0.009036,0.047619,0,0,0,0,0,0,0,0,0,0,0,no
0.009036,0.047619,0.010638,0,0,0,0,0,0,0,0,0,0,no
0.009036,0.047619,0,0,0,0,0,0,0,0,0,0,0,no
0.087349,0.047619,0,0,0,0.016129,0,0,0,0,0,0,0,no
0.009036,0.047619,0,0,0,0,0,0,0,0,0,0,0,no
0.021084,0,0,0,0,0.048387,0,0,0,0,0,0,0,no
0.009036,0,0,0,0,0,0,0,0,0,0,0,0,no
0.018072,0.095238,0,0,0,0.016129,0,0,0,0,0,0,0,no
0.009036,0.047619,0,0,0,0,0,0,0,0,0,0,0,no
0.009036,0,0,0,0,0,0,0,0,0,0,0,0,no
0.009036,0,0,0,0,0,0,0,0,0,0,0,0,no
0.021084,0.095238,0,0,0,0.016129,0,0,0,0,0,0,0,no
0.009036,0.047619,0,0,0,0,0,0,0,0,0,0,0,no
0.006024,0,0,0,0.007937,0,0,0,0,0,0,0,0,no
0.009036,0.047619,0,0,0,0,0,0,0,0,0,0,0,no
0.01506,0.047619,0,0,0,0.016129,0,0,0,0,0,0,0,no
0.009036,0,0,0,0,0,0,0,0,0,0,0,0,no
0.009036,0,0,0,0,0,0,0,0,0,0,0,0,no
0.018072,0.142857,0,0,0,0,0,0,0,0,0,0,0,no
0.009036,0.047619,0,0,0,0,0,0,0,0,0,0,0,no
0.009036,0.047619,0,0,0,0,0,0,0,0,0,0,0,no
0,0.095238,0,0,0,0,0,0,0,0,0,0,0,no
0.009036,0.095238,0,0,0,0,0,0,0,0,0,0,0,no
0,0.142857,0,0,0,0,0,0,0,0,0,0,0,no
0,0.047619,0,0,0,0,0,0,0,0,0,0,0,no
0.009036,0.047619,0,0,0,0,0,0,0,0,0,0,0,no
0.009036,0.047619,0,0,0,0,0,0,0,0,0,0,0,no
0.009036,0.095238,0,0,0,0,0,0,0,0,0,0,0,no
0.009036,0.142857,0,0,0,0,0,0,0,0,0,0,0,no
0.009036,0.047619,0,0,0,0,0,0,0,0,0,0,0,no
0.009036,0.047619,0,0,0,0,0,0,0,0,0,0,0,no
0.009036,0.095238,0,0,0,0,0,0,0,0,0,0,0,no
0.01506,0.142857,0.010638,0,0,0.016129,0,0,0,0,0,0,0,no
0.009036,0,0,0,0,0,0,0,0,0,0,0,0,no
0.009036,0.095238,0,0,0,0,0,0,0,0,0,0,0,no
0.009036,0.142857,0,0,0,0,0,0,0,0,0,0,0,no
0.009036,0.095238,0,0,0,0,0,0,0,0,0,0,0,no
0.009036,0.142857,0,0,0,0,0,0,0,0,0,0,0,no
0.009036,0.047619,0,0,0,0,0,0,0,0,0,0,0,no
0.012048,0.047619,0,0,0,0,0,0,0,0,0,0,0,no
0.009036,0.047619,0,0,0,0,0,0,0,0,0,0,0,no
0.012048,0.047619,0,0,0,0,0.055556,0.125,0.006742,0,0.017241,0.017241,0,no
0.039157,0.047619,0,0,0,0,0,0,0,0,0,0,0,no
0.039157,0.095238,0,0,0,0,0,0,0,0,0,0,0,no
0.039157,0.095238,0,0,0,0,0,0,0,0,0,0,0,no
0.039157,0.142857,0,0,0,0,0,0,0,0,0,0,0,no
0.039157,0.047619,0,0,0,0,0,0,0,0,0,0,0,no
0.039157,0.095238,0,0,0,0,0,0,0,0,0,0,0,no
0.039157,0.095238,0,0,0,0,0,0,0,0,0,0,0,no
0.039157,0.142857,0,0,0,0,0,0,0,0,0,0,0,no
0.039157,0.047619,0,0,0,0,0,0,0,0,0,0,0,no
0.039157,0.095238,0,0,0,0,0,0,0,0,0,0,0,no
0.039157,0.095238,0,0,0,0,0,0,0,0,0,0,0,no
0.039157,0.047619,0,0,0,0,0,0,0,0,0,0,0,no
0.039157,0.095238,0,0,0,0,0,0,0,0,0,0,0,no
0.039157,0.047619,0,0,0,0,0,0,0,0,0,0,0,no
0.039157,0.095238,0,0,0,0,0,0,0,0,0,0,0,no
0.009036,0.095238,0,0,0,0,0,0,0,0,0,0,0,no
0.009036,0.142857,0,0,0,0,0,0,0,0,0,0,0,no
0.039157,0.047619,0,0,0,0,0,0,0,0,0,0,0,no
0.039157,0.095238,0,0,0,0,0,0,0,0,0,0,0,no
0.009036,0.047619,0,0,0,0,0,0,0,0,0,0,0,no
0.009036,0.047619,0,0,0,0,0,0,0,0,0,0,0,no
0.009036,0.047619,0,0,0,0,0,0,0,0,0,0,0,no
0.009036,0.047619,0,0,0,0,0,0,0,0,0,0,0,no
0.009036,0.047619,0,0,0,0,0,0,0,0,0,0,0,no
0.009036,0.047619,0,0,0,0,0,0,0,0,0,0,0,no
0.009036,0.047619,0,0,0,0,0,0,0,0,0,0,0,no
0.009036,0.047619,0,0,0,0,0,0,0,0,0,0,0,no
0.009036,0.047619,0,0,0,0,0,0,0,0,0,0,0,no
0.009036,0.047619,0,0,0,0,0,0,0,0,0,0,0,no
0.009036,0.047619,0,0,0,0,0,0,0,0,0,0,0,no
0.009036,0.047619,0,0,0,0,0,0,0,0,0,0,0,no
0.009036,0.047619,0,0,0,0,0,0,0,0,0,0,0,no
0.009036,0.047619,0,0,0,0,0,0,0,0,0,0,0,no
0.009036,0.047619,0,0,0,0,0,0,0,0,0,0,0,no
0.009036,0.047619,0,0,0,0,0,0,0,0,0,0,0,no
0.009036,0.047619,0,0,0,0,0,0,0,0,0,0,0,no
0.009036,0,0,0,0,0,0,0,0,0,0,0,0,no
0.009036,0,0,0,0,0,0,0,0,0,0,0,0,no
0.009036,0,0,0,0,0,0,0,0,0,0,0,0,no
0.009036,0,0,0,0,0,0,0,0,0,0,0,0,no
0.009036,0,0,0,0,0,0,0,0,0,0,0,0,no
0.009036,0,0,0,0,0,0,0,0,0,0,0,0,no
0.009036,0,0,0,0,0,0,0,0,0,0,0,0,no
0.009036,0,0,0,0,0,0,0,0,0,0,0,0,no
0.009036,0,0,0,0,0,0,0,0,0,0,0,0,no
0.009036,0,0,0,0,0,0,0,0,0,0,0,0,no
0.009036,0,0,0,0,0,0,0,0,0,0,0,0,no
0.009036,0,0,0,0,0,0,0,0,0,0,0,0,no
0.009036,0,0,0,0,0,0,0,0,0,0,0,0,no
0.009036,0,0,0,0,0,0,0,0,0,0,0,0,no
0.009036,0,0,0,0,0,0,0,0,0,0,0,0,no
0.009036,0,0,0,0,0,0,0,0,0,0,0,0,no
0.009036,0,0,0,0,0,0,0,0,0,0,0,0,no
0.012048,0.095238,0,0,0,0,0,0,0,0,0,0,0,no
0,0.047619,0,0,0,0,0,0,0,0,0,0,0,no
0,0,0,0,0,0,0,0,0,0,0,0,0,no
0.009036,0.047619,0,0,0,0,0,0,0,0,0,0,0,no
0.009036,0.190476,0,0,0,0,0,0,0,0,0,0,0,no
0.012048,0,0,0,0,0,0,0,0,0,0,0,0,no
0.012048,0.047619,0,0,0,0,0,0,0,0,0,0,0,no
0.009036,0,0,0,0,0,0,0,0,0,0,0,0,no
0.01506,0.095238,0,0,0,0.016129,0,0,0,0,0,0,0,no
0.009036,0.047619,0,0,0,0,0,0,0,0,0,0,0,no
0.01506,0.142857,0,0,0,0.016129,0,0,0,0,0,0,0,no
0.012048,0.190476,0,0,0,0,0,0,0,0,0,0,0,no
0.009036,0.047619,0,0,0,0,0,0,0,0,0,0,0,no
0.009036,0.047619,0,0,0,0,0,0,0,0,0,0,0,no
0,0.047619,0,0,0,0,0,0,0,0,0,0,0,no
0.009036,0.095238,0,0,0,0,0,0,0,0,0,0,0,no
0.009036,0,0,0,0,0,0,0,0,0,0,0,0,no
0.009036,0.095238,0,0,0,0,0,0,0,0,0,0,0,no
0.009036,0.047619,0,0,0,0,0,0,0,0,0,0,0,no
0.009036,0,0,0,0,0,0,0,0,0,0,0,0,no
0.009036,0,0,0,0,0,0,0,0,0,0,0,0,no
0.009036,0,0,0,0,0,0,0,0,0,0,0,0,no
0,0.047619,0,0,0,0,0,0,0,0,0,0,0,no
0.009036,0,0,0,0,0,0,0,0,0,0,0,0,no
0,0.047619,0,0,0,0,0,0,0,0,0,0,0,no
0,0,0,0,0,0,0,0,0,0,0,0,0,no
0,0.190476,0,0,0,0,0,0,0,0,0,0,0,no
0.009036,0,0,0,0,0,0,0,0,0,0,0,0,no
0.009036,0.047619,0,0,0,0,0,0,0,0,0,0,0,yes
0.012048,0.142857,0,0,0,0,0,0,0,0,0,0,0,yes
0.009036,0.047619,0,0,0,0,0,0,0,0,0,0,0,no
0,0,0,0,0.007937,0,0,0,0,0,0,0,0,no
0.009036,0.095238,0,0,0.007937,0,0,0,0,0,0,0,0,no
0.006024,0.142857,0,0,0.007937,0,0,0,0,0,0,0,0,no
0.006024,0.047619,0,0,0.007937,0,0.037037,0.083333,0.002247,0,0.008621,0.008621,0,no
0.009036,0.095238,0,0,0,0,0,0,0,0,0,0,0,no
0.009036,0.142857,0,0,0,0,0,0,0,0,0,0,0,no
0.009036,0.047619,0,0,0,0,0,0,0,0,0,0,0,no
0.009036,0.095238,0,0,0,0,0,0,0,0,0,0,0,no
0.009036,0.142857,0,0,0,0,0,0,0,0,0,0,0,no
0.006024,0.047619,0,0,0.007937,0,0.037037,0.083333,0.002247,0,0.008621,0.008621,0,no
0.012048,0.095238,0,0,0,0,0,0,0,0,0,0,0,no
0.012048,0.095238,0,0,0,0.016129,0,0,0,0,0,0,0,no
0.012048,0.142857,0,0,0,0,0,0,0,0,0,0,0,no
0.006024,0,0,0,0.015873,0,0,0,0,0,0,0,0,no
0.009036,0.142857,0,0,0,0,0,0,0,0,0,0,0,no
0.009036,0,0,0,0,0,0,0,0,0,0,0,0,no
0.012048,0.095238,0,0,0,0.016129,0,0,0,0,0,0,0,no
0.012048,0.142857,0,0,0,0,0,0,0,0,0,0,0,no
0,0,0,0,0.007937,0,0,0,0,0,0,0,0,no
0.03012,0.095238,0,0,0,0.048387,0,0,0,0,0,0,0,no
0.018072,0.047619,0,0,0,0.016129,0.092593,0.166667,0,0.005325,0.012931,0.007759,0,no
0.009036,0,0,0,0,0,0,0,0,0,0,0,0,no
0.009036,0.095238,0,0,0,0,0,0,0,0,0,0,0,no
0.012048,0.047619,0,0,0,0.016129,0.055556,0.083333,0.001685,0.001775,0.008621,0.008621,0,no
0.012048,0.047619,0,0,0,0.016129,0.055556,0.083333,0.001685,0.001775,0.008621,0.008621,0,no
0.009036,0,0,0,0,0,0,0,0,0,0,0,0,no
0.009036,0,0,0,0,0,0,0,0,0,0,0,0,no
0.009036,0.095238,0,0,0,0,0,0,0,0,0,0,0,no
0.012048,0.047619,0,0,0,0.016129,0,0,0,0,0,0,0,no
0.01506,0.047619,0,0,0,0.016129,0,0,0,0,0,0,0,no
0.009036,0.095238,0,0,0,0,0.018519,0.041667,0.000562,0.000592,0.008621,0.008621,0,no
0.009036,0.095238,0,0,0,0,0.018519,0.041667,0.000562,0.000592,0.008621,0.008621,0,no
0.051205,0.095238,0,0,0,0,0.055556,0.083333,0.000562,0.001775,0.008621,0.005747,0,no
0.009036,0,0,0,0,0,0,0,0,0,0,0,0,no
0.009036,0,0,0,0,0,0,0,0,0,0,0,0,no
0.009036,0,0,0,0,0,0,0,0,0,0,0,0,no
0.009036,0,0,0,0,0,0,0,0,0,0,0,0,no
0.009036,0.095238,0,0,0,0,0,0,0,0,0,0,0,no
0.009036,0,0,0,0,0,0,0,0,0,0,0,0,no
0.01506,0.047619,0,0,0,0.016129,0.055556,0.083333,0.001685,0.000592,0.008621,0.005747,0,no
0.048193,0.047619,0,0,0,0,0,0,0,0,0,0,0,no
0.009036,0,0,0,0,0,0,0,0,0,0,0,0,no
0.009036,0,0,0,0,0,0,0,0,0,0,0,0,no
0.009036,0,0,0,0,0,0,0,0,0,0,0,0,no
0.009036,0,0,0,0,0,0,0,0,0,0,0,0,no
0.009036,0,0,0,0,0,0,0,0,0,0,0,0,no
0.009036,0,0,0,0,0,0,0,0,0,0,0,0,no
0.009036,0,0,0,0,0,0,0,0,0,0,0,0,no
0.012048,0.190476,0,0,0,0.016129,0.018519,0.041667,0.000562,0.000592,0.008621,0.008621,0,no
0.036145,0.047619,0,0,0,0,0,0,0,0,0,0,0,no
0.009036,0,0,0,0,0,0,0,0,0,0,0,0,no
0.009036,0,0,0,0,0,0,0,0,0,0,0,0,no
0.009036,0,0,0,0,0,0,0,0,0,0,0,0,no
0.009036,0,0,0,0,0,0,0,0,0,0,0,0,no
0.009036,0,0,0,0,0,0,0,0,0,0,0,0,no
0.009036,0,0,0,0,0,0.074074,0.166667,0.006742,0,0.012931,0.012931,0,no
0.009036,0,0,0,0,0,0.074074,0.166667,0.006742,0,0.012931,0.012931,0,no
0.009036,0.047619,0,0,0,0,0.074074,0.166667,0.006742,0,0.012931,0.012931,0,no
0.01506,0,0,0,0,0,0.055556,0.083333,0.001685,0.001775,0.008621,0.008621,0,no
0.009036,0.047619,0,0,0,0,0.055556,0.083333,0.003933,0.000592,0.012931,0.011494,0,no
0.009036,0.047619,0,0,0,0,0.055556,0.083333,0.003933,0.000592,0.012931,0.011494,0,no
0.009036,0.047619,0,0,0,0,0.055556,0.083333,0.003933,0.000592,0.012931,0.011494,0,no
0.009036,0.047619,0,0,0,0,0,0,0,0,0,0,0,no
0.009036,0.095238,0,0,0,0,0,0,0,0,0,0,0,no
0.009036,0.142857,0,0,0,0,0,0,0,0,0,0,0,no
0.009036,0.095238,0,0,0,0,0.037037,0.083333,0.001124,0.001183,0.008621,0.008621,0,no
0.009036,0.047619,0,0,0,0,0,0,0,0,0,0,0,no
0.009036,0.047619,0,0,0,0,0,0,0,0,0,0,0,no
0.009036,0.047619,0,0,0,0,0,0,0,0,0,0,0,no
0.009036,0.047619,0,0,0,0,0,0,0,0,0,0,0,no
0.012048,0.095238,0,0,0,0,0,0,0,0,0,0,0,no
0.012048,0.047619,0,0,0,0.016129,0,0,0,0,0,0,0,no
0.006024,0.095238,0,0,0,0,0,0,0,0,0,0,0,no
0.006024,0.095238,0,0,0,0,0.037037,0.083333,0.002247,0,0.008621,0.008621,0,no
0.006024,0.095238,0,0,0,0,0.037037,0.083333,0.002247,0,0.008621,0.008621,0,no
0.009036,0.047619,0,0,0,0,0,0,0,0,0,0,0,no
0.009036,0.047619,0,0,0,0,0,0,0,0,0,0,0,no
0.009036,0,0,0,0,0,0,0,0,0,0,0,0,no
0.009036,0.047619,0,0,0,0,0.055556,0.125,0.005056,0,0.012931,0.012931,0,no
0.012048,0.095238,0,0,0,0.016129,0.037037,0.083333,0.001124,0.001183,0.008621,0.008621,0,no
0.009036,0.095238,0,0,0,0,0.037037,0.083333,0.003371,0,0.012931,0.012931,0,no
0.009036,0.095238,0,0,0,0,0.037037,0.083333,0.003371,0,0.012931,0.012931,0,no
0.009036,0.095238,0,0,0,0,0,0,0,0,0,0,0,no
0.006024,0.047619,0,0,0,0,0,0,0,0,0,0,0,no
0.009036,0,0,0,0,0,0,0,0,0,0,0,0,no
0,0.047619,0,0,0.007937,0,0,0,0,0,0,0,0,no
0,0.095238,0,0,0,0,0.037037,0.083333,0,0,0,0,0,no
0,0.095238,0,0,0,0,0.037037,0.083333,0,0,0,0,0,no
0,0.047619,0,0,0,0,0.037037,0.083333,0,0,0,0,0,no
0,0.142857,0,0,0,0,0.037037,0.083333,0,0,0,0,0,no
0,0.095238,0,0,0,0,0.037037,0.083333,0,0,0,0,0,no
0,0.095238,0,0,0,0,0.037037,0.083333,0,0,0,0,0,no
0,0.047619,0,0,0,0,0.037037,0.083333,0,0,0,0,0,no
0,0.047619,0,0,0,0,0.037037,0.083333,0,0,0,0,0,no
0,0.047619,0,0,0,0,0.037037,0.083333,0,0,0,0,0,no
0,0.047619,0,0,0,0,0.037037,0.083333,0,0,0,0,0,no
0,0.095238,0,0,0,0,0.037037,0.083333,0,0,0,0,0,no
0,0.047619,0,0,0,0,0.037037,0.083333,0,0,0,0,0,no
0,0.095238,0,0,0,0,0.037037,0.083333,0,0,0,0,0,no
0,0.095238,0,0,0,0,0.037037,0.083333,0,0,0,0,0,no
0,0.095238,0,0,0,0,0.037037,0.083333,0,0,0,0,0,no
0,0.047619,0,0,0,0,0.037037,0.083333,0,0,0,0,0,no
0,0.047619,0,0,0,0,0.037037,0.083333,0,0,0,0,0,no
0,0,0,0,0,0,0.037037,0.083333,0,0,0,0,0,no
0.009036,0,0,0,0,0,0,0,0,0,0,0,0,no
0.01506,0.047619,0,0,0,0,0,0,0,0,0,0,0,no
0.027108,0.285714,0,0,0,0,0,0,0,0,0,0,0,no
0.01506,0,0,0,0,0.016129,0,0,0,0,0,0,0,no
0.012048,0,0,0,0,0.016129,0,0,0,0,0,0,0,no
0.01506,0,0,0,0,0.016129,0,0,0,0,0,0,0,no
0.009036,0,0,0,0,0,0,0,0,0,0,0,0,no
0.009036,0,0,0,0,0,0.037037,0.083333,0.001124,0.001183,0.008621,0.008621,0,no
0.039157,0.047619,0,0,0,0.096774,0.055556,0.125,0.001685,0.001775,0.008621,0.008621,0,no
0.042169,0.047619,0,0,0,0,0,0,0,0,0,0,0,no
0.01506,0,0,0,0,0.016129,0.037037,0.083333,0.005618,0,0.021552,0.021552,0,no
0.012048,0,0,0,0,0,0.037037,0.083333,0.004494,0,0.017241,0.017241,0,no
0.012048,0,0,0,0,0,0.037037,0.083333,0.004494,0,0.017241,0.017241,0,no
0.009036,0,0,0,0,0,0,0,0,0,0,0,0,no
0.01506,0,0,0,0,0,0,0,0,0,0,0,0,no
0.009036,0,0,0,0,0,0,0,0,0,0,0,0,no
0.009036,0,0,0,0,0,0,0,0,0,0,0,0,no
0.009036,0,0,0,0,0,0.037037,0.083333,0.003371,0,0.012931,0.012931,0,no
0.009036,0,0,0,0,0,0,0,0,0,0,0,0,no
0.009036,0,0,0,0,0,0,0,0,0,0,0,0,no
0.009036,0,0,0,0,0,0,0,0,0,0,0,0,no
0.009036,0,0,0,0,0,0,0,0,0,0,0,0,no
0.009036,0,0,0,0,0,0,0,0,0,0,0,0,no
0.009036,0,0,0,0,0,0,0,0,0,0,0,0,no
0.009036,0,0,0,0,0,0,0,0,0,0,0,0,no
0.009036,0,0,0,0,0,0,0,0,0,0,0,0,no
0.009036,0,0,0,0,0,0,0,0,0,0,0,0,no
0.009036,0,0,0,0,0,0,0,0,0,0,0,0,no
0.012048,0.047619,0,0,0,0.016129,0.037037,0.083333,0.004494,0,0.017241,0.017241,0,no
0.009036,0,0,0,0,0,0,0,0,0,0,0,0,no
0.009036,0,0,0,0,0,0,0,0,0,0,0,0,no
0.009036,0,0,0,0,0,0,0,0,0,0,0,0,no
0.009036,0,0,0,0,0,0,0,0,0,0,0,0,no
0.009036,0,0,0,0,0,0,0,0,0,0,0,0,no
0.009036,0,0,0,0,0,0,0,0,0,0,0,0,no
0.009036,0,0,0,0,0,0,0,0,0,0,0,0,no
0.009036,0,0,0,0,0,0,0,0,0,0,0,0,no
0.009036,0,0,0,0,0,0,0,0,0,0,0,0,no
0.009036,0,0,0,0,0,0,0,0,0,0,0,0,no
0.009036,0,0,0,0,0,0,0,0,0,0,0,0,no
0.009036,0,0,0,0,0,0,0,0,0,0,0,0,no
0.009036,0,0,0,0,0,0,0,0,0,0,0,0,no
0.009036,0,0,0,0,0,0,0,0,0,0,0,0,no
0.009036,0,0,0,0,0,0,0,0,0,0,0,0,no
0.009036,0,0,0,0,0,0,0,0,0,0,0,0,no
0.009036,0.047619,0,0,0,0,0,0,0,0,0,0,0,no
0.012048,0,0,0,0,0.016129,0.037037,0.083333,0.001124,0.001183,0.008621,0.008621,0,no
0.009036,0,0,0,0,0,0,0,0,0,0,0,0,no
0.018072,0.047619,0,0,0,0,0,0,0,0,0,0,0,no
0.009036,0,0,0,0,0,0,0,0,0,0,0,0,no
0.012048,0,0,0,0,0.016129,0,0,0,0,0,0,0,no
0.012048,0,0,0,0,0,0,0,0,0,0,0,0,no
0,0.047619,0,0,0,0,0,0,0,0,0,0,0,no
0.009036,0.047619,0,0,0,0,0.037037,0.083333,0.003371,0,0.012931,0.012931,0,no
0.009036,0.047619,0,0,0,0,0,0,0,0,0,0,0,no
0.009036,0,0,0,0,0,0,0,0,0,0,0,0,no
0.009036,0.047619,0,0,0,0,0,0,0,0,0,0,0,no
0.006024,0,0,0,0,0,0,0,0,0,0,0,0,no
0.009036,0.047619,0,0,0,0,0,0,0,0,0,0,0,no
0.009036,0.047619,0,0,0,0,0,0,0,0,0,0,0,no
0.009036,0.095238,0,0,0,0,0,0,0,0,0,0,0,no
0.009036,0.047619,0,0,0,0,0,0,0,0,0,0,0,no
0.018072,0.142857,0,0,0,0,0,0,0,0,0,0,0,no
0.009036,0,0,0,0,0,0,0,0,0,0,0,0,no
0.009036,0,0,0,0,0,0,0,0,0,0,0,0,no
0.009036,0,0,0,0,0,0,0,0,0,0,0,0,no
0.009036,0,0,0,0,0,0,0,0,0,0,0,0,no
0.012048,0.095238,0,0,0,0,0,0,0,0,0,0,0,no
0.006024,0.047619,0,0,0.007937,0,0,0,0,0,0,0,0,no
0.009036,0.047619,0,0,0,0,0,0,0,0,0,0,0,no
0.009036,0,0,0,0.007937,0,0,0,0,0,0,0,0,no
0.027108,0.047619,0,0,0,0,0,0,0,0,0,0,0,no
0.012048,0,0,0,0,0,0,0,0,0,0,0,0,no
0.01506,0.142857,0,0,0,0,0,0,0,0,0,0,0,no
0.021084,0,0,0,0,0.016129,0,0,0,0,0,0,0,no
0.012048,0.095238,0,0,0,0,0,0,0,0,0,0,0,no
0.009036,0.047619,0,0,0,0,0,0,0,0,0,0,0,no
0.009036,0.047619,0,0,0,0,0,0,0,0,0,0,0,no
0.009036,0.142857,0,0,0,0,0,0,0,0,0,0,0,no
0.009036,0.047619,0,0,0,0,0,0,0,0,0,0,0,no
0.009036,0.047619,0,0,0,0,0,0,0,0,0,0,0,no
0.012048,0,0,0,0,0,0,0,0,0,0,0,0,no
0.009036,0.047619,0,0,0,0,0,0,0,0,0,0,0,no
0.012048,0.047619,0,0,0,0.016129,0,0,0,0,0,0,0,no
0.009036,0,0,0,0,0,0,0,0,0,0,0,0,no
0,0,0,0,0.007937,0,0,0,0,0,0,0,0,no
0,0.047619,0,0,0.007937,0,0,0,0,0,0,0,0,no
0,0.047619,0,0,0.007937,0,0,0,0,0,0,0,0,no
0,0.095238,0,0,0.007937,0,0,0,0,0,0,0,0,no
0,0,0,0,0.007937,0,0,0,0,0,0,0,0,no
0,0.047619,0,0,0.007937,0,0,0,0,0,0,0,0,no
0,0.047619,0,0,0.007937,0,0,0,0,0,0,0,0,no
0,0.095238,0,0,0.007937,0,0,0,0,0,0,0,0,no
0,0,0,0,0.007937,0,0,0,0,0,0,0,0,no
0,0.047619,0,0,0.007937,0,0,0,0,0,0,0,0,no
0,0,0,0,0.007937,0,0,0,0,0,0,0,0,no
0,0.047619,0,0,0.007937,0,0,0,0,0,0,0,0,no
0,0,0,0,0.007937,0,0,0,0,0,0,0,0,no
0,0.047619,0,0,0.007937,0,0,0,0,0,0,0,0,no
0,0.047619,0,0,0.007937,0,0,0,0,0,0,0,0,no
0,0.095238,0,0,0.007937,0,0,0,0,0,0,0,0,no
0,0,0,0,0.007937,0,0,0,0,0,0,0,0,no
0,0.047619,0,0,0.007937,0,0,0,0,0,0,0,0,no
0.009036,0.047619,0,0,0,0,0,0,0,0,0,0,0,no
0.009036,0.047619,0,0,0,0,0,0,0,0,0,0,0,no
0.009036,0.095238,0,0,0,0,0,0,0,0,0,0,0,no
0.009036,0.047619,0,0,0,0,0,0,0,0,0,0,0,no
0.009036,0.095238,0,0,0,0,0,0,0,0,0,0,0,no
0.009036,0.047619,0,0,0,0,0,0,0,0,0,0,0,no
0.009036,0.047619,0,0,0,0,0,0,0,0,0,0,0,no
0.009036,0.047619,0,0,0,0,0,0,0,0,0,0,0,no
0.009036,0,0,0,0,0,0,0,0,0,0,0,0,no
0.012048,0.095238,0,0,0,0,0,0,0,0,0,0,0,no
0,0.095238,0,0,0.007937,0,0,0,0,0,0,0,0,no
0.009036,0.047619,0,0,0,0,0,0,0,0,0,0,0,no
0.012048,0.047619,0,0,0,0,0,0,0,0,0,0,0,no
0.009036,0.047619,0,0,0,0,0,0,0,0,0,0,0,no
0.012048,0.047619,0,0,0,0,0.055556,0.125,0.006742,0,0.017241,0.017241,0,no
0.027108,0,0,0,0,0,0,0,0,0,0,0,0,no
0.027108,0.047619,0,0,0,0,0,0,0,0,0,0,0,no
0.027108,0.047619,0,0,0,0,0,0,0,0,0,0,0,no
0.027108,0.095238,0,0,0,0,0,0,0,0,0,0,0,no
0.027108,0,0,0,0,0,0,0,0,0,0,0,0,no
0.027108,0.047619,0,0,0,0,0,0,0,0,0,0,0,no
0.027108,0.047619,0,0,0,0,0,0,0,0,0,0,0,no
0.027108,0.095238,0,0,0,0,0,0,0,0,0,0,0,no
0.027108,0,0,0,0,0,0,0,0,0,0,0,0,no
0.027108,0.047619,0,0,0,0,0,0,0,0,0,0,0,no
0.027108,0,0,0,0,0,0,0,0,0,0,0,0,no
0.027108,0.047619,0,0,0,0,0,0,0,0,0,0,0,no
0.027108,0,0,0,0,0,0,0,0,0,0,0,0,no
0.027108,0.047619,0,0,0,0,0,0,0,0,0,0,0,no
0.009036,0.047619,0,0,0,0,0,0,0,0,0,0,0,no
0.009036,0.095238,0,0,0,0,0,0,0,0,0,0,0,no
0.027108,0,0,0,0,0,0,0,0,0,0,0,0,no
0.027108,0.047619,0,0,0,0,0,0,0,0,0,0,0,no
0.009036,0.095238,0,0,0,0,0,0,0,0,0,0,0,no
0.009036,0.095238,0,0,0,0,0,0,0,0,0,0,0,no
0.009036,0.095238,0,0,0,0,0,0,0,0,0,0,0,no
0.009036,0.095238,0,0,0,0,0,0,0,0,0,0,0,no
0.009036,0.095238,0,0,0,0,0,0,0,0,0,0,0,no
0.009036,0.095238,0,0,0,0,0,0,0,0,0,0,0,no
0.009036,0.095238,0,0,0,0,0,0,0,0,0,0,0,no
0.009036,0.095238,0,0,0,0,0,0,0,0,0,0,0,no
0.009036,0.095238,0,0,0,0,0,0,0,0,0,0,0,no
0.009036,0.095238,0,0,0,0,0,0,0,0,0,0,0,no
0.009036,0.095238,0,0,0,0,0,0,0,0,0,0,0,no
0.009036,0.095238,0,0,0,0,0,0,0,0,0,0,0,no
0.009036,0.095238,0,0,0,0,0,0,0,0,0,0,0,no
0.009036,0.095238,0,0,0,0,0,0,0,0,0,0,0,no
0.009036,0.095238,0,0,0,0,0,0,0,0,0,0,0,no
0.009036,0.095238,0,0,0,0,0,0,0,0,0,0,0,no
0.01506,0.047619,0,0,0,0,0,0,0,0,0,0,0,no
0.024096,0.095238,0,0,0,0.048387,0,0,0,0,0,0,0,no
0.009036,0.095238,0,0,0,0,0,0,0,0,0,0,0,no
0.006024,0.047619,0,0,0.007937,0,0,0,0,0,0,0,0,no
0.01506,0.142857,0,0,0.007937,0,0.018519,0.041667,0.000562,0.000592,0.008621,0.008621,0,no
0.03012,0,0,0,0.015873,0.048387,0.037037,0.083333,0.001124,0.001183,0.008621,0.008621,0,yes
0.009036,0,0,0,0,0,0,0,0,0,0,0,0,no
0.009036,0,0,0,0,0,0,0,0,0,0,0,0,no
0.009036,0,0,0,0,0,0.074074,0.166667,0.006742,0,0.012931,0.012931,0,no
0.009036,0,0,0,0,0,0,0,0,0,0,0,0,no
0.009036,0,0,0,0,0,0,0,0,0,0,0,0,no
0.009036,0,0,0,0,0,0,0,0,0,0,0,0,no
0.009036,0,0,0,0,0,0,0,0,0,0,0,0,no
0.009036,0,0,0,0,0,0,0,0,0,0,0,0,no
0.009036,0,0,0,0,0,0,0,0,0,0,0,0,no
0.009036,0,0,0,0,0,0,0,0,0,0,0,0,no
0.009036,0,0,0,0,0,0,0,0,0,0,0,0,no
0.009036,0,0,0,0.007937,0,0,0,0,0,0,0,0,no
0.009036,0,0,0,0,0,0,0,0,0,0,0,0,no
0.009036,0,0,0,0,0,0,0,0,0,0,0,0,no
0.009036,0,0,0,0,0,0,0,0,0,0,0,0,no
0.009036,0,0,0,0,0,0.018519,0.041667,0.000562,0.000592,0.008621,0.008621,0,no
0.009036,0,0,0,0,0,0,0,0,0,0,0,0,no
0.009036,0,0,0,0,0,0,0,0,0,0,0,0,no
0.009036,0,0,0,0,0,0,0,0,0,0,0,0,no
0.009036,0,0,0,0,0,0,0,0,0,0,0,0,no
0.009036,0,0,0,0,0,0.037037,0.083333,0.001124,0.001183,0.008621,0.008621,0,no
0.009036,0,0,0,0,0,0,0,0,0,0,0,0,no
0.009036,0,0,0,0,0,0,0,0,0,0,0,0,no
0.009036,0,0,0,0,0,0,0,0,0,0,0,0,no
0.021084,0.095238,0,0,0,0.064516,0.092593,0.083333,0.002809,0.002959,0.008621,0.008621,0,no
0.051205,0,0,0,0.015873,0,0.055556,0.083333,0.001685,0.001775,0.008621,0.008621,0,no
0.009036,0.047619,0,0,0,0,0,0,0,0,0,0,0,no
0,0.095238,0,0,0,0,0,0,0,0,0,0,0,no
0.012048,0,0,0,0.007937,0,0,0,0,0,0,0,0,no
0.012048,0,0,0,0.007937,0,0,0,0,0,0,0,0,no
0.01506,0,0,0,0,0.032258,0,0,0,0,0,0,0,yes
0.01506,0,0,0,0,0.032258,0,0,0,0,0,0,0,yes
0.021084,0.238095,0,0,0,0,0.037037,0.083333,0.007865,0,0.030172,0.030172,0,no
0.01506,0.047619,0,0,0,0.032258,0,0,0,0,0,0,0,no
0.009036,0,0,0,0,0,0,0,0,0,0,0,0,no
0.009036,0,0,0,0,0,0,0,0,0,0,0,0,no
0.009036,0,0,0,0,0,0.037037,0.083333,0.003371,0,0.012931,0.012931,0,no
0.009036,0,0,0,0,0,0.037037,0.083333,0.003371,0,0.012931,0.012931,0,no
0.009036,0.047619,0,0,0,0,0.037037,0.083333,0.003371,0,0.012931,0.012931,0,no
0.009036,0,0,0,0,0,0,0,0,0,0,0,0,no
0.024096,0.142857,0,0,0,0,0.055556,0.083333,0.001685,0.001775,0.008621,0.008621,0,no
0.012048,0,0,0,0,0,0,0,0,0,0,0,0,no
0.009036,0,0,0,0,0,0,0,0,0,0,0,0,no
0.009036,0,0,0,0,0,0,0,0,0,0,0,0,no
0,0.047619,0,0,0,0,0,0,0,0,0,0,0,no
0,0,0,0,0,0,0,0,0,0,0,0,0,no
0,0,0,0,0,0,0,0,0,0,0,0,0,no
0,0,0,0,0,0,0.037037,0.083333,0,0,0,0,0,no
0,0,0,0,0,0,0.037037,0.083333,0,0,0,0,0,no
0,0.047619,0,0,0,0,0.037037,0.083333,0,0,0,0,0,no
0,0,0,0,0,0,0,0,0,0,0,0,0,no
0.009036,0,0,0,0,0,0,0,0,0,0,0,0,no
0.009036,0.047619,0,0,0,0,0,0,0,0,0,0,0,no
0.009036,0,0,0,0,0,0,0,0,0,0,0,0,no
0.009036,0,0,0,0,0,0,0,0,0,0,0,0,no
0.009036,0,0,0,0,0,0,0,0,0,0,0,0,no
0.009036,0,0,0,0,0,0,0,0,0,0,0,0,no
0.009036,0,0,0,0,0,0,0,0,0,0,0,0,no
0.009036,0,0,0,0,0,0,0,0,0,0,0,0,no
0.009036,0.047619,0,0,0,0,0,0,0,0,0,0,0,no
0.009036,0.047619,0,0,0,0,0,0,0,0,0,0,0,no
0.009036,0.047619,0,0,0,0,0,0,0,0,0,0,0,no
0.009036,0.047619,0,0,0,0,0,0,0,0,0,0,0,no
0.009036,0.047619,0,0,0,0,0,0,0,0,0,0,0,no
0.009036,0.047619,0,0,0,0,0,0,0,0,0,0,0,no
0.009036,0,0,0,0,0,0,0,0,0,0,0,0,no
0.012048,0.142857,0,0,0,0,0.018519,0.041667,0.000562,0.000592,0.008621,0.008621,0,no
0.03012,0,0,0,0,0,0,0,0,0,0,0,0,no
0.012048,0,0,0,0,0,0.074074,0.166667,0.008989,0,0.017241,0.017241,0,no
0.024096,0.285714,0,0,0,0,0,0,0,0,0,0,0,no
0.009036,0.142857,0,0,0,0,0,0,0,0,0,0,0,no
0.009036,0.190476,0,0,0,0,0,0,0,0,0,0,0,no
0.012048,0.047619,0,0,0,0,0.074074,0.166667,0.002247,0,0.00431,0.00431,0,no
0,0.047619,0,0,0,0,0,0,0,0,0,0,0,no
0.033133,0.238095,0,0,0,0,0.055556,0.083333,0.001685,0.001775,0.008621,0.008621,0,no
0.012048,0.095238,0,0,0,0,0,0,0,0,0,0,0,no
0.033133,0.142857,0,0,0,0,0.055556,0.083333,0.001685,0.001775,0.008621,0.008621,0,no
0.033133,0.47619,0,0,0,0,0,0,0,0,0,0,0,no
0.009036,0.142857,0,0,0,0,0,0,0,0,0,0,0,no
0.009036,0.190476,0,0,0,0,0,0,0,0,0,0,0,no
0.009036,0,0,0,0,0,0,0,0,0,0,0,0,no
0.012048,0.047619,0,0,0,0,0.074074,0.166667,0.002247,0,0.00431,0.00431,0,no
0.006024,0,0,0,0.007937,0,0,0,0,0,0,0,0,no
0.018072,0.095238,0,0,0,0,0,0,0,0,0,0,0,no
0.018072,0,0,0,0,0,0,0,0,0,0,0,0,no
0.009036,0,0,0,0,0,0,0,0,0,0,0,0,no
0.009036,0.047619,0,0,0,0,0,0,0,0,0,0,0,no
0.009036,0,0,0,0.007937,0,0,0,0,0,0,0,0,no
0.009036,0,0,0,0.007937,0,0,0,0,0,0,0,0,no
0.009036,0,0,0,0.007937,0,0,0,0,0,0,0,0,no
0.009036,0,0,0,0.007937,0,0,0,0,0,0,0,0,no
0.009036,0,0,0,0.007937,0,0,0,0,0,0,0,0,no
0.009036,0,0,0,0.007937,0,0,0,0,0,0,0,0,no
0.009036,0.047619,0,0,0.007937,0,0,0,0,0,0,0,0,no
0.012048,0.047619,0,0,0.007937,0,0,0,0,0,0,0,0,no
0.009036,0.047619,0,0,0.007937,0,0,0,0,0,0,0,0,no
0.009036,0.047619,0,0,0.007937,0,0,0,0,0,0,0,0,no
0.009036,0.047619,0,0,0.007937,0,0,0,0,0,0,0,0,no
0.009036,0,0,0,0.007937,0,0,0,0,0,0,0,0,no
0.009036,0,0,0,0.007937,0,0,0,0,0,0,0,0,no
0.009036,0,0,0,0.007937,0,0,0,0,0,0,0,0,no
0.009036,0.047619,0,0,0.007937,0,0,0,0,0,0,0,0,no
0.009036,0,0,0,0,0,0,0,0,0,0,0,0,no
0.009036,0,0,0,0,0,0,0,0,0,0,0,0,no
0.012048,0.095238,0,0,0,0,0,0,0,0,0,0,0,no
0.009036,0.047619,0,0,0,0,0,0,0,0,0,0,0,no
0.009036,0,0,0,0,0,0,0,0,0,0,0,0,no
0.009036,0,0,0,0,0,0,0,0,0,0,0,0,no
0.009036,0.047619,0,0,0.007937,0,0,0,0,0,0,0,0,no
0.009036,0,0,0,0,0,0,0,0,0,0,0,0,no
0.006024,0,0,0,0.007937,0,0,0,0,0,0,0,0,no
0.012048,0.047619,0,0,0,0,0,0,0,0,0,0,0,no
0.009036,0,0,0,0,0,0,0,0,0,0,0,0,no
0.009036,0,0,0,0,0,0,0,0,0,0,0,0,no
0.009036,0.047619,0,0,0,0,0,0,0,0,0,0,0,no
0.009036,0,0,0,0.007937,0,0,0,0,0,0,0,0,no
0.009036,0,0,0,0.007937,0,0,0,0,0,0,0,0,no
0.009036,0.047619,0,0,0.007937,0,0,0,0,0,0,0,0,no
0.009036,0.047619,0,0,0.007937,0,0,0,0,0,0,0,0,no
0.009036,0,0,0,0.007937,0,0,0,0,0,0,0,0,no
0.009036,0.047619,0,0,0.007937,0,0,0,0,0,0,0,0,no
0.009036,0,0,0,0,0,0,0,0,0,0,0,0,no
0.01506,0.095238,0,0,0.007937,0.016129,0,0,0,0,0,0,0,no
0.012048,0.095238,0,0,0.007937,0.016129,0,0,0,0,0,0,0,no
0.009036,0,0,0,0,0,0,0,0,0,0,0,0,no
0.012048,0.095238,0,0,0,0,0,0,0,0,0,0,0,no
0.009036,0.047619,0,0,0,0,0,0,0,0,0,0,0,no
0.009036,0,0,0,0,0,0,0,0,0,0,0,0,no
0.009036,0,0,0,0,0,0,0,0,0,0,0,0,no
0.021084,0,0,0,0,0,0.055556,0.125,0.001685,0,0.00431,0.00431,0,no
0.012048,0.047619,0,0,0.007937,0,0,0,0,0,0,0,0,no
0.027108,0,0,0,0,0,0.074074,0.166667,0.002809,0,0.008621,0.005388,0,no
0.009036,0,0,0,0,0,0,0,0,0,0,0,0,no
0.009036,0.047619,0,0,0,0,0,0,0,0,0,0,0,no
0.009036,0,0,0,0.007937,0,0,0,0,0,0,0,0,no
0.009036,0,0.010638,0,0.007937,0,0,0,0,0,0,0,0,no
0.009036,0,0,0,0.007937,0,0,0,0,0,0,0,0,no
0.009036,0,0.010638,0,0.007937,0,0,0,0,0,0,0,0,no
0.009036,0,0,0,0.007937,0,0,0,0,0,0,0,0,no
0.009036,0,0,0,0.007937,0,0,0,0,0,0,0,0,no
0.009036,0,0.010638,0,0.007937,0,0,0,0,0,0,0,0,no
0.009036,0,0,0,0.007937,0,0.037037,0.083333,0.003371,0,0.012931,0.012931,0,no
0.009036,0,0,0,0.007937,0,0.055556,0.125,0.005056,0,0.012931,0.012931,0,no
0.009036,0,0.010638,0,0.007937,0,0.055556,0.125,0.005056,0,0.012931,0.012931,0,no
0.009036,0,0,0,0.007937,0,0,0,0,0,0,0,0,no
0.009036,0,0.010638,0,0.007937,0,0,0,0,0,0,0,0,no
0.009036,0,0,0,0.007937,0,0,0,0,0,0,0,0,no
0.009036,0,0,0,0.007937,0,0,0,0,0,0,0,0,no
0.009036,0,0,0,0.007937,0,0,0,0,0,0,0,0,no
0.009036,0,0,0,0.007937,0,0,0,0,0,0,0,0,no
0.009036,0,0,0,0.007937,0,0.037037,0.083333,0.003371,0,0.012931,0.012931,0,no
0.009036,0,0,0,0.007937,0,0.055556,0.125,0.005056,0,0.012931,0.012931,0,no
0.009036,0,0,0,0.007937,0,0,0,0,0,0,0,0,no
0.009036,0.047619,0,0,0.007937,0,0,0,0,0,0,0,0,no
0.009036,0.047619,0,0,0.015873,0,0,0,0,0,0,0,0,no
0.009036,0.047619,0,0,0.015873,0,0,0,0,0,0,0,0,no
0.009036,0.047619,0,0,0.015873,0,0,0,0,0,0,0,0,no
0.009036,0.047619,0,0,0.015873,0,0,0,0,0,0,0,0,no
0.009036,0.047619,0,0,0.007937,0,0.037037,0.083333,0.003371,0,0.012931,0.012931,0,no
0.009036,0.047619,0,0,0.015873,0,0.055556,0.125,0.005056,0,0.012931,0.012931,0,no
0.009036,0.047619,0,0,0.015873,0,0,0,0,0,0,0,0,no
0.009036,0,0,0,0.007937,0,0,0,0,0,0,0,0,no
0.009036,0,0,0,0.007937,0,0,0,0,0,0,0,0,no
0.009036,0,0,0,0.007937,0,0,0,0,0,0,0,0,no
0.009036,0,0,0,0.007937,0,0,0,0,0,0,0,0,no
0.009036,0,0,0,0.007937,0,0.037037,0.083333,0.003371,0,0.012931,0.012931,0,no
0.009036,0,0,0,0.007937,0,0.055556,0.125,0.005056,0,0.012931,0.012931,0,no
0.009036,0,0,0,0.007937,0,0,0,0,0,0,0,0,no
0.009036,0.047619,0,0,0.007937,0,0,0,0,0,0,0,0,no
0.009036,0,0,0,0,0,0,0,0,0,0,0,0,no
0.009036,0,0,0,0,0,0,0,0,0,0,0,0,no
0.012048,0.095238,0,0,0,0,0,0,0,0,0,0,0,no
0.009036,0.047619,0,0,0,0,0,0,0,0,0,0,0,no
0.009036,0,0,0,0,0,0,0,0,0,0,0,0,no
0.009036,0,0,0,0,0,0,0,0,0,0,0,0,no
0.006024,0,0,0,0.007937,0,0,0,0,0,0,0,0,no
0.012048,0.047619,0,0,0,0,0,0,0,0,0,0,0,no
0.009036,0,0,0,0,0,0,0,0,0,0,0,0,no
0.009036,0,0,0,0,0,0,0,0,0,0,0,0,no
0.009036,0.047619,0,0,0,0,0,0,0,0,0,0,0,no
0.009036,0,0,0,0.007937,0,0,0,0,0,0,0,0,no
0.009036,0,0,0,0.007937,0,0,0,0,0,0,0,0,no
0.009036,0.047619,0,0,0.007937,0,0,0,0,0,0,0,0,no
0.009036,0.047619,0,0,0.007937,0,0,0,0,0,0,0,0,no
0.009036,0,0,0,0.007937,0,0,0,0,0,0,0,0,no
0.009036,0.047619,0,0,0.007937,0,0,0,0,0,0,0,0,no
0.009036,0,0,0,0,0,0,0,0,0,0,0,0,no
0.01506,0.095238,0,0,0.007937,0.016129,0,0,0,0,0,0,0,no
0.012048,0.095238,0,0,0.007937,0.016129,0,0,0,0,0,0,0,no
0.009036,0,0,0,0,0,0,0,0,0,0,0,0,no
0.012048,0.095238,0,0,0,0,0,0,0,0,0,0,0,no
0.009036,0.047619,0,0,0,0,0,0,0,0,0,0,0,no
0.009036,0,0,0,0,0,0,0,0,0,0,0,0,no
0.009036,0,0,0,0,0,0,0,0,0,0,0,0,no
0.006024,0,0,0,0.007937,0,0,0,0,0,0,0,0,no
0.018072,0.095238,0,0,0,0,0,0,0,0,0,0,0,no
0.021084,0,0,0,0,0,0,0,0,0,0,0,0,no
0.009036,0,0,0,0,0,0,0,0,0,0,0,0,no
0.009036,0.047619,0,0,0,0,0,0,0,0,0,0,0,no
0.009036,0,0,0,0.007937,0,0,0,0,0,0,0,0,no
0.009036,0,0,0,0.007937,0,0,0,0,0,0,0,0,no
0.009036,0,0,0,0.007937,0,0,0,0,0,0,0,0,no
0.009036,0,0,0,0.007937,0,0,0,0,0,0,0,0,no
0.009036,0,0,0,0.007937,0,0,0,0,0,0,0,0,no
0.009036,0,0,0,0.007937,0,0,0,0,0,0,0,0,no
0.009036,0.047619,0,0,0.007937,0,0,0,0,0,0,0,0,no
0.012048,0.047619,0,0,0.015873,0,0,0,0,0,0,0,0,no
0.009036,0.047619,0,0,0.007937,0,0,0,0,0,0,0,0,no
0.009036,0.047619,0,0,0.007937,0,0,0,0,0,0,0,0,no
0.012048,0.047619,0,0,0.007937,0,0,0,0,0,0,0,0,no
0.009036,0.047619,0,0,0.007937,0,0,0,0,0,0,0,0,no
0.009036,0,0,0,0.007937,0,0,0,0,0,0,0,0,no
0.009036,0,0,0,0.007937,0,0,0,0,0,0,0,0,no
0.009036,0,0,0,0.007937,0,0,0,0,0,0,0,0,no
0.009036,0.047619,0,0,0.007937,0,0,0,0,0,0,0,0,no
0.009036,0,0,0,0,0,0,0,0,0,0,0,0,no
0.009036,0,0,0,0,0,0,0,0,0,0,0,0,no
0.012048,0.095238,0,0,0,0,0,0,0,0,0,0,0,no
0.009036,0.047619,0,0,0,0,0,0,0,0,0,0,0,no
0.009036,0,0,0,0,0,0,0,0,0,0,0,0,no
0.009036,0,0,0,0,0,0,0,0,0,0,0,0,no
0.006024,0,0,0,0.007937,0,0,0,0,0,0,0,0,no
0.01506,0.095238,0,0,0.007937,0,0,0,0,0,0,0,0,no
0.012048,0,0,0,0,0,0,0,0,0,0,0,0,no
0.009036,0,0,0,0,0,0,0,0,0,0,0,0,no
0.009036,0.047619,0,0,0,0,0,0,0,0,0,0,0,no
0.009036,0,0,0,0.007937,0,0,0,0,0,0,0,0,no
0.009036,0,0,0,0.007937,0,0,0,0,0,0,0,0,no
0.009036,0,0,0,0.007937,0,0,0,0,0,0,0,0,no
0.009036,0,0,0,0.007937,0,0,0,0,0,0,0,0,no
0.009036,0.047619,0,0,0.007937,0,0,0,0,0,0,0,0,no
0.009036,0.047619,0,0,0.015873,0,0,0,0,0,0,0,0,no
0.009036,0.047619,0,0,0.007937,0,0,0,0,0,0,0,0,no
0.009036,0,0,0,0.007937,0,0,0,0,0,0,0,0,no
0.009036,0,0,0,0.007937,0,0,0,0,0,0,0,0,no
0.009036,0.047619,0,0,0.007937,0,0,0,0,0,0,0,0,no
0.009036,0,0,0,0,0,0,0,0,0,0,0,0,no
0.027108,0.095238,0,0,0.007937,0.016129,0,0,0,0,0,0,0,no
0.01506,0.095238,0,0,0.007937,0.016129,0,0,0,0,0,0,0,no
0.009036,0,0,0,0,0,0,0,0,0,0,0,0,no
0.012048,0.095238,0,0,0,0,0,0,0,0,0,0,0,no
0.009036,0.047619,0,0,0,0,0,0,0,0,0,0,0,no
0.009036,0,0,0,0,0,0,0,0,0,0,0,0,no
0.009036,0,0,0,0,0,0,0,0,0,0,0,0,no
0.006024,0,0,0,0.007937,0,0,0,0,0,0,0,0,no
0.021084,0.047619,0,0,0,0,0,0,0,0,0,0,0,no
0.03012,0,0,0,0,0,0,0,0,0,0,0,0,no
0.009036,0,0,0,0,0,0,0,0,0,0,0,0,no
0.009036,0.047619,0,0,0,0,0,0,0,0,0,0,0,no
0.009036,0,0,0,0.007937,0,0,0,0,0,0,0,0,no
0.009036,0,0,0,0.007937,0,0,0,0,0,0,0,0,no
0.009036,0,0,0,0.007937,0,0,0,0,0,0,0,0,no
0.009036,0,0,0,0.007937,0,0,0,0,0,0,0,0,no
0.009036,0,0,0,0.007937,0,0,0,0,0,0,0,0,no
0.009036,0,0,0,0.007937,0,0,0,0,0,0,0,0,no
0.009036,0,0,0,0.007937,0,0,0,0,0,0,0,0,no
0.009036,0,0,0,0.007937,0,0,0,0,0,0,0,0,no
0.009036,0.047619,0,0,0.007937,0,0,0,0,0,0,0,0,no
0.012048,0.047619,0,0,0.007937,0,0,0,0,0,0,0,0,no
0.009036,0.047619,0,0,0.007937,0,0,0,0,0,0,0,0,no
0.012048,0.047619,0,0,0.015873,0,0,0,0,0,0,0,0,no
0.009036,0.047619,0,0,0.007937,0,0,0,0,0,0,0,0,no
0.012048,0.047619,0,0,0.007937,0,0,0,0,0,0,0,0,no
0.009036,0.047619,0,0,0.007937,0,0,0,0,0,0,0,0,no
0.012048,0.047619,0,0,0.015873,0,0,0,0,0,0,0,0,no
0.009036,0.047619,0,0,0.007937,0,0,0,0,0,0,0,0,no
0.009036,0,0,0,0.007937,0,0,0,0,0,0,0,0,no
0.009036,0,0,0,0.007937,0,0,0,0,0,0,0,0,no
0.009036,0,0,0,0.007937,0,0,0,0,0,0,0,0,no
0.009036,0,0,0,0.007937,0,0,0,0,0,0,0,0,no
0.006024,0,0,0,0.007937,0,0,0,0,0,0,0,0,no
0.009036,0.047619,0,0,0.007937,0,0,0,0,0,0,0,0,no
0.009036,0,0,0,0,0,0,0,0,0,0,0,0,no
0.009036,0,0,0,0,0,0,0,0,0,0,0,0,no
0.012048,0.095238,0,0,0,0,0,0,0,0,0,0,0,no
0.009036,0.047619,0,0,0,0,0,0,0,0,0,0,0,no
0.009036,0,0,0,0,0,0,0,0,0,0,0,0,no
0.009036,0,0,0,0,0,0,0,0,0,0,0,0,no
0.006024,0,0,0,0.007937,0,0,0,0,0,0,0,0,no
0.024096,0.238095,0,0,0.015873,0,0,0,0,0,0,0,0,no
0.021084,0,0,0,0,0,0,0,0,0,0,0,0,no
0.009036,0,0,0,0,0,0,0,0,0,0,0,0,no
0.009036,0.047619,0,0,0,0,0,0,0,0,0,0,0,no
0.009036,0,0,0,0.007937,0,0,0,0,0,0,0,0,no
0.009036,0,0.010638,0,0.007937,0,0,0,0,0,0,0,0,no
0.009036,0,0,0,0.007937,0,0,0,0,0,0,0,0,no
0.009036,0,0.010638,0,0.007937,0,0,0,0,0,0,0,0,no
0.009036,0,0,0,0.007937,0,0,0,0,0,0,0,0,no
0.009036,0,0.010638,0,0.007937,0,0,0,0,0,0,0,0,no
0.009036,0,0,0,0.007937,0,0,0,0,0,0,0,0,no
0.009036,0,0.010638,0,0.007937,0,0,0,0,0,0,0,0,no
0.009036,0,0,0,0.007937,0,0,0,0,0,0,0,0,no
0.009036,0,0.010638,0,0.007937,0,0,0,0,0,0,0,0,no
0.009036,0,0,0,0.007937,0,0,0,0,0,0,0,0,no
0.009036,0,0,0,0.007937,0,0,0,0,0,0,0,0,no
0.009036,0,0,0,0.007937,0,0,0,0,0,0,0,0,no
0.009036,0,0,0,0.007937,0,0,0,0,0,0,0,0,no
0.009036,0,0,0,0.007937,0,0,0,0,0,0,0,0,no
0.009036,0.047619,0,0,0.007937,0,0,0,0,0,0,0,0,no
0.009036,0.047619,0,0,0.007937,0,0,0,0,0,0,0,0,no
0.009036,0.047619,0,0,0.015873,0,0,0,0,0,0,0,0,no
0.009036,0.047619,0,0,0.007937,0,0,0,0,0,0,0,0,no
0.009036,0.047619,0,0,0.007937,0,0,0,0,0,0,0,0,no
0.009036,0.047619,0,0,0.015873,0,0,0,0,0,0,0,0,no
0.009036,0,0,0,0.007937,0,0,0,0,0,0,0,0,no
0.009036,0,0,0,0.007937,0,0,0,0,0,0,0,0,no
0.009036,0,0,0,0.007937,0,0,0,0,0,0,0,0,no
0.009036,0,0,0,0.007937,0,0,0,0,0,0,0,0,no
0.009036,0,0,0,0.007937,0,0,0,0,0,0,0,0,no
0.009036,0.047619,0,0,0.007937,0,0,0,0,0,0,0,0,no
0.009036,0,0,0,0,0,0,0,0,0,0,0,0,no
0.009036,0,0,0,0,0,0,0,0,0,0,0,0,no
0.012048,0.095238,0,0,0,0,0,0,0,0,0,0,0,no
0.009036,0.047619,0,0,0,0,0,0,0,0,0,0,0,no
0.009036,0,0,0,0,0,0,0,0,0,0,0,0,no
0.009036,0,0,0,0,0,0,0,0,0,0,0,0,no
0.009036,0,0,0,0,0,0,0,0,0,0,0,0,no
0.018072,0.142857,0,0,0,0,0,0,0,0,0,0,0,no
0.018072,0,0,0,0,0,0,0,0,0,0,0,0,no
0.009036,0,0,0,0,0,0,0,0,0,0,0,0,no
0.009036,0.047619,0,0,0,0,0,0,0,0,0,0,0,no
0.009036,0,0,0,0.007937,0,0,0,0,0,0,0,0,no
0.009036,0,0,0,0.007937,0,0,0,0,0,0,0,0,no
0.009036,0,0.010638,0,0.007937,0,0,0,0,0,0,0,0,no
0.009036,0,0.010638,0,0.007937,0,0,0,0,0,0,0,0,no
0.009036,0,0,0,0.007937,0,0,0,0,0,0,0,0,no
0.009036,0,0.010638,0,0.007937,0,0,0,0,0,0,0,0,no
0.009036,0,0.010638,0,0.007937,0,0,0,0,0,0,0,0,no
0.009036,0,0,0,0.007937,0,0,0,0,0,0,0,0,no
0.009036,0,0.010638,0,0.007937,0,0,0,0,0,0,0,0,no
0.009036,0,0.010638,0,0.007937,0,0,0,0,0,0,0,0,no
0.009036,0,0,0,0.007937,0,0,0,0,0,0,0,0,no
0.009036,0,0,0,0.007937,0,0,0,0,0,0,0,0,no
0.009036,0,0,0,0.007937,0,0,0,0,0,0,0,0,no
0.009036,0,0,0,0.007937,0,0,0,0,0,0,0,0,no
0.009036,0.047619,0,0,0.007937,0,0,0,0,0,0,0,0,no
0.012048,0.047619,0,0,0.015873,0,0,0,0,0,0,0,0,no
0.009036,0.047619,0,0,0.007937,0,0,0,0,0,0,0,0,no
0.009036,0.047619,0,0,0.007937,0,0,0,0,0,0,0,0,no
0.009036,0.047619,0,0,0.007937,0,0,0,0,0,0,0,0,no
0.009036,0.047619,0,0,0.007937,0,0,0,0,0,0,0,0,no
0.009036,0,0,0,0.007937,0,0,0,0,0,0,0,0,no
0.009036,0,0,0,0.007937,0,0,0,0,0,0,0,0,no
0.009036,0,0,0,0.007937,0,0,0,0,0,0,0,0,no
0.009036,0,0,0,0.007937,0,0,0,0,0,0,0,0,no
0.009036,0.047619,0,0,0.007937,0,0,0,0,0,0,0,0,no
0.009036,0,0,0,0,0,0,0,0,0,0,0,0,no
0.009036,0,0,0,0,0,0,0,0,0,0,0,0,no
0.012048,0.095238,0,0,0,0,0,0,0,0,0,0,0,no
0.009036,0.047619,0,0,0,0,0,0,0,0,0,0,0,no
0.009036,0,0,0,0,0,0,0,0,0,0,0,0,no
0.009036,0,0,0,0,0,0,0,0,0,0,0,0,no
0.006024,0,0,0,0.007937,0,0,0,0,0,0,0,0,no
0.027108,0.190476,0,0,0.031746,0,0,0,0,0,0,0,0,no
0.024096,0,0,0,0,0,0,0,0,0,0,0,0,no
0.009036,0,0,0,0,0,0,0,0,0,0,0,0,no
0.009036,0.047619,0,0,0,0,0,0,0,0,0,0,0,no
0.009036,0,0,0,0.007937,0,0,0,0,0,0,0,0,no
0.009036,0,0.010638,0,0.007937,0,0,0,0,0,0,0,0,no
0.009036,0,0,0,0.007937,0,0,0,0,0,0,0,0,no
0.009036,0,0,0,0.007937,0,0,0,0,0,0,0,0,no
0.009036,0,0,0,0.007937,0,0,0,0,0,0,0,0,no
0.009036,0,0,0,0.007937,0,0,0,0,0,0,0,0,no
0.009036,0,0,0,0.007937,0,0,0,0,0,0,0,0,no
0.009036,0,0,0,0.007937,0,0,0,0,0,0,0,0,no
0.009036,0,0,0,0.007937,0,0,0,0,0,0,0,0,no
0.009036,0.047619,0,0,0.007937,0,0,0,0,0,0,0,0,no
0.009036,0.047619,0,0,0.015873,0,0,0,0,0,0,0,0,no
0.009036,0.047619,0,0,0.015873,0,0,0,0,0,0,0,0,no
0.012048,0.047619,0,0,0.015873,0,0,0,0,0,0,0,0,no
0.009036,0.047619,0,0,0.007937,0,0,0,0,0,0,0,0,no
0.012048,0.047619,0,0,0.015873,0,0,0,0,0,0,0,0,no
0.009036,0.047619,0,0,0.007937,0,0,0,0,0,0,0,0,no
0.009036,0,0,0,0.007937,0,0,0,0,0,0,0,0,no
0.009036,0,0,0,0.007937,0,0,0,0,0,0,0,0,no
0.009036,0,0,0,0.007937,0,0,0,0,0,0,0,0,no
0.009036,0,0,0,0.007937,0,0,0,0,0,0,0,0,no
0.009036,0.047619,0,0,0.007937,0,0,0,0,0,0,0,0,no
0.009036,0,0,0,0,0,0,0,0,0,0,0,0,no
0.009036,0,0,0,0,0,0,0,0,0,0,0,0,no
0.012048,0.095238,0,0,0,0,0,0,0,0,0,0,0,no
0.009036,0.047619,0,0,0,0,0,0,0,0,0,0,0,no
0.009036,0,0,0,0,0,0,0,0,0,0,0,0,no
0.009036,0,0,0,0,0,0,0,0,0,0,0,0,no
0.006024,0,0,0,0.007937,0,0,0,0,0,0,0,0,no
0.045181,0,0,0,0,0,0,0,0,0,0,0,0,no
0.009036,0,0,0,0,0,0,0,0,0,0,0,0,no
0.009036,0.047619,0,0,0,0,0,0,0,0,0,0,0,no
0.009036,0,0,0,0.007937,0,0,0,0,0,0,0,0,no
0.009036,0,0,0,0.007937,0,0,0,0,0,0,0,0,no
0.009036,0,0,0,0.007937,0,0,0,0,0,0,0,0,no
0.009036,0,0,0,0.007937,0,0,0,0,0,0,0,0,no
0.009036,0,0,0,0.007937,0,0,0,0,0,0,0,0,no
0.009036,0,0,0,0.007937,0,0,0,0,0,0,0,0,no
0.009036,0,0.010638,0,0.007937,0,0,0,0,0,0,0,0,no
0.009036,0,0,0,0.007937,0,0,0,0,0,0,0,0,no
0.009036,0,0,0,0.007937,0,0,0,0,0,0,0,0,no
0.009036,0,0,0,0.007937,0,0,0,0,0,0,0,0,no
0.009036,0,0,0,0.007937,0,0,0,0,0,0,0,0,no
0.009036,0,0,0,0.007937,0,0,0,0,0,0,0,0,no
0.009036,0,0,0,0.007937,0,0,0,0,0,0,0,0,no
0.009036,0,0,0,0.007937,0,0,0,0,0,0,0,0,no
0.009036,0,0,0,0.007937,0,0,0,0,0,0,0,0,no
0.009036,0.047619,0,0,0.007937,0,0,0,0,0,0,0,0,no
0.012048,0.047619,0,0,0.007937,0,0,0,0,0,0,0,0,no
0.009036,0.047619,0,0,0.007937,0,0,0,0,0,0,0,0,no
0.012048,0.047619,0,0,0.007937,0,0,0,0,0,0,0,0,no
0.009036,0.047619,0,0,0.007937,0,0,0,0,0,0,0,0,no
0.012048,0.047619,0,0,0.007937,0,0,0,0,0,0,0,0,no
0.009036,0.047619,0,0,0.007937,0,0,0,0,0,0,0,0,no
0.012048,0.047619,0,0,0.015873,0,0,0,0,0,0,0,0,no
0.009036,0.047619,0,0,0.007937,0,0,0,0,0,0,0,0,no
0.012048,0.047619,0,0,0.015873,0,0,0,0,0,0,0,0,no
0.009036,0.047619,0,0,0.007937,0,0,0,0,0,0,0,0,no
0.009036,0.047619,0,0,0.015873,0,0,0,0,0,0,0,0,no
0.012048,0.047619,0,0,0.007937,0,0,0,0,0,0,0,0,no
0.009036,0.047619,0,0,0.007937,0,0,0,0,0,0,0,0,no
0.009036,0,0,0,0.007937,0,0,0,0,0,0,0,0,no
0.009036,0,0,0,0.007937,0,0,0,0,0,0,0,0,no
0.009036,0,0,0,0.007937,0,0,0,0,0,0,0,0,no
0.009036,0,0,0,0.007937,0,0,0,0,0,0,0,0,no
0.009036,0,0,0,0.007937,0,0,0,0,0,0,0,0,no
0.009036,0,0,0,0.007937,0,0,0,0,0,0,0,0,no
0.009036,0,0,0,0.007937,0,0,0,0,0,0,0,0,no
0.006024,0,0,0,0.007937,0,0,0,0,0,0,0,0,no
0.009036,0.047619,0,0,0.007937,0,0,0,0,0,0,0,0,no
0.009036,0,0,0,0,0,0,0,0,0,0,0,0,no
0.009036,0,0,0,0,0,0,0,0,0,0,0,0,no
0.012048,0.095238,0,0,0,0,0,0,0,0,0,0,0,no
0.009036,0.047619,0,0,0,0,0,0,0,0,0,0,0,no
0.009036,0,0,0,0,0,0,0,0,0,0,0,0,no
0.009036,0,0,0,0,0,0,0,0,0,0,0,0,no
0.006024,0,0,0,0.007937,0,0,0,0,0,0,0,0,no
0.018072,0,0,0,0,0,0,0,0,0,0,0,0,no
0.009036,0,0,0,0,0,0,0,0,0,0,0,0,no
0.009036,0.047619,0,0,0,0,0,0,0,0,0,0,0,no
0.009036,0,0,0,0.007937,0,0,0,0,0,0,0,0,no
0.009036,0,0,0,0.007937,0,0,0,0,0,0,0,0,no
0.009036,0,0,0,0.007937,0,0,0,0,0,0,0,0,no
0.009036,0,0,0,0.007937,0,0,0,0,0,0,0,0,no
0.009036,0,0,0,0.007937,0,0,0,0,0,0,0,0,no
0.009036,0,0,0,0.007937,0,0,0,0,0,0,0,0,no
0.009036,0,0,0,0.007937,0,0,0,0,0,0,0,0,no
0.009036,0,0,0,0.007937,0,0,0,0,0,0,0,0,no
0.009036,0.047619,0,0,0.007937,0,0,0,0,0,0,0,0,no
0.009036,0.047619,0,0,0.015873,0,0,0,0,0,0,0,0,no
0.009036,0.047619,0,0,0.015873,0,0,0,0,0,0,0,0,no
0.009036,0.047619,0,0,0.015873,0,0,0,0,0,0,0,0,no
0.009036,0.047619,0,0,0.007937,0,0,0,0,0,0,0,0,no
0.009036,0,0,0,0.007937,0,0,0,0,0,0,0,0,no
0.009036,0,0,0,0.007937,0,0,0,0,0,0,0,0,no
0.009036,0,0,0,0.007937,0,0,0,0,0,0,0,0,no
0.009036,0,0,0,0.007937,0,0,0,0,0,0,0,0,no
0.009036,0.047619,0,0,0.007937,0,0,0,0,0,0,0,0,no
0.009036,0,0,0,0,0,0,0,0,0,0,0,0,no
0.009036,0,0,0,0,0,0,0,0,0,0,0,0,no
0.012048,0.095238,0,0,0,0,0,0,0,0,0,0,0,no
0.009036,0.047619,0,0,0,0,0,0,0,0,0,0,0,no
0.009036,0,0,0,0,0,0,0,0,0,0,0,0,no
0.009036,0,0,0,0,0,0,0,0,0,0,0,0,no
0.006024,0,0,0,0.007937,0,0,0,0,0,0,0,0,no
0.01506,0.095238,0,0,0,0,0,0,0,0,0,0,0,no
0.021084,0,0,0,0,0,0,0,0,0,0,0,0,no
0.009036,0,0,0,0,0,0,0,0,0,0,0,0,no
0.009036,0.047619,0,0,0,0,0,0,0,0,0,0,0,no
0.009036,0,0,0,0.007937,0,0,0,0,0,0,0,0,no
0.009036,0,0.010638,0,0.007937,0,0,0,0,0,0,0,0,no
0.009036,0,0,0,0.007937,0,0,0,0,0,0,0,0,no
0.009036,0,0,0,0.007937,0,0,0,0,0,0,0,0,no
0.009036,0,0,0,0.007937,0,0,0,0,0,0,0,0,no
0.009036,0,0.010638,0,0.007937,0,0,0,0,0,0,0,0,no
0.009036,0,0,0,0.007937,0,0,0,0,0,0,0,0,no
0.009036,0,0,0,0.007937,0,0,0,0,0,0,0,0,no
0.009036,0,0,0,0.007937,0,0,0,0,0,0,0,0,no
0.009036,0,0,0,0.007937,0,0,0,0,0,0,0,0,no
0.009036,0.047619,0,0,0.007937,0,0,0,0,0,0,0,0,no
0.009036,0.047619,0,0,0.007937,0,0,0,0,0,0,0,0,no
0.009036,0.047619,0,0,0.015873,0,0,0,0,0,0,0,0,no
0.012048,0.047619,0,0,0.015873,0,0,0,0,0,0,0,0,no
0.009036,0.047619,0,0,0.007937,0,0,0,0,0,0,0,0,no
0.009036,0.047619,0,0,0.007937,0,0,0,0,0,0,0,0,no
0.009036,0,0,0,0.007937,0,0,0,0,0,0,0,0,no
0.009036,0,0,0,0.007937,0,0,0,0,0,0,0,0,no
0.009036,0,0,0,0.007937,0,0,0,0,0,0,0,0,no
0.009036,0,0,0,0.007937,0,0,0,0,0,0,0,0,no
0.009036,0.047619,0,0,0.007937,0,0,0,0,0,0,0,0,no
0.009036,0,0,0,0,0,0,0,0,0,0,0,0,no
0.009036,0,0,0,0,0,0,0,0,0,0,0,0,no
0.012048,0.095238,0,0,0,0,0,0,0,0,0,0,0,no
0.009036,0.047619,0,0,0,0,0,0,0,0,0,0,0,no
0.009036,0,0,0,0,0,0,0,0,0,0,0,0,no
0.009036,0,0,0,0,0,0,0,0,0,0,0,0,no
0.009036,0,0,0,0,0,0,0,0,0,0,0,0,no
0.009036,0.047619,0,0,0,0,0,0,0,0,0,0,0,no
0.009036,0.095238,0,0,0,0,0,0,0,0,0,0,0,no
0.009036,0,0,0,0,0,0,0,0,0,0,0,0,no
0.009036,0.047619,0,0,0,0,0,0,0,0,0,0,0,no
0.009036,0.047619,0,0,0.007937,0,0,0,0,0,0,0,0,no
0.009036,0.047619,0,0,0,0,0,0,0,0,0,0,0,no
0.009036,0,0,0,0,0,0,0,0,0,0,0,0,no
0.01506,0,0.010638,0,0.007937,0.016129,0,0,0,0,0,0,0,no
0.009036,0,0,0,0.007937,0,0,0,0,0,0,0,0,no
0.009036,0,0,0,0.007937,0,0,0,0,0,0,0,0,no
0.009036,0,0,0,0.007937,0,0,0,0,0,0,0,0,no
0.01506,0.047619,0,0,0.007937,0.016129,0,0,0,0,0,0,0,no
0.01506,0.047619,0,0,0.007937,0.016129,0,0,0,0,0,0,0,no
0.01506,0.047619,0,0,0.007937,0.016129,0,0,0,0,0,0,0,no
0.009036,0.047619,0,0,0.007937,0,0,0,0,0,0,0,0,no
0.01506,0.047619,0,0,0,0.016129,0,0,0,0,0,0,0,no
0.012048,0.095238,0,0,0,0,0,0,0,0,0,0,0,no
0.009036,0.047619,0,0,0,0,0,0,0,0,0,0,0,no
0.009036,0,0,0,0,0,0,0,0,0,0,0,0,no
0.009036,0,0,0,0,0,0,0,0,0,0,0,0,no
0.006024,0,0,0,0.007937,0,0,0,0,0,0,0,0,no
0.01506,0.095238,0,0,0.015873,0,0,0,0,0,0,0,0,no
0.063253,0,0,0,0,0,0,0,0,0,0,0,0,no
0.009036,0,0,0,0,0,0,0,0,0,0,0,0,no
0.009036,0.047619,0,0,0,0,0,0,0,0,0,0,0,no
0.009036,0,0,0,0.007937,0,0,0,0,0,0,0,0,no
0.009036,0,0,0,0.007937,0,0,0,0,0,0,0,0,no
0.009036,0,0,0,0.007937,0,0,0,0,0,0,0,0,no
0.009036,0,0,0,0.007937,0,0,0,0,0,0,0,0,no
0.009036,0,0.010638,0,0.007937,0,0,0,0,0,0,0,0,no
0.009036,0,0.010638,0,0.007937,0,0,0,0,0,0,0,0,no
0.009036,0,0,0,0.007937,0,0,0,0,0,0,0,0,no
0.009036,0,0,0,0.007937,0,0,0,0,0,0,0,0,no
0.009036,0,0,0,0.007937,0,0,0,0,0,0,0,0,no
0.009036,0,0.010638,0,0.007937,0,0,0,0,0,0,0,0,no
0.009036,0,0.010638,0,0.007937,0,0,0,0,0,0,0,0,no
0.009036,0,0,0,0.007937,0,0,0,0,0,0,0,0,no
0.009036,0,0.010638,0,0.007937,0,0,0,0,0,0,0,0,no
0.009036,0,0,0,0.007937,0,0,0,0,0,0,0,0,no
0.009036,0,0,0,0.007937,0,0,0,0,0,0,0,0,no
0.009036,0,0,0,0.007937,0,0,0,0,0,0,0,0,no
0.009036,0,0.010638,0,0.007937,0,0,0,0,0,0,0,0,no
0.009036,0,0,0,0.007937,0,0,0,0,0,0,0,0,no
0.009036,0,0.010638,0,0.007937,0,0,0,0,0,0,0,0,no
0.009036,0,0,0,0.007937,0,0,0,0,0,0,0,0,no
0.009036,0,0,0,0.007937,0,0,0,0,0,0,0,0,no
0.009036,0,0,0,0.007937,0,0,0,0,0,0,0,0,no
0.009036,0,0,0,0.007937,0,0,0,0,0,0,0,0,no
0.009036,0,0.010638,0,0.007937,0,0,0,0,0,0,0,0,no
0.009036,0,0,0,0.007937,0,0,0,0,0,0,0,0,no
0.009036,0,0,0,0.007937,0,0,0,0,0,0,0,0,no
0.009036,0,0,0,0.007937,0,0,0,0,0,0,0,0,no
0.009036,0,0,0,0.007937,0,0,0,0,0,0,0,0,no
0.009036,0,0,0,0.007937,0,0,0,0,0,0,0,0,no
0.009036,0,0,0,0.007937,0,0,0,0,0,0,0,0,no
0.009036,0,0,0,0.007937,0,0,0,0,0,0,0,0,no
0.009036,0,0,0,0.007937,0,0,0,0,0,0,0,0,no
0.009036,0,0,0,0.007937,0,0,0,0,0,0,0,0,no
0.009036,0,0,0,0.007937,0,0,0,0,0,0,0,0,no
0.009036,0,0,0,0.007937,0,0,0,0,0,0,0,0,no
0.009036,0,0,0,0.007937,0,0,0,0,0,0,0,0,no
0.009036,0,0,0,0.007937,0,0,0,0,0,0,0,0,no
0.009036,0,0,0,0.007937,0,0,0,0,0,0,0,0,no
0.009036,0,0,0,0.007937,0,0,0,0,0,0,0,0,no
0.009036,0,0,0,0.007937,0,0,0,0,0,0,0,0,no
0.009036,0.047619,0,0,0.007937,0,0,0,0,0,0,0,0,no
0.009036,0.047619,0,0,0.015873,0,0,0,0,0,0,0,0,no
0.009036,0.047619,0,0,0.015873,0,0,0,0,0,0,0,0,no
0.009036,0.047619,0,0,0.015873,0,0,0,0,0,0,0,0,no
0.009036,0.047619,0,0,0.007937,0,0,0,0,0,0,0,0,no
0.009036,0.047619,0,0,0.015873,0,0,0,0,0,0,0,0,no
0.012048,0.047619,0,0,0.015873,0,0,0,0,0,0,0,0,no
0.009036,0.047619,0,0,0.007937,0,0,0,0,0,0,0,0,no
0.009036,0.047619,0,0,0.015873,0,0,0,0,0,0,0,0,no
0.009036,0.047619,0,0,0.015873,0,0,0,0,0,0,0,0,no
0.012048,0.047619,0,0,0.015873,0,0,0,0,0,0,0,0,no
0.009036,0.047619,0,0,0.007937,0,0,0,0,0,0,0,0,no
0.012048,0.047619,0,0,0.015873,0,0,0,0,0,0,0,0,no
0.009036,0.047619,0,0,0.007937,0,0,0,0,0,0,0,0,no
0.009036,0.047619,0,0,0.015873,0,0,0,0,0,0,0,0,no
0.009036,0.047619,0,0,0.015873,0,0,0,0,0,0,0,0,no
0.009036,0.047619,0,0,0.015873,0,0,0,0,0,0,0,0,no
0.009036,0.047619,0,0,0.015873,0,0,0,0,0,0,0,0,no
0.009036,0.047619,0,0,0.015873,0,0,0,0,0,0,0,0,no
0.009036,0.047619,0,0,0.015873,0,0,0,0,0,0,0,0,no
0.009036,0,0,0,0.007937,0,0,0,0,0,0,0,0,no
0.009036,0,0,0,0.007937,0,0,0,0,0,0,0,0,no
0.009036,0,0,0,0.007937,0,0,0,0,0,0,0,0,no
0.009036,0,0,0,0.007937,0,0,0,0,0,0,0,0,no
0.009036,0,0,0,0.007937,0,0,0,0,0,0,0,0,no
0.009036,0,0,0,0.007937,0,0,0,0,0,0,0,0,no
0.009036,0,0,0,0.007937,0,0,0,0,0,0,0,0,no
0.009036,0,0,0,0.007937,0,0,0,0,0,0,0,0,no
0.009036,0,0,0,0.007937,0,0,0,0,0,0,0,0,no
0.009036,0,0,0,0.007937,0,0,0,0,0,0,0,0,no
0.009036,0,0,0,0.007937,0,0,0,0,0,0,0,0,no
0.009036,0,0,0,0.007937,0,0,0,0,0,0,0,0,no
0.009036,0,0,0,0.007937,0,0,0,0,0,0,0,0,no
0.009036,0,0,0,0.007937,0,0,0,0,0,0,0,0,no
0.009036,0,0,0,0.007937,0,0,0,0,0,0,0,0,no
0.009036,0,0,0,0.007937,0,0,0,0,0,0,0,0,no
0.009036,0.047619,0,0,0.007937,0,0,0,0,0,0,0,0,no
0.009036,0,0,0,0,0,0,0,0,0,0,0,0,no
0.009036,0,0,0,0,0,0,0,0,0,0,0,0,no
0.012048,0.095238,0,0,0,0,0,0,0,0,0,0,0,no
0.009036,0.047619,0,0,0,0,0,0,0,0,0,0,0,no
0.009036,0,0,0,0,0,0,0,0,0,0,0,0,no
0.009036,0,0,0,0,0,0,0,0,0,0,0,0,no
0.009036,0.047619,0,0,0.007937,0,0,0,0,0,0,0,0,no
0.009036,0,0,0,0,0,0,0,0,0,0,0,0,no
0.006024,0,0,0,0.007937,0,0,0,0,0,0,0,0,no
0.012048,0.047619,0,0,0,0,0,0,0,0,0,0,0,no
0.009036,0,0,0,0,0,0,0,0,0,0,0,0,no
0.009036,0,0,0,0,0,0,0,0,0,0,0,0,no
0.009036,0.047619,0,0,0,0,0,0,0,0,0,0,0,no
0.009036,0,0,0,0.007937,0,0,0,0,0,0,0,0,no
0.009036,0,0.010638,0,0.007937,0,0,0,0,0,0,0,0,no
0.009036,0,0,0,0.007937,0,0,0,0,0,0,0,0,no
0.009036,0.047619,0,0,0.007937,0,0,0,0,0,0,0,0,no
0.009036,0.047619,0,0,0.007937,0,0,0,0,0,0,0,0,no
0.009036,0,0,0,0.007937,0,0,0,0,0,0,0,0,no
0.009036,0.047619,0,0,0.007937,0,0,0,0,0,0,0,0,no
0.009036,0,0,0,0,0,0,0,0,0,0,0,0,no
0.009036,0,0,0,0,0,0,0,0,0,0,0,0,no
0.012048,0.095238,0,0,0,0,0,0,0,0,0,0,0,no
0.009036,0.047619,0,0,0,0,0,0,0,0,0,0,0,no
0.009036,0,0,0,0,0,0,0,0,0,0,0,0,no
0.009036,0,0,0,0,0,0,0,0,0,0,0,0,no
0.009036,0.047619,0,0,0.007937,0,0,0,0,0,0,0,0,no
0.009036,0,0,0,0,0,0,0,0,0,0,0,0,no
0.006024,0,0,0,0.007937,0,0,0,0,0,0,0,0,no
0.012048,0.047619,0,0,0,0,0,0,0,0,0,0,0,no
0.012048,0,0,0,0,0,0,0,0,0,0,0,0,no
0.009036,0,0,0,0,0,0,0,0,0,0,0,0,no
0.009036,0.047619,0,0,0,0,0,0,0,0,0,0,0,no
0.009036,0,0,0,0.007937,0,0,0,0,0,0,0,0,no
0.009036,0,0,0,0.007937,0,0,0,0,0,0,0,0,no
0.009036,0,0,0,0.007937,0,0,0,0,0,0,0,0,no
0.009036,0,0,0,0.007937,0,0,0,0,0,0,0,0,no
0.009036,0.047619,0,0,0.007937,0,0,0,0,0,0,0,0,no
0.009036,0.047619,0,0,0.007937,0,0,0,0,0,0,0,0,no
0.009036,0.047619,0,0,0.007937,0,0,0,0,0,0,0,0,no
0.009036,0,0,0,0.007937,0,0,0,0,0,0,0,0,no
0.009036,0,0,0,0.007937,0,0,0,0,0,0,0,0,no
0.009036,0.047619,0,0,0.007937,0,0,0,0,0,0,0,0,no
0.009036,0,0,0,0,0,0,0,0,0,0,0,0,no
0.009036,0,0,0,0,0,0,0,0,0,0,0,0,no
0.012048,0.095238,0,0,0,0,0,0,0,0,0,0,0,no
0.009036,0.047619,0,0,0,0,0,0,0,0,0,0,0,no
0.009036,0,0,0,0,0,0,0,0,0,0,0,0,no
0.009036,0,0,0,0,0,0,0,0,0,0,0,0,no
0.006024,0,0,0,0.007937,0,0,0,0,0,0,0,0,no
0.01506,0.095238,0,0,0.015873,0,0,0,0,0,0,0,0,no
0.012048,0,0,0,0,0,0,0,0,0,0,0,0,no
0.009036,0,0,0,0,0,0,0,0,0,0,0,0,no
0.009036,0.047619,0,0,0,0,0,0,0,0,0,0,0,no
0.009036,0,0,0,0.007937,0,0,0,0,0,0,0,0,no
0.009036,0,0,0,0.007937,0,0,0,0,0,0,0,0,no
0.009036,0,0,0,0.007937,0,0,0,0,0,0,0,0,no
0.009036,0,0,0,0.007937,0,0,0,0,0,0,0,0,no
0.009036,0.047619,0,0,0.007937,0,0,0,0,0,0,0,0,no
0.009036,0.047619,0,0,0.015873,0,0,0,0,0,0,0,0,no
0.009036,0.047619,0,0,0.015873,0,0,0,0,0,0,0,0,no
0.009036,0,0,0,0.007937,0,0,0,0,0,0,0,0,no
0.009036,0,0,0,0.007937,0,0,0,0,0,0,0,0,no
0.009036,0.047619,0,0,0.007937,0,0,0,0,0,0,0,0,no
0.009036,0,0,0,0,0,0,0,0,0,0,0,0,no
0.021084,0.095238,0,0,0.007937,0.016129,0,0,0,0,0,0,0,no
0.01506,0.095238,0,0,0.007937,0.016129,0,0,0,0,0,0,0,no
0.009036,0,0,0,0,0,0,0,0,0,0,0,0,no
0.012048,0.095238,0,0,0,0,0,0,0,0,0,0,0,no
0.009036,0.047619,0,0,0,0,0,0,0,0,0,0,0,no
0.009036,0,0,0,0,0,0,0,0,0,0,0,0,no
0.009036,0,0,0,0,0,0,0,0,0,0,0,0,no
0.006024,0,0,0,0.007937,0,0,0,0,0,0,0,0,no
0.01506,0.047619,0,0,0,0,0,0,0,0,0,0,0,no
0.018072,0,0,0,0,0,0,0,0,0,0,0,0,no
0.009036,0,0,0,0,0,0,0,0,0,0,0,0,no
0.009036,0.047619,0,0,0,0,0,0,0,0,0,0,0,no
0.009036,0,0,0,0.007937,0,0,0,0,0,0,0,0,no
0.009036,0,0,0,0.007937,0,0,0,0,0,0,0,0,no
0.009036,0,0,0,0.007937,0,0,0,0,0,0,0,0,no
0.009036,0,0,0,0.007937,0,0,0,0,0,0,0,0,no
0.009036,0.047619,0,0,0.007937,0,0,0,0,0,0,0,0,no
0.012048,0.047619,0,0,0.007937,0,0,0,0,0,0,0,0,no
0.009036,0.047619,0,0,0.007937,0,0,0,0,0,0,0,0,no
0.012048,0.047619,0,0,0.007937,0,0,0,0,0,0,0,0,no
0.009036,0.047619,0,0,0.007937,0,0,0,0,0,0,0,0,no
0.009036,0,0,0,0.007937,0,0,0,0,0,0,0,0,no
0.009036,0,0,0,0.007937,0,0,0,0,0,0,0,0,no
0.006024,0,0,0,0.007937,0,0,0,0,0,0,0,0,no
0.009036,0.047619,0,0,0.007937,0,0,0,0,0,0,0,0,no
0.009036,0,0,0,0,0,0,0,0,0,0,0,0,no
0.009036,0,0,0,0,0,0,0,0,0,0,0,0,no
0.012048,0.095238,0,0,0,0,0,0,0,0,0,0,0,no
0.009036,0.047619,0,0,0,0,0,0,0,0,0,0,0,no
0.009036,0,0,0,0,0,0,0,0,0,0,0,0,no
0.009036,0,0,0,0,0,0,0,0,0,0,0,0,no
0.009036,0.142857,0,0,0,0,0,0,0,0,0,0,0,no
0.018072,0.142857,0,0,0.02381,0.016129,0,0,0,0,0,0,0,no
0.012048,0.095238,0,0,0,0,0,0,0,0,0,0,0,no
0.009036,0.047619,0,0,0,0,0,0,0,0,0,0,0,no
0.01506,0.285714,0,0,0.015873,0,0,0,0,0,0,0,0,no
0.024096,0.047619,0,0,0.015873,0.016129,0,0,0,0,0,0,0,no
0,0.142857,0,0,0.02381,0,0,0,0,0,0,0,0,no
0.009036,0.047619,0,0,0,0,0,0,0,0,0,0,0,no
0.009036,0.095238,0,0,0,0,0,0,0,0,0,0,0,no
0.012048,0.047619,0,0,0,0,0,0,0,0,0,0,0,no
0.009036,0,0,0,0,0,0,0,0,0,0,0,0,no
0.009036,0,0,0,0,0,0,0,0,0,0,0,0,no
0.009036,0,0,0,0,0,0,0,0,0,0,0,0,no
0.009036,0.142857,0,0,0.007937,0,0,0,0,0,0,0,0,no
0.009036,0.047619,0,0,0,0,0,0,0,0,0,0,0,no
0.009036,0.095238,0,0,0,0,0,0,0,0,0,0,0,no
0.012048,0.095238,0,0,0.007937,0,0,0,0,0,0,0,0,no
0.018072,0.095238,0,0,0.015873,0.016129,0,0,0,0,0,0,0,no
0.006024,0,0,0,0.015873,0,0,0,0,0,0,0,0,no
0.009036,0.047619,0,0,0,0,0,0,0,0,0,0,0,no
0.009036,0.095238,0,0,0,0,0,0,0,0,0,0,0,no
0,0.095238,0,0,0.015873,0,0,0,0,0,0,0,0,no
0.009036,0.047619,0,0,0,0,0,0,0,0,0,0,0,no
0.009036,0.095238,0,0,0,0,0,0,0,0,0,0,0,no
0.012048,0.047619,0,0,0,0,0,0,0,0,0,0,0,no
0.009036,0,0,0,0,0,0,0,0,0,0,0,0,no
0.009036,0,0,0,0,0,0,0,0,0,0,0,0,no
0.009036,0,0,0,0,0,0,0,0,0,0,0,0,no
0.006024,0,0,0,0.007937,0,0,0,0,0,0,0,0,no
0.01506,0.095238,0,0,0,0,0,0,0,0,0,0,0,no
0.012048,0,0,0,0,0,0,0,0,0,0,0,0,no
0.009036,0,0,0,0,0,0,0,0,0,0,0,0,no
0.009036,0.047619,0,0,0,0,0,0,0,0,0,0,0,no
0.009036,0,0,0,0.007937,0,0,0,0,0,0,0,0,no
0.009036,0,0,0,0.007937,0,0,0,0,0,0,0,0,no
0.009036,0,0,0,0.007937,0,0,0,0,0,0,0,0,no
0.009036,0,0,0,0.007937,0,0,0,0,0,0,0,0,no
0.009036,0.047619,0,0,0.007937,0,0,0,0,0,0,0,0,no
0.009036,0.047619,0,0,0.007937,0,0,0,0,0,0,0,0,no
0.009036,0.047619,0,0,0.007937,0,0,0,0,0,0,0,0,no
0.009036,0,0,0,0.007937,0,0,0,0,0,0,0,0,no
0.009036,0,0,0,0.007937,0,0,0,0,0,0,0,0,no
0.006024,0,0,0,0.007937,0,0,0,0,0,0,0,0,no
0.009036,0.047619,0,0,0.007937,0,0,0,0,0,0,0,0,no
0.012048,0.095238,0,0,0,0,0,0,0,0,0,0,0,no
0.009036,0.047619,0,0,0,0,0,0,0,0,0,0,0,no
0.009036,0,0,0,0,0,0,0,0,0,0,0,0,no
0.009036,0,0,0,0,0,0,0,0,0,0,0,0,no
0.009036,0,0,0,0,0,0,0,0,0,0,0,0,no
0.009036,0,0,0,0,0,0,0,0,0,0,0,0,no
0.006024,0,0,0,0.007937,0,0,0,0,0,0,0,0,no
0.018072,0.142857,0,0,0,0,0,0,0,0,0,0,0,no
0.01506,0,0,0,0,0,0,0,0,0,0,0,0,no
0.009036,0,0,0,0,0,0,0,0,0,0,0,0,no
0.009036,0.047619,0,0,0,0,0,0,0,0,0,0,0,no
0.009036,0,0,0,0.007937,0,0,0,0,0,0,0,0,no
0.009036,0,0,0,0.007937,0,0,0,0,0,0,0,0,no
0.009036,0,0,0,0.007937,0,0,0,0,0,0,0,0,no
0.009036,0,0,0,0.007937,0,0,0,0,0,0,0,0,no
0.009036,0,0,0,0.007937,0,0,0,0,0,0,0,0,no
0.009036,0,0,0,0.007937,0,0,0,0,0,0,0,0,no
0.009036,0.047619,0,0,0.007937,0,0,0,0,0,0,0,0,no
0.009036,0.047619,0,0,0.007937,0,0,0,0,0,0,0,0,no
0.009036,0.047619,0,0,0.007937,0,0,0,0,0,0,0,0,no
0.009036,0.047619,0,0,0.007937,0,0,0,0,0,0,0,0,no
0.009036,0,0,0,0.007937,0,0,0,0,0,0,0,0,no
0.009036,0,0,0,0.007937,0,0,0,0,0,0,0,0,no
0.009036,0,0,0,0.007937,0,0,0,0,0,0,0,0,no
0.006024,0,0,0,0.007937,0,0,0,0,0,0,0,0,no
0.009036,0.047619,0,0,0.007937,0,0,0,0,0,0,0,0,no
0.012048,0.095238,0,0,0,0,0,0,0,0,0,0,0,no
0.009036,0.047619,0,0,0,0,0,0,0,0,0,0,0,no
0.009036,0,0,0,0,0,0,0,0,0,0,0,0,no
0.009036,0,0,0,0,0,0,0,0,0,0,0,0,no
0.009036,0,0,0,0,0,0,0,0,0,0,0,0,no
0.009036,0,0,0,0,0,0,0,0,0,0,0,0,no
0.009036,0.142857,0,0,0,0,0,0,0,0,0,0,0,no
0.018072,0.095238,0,0,0.02381,0.016129,0,0,0,0,0,0,0,no
0.018072,0.142857,0,0,0.02381,0.016129,0,0,0,0,0,0,0,no
0.018072,0.095238,0,0,0.02381,0.016129,0,0,0,0,0,0,0,no
0.018072,0.142857,0,0,0.02381,0.016129,0,0,0,0,0,0,0,no
0.012048,0.095238,0,0,0,0,0,0,0,0,0,0,0,no
0.009036,0.047619,0,0,0,0,0,0,0,0,0,0,0,no
0.01506,0.285714,0,0,0.015873,0,0,0,0,0,0,0,0,no
0.024096,0.047619,0,0,0.015873,0.016129,0,0,0,0,0,0,0,no
0.012048,0.238095,0,0,0.015873,0,0,0,0,0,0,0,0,no
0.021084,0.047619,0,0,0.015873,0.016129,0,0,0,0,0,0,0,no
0.012048,0.238095,0,0,0.015873,0,0,0,0,0,0,0,0,no
0.021084,0.047619,0,0,0.015873,0.016129,0,0,0,0,0,0,0,no
0.01506,0.285714,0,0,0.015873,0,0,0,0,0,0,0,0,no
0.024096,0.047619,0,0,0.015873,0.016129,0,0,0,0,0,0,0,no
0,0.095238,0,0,0.02381,0,0,0,0,0,0,0,0,no
0,0.142857,0,0,0.02381,0,0,0,0,0,0,0,0,no
0,0.095238,0,0,0.02381,0,0,0,0,0,0,0,0,no
0,0.142857,0,0,0.02381,0,0,0,0,0,0,0,0,no
0.009036,0.047619,0,0,0,0,0,0,0,0,0,0,0,no
0.009036,0.095238,0,0,0,0,0,0,0,0,0,0,0,no
0.021084,0.047619,0,0,0,0,0,0,0,0,0,0,0,no
0.009036,0,0,0,0,0,0,0,0,0,0,0,0,no
0.009036,0,0,0,0,0,0,0,0,0,0,0,0,no
0.009036,0,0,0,0,0,0,0,0,0,0,0,0,no
0.009036,0.142857,0,0,0.007937,0,0,0,0,0,0,0,0,no
0.009036,0,0,0,0,0,0,0,0,0,0,0,0,no
0.009036,0,0,0,0,0,0,0,0,0,0,0,0,no
0.009036,0,0,0,0,0,0,0,0,0,0,0,0,no
0.009036,0.142857,0,0,0.007937,0,0,0,0,0,0,0,0,no
0.009036,0,0,0,0,0,0,0,0,0,0,0,0,no
0.009036,0,0,0,0,0,0,0,0,0,0,0,0,no
0.009036,0,0,0,0,0,0,0,0,0,0,0,0,no
0.009036,0.142857,0,0,0.007937,0,0,0,0,0,0,0,0,no
0.009036,0,0,0,0,0,0,0,0,0,0,0,0,no
0.009036,0,0,0,0,0,0,0,0,0,0,0,0,no
0.009036,0,0,0,0,0,0,0,0,0,0,0,0,no
0.009036,0.142857,0,0,0.007937,0,0,0,0,0,0,0,0,no
0.009036,0.047619,0,0,0,0,0,0,0,0,0,0,0,no
0.009036,0.095238,0,0,0,0,0,0,0,0,0,0,0,no
0.012048,0.047619,0,0,0.007937,0,0,0,0,0,0,0,0,no
0.012048,0.095238,0,0,0.007937,0,0,0,0,0,0,0,0,no
0.012048,0.047619,0,0,0.007937,0,0,0,0,0,0,0,0,no
0.012048,0.095238,0,0,0.007937,0,0,0,0,0,0,0,0,no
0.01506,0.047619,0,0,0.015873,0.016129,0,0,0,0,0,0,0,no
0.018072,0.095238,0,0,0.015873,0.016129,0,0,0,0,0,0,0,no
0.01506,0.047619,0,0,0.015873,0.016129,0,0,0,0,0,0,0,no
0.018072,0.095238,0,0,0.015873,0.016129,0,0,0,0,0,0,0,no
0.006024,0,0,0,0.015873,0,0,0,0,0,0,0,0,no
0.009036,0.047619,0,0,0,0,0,0,0,0,0,0,0,no
0.009036,0.095238,0,0,0,0,0,0,0,0,0,0,0,no
0,0.047619,0,0,0.015873,0,0,0,0,0,0,0,0,no
0,0.095238,0,0,0.015873,0,0,0,0,0,0,0,0,no
0,0.047619,0,0,0.015873,0,0,0,0,0,0,0,0,no
0,0.095238,0,0,0.015873,0,0,0,0,0,0,0,0,no
0.009036,0.047619,0,0,0,0,0,0,0,0,0,0,0,no
0.009036,0.095238,0,0,0,0,0,0,0,0,0,0,0,no
0.021084,0.047619,0,0,0,0,0,0,0,0,0,0,0,no
0.009036,0,0,0,0,0,0,0,0,0,0,0,0,no
0.009036,0,0,0,0,0,0,0,0,0,0,0,0,no
0.009036,0,0,0,0,0,0,0,0,0,0,0,0,no
0.009036,0,0,0,0,0,0,0,0,0,0,0,0,no
0.009036,0,0,0,0,0,0,0,0,0,0,0,0,no
0.009036,0,0,0,0,0,0,0,0,0,0,0,0,no
0.009036,0,0,0,0,0,0,0,0,0,0,0,0,no
0.009036,0,0,0,0,0,0,0,0,0,0,0,0,no
0.009036,0,0,0,0,0,0,0,0,0,0,0,0,no
0.009036,0,0,0,0,0,0,0,0,0,0,0,0,no
0.009036,0,0,0,0,0,0,0,0,0,0,0,0,no
0.009036,0,0,0,0,0,0,0,0,0,0,0,0,no
0.006024,0,0,0,0.007937,0,0,0,0,0,0,0,0,no
0.01506,0.095238,0,0,0,0,0,0,0,0,0,0,0,no
0.012048,0,0,0,0,0,0,0,0,0,0,0,0,no
0.009036,0,0,0,0,0,0,0,0,0,0,0,0,no
0.009036,0.047619,0,0,0,0,0,0,0,0,0,0,0,no
0.009036,0,0,0,0.007937,0,0,0,0,0,0,0,0,no
0.009036,0,0,0,0.007937,0,0,0,0,0,0,0,0,no
0.009036,0,0,0,0.007937,0,0,0,0,0,0,0,0,no
0.009036,0,0,0,0.007937,0,0,0,0,0,0,0,0,no
0.009036,0.047619,0,0,0.007937,0,0,0,0,0,0,0,0,no
0.009036,0.047619,0,0,0.007937,0,0,0,0,0,0,0,0,no
0.009036,0.047619,0,0,0.007937,0,0,0,0,0,0,0,0,no
0.009036,0,0,0,0.007937,0,0,0,0,0,0,0,0,no
0.009036,0,0,0,0.007937,0,0,0,0,0,0,0,0,no
0.006024,0,0,0,0.007937,0,0,0,0,0,0,0,0,no
0.009036,0.047619,0,0,0.007937,0,0,0,0,0,0,0,0,no
0.012048,0.095238,0,0,0,0,0,0,0,0,0,0,0,no
0.009036,0.047619,0,0,0,0,0,0,0,0,0,0,0,no
0.009036,0,0,0,0,0,0,0,0,0,0,0,0,no
0.009036,0,0,0,0,0,0,0,0,0,0,0,0,no
0.009036,0,0,0,0,0,0,0,0,0,0,0,0,no
0.009036,0,0,0,0,0,0,0,0,0,0,0,0,no
0.006024,0,0,0,0.007937,0,0,0,0,0,0,0,0,no
0.012048,0.047619,0,0,0,0,0,0,0,0,0,0,0,no
0.009036,0,0,0,0,0,0,0,0,0,0,0,0,no
0.009036,0,0,0,0,0,0,0,0,0,0,0,0,no
0.009036,0.047619,0,0,0,0,0,0,0,0,0,0,0,no
0.009036,0,0,0,0.007937,0,0,0,0,0,0,0,0,no
0.009036,0,0,0,0.007937,0,0,0,0,0,0,0,0,no
0.009036,0.047619,0,0,0.007937,0,0,0,0,0,0,0,0,no
0.009036,0.047619,0,0,0.007937,0,0,0,0,0,0,0,0,no
0.009036,0,0,0,0.007937,0,0,0,0,0,0,0,0,no
0.006024,0,0,0,0.007937,0,0,0,0,0,0,0,0,no
0.009036,0.047619,0,0,0.007937,0,0,0,0,0,0,0,0,no
0.012048,0.095238,0,0,0,0,0,0,0,0,0,0,0,no
0.009036,0.047619,0,0,0,0,0,0,0,0,0,0,0,no
0.009036,0,0,0,0,0,0,0,0,0,0,0,0,no
0.009036,0,0,0,0,0,0,0,0,0,0,0,0,no
0.009036,0,0,0,0,0,0,0,0,0,0,0,0,no
0.009036,0,0,0,0,0,0,0,0,0,0,0,0,no
0.006024,0,0,0,0.007937,0,0,0,0,0,0,0,0,no
0.012048,0.047619,0,0,0,0,0,0,0,0,0,0,0,no
0.009036,0,0,0,0,0,0,0,0,0,0,0,0,no
0.009036,0,0,0,0,0,0,0,0,0,0,0,0,no
0.009036,0.047619,0,0,0,0,0,0,0,0,0,0,0,no
0.009036,0,0,0,0.007937,0,0,0,0,0,0,0,0,no
0.009036,0,0,0,0.007937,0,0,0,0,0,0,0,0,no
0.009036,0.047619,0,0,0.007937,0,0,0,0,0,0,0,0,no
0.009036,0.047619,0,0,0.007937,0,0,0,0,0,0,0,0,no
0.009036,0,0,0,0.007937,0,0,0,0,0,0,0,0,no
0.006024,0,0,0,0.007937,0,0,0,0,0,0,0,0,no
0.009036,0.047619,0,0,0.007937,0,0,0,0,0,0,0,0,no
0.012048,0.095238,0,0,0,0,0,0,0,0,0,0,0,no
0.009036,0.047619,0,0,0,0,0,0,0,0,0,0,0,no
0.009036,0,0,0,0,0,0,0,0,0,0,0,0,no
0.009036,0,0,0,0,0,0,0,0,0,0,0,0,no
0.009036,0,0,0,0,0,0,0,0,0,0,0,0,no
0.009036,0,0,0,0,0,0,0,0,0,0,0,0,no
0.006024,0,0,0,0.007937,0,0,0,0,0,0,0,0,no
0.012048,0.047619,0,0,0,0,0,0,0,0,0,0,0,no
0.009036,0,0,0,0,0,0,0,0,0,0,0,0,no
0.009036,0,0,0,0,0,0,0,0,0,0,0,0,no
0.009036,0.047619,0,0,0,0,0,0,0,0,0,0,0,no
0.009036,0,0,0,0.007937,0,0,0,0,0,0,0,0,no
0.009036,0,0,0,0.007937,0,0,0,0,0,0,0,0,no
0.009036,0.047619,0,0,0.007937,0,0,0,0,0,0,0,0,no
0.009036,0.047619,0,0,0.007937,0,0,0,0,0,0,0,0,no
0.009036,0,0,0,0.007937,0,0,0,0,0,0,0,0,no
0.006024,0,0,0,0.007937,0,0,0,0,0,0,0,0,no
0.009036,0.047619,0,0,0.007937,0,0,0,0,0,0,0,0,no
0.012048,0.095238,0,0,0,0,0,0,0,0,0,0,0,no
0.009036,0.047619,0,0,0,0,0,0,0,0,0,0,0,no
0.009036,0,0,0,0,0,0,0,0,0,0,0,0,no
0.009036,0,0,0,0,0,0,0,0,0,0,0,0,no
0.009036,0,0,0,0,0,0,0,0,0,0,0,0,no
0.009036,0,0,0,0,0,0,0,0,0,0,0,0,no
0.006024,0,0,0,0.007937,0,0,0,0,0,0,0,0,no
0.012048,0.047619,0,0,0,0,0,0,0,0,0,0,0,no
0.009036,0,0,0,0,0,0,0,0,0,0,0,0,no
0.009036,0,0,0,0,0,0,0,0,0,0,0,0,no
0.009036,0.047619,0,0,0,0,0,0,0,0,0,0,0,no
0.009036,0,0,0,0.007937,0,0,0,0,0,0,0,0,no
0.009036,0,0,0,0.007937,0,0,0,0,0,0,0,0,no
0.009036,0.047619,0,0,0.007937,0,0,0,0,0,0,0,0,no
0.009036,0.047619,0,0,0.007937,0,0,0,0,0,0,0,0,no
0.009036,0,0,0,0.007937,0,0,0,0,0,0,0,0,no
0.006024,0,0,0,0.007937,0,0,0,0,0,0,0,0,no
0.009036,0.047619,0,0,0.007937,0,0,0,0,0,0,0,0,no
0.012048,0.095238,0,0,0,0,0,0,0,0,0,0,0,no
0.009036,0.047619,0,0,0,0,0,0,0,0,0,0,0,no
0.009036,0,0,0,0,0,0,0,0,0,0,0,0,no
0.009036,0,0,0,0,0,0,0,0,0,0,0,0,no
0.009036,0,0,0,0,0,0,0,0,0,0,0,0,no
0.009036,0,0,0,0,0,0,0,0,0,0,0,0,no
0.006024,0,0,0,0.007937,0,0,0,0,0,0,0,0,no
0.01506,0.095238,0,0,0,0,0,0,0,0,0,0,0,no
0.012048,0,0,0,0,0,0,0,0,0,0,0,0,no
0.009036,0,0,0,0,0,0,0,0,0,0,0,0,no
0.009036,0.047619,0,0,0,0,0,0,0,0,0,0,0,no
0.009036,0,0,0,0.007937,0,0,0,0,0,0,0,0,no
0.009036,0,0,0,0.007937,0,0,0,0,0,0,0,0,no
0.009036,0,0,0,0.007937,0,0,0,0,0,0,0,0,no
0.009036,0,0,0,0.007937,0,0,0,0,0,0,0,0,no
0.009036,0.047619,0,0,0.007937,0,0,0,0,0,0,0,0,no
0.009036,0.047619,0,0,0.007937,0,0,0,0,0,0,0,0,no
0.009036,0.047619,0,0,0.007937,0,0,0,0,0,0,0,0,no
0.009036,0,0,0,0.007937,0,0,0,0,0,0,0,0,no
0.009036,0,0,0,0.007937,0,0,0,0,0,0,0,0,no
0.009036,0.047619,0,0,0.007937,0,0,0,0,0,0,0,0,no
0.012048,0.095238,0,0,0,0,0,0,0,0,0,0,0,no
0.009036,0.047619,0,0,0,0,0,0,0,0,0,0,0,no
0.009036,0,0,0,0,0,0,0,0,0,0,0,0,no
0.009036,0,0,0,0,0,0,0,0,0,0,0,0,no
0.009036,0,0,0,0,0,0,0,0,0,0,0,0,no
0.009036,0,0,0,0,0,0,0,0,0,0,0,0,no
0.006024,0,0,0,0.007937,0,0,0,0,0,0,0,0,no
0.01506,0.095238,0,0,0,0,0,0,0,0,0,0,0,no
0.012048,0,0,0,0,0,0,0,0,0,0,0,0,no
0.009036,0,0,0,0,0,0,0,0,0,0,0,0,no
0.009036,0.047619,0,0,0,0,0,0,0,0,0,0,0,no
0.009036,0,0,0,0.007937,0,0,0,0,0,0,0,0,no
0.009036,0,0,0,0.007937,0,0,0,0,0,0,0,0,no
0.009036,0,0,0,0.007937,0,0,0,0,0,0,0,0,no
0.009036,0,0,0,0.007937,0,0,0,0,0,0,0,0,no
0.009036,0.047619,0,0,0.007937,0,0,0,0,0,0,0,0,no
0.009036,0.047619,0,0,0.007937,0,0,0,0,0,0,0,0,no
0.009036,0.047619,0,0,0.007937,0,0,0,0,0,0,0,0,no
0.009036,0,0,0,0.007937,0,0,0,0,0,0,0,0,no
0.009036,0,0,0,0.007937,0,0,0,0,0,0,0,0,no
0.006024,0,0,0,0.007937,0,0,0,0,0,0,0,0,no
0.009036,0.047619,0,0,0.007937,0,0,0,0,0,0,0,0,no
0.012048,0.095238,0,0,0,0,0,0,0,0,0,0,0,no
0.009036,0.047619,0,0,0,0,0,0,0,0,0,0,0,no
0.009036,0,0,0,0,0,0,0,0,0,0,0,0,no
0.009036,0,0,0,0,0,0,0,0,0,0,0,0,no
0.009036,0,0,0,0,0,0,0,0,0,0,0,0,no
0.009036,0,0,0,0,0,0,0,0,0,0,0,0,no
0.006024,0,0,0,0.007937,0,0,0,0,0,0,0,0,no
0.012048,0.047619,0,0,0,0,0,0,0,0,0,0,0,no
0.009036,0,0,0,0,0,0,0,0,0,0,0,0,no
0.009036,0,0,0,0,0,0,0,0,0,0,0,0,no
0.009036,0.047619,0,0,0,0,0,0,0,0,0,0,0,no
0.009036,0,0,0,0.007937,0,0,0,0,0,0,0,0,no
0.009036,0,0,0,0.007937,0,0,0,0,0,0,0,0,no
0.009036,0.047619,0,0,0.007937,0,0,0,0,0,0,0,0,no
0.009036,0.047619,0,0,0.007937,0,0,0,0,0,0,0,0,no
0.009036,0,0,0,0.007937,0,0,0,0,0,0,0,0,no
0.006024,0,0,0,0.007937,0,0,0,0,0,0,0,0,no
0.009036,0.047619,0,0,0.007937,0,0,0,0,0,0,0,0,no
0.012048,0.095238,0,0,0,0,0,0,0,0,0,0,0,no
0.009036,0.047619,0,0,0,0,0,0,0,0,0,0,0,no
0.009036,0,0,0,0,0,0,0,0,0,0,0,0,no
0.009036,0,0,0,0,0,0,0,0,0,0,0,0,no
0.009036,0,0,0,0,0,0,0,0,0,0,0,0,no
0.009036,0,0,0,0,0,0,0,0,0,0,0,0,no
0.006024,0,0,0,0.007937,0,0,0,0,0,0,0,0,no
0.018072,0.095238,0,0,0.007937,0,0,0,0,0,0,0,0,no
0.024096,0,0,0,0,0,0,0,0,0,0,0,0,no
0.009036,0,0,0,0,0,0,0,0,0,0,0,0,no
0.009036,0.047619,0,0,0,0,0,0,0,0,0,0,0,no
0.009036,0,0,0,0.007937,0,0,0,0,0,0,0,0,no
0.009036,0,0,0,0.007937,0,0,0,0,0,0,0,0,no
0.009036,0,0,0,0.007937,0,0,0,0,0,0,0,0,no
0.009036,0,0,0,0.007937,0,0,0,0,0,0,0,0,no
0.009036,0,0,0,0.007937,0,0,0,0,0,0,0,0,no
0.009036,0,0,0,0.007937,0,0,0,0,0,0,0,0,no
0.009036,0,0,0,0.007937,0,0,0,0,0,0,0,0,no
0.009036,0,0,0,0.007937,0,0,0,0,0,0,0,0,no
0.009036,0.047619,0,0,0.007937,0,0,0,0,0,0,0,0,no
0.009036,0.047619,0,0,0.007937,0,0,0,0,0,0,0,0,no
0.012048,0.047619,0,0,0.015873,0,0,0,0,0,0,0,0,no
0.009036,0.047619,0,0,0.007937,0,0,0,0,0,0,0,0,no
0.009036,0.047619,0,0,0.007937,0,0,0,0,0,0,0,0,no
0.012048,0.047619,0,0,0.007937,0,0,0,0,0,0,0,0,no
0.009036,0.047619,0,0,0.007937,0,0,0,0,0,0,0,0,no
0.009036,0,0,0,0.007937,0,0,0,0,0,0,0,0,no
0.009036,0,0,0,0.007937,0,0,0,0,0,0,0,0,no
0.009036,0,0,0,0.007937,0,0,0,0,0,0,0,0,no
0.009036,0,0,0,0.007937,0,0,0,0,0,0,0,0,no
0.009036,0.047619,0,0,0.007937,0,0,0,0,0,0,0,0,no
0.009036,0,0,0,0,0,0,0,0,0,0,0,0,no
0.009036,0,0,0,0,0,0,0,0,0,0,0,0,no
0.012048,0.095238,0,0,0,0,0,0,0,0,0,0,0,no
0.009036,0.047619,0,0,0,0,0,0,0,0,0,0,0,no
0.009036,0,0,0,0,0,0,0,0,0,0,0,0,no
0.009036,0,0,0,0,0,0,0,0,0,0,0,0,no
0.006024,0,0,0,0.007937,0,0,0,0,0,0,0,0,no
0.012048,0,0,0,0,0,0,0,0,0,0,0,0,no
0.009036,0,0,0,0,0,0,0,0,0,0,0,0,no
0.009036,0.047619,0,0,0,0,0,0,0,0,0,0,0,no
0.009036,0,0,0,0.007937,0,0,0,0,0,0,0,0,no
0.009036,0,0,0,0.007937,0,0,0,0,0,0,0,0,no
0.009036,0,0,0,0.007937,0,0,0,0,0,0,0,0,no
0.009036,0,0,0,0.007937,0,0,0,0,0,0,0,0,no
0.009036,0.047619,0,0,0.007937,0,0,0,0,0,0,0,0,no
0.009036,0.047619,0,0,0.015873,0,0,0,0,0,0,0,0,no
0.009036,0.047619,0,0,0.007937,0,0,0,0,0,0,0,0,no
0.009036,0,0,0,0.007937,0,0,0,0,0,0,0,0,no
0.009036,0,0,0,0.007937,0,0,0,0,0,0,0,0,no
0.009036,0.047619,0,0,0.007937,0,0,0,0,0,0,0,0,no
0.009036,0,0,0,0,0,0,0,0,0,0,0,0,no
0.009036,0,0,0,0,0,0,0,0,0,0,0,0,no
0.012048,0.095238,0,0,0,0,0,0,0,0,0,0,0,no
0.009036,0.047619,0,0,0,0,0,0,0,0,0,0,0,no
0.009036,0,0,0,0,0,0,0,0,0,0,0,0,no
0.009036,0,0,0,0,0,0,0,0,0,0,0,0,no
0.006024,0,0,0,0.007937,0,0,0,0,0,0,0,0,no
0.01506,0.047619,0,0,0,0,0,0,0,0,0,0,0,no
0.021084,0.095238,0,0,0.015873,0,0,0,0,0,0,0,0,no
0.018072,0,0,0,0,0,0,0,0,0,0,0,0,no
0.009036,0,0,0,0,0,0,0,0,0,0,0,0,no
0.009036,0.047619,0,0,0,0,0,0,0,0,0,0,0,no
0.009036,0,0,0,0.007937,0,0,0,0,0,0,0,0,no
0.009036,0,0,0,0.007937,0,0,0,0,0,0,0,0,no
0.009036,0,0,0,0.007937,0,0,0,0,0,0,0,0,no
0.009036,0,0,0,0.007937,0,0,0,0,0,0,0,0,no
0.009036,0.047619,0,0,0.007937,0,0,0,0,0,0,0,0,no
0.012048,0.047619,0,0,0.015873,0,0,0,0,0,0,0,0,no
0.009036,0.047619,0,0,0.007937,0,0,0,0,0,0,0,0,no
0.012048,0.047619,0,0,0.015873,0,0,0,0,0,0,0,0,no
0.009036,0.047619,0,0,0.007937,0,0,0,0,0,0,0,0,no
0.009036,0,0,0,0.007937,0,0,0,0,0,0,0,0,no
0.009036,0,0,0,0.007937,0,0,0,0,0,0,0,0,no
0.009036,0.047619,0,0,0.007937,0,0,0,0,0,0,0,0,no
0.036145,0.095238,0,0,0.007937,0,0,0,0,0,0,0,0,no
0.009036,0,0,0,0,0,0,0,0,0,0,0,0,no
0.021084,0.095238,0,0,0.007937,0.016129,0,0,0,0,0,0,0,no
0.01506,0.095238,0,0,0.007937,0.016129,0,0,0,0,0,0,0,no
0.009036,0,0,0,0,0,0,0,0,0,0,0,0,no
0.012048,0.095238,0,0,0,0,0,0,0,0,0,0,0,no
0.009036,0.047619,0,0,0,0,0,0,0,0,0,0,0,no
0.009036,0,0,0,0,0,0,0,0,0,0,0,0,no
0.009036,0,0,0,0,0,0,0,0,0,0,0,0,no
0.009036,0,0,0,0,0,0,0,0,0,0,0,0,no
0.009036,0.047619,0,0,0,0,0,0,0,0,0,0,0,no
0.009036,0.095238,0,0,0,0,0,0,0,0,0,0,0,no
0.01506,0.047619,0,0,0,0.016129,0,0,0,0,0,0,0,no
0.009036,0,0,0,0,0,0,0,0,0,0,0,0,no
0.009036,0.047619,0,0,0,0,0,0,0,0,0,0,0,no
0.009036,0.047619,0,0,0.007937,0,0,0,0,0,0,0,0,no
0.009036,0.047619,0,0,0,0,0,0,0,0,0,0,0,no
0.009036,0,0,0,0,0,0,0,0,0,0,0,0,no
0.009036,0,0,0,0.007937,0,0,0,0,0,0,0,0,no
0.009036,0,0,0,0.007937,0,0,0,0,0,0,0,0,no
0.01506,0.047619,0,0,0,0.016129,0,0,0,0,0,0,0,no
0.012048,0.095238,0,0,0,0,0,0,0,0,0,0,0,no
0.009036,0.047619,0,0,0,0,0,0,0,0,0,0,0,no
0.009036,0,0,0,0,0,0,0,0,0,0,0,0,no
0.009036,0,0,0,0,0,0,0,0,0,0,0,0,no
0.006024,0,0,0,0.007937,0,0,0,0,0,0,0,0,no
0.024096,0.190476,0,0,0,0,0,0,0,0,0,0,0,no
0.021084,0,0,0,0,0,0,0,0,0,0,0,0,no
0.009036,0,0,0,0,0,0,0,0,0,0,0,0,no
0.009036,0.047619,0,0,0,0,0,0,0,0,0,0,0,no
0.009036,0,0,0,0.007937,0,0,0,0,0,0,0,0,no
0.009036,0,0.010638,0,0.007937,0,0,0,0,0,0,0,0,no
0.009036,0,0,0,0.007937,0,0,0,0,0,0,0,0,no
0.009036,0,0,0,0.007937,0,0,0,0,0,0,0,0,no
0.009036,0,0,0,0.007937,0,0,0,0,0,0,0,0,no
0.009036,0,0.010638,0,0.007937,0,0,0,0,0,0,0,0,no
0.009036,0,0,0,0.007937,0,0,0,0,0,0,0,0,no
0.009036,0,0,0,0.007937,0,0,0,0,0,0,0,0,no
0.009036,0,0,0,0.007937,0,0,0,0,0,0,0,0,no
0.009036,0,0,0,0.007937,0,0,0,0,0,0,0,0,no
0.009036,0.047619,0,0,0.007937,0,0,0,0,0,0,0,0,no
0.009036,0.047619,0,0,0.007937,0,0,0,0,0,0,0,0,no
0.012048,0.047619,0,0,0.007937,0,0,0,0,0,0,0,0,no
0.009036,0.047619,0,0,0.007937,0,0,0,0,0,0,0,0,no
0.009036,0.047619,0,0,0.007937,0,0,0,0,0,0,0,0,no
0.009036,0.047619,0,0,0.007937,0,0,0,0,0,0,0,0,no
0.009036,0,0,0,0.007937,0,0,0,0,0,0,0,0,no
0.009036,0,0,0,0.007937,0,0,0,0,0,0,0,0,no
0.009036,0,0,0,0.007937,0,0,0,0,0,0,0,0,no
0.009036,0,0,0,0.007937,0,0,0,0,0,0,0,0,no
0.009036,0.047619,0,0,0.007937,0,0,0,0,0,0,0,0,no
0.009036,0,0,0,0,0,0,0,0,0,0,0,0,no
0.009036,0,0,0,0,0,0,0,0,0,0,0,0,no
0.012048,0.095238,0,0,0,0,0,0,0,0,0,0,0,no
0.009036,0.047619,0,0,0,0,0,0,0,0,0,0,0,no
0.009036,0,0,0,0,0,0,0,0,0,0,0,0,no
0.009036,0,0,0,0,0,0,0,0,0,0,0,0,no
0.006024,0,0,0,0.007937,0,0,0,0,0,0,0,0,no
0.03012,0.238095,0,0,0.02381,0,0,0,0,0,0,0,0,no
0.03012,0,0,0,0,0,0,0,0,0,0,0,0,no
0.009036,0,0,0,0,0,0,0,0,0,0,0,0,no
0.009036,0.047619,0,0,0,0,0,0,0,0,0,0,0,no
0.009036,0,0,0,0.007937,0,0,0,0,0,0,0,0,no
0.009036,0,0,0,0.007937,0,0,0,0,0,0,0,0,no
0.009036,0,0,0,0.007937,0,0,0,0,0,0,0,0,no
0.009036,0,0,0,0.007937,0,0,0,0,0,0,0,0,no
0.009036,0,0,0,0.007937,0,0,0,0,0,0,0,0,no
0.009036,0,0,0,0.007937,0,0,0,0,0,0,0,0,no
0.009036,0,0,0,0.007937,0,0,0,0,0,0,0,0,no
0.009036,0,0,0,0.007937,0,0,0,0,0,0,0,0,no
0.009036,0,0,0,0.007937,0,0,0,0,0,0,0,0,no
0.009036,0,0,0,0.007937,0,0,0,0,0,0,0,0,no
0.009036,0,0,0,0.007937,0,0,0,0,0,0,0,0,no
0.009036,0,0,0,0.007937,0,0,0,0,0,0,0,0,no
0.009036,0.047619,0,0,0.007937,0,0,0,0,0,0,0,0,no
0.009036,0.047619,0,0,0.015873,0,0,0,0,0,0,0,0,no
0.009036,0.047619,0,0,0.015873,0,0,0,0,0,0,0,0,no
0.009036,0.047619,0,0,0.007937,0,0,0,0,0,0,0,0,no
0.012048,0.047619,0,0,0.007937,0,0,0,0,0,0,0,0,no
0.009036,0.047619,0,0,0.007937,0,0,0,0,0,0,0,0,no
0.009036,0.047619,0,0,0.007937,0,0,0,0,0,0,0,0,no
0.012048,0.047619,0,0,0.015873,0,0,0,0,0,0,0,0,no
0.009036,0.047619,0,0,0.007937,0,0,0,0,0,0,0,0,no
0.009036,0,0,0,0.007937,0,0,0,0,0,0,0,0,no
0.009036,0,0,0,0.007937,0,0,0,0,0,0,0,0,no
0.009036,0,0,0,0.007937,0,0,0,0,0,0,0,0,no
0.009036,0,0,0,0.007937,0,0,0,0,0,0,0,0,no
0.009036,0,0,0,0.007937,0,0,0,0,0,0,0,0,no
0.009036,0,0,0,0.007937,0,0,0,0,0,0,0,0,no
0.009036,0.047619,0,0,0.007937,0,0,0,0,0,0,0,0,no
0.009036,0,0,0,0,0,0,0,0,0,0,0,0,no
0.009036,0,0,0,0,0,0,0,0,0,0,0,0,no
0.012048,0.095238,0,0,0,0,0,0,0,0,0,0,0,no
0.009036,0.047619,0,0,0,0,0,0,0,0,0,0,0,no
0.009036,0,0,0,0,0,0,0,0,0,0,0,0,no
0.009036,0,0,0,0,0,0,0,0,0,0,0,0,no
0.006024,0,0,0,0.007937,0,0,0,0,0,0,0,0,no
0.009036,0,0,0,0,0,0,0,0,0,0,0,0,no
0.009036,0,0,0,0,0,0,0,0,0,0,0,0,no
0.009036,0.047619,0,0,0,0,0,0,0,0,0,0,0,no
0.009036,0,0,0,0.007937,0,0,0,0,0,0,0,0,no
0.009036,0,0,0,0.007937,0,0,0,0,0,0,0,0,no
0.009036,0.047619,0,0,0.007937,0,0,0,0,0,0,0,0,no
0.009036,0.047619,0,0,0.015873,0,0,0,0,0,0,0,0,no
0.009036,0,0,0,0.007937,0,0,0,0,0,0,0,0,no
0.006024,0,0,0,0.007937,0,0,0,0,0,0,0,0,no
0.009036,0.047619,0,0,0.007937,0,0,0,0,0,0,0,0,no
0.009036,0,0,0,0,0,0,0,0,0,0,0,0,no
0.009036,0,0,0,0,0,0,0,0,0,0,0,0,no
0.012048,0.095238,0,0,0,0,0,0,0,0,0,0,0,no
0.009036,0.047619,0,0,0,0,0,0,0,0,0,0,0,no
0.009036,0,0,0,0,0,0,0,0,0,0,0,0,no
0.009036,0,0,0,0,0,0,0,0,0,0,0,0,no
0.006024,0,0,0,0.007937,0,0,0,0,0,0,0,0,no
0.01506,0.095238,0,0,0,0,0,0,0,0,0,0,0,no
0.012048,0,0,0,0,0,0,0,0,0,0,0,0,no
0.009036,0,0,0,0,0,0,0,0,0,0,0,0,no
0.009036,0.047619,0,0,0,0,0,0,0,0,0,0,0,no
0.009036,0,0,0,0.007937,0,0,0,0,0,0,0,0,no
0.009036,0,0,0,0.007937,0,0,0,0,0,0,0,0,no
0.009036,0,0,0,0.007937,0,0,0,0,0,0,0,0,no
0.009036,0,0,0,0.007937,0,0,0,0,0,0,0,0,no
0.009036,0.047619,0,0,0.007937,0,0,0,0,0,0,0,0,no
0.009036,0.047619,0,0,0.007937,0,0,0,0,0,0,0,0,no
0.009036,0.047619,0,0,0.007937,0,0,0,0,0,0,0,0,no
0.009036,0,0,0,0.007937,0,0,0,0,0,0,0,0,no
0.009036,0,0,0,0.007937,0,0,0,0,0,0,0,0,no
0.009036,0.047619,0,0,0.007937,0,0,0,0,0,0,0,0,no
0.009036,0,0,0,0,0,0,0,0,0,0,0,0,no
0.021084,0.095238,0,0,0.007937,0.016129,0,0,0,0,0,0,0,no
0.01506,0.095238,0,0,0.007937,0.016129,0,0,0,0,0,0,0,no
0.009036,0,0,0,0,0,0,0,0,0,0,0,0,no
0.012048,0.095238,0,0,0,0,0,0,0,0,0,0,0,no
0.009036,0.047619,0,0,0,0,0,0,0,0,0,0,0,no
0.009036,0,0,0,0,0,0,0,0,0,0,0,0,no
0.009036,0,0,0,0,0,0,0,0,0,0,0,0,no
0.009036,0,0,0,0,0,0,0,0,0,0,0,0,no
0.009036,0.047619,0,0,0,0,0,0,0,0,0,0,0,no
0.009036,0.095238,0,0,0,0,0,0,0,0,0,0,0,no
0.01506,0.047619,0,0,0,0.016129,0,0,0,0,0,0,0,no
0.01506,0.047619,0,0,0.007937,0.016129,0,0,0,0,0,0,0,no
0.01506,0.047619,0,0,0.007937,0.016129,0,0,0,0,0,0,0,no
0.01506,0.047619,0,0,0.007937,0.016129,0,0,0,0,0,0,0,no
0.009036,0,0,0,0,0,0,0,0,0,0,0,0,no
0.01506,0.047619,0,0,0,0.016129,0,0,0,0,0,0,0,no
0.009036,0.047619,0,0,0,0,0,0,0,0,0,0,0,no
0.009036,0.047619,0,0,0.007937,0,0,0,0,0,0,0,0,no
0.009036,0.047619,0,0,0,0,0,0,0,0,0,0,0,no
0.01506,0.047619,0,0,0,0.016129,0,0,0,0,0,0,0,no
0.009036,0,0,0,0,0,0,0,0,0,0,0,0,no
0.01506,0,0.010638,0,0.007937,0.016129,0,0,0,0,0,0,0,no
0.009036,0,0,0,0.007937,0,0,0,0,0,0,0,0,no
0.009036,0,0,0,0.007937,0,0,0,0,0,0,0,0,no
0.009036,0,0,0,0.007937,0,0,0,0,0,0,0,0,no
0.009036,0,0,0,0.007937,0,0,0,0,0,0,0,0,no
0.009036,0,0,0,0.007937,0,0,0,0,0,0,0,0,no
0.009036,0,0,0,0.007937,0,0,0,0,0,0,0,0,no
0.009036,0,0,0,0.007937,0,0,0,0,0,0,0,0,no
0.009036,0,0,0,0.007937,0,0,0,0,0,0,0,0,no
0.01506,0.047619,0,0,0.007937,0.016129,0,0,0,0,0,0,0,no
0.01506,0.047619,0,0,0,0.016129,0,0,0,0,0,0,0,no
0.009036,0.047619,0,0,0.007937,0,0,0,0,0,0,0,0,no
0.01506,0.047619,0,0,0,0.016129,0,0,0,0,0,0,0,no
0.012048,0.095238,0,0,0,0,0,0,0,0,0,0,0,no
0.009036,0.047619,0,0,0,0,0,0,0,0,0,0,0,no
0.009036,0,0,0,0,0,0,0,0,0,0,0,0,no
0.009036,0,0,0,0,0,0,0,0,0,0,0,0,no
0.006024,0,0,0,0.007937,0,0,0,0,0,0,0,0,no
0.012048,0.047619,0,0,0,0,0,0,0,0,0,0,0,no
0.009036,0,0,0,0,0,0,0,0,0,0,0,0,no
0.009036,0,0,0,0,0,0,0,0,0,0,0,0,no
0.009036,0.047619,0,0,0,0,0,0,0,0,0,0,0,no
0.009036,0,0,0,0.007937,0,0,0,0,0,0,0,0,no
0.009036,0,0,0,0.007937,0,0,0,0,0,0,0,0,no
0.009036,0.047619,0,0,0.007937,0,0,0,0,0,0,0,0,no
0.009036,0.047619,0,0,0.007937,0,0,0,0,0,0,0,0,no
0.009036,0,0,0,0.007937,0,0,0,0,0,0,0,0,no
0.009036,0.047619,0,0,0.007937,0,0,0,0,0,0,0,0,no
0.009036,0,0,0,0,0,0,0,0,0,0,0,0,no
0.01506,0.095238,0,0,0.007937,0.016129,0,0,0,0,0,0,0,no
0.012048,0.095238,0,0,0.007937,0.016129,0,0,0,0,0,0,0,no
0.009036,0,0,0,0,0,0,0,0,0,0,0,0,no
0.012048,0.095238,0,0,0,0,0,0,0,0,0,0,0,no
0.009036,0.047619,0,0,0,0,0,0,0,0,0,0,0,no
0.009036,0,0,0,0,0,0,0,0,0,0,0,0,no
0.009036,0,0,0,0,0,0,0,0,0,0,0,0,no
0.006024,0,0,0,0.007937,0,0,0,0,0,0,0,0,no
0.012048,0.047619,0,0,0,0,0,0,0,0,0,0,0,no
0.009036,0,0,0,0,0,0,0,0,0,0,0,0,no
0.009036,0,0,0,0,0,0,0,0,0,0,0,0,no
0.009036,0.047619,0,0,0,0,0,0,0,0,0,0,0,no
0.009036,0,0,0,0.007937,0,0,0,0,0,0,0,0,no
0.009036,0,0,0,0.007937,0,0,0,0,0,0,0,0,no
0.009036,0.047619,0,0,0.007937,0,0,0,0,0,0,0,0,no
0.009036,0.047619,0,0,0.007937,0,0,0,0,0,0,0,0,no
0.009036,0,0,0,0.007937,0,0,0,0,0,0,0,0,no
0.009036,0.047619,0,0,0.007937,0,0,0,0,0,0,0,0,no
0.009036,0,0,0,0,0,0,0,0,0,0,0,0,no
0.01506,0.095238,0,0,0.007937,0.016129,0,0,0,0,0,0,0,no
0.012048,0.095238,0,0,0.007937,0.016129,0,0,0,0,0,0,0,no
0.009036,0,0,0,0,0,0,0,0,0,0,0,0,no
0.012048,0.095238,0,0,0,0,0,0,0,0,0,0,0,no
0.009036,0.047619,0,0,0,0,0,0,0,0,0,0,0,no
0.009036,0,0,0,0,0,0,0,0,0,0,0,0,no
0.009036,0,0,0,0,0,0,0,0,0,0,0,0,no
0.009036,0,0,0,0,0,0,0,0,0,0,0,0,no
0.01506,0.095238,0,0,0,0,0,0,0,0,0,0,0,no
0.01506,0,0,0,0,0,0,0,0,0,0,0,0,no
0.009036,0,0,0,0,0,0,0,0,0,0,0,0,no
0.009036,0.047619,0,0,0,0,0,0,0,0,0,0,0,no
0.009036,0,0,0,0.007937,0,0,0,0,0,0,0,0,no
0.009036,0,0,0,0.007937,0,0,0,0,0,0,0,0,no
0.009036,0,0,0,0.007937,0,0,0,0,0,0,0,0,no
0.009036,0,0,0,0.007937,0,0,0,0,0,0,0,0,no
0.009036,0,0,0,0.007937,0,0,0,0,0,0,0,0,no
0.009036,0,0,0,0.007937,0,0,0,0,0,0,0,0,no
0.009036,0.047619,0,0,0.007937,0,0,0,0,0,0,0,0,no
0.009036,0.047619,0,0,0.007937,0,0,0,0,0,0,0,0,no
0.012048,0.047619,0,0,0.015873,0,0,0,0,0,0,0,0,no
0.009036,0.047619,0,0,0.007937,0,0,0,0,0,0,0,0,no
0.009036,0.047619,0,0,0.007937,0,0,0,0,0,0,0,0,no
0.009036,0,0,0,0.007937,0,0,0,0,0,0,0,0,no
0.009036,0,0,0,0.007937,0,0,0,0,0,0,0,0,no
0.009036,0,0,0,0.007937,0,0,0,0,0,0,0,0,no
0.006024,0,0,0,0.007937,0,0,0,0,0,0,0,0,no
0.009036,0.047619,0,0,0.007937,0,0,0,0,0,0,0,0,no
0.009036,0,0,0,0,0,0,0,0,0,0,0,0,no
0.009036,0,0,0,0,0,0,0,0,0,0,0,0,no
0.012048,0.095238,0,0,0,0,0,0,0,0,0,0,0,no
0.009036,0.047619,0,0,0,0,0,0,0,0,0,0,0,no
0.009036,0,0,0,0,0,0,0,0,0,0,0,0,no
0.009036,0,0,0,0,0,0,0,0,0,0,0,0,no
0.009036,0,0,0,0,0,0,0,0,0,0,0,0,no
0.009036,0.047619,0,0,0,0,0,0,0,0,0,0,0,no
0.009036,0.095238,0,0,0,0,0,0,0,0,0,0,0,no
0.01506,0.047619,0,0,0,0.016129,0,0,0,0,0,0,0,no
0.009036,0,0,0,0,0,0,0,0,0,0,0,0,no
0.009036,0.047619,0,0,0,0,0,0,0,0,0,0,0,no
0.009036,0.047619,0,0,0.007937,0,0,0,0,0,0,0,0,no
0.009036,0.047619,0,0,0,0,0,0,0,0,0,0,0,no
0.009036,0,0,0,0,0,0,0,0,0,0,0,0,no
0.01506,0,0.010638,0,0.007937,0.016129,0,0,0,0,0,0,0,no
0.009036,0,0,0,0.007937,0,0,0,0,0,0,0,0,no
0.009036,0,0,0,0.007937,0,0,0,0,0,0,0,0,no
0.009036,0,0,0,0.007937,0,0,0,0,0,0,0,0,no
0.009036,0,0,0,0.007937,0,0,0,0,0,0,0,0,no
0.009036,0,0,0,0.007937,0,0,0,0,0,0,0,0,no
0.009036,0,0,0,0.007937,0,0,0,0,0,0,0,0,no
0.01506,0.047619,0,0,0.007937,0.016129,0,0,0,0,0,0,0,no
0.01506,0.047619,0,0,0.007937,0.016129,0,0,0,0,0,0,0,no
0.01506,0.047619,0,0,0,0.016129,0,0,0,0,0,0,0,no
0.01506,0.047619,0,0,0,0.016129,0,0,0,0,0,0,0,no
0.01506,0.047619,0,0,0,0.016129,0,0,0,0,0,0,0,no
0.01506,0.047619,0,0,0,0.016129,0,0,0,0,0,0,0,no
0.012048,0.047619,0,0,0.007937,0,0,0,0,0,0,0,0,no
0.009036,0.047619,0,0,0.007937,0,0,0,0,0,0,0,0,no
0.012048,0.095238,0,0,0,0,0,0,0,0,0,0,0,no
0.009036,0.047619,0,0,0,0,0,0,0,0,0,0,0,no
0.009036,0,0,0,0,0,0,0,0,0,0,0,0,no
0.009036,0,0,0,0,0,0,0,0,0,0,0,0,no
0.006024,0,0,0,0.007937,0,0,0,0,0,0,0,0,no
0.012048,0.047619,0,0,0,0,0,0,0,0,0,0,0,no
0.009036,0,0,0,0,0,0,0,0,0,0,0,0,no
0.009036,0,0,0,0,0,0,0,0,0,0,0,0,no
0.009036,0.047619,0,0,0,0,0,0,0,0,0,0,0,no
0.009036,0,0,0,0.007937,0,0,0,0,0,0,0,0,no
0.009036,0,0.010638,0,0.007937,0,0,0,0,0,0,0,0,no
0.009036,0,0.010638,0,0.007937,0,0,0,0,0,0,0,0,no
0.009036,0,0,0,0.007937,0,0,0,0,0,0,0,0,no
0.009036,0.047619,0,0,0.007937,0,0,0,0,0,0,0,0,no
0.009036,0.047619,0,0,0.007937,0,0,0,0,0,0,0,0,no
0.009036,0,0,0,0.007937,0,0,0,0,0,0,0,0,no
0.006024,0,0,0,0.007937,0,0,0,0,0,0,0,0,no
0.009036,0.047619,0,0,0.007937,0,0,0,0,0,0,0,0,no
0.009036,0,0,0,0,0,0,0,0,0,0,0,0,no
0.009036,0,0,0,0,0,0,0,0,0,0,0,0,no
0.012048,0.095238,0,0,0,0,0,0,0,0,0,0,0,no
0.009036,0.047619,0,0,0,0,0,0,0,0,0,0,0,no
0.009036,0,0,0,0,0,0,0,0,0,0,0,0,no
0.009036,0,0,0,0,0,0,0,0,0,0,0,0,no
0.006024,0,0,0,0.007937,0,0,0,0,0,0,0,0,no
0.01506,0.095238,0,0,0,0,0,0,0,0,0,0,0,no
0.009036,0,0,0,0.007937,0,0,0,0,0,0,0,0,no
0.012048,0,0,0,0,0,0,0,0,0,0,0,0,no
0.009036,0,0,0,0,0,0,0,0,0,0,0,0,no
0.009036,0.047619,0,0,0,0,0,0,0,0,0,0,0,no
0.012048,0,0.010638,0,0.007937,0,0,0,0,0,0,0,0,no
0.009036,0,0,0,0.007937,0,0,0,0,0,0,0,0,no
0.009036,0,0,0,0.007937,0,0,0,0,0,0,0,0,no
0.009036,0,0,0,0.007937,0,0,0,0,0,0,0,0,no
0.009036,0.047619,0,0,0.007937,0,0,0,0,0,0,0,0,no
0.009036,0.047619,0,0,0.007937,0,0,0,0,0,0,0,0,no
0.009036,0.047619,0.010638,0,0.007937,0,0,0,0,0,0,0,0,no
0.009036,0.047619,0,0,0.007937,0,0,0,0,0,0,0,0,no
0.009036,0,0,0,0.007937,0,0,0,0,0,0,0,0,no
0.009036,0,0,0,0.007937,0,0,0,0,0,0,0,0,no
0.009036,0.047619,0,0,0.007937,0,0,0,0,0,0,0,0,no
0.009036,0,0,0,0,0,0,0,0,0,0,0,0,no
0.009036,0,0,0,0,0,0,0,0,0,0,0,0,no
0.012048,0.095238,0,0,0,0,0,0,0,0,0,0,0,no
0.009036,0.047619,0,0,0,0,0,0,0,0,0,0,0,no
0.009036,0,0,0,0,0,0,0,0,0,0,0,0,no
0.009036,0,0,0,0,0,0,0,0,0,0,0,0,no
0.006024,0,0,0,0.007937,0,0,0,0,0,0,0,0,no
0.012048,0.047619,0,0,0,0,0,0,0,0,0,0,0,no
0.009036,0,0,0,0,0,0,0,0,0,0,0,0,no
0.009036,0,0,0,0,0,0,0,0,0,0,0,0,no
0.009036,0.047619,0,0,0,0,0,0,0,0,0,0,0,no
0.009036,0,0,0,0.007937,0,0,0,0,0,0,0,0,no
0.009036,0,0.010638,0,0.007937,0,0,0,0,0,0,0,0,no
0.009036,0,0.010638,0,0.007937,0,0,0,0,0,0,0,0,no
0.009036,0,0,0,0.007937,0,0,0,0,0,0,0,0,no
0.009036,0.047619,0,0,0.007937,0,0,0,0,0,0,0,0,no
0.009036,0.047619,0,0,0.007937,0,0,0,0,0,0,0,0,no
0.009036,0,0,0,0.007937,0,0,0,0,0,0,0,0,no
0.006024,0,0,0,0.007937,0,0,0,0,0,0,0,0,no
0.009036,0.047619,0,0,0.007937,0,0,0,0,0,0,0,0,no
0.009036,0,0,0,0,0,0,0,0,0,0,0,0,no
0.009036,0,0,0,0,0,0,0,0,0,0,0,0,no
0.012048,0.095238,0,0,0,0,0,0,0,0,0,0,0,no
0.009036,0.047619,0,0,0,0,0,0,0,0,0,0,0,no
0.009036,0,0,0,0,0,0,0,0,0,0,0,0,no
0.009036,0,0,0,0,0,0,0,0,0,0,0,0,no
0.009036,0.047619,0,0,0.007937,0,0,0,0,0,0,0,0,no
0.009036,0,0,0,0,0,0,0,0,0,0,0,0,no
0.006024,0,0,0,0.007937,0,0,0,0,0,0,0,0,no
0.012048,0.047619,0,0,0,0,0,0,0,0,0,0,0,no
0.009036,0,0,0,0,0,0,0,0,0,0,0,0,no
0.009036,0,0,0,0,0,0,0,0,0,0,0,0,no
0.009036,0.047619,0,0,0,0,0,0,0,0,0,0,0,no
0.009036,0,0,0,0.007937,0,0,0,0,0,0,0,0,no
0.009036,0,0,0,0.007937,0,0,0,0,0,0,0,0,no
0.009036,0.047619,0,0,0.007937,0,0,0,0,0,0,0,0,no
0.009036,0.047619,0,0,0.007937,0,0,0,0,0,0,0,0,no
0.009036,0,0,0,0.007937,0,0,0,0,0,0,0,0,no
0.009036,0.047619,0,0,0.007937,0,0,0,0,0,0,0,0,no
0.009036,0,0,0,0,0,0,0,0,0,0,0,0,no
0.01506,0.095238,0,0,0.007937,0.016129,0,0,0,0,0,0,0,no
0.012048,0.095238,0,0,0.007937,0.016129,0,0,0,0,0,0,0,no
0.009036,0,0,0,0,0,0,0,0,0,0,0,0,no
0.012048,0.095238,0,0,0,0,0,0,0,0,0,0,0,no
0.009036,0.047619,0,0,0,0,0,0,0,0,0,0,0,no
0.009036,0,0,0,0,0,0,0,0,0,0,0,0,no
0.009036,0,0,0,0,0,0,0,0,0,0,0,0,no
0.006024,0,0,0,0.007937,0,0,0,0,0,0,0,0,no
0.01506,0.095238,0,0,0.015873,0,0,0,0,0,0,0,0,no
0.012048,0,0,0,0,0,0,0,0,0,0,0,0,no
0.009036,0,0,0,0,0,0,0,0,0,0,0,0,no
0.009036,0.047619,0,0,0,0,0,0,0,0,0,0,0,no
0.009036,0,0,0,0.007937,0,0,0,0,0,0,0,0,no
0.009036,0,0.010638,0,0.007937,0,0,0,0,0,0,0,0,no
0.009036,0,0.010638,0,0.007937,0,0,0,0,0,0,0,0,no
0.009036,0,0,0,0.007937,0,0,0,0,0,0,0,0,no
0.009036,0,0,0,0.007937,0,0,0,0,0,0,0,0,no
0.009036,0,0,0,0.007937,0,0,0,0,0,0,0,0,no
0.009036,0.047619,0,0,0.007937,0,0,0,0,0,0,0,0,no
0.009036,0.047619,0,0,0.015873,0,0,0,0,0,0,0,0,no
0.009036,0.047619,0,0,0.015873,0,0,0,0,0,0,0,0,no
0.009036,0,0,0,0.007937,0,0,0,0,0,0,0,0,no
0.009036,0,0,0,0.007937,0,0,0,0,0,0,0,0,no
0.009036,0.047619,0,0,0.007937,0,0,0,0,0,0,0,0,no
0.009036,0,0,0,0,0,0,0,0,0,0,0,0,no
0.009036,0,0,0,0,0,0,0,0,0,0,0,0,no
0.012048,0.095238,0,0,0,0,0,0,0,0,0,0,0,no
0.009036,0.047619,0,0,0,0,0,0,0,0,0,0,0,no
0.009036,0,0,0,0,0,0,0,0,0,0,0,0,no
0.009036,0,0,0,0,0,0,0,0,0,0,0,0,no
0.009036,0,0,0,0,0,0,0,0,0,0,0,0,no
0.009036,0.047619,0,0,0,0,0,0,0,0,0,0,0,no
0.009036,0.095238,0,0,0,0,0,0,0,0,0,0,0,no
0.01506,0.047619,0,0,0.007937,0.016129,0,0,0,0,0,0,0,no
0.01506,0.047619,0,0,0.007937,0.016129,0,0,0,0,0,0,0,no
0.01506,0.047619,0,0,0.007937,0.016129,0,0,0,0,0,0,0,no
0.009036,0,0,0,0,0,0,0,0,0,0,0,0,no
0.01506,0.047619,0,0,0.007937,0.016129,0,0,0,0,0,0,0,no
0.009036,0.047619,0,0,0,0,0,0,0,0,0,0,0,no
0.009036,0.047619,0,0,0.007937,0,0,0,0,0,0,0,0,no
0.009036,0.047619,0,0,0,0,0,0,0,0,0,0,0,no
0.009036,0,0,0,0,0,0,0,0,0,0,0,0,no
0.01506,0,0.010638,0,0.007937,0.016129,0,0,0,0,0,0,0,no
0.01506,0.047619,0,0,0.007937,0.016129,0,0,0,0,0,0,0,no
0.009036,0,0,0,0.007937,0,0,0,0,0,0,0,0,no
0.009036,0,0,0,0.007937,0,0,0,0,0,0,0,0,no
0.009036,0,0,0,0.007937,0,0,0,0,0,0,0,0,no
0.009036,0,0,0,0.007937,0,0,0,0,0,0,0,0,no
0.009036,0,0,0,0.007937,0,0,0,0,0,0,0,0,no
0.009036,0,0,0,0.007937,0,0,0,0,0,0,0,0,no
0.01506,0.047619,0,0,0.007937,0.016129,0,0,0,0,0,0,0,no
0.009036,0.047619,0,0,0.007937,0,0,0,0,0,0,0,0,no
0.012048,0.047619,0,0,0.007937,0,0,0,0,0,0,0,0,no
0.012048,0.047619,0,0,0.007937,0,0,0,0,0,0,0,0,no
0.012048,0.047619,0,0,0.007937,0,0,0,0,0,0,0,0,no
0.012048,0.047619,0,0,0.007937,0,0,0,0,0,0,0,0,no
0.01506,0.047619,0,0,0.007937,0.016129,0,0,0,0,0,0,0,no
0.012048,0.095238,0,0,0,0,0,0,0,0,0,0,0,no
0.009036,0.047619,0,0,0,0,0,0,0,0,0,0,0,no
0.009036,0,0,0,0,0,0,0,0,0,0,0,0,no
0.009036,0,0,0,0,0,0,0,0,0,0,0,0,no
0.006024,0,0,0,0.007937,0,0,0,0,0,0,0,0,no
0.012048,0.047619,0,0,0,0,0,0,0,0,0,0,0,no
0.009036,0,0,0,0,0,0,0,0,0,0,0,0,no
0.009036,0,0,0,0,0,0,0,0,0,0,0,0,no
0.009036,0.047619,0,0,0,0,0,0,0,0,0,0,0,no
0.009036,0,0,0,0.007937,0,0,0,0,0,0,0,0,no
0.009036,0,0,0,0.007937,0,0,0,0,0,0,0,0,no
0.009036,0.047619,0,0,0.007937,0,0,0,0,0,0,0,0,no
0.009036,0.047619,0,0,0.007937,0,0,0,0,0,0,0,0,no
0.009036,0,0,0,0.007937,0,0,0,0,0,0,0,0,no
0.009036,0.047619,0,0,0.007937,0,0,0,0,0,0,0,0,no
0.009036,0,0,0,0,0,0,0,0,0,0,0,0,no
0.01506,0.095238,0,0,0.007937,0.016129,0,0,0,0,0,0,0,no
0.012048,0.095238,0,0,0.007937,0.016129,0,0,0,0,0,0,0,no
0.009036,0,0,0,0,0,0,0,0,0,0,0,0,no
0.012048,0.095238,0,0,0,0,0,0,0,0,0,0,0,no
0.009036,0.047619,0,0,0,0,0,0,0,0,0,0,0,no
0.009036,0,0,0,0,0,0,0,0,0,0,0,0,no
0.009036,0,0,0,0,0,0,0,0,0,0,0,0,no
0.006024,0,0,0,0.007937,0,0,0,0,0,0,0,0,no
0.012048,0.047619,0,0,0,0,0,0,0,0,0,0,0,no
0.009036,0,0,0,0,0,0,0,0,0,0,0,0,no
0.009036,0,0,0,0,0,0,0,0,0,0,0,0,no
0.009036,0.047619,0,0,0,0,0,0,0,0,0,0,0,no
0.009036,0,0,0,0.007937,0,0,0,0,0,0,0,0,no
0.009036,0,0,0,0.007937,0,0,0,0,0,0,0,0,no
0.009036,0.047619,0,0,0.007937,0,0,0,0,0,0,0,0,no
0.009036,0.047619,0,0,0.007937,0,0,0,0,0,0,0,0,no
0.009036,0,0,0,0.007937,0,0,0,0,0,0,0,0,no
0.009036,0.047619,0,0,0.007937,0,0,0,0,0,0,0,0,no
0.009036,0,0,0,0,0,0,0,0,0,0,0,0,no
0.01506,0.095238,0,0,0.007937,0.016129,0,0,0,0,0,0,0,no
0.012048,0.095238,0,0,0.007937,0.016129,0,0,0,0,0,0,0,no
0.009036,0,0,0,0,0,0,0,0,0,0,0,0,no
0.012048,0.095238,0,0,0,0,0,0,0,0,0,0,0,no
0.009036,0.047619,0,0,0,0,0,0,0,0,0,0,0,no
0.009036,0,0,0,0,0,0,0,0,0,0,0,0,no
0.009036,0,0,0,0,0,0,0,0,0,0,0,0,no
0.006024,0,0,0,0.007937,0,0,0,0,0,0,0,0,no
0.012048,0.047619,0,0,0,0,0,0,0,0,0,0,0,no
0.012048,0,0,0,0,0,0,0,0,0,0,0,0,no
0.009036,0,0,0,0,0,0,0,0,0,0,0,0,no
0.009036,0.047619,0,0,0,0,0,0,0,0,0,0,0,no
0.009036,0,0,0,0.007937,0,0,0,0,0,0,0,0,no
0.009036,0,0,0,0.007937,0,0,0,0,0,0,0,0,no
0.009036,0.047619,0,0,0.007937,0,0,0,0,0,0,0,0,no
0.012048,0.047619,0,0,0.015873,0,0,0,0,0,0,0,0,no
0.009036,0.047619,0,0,0.007937,0,0,0,0,0,0,0,0,no
0.009036,0,0,0,0.007937,0,0,0,0,0,0,0,0,no
0.006024,0,0,0,0.007937,0,0,0,0,0,0,0,0,no
0.009036,0.047619,0,0,0.007937,0,0,0,0,0,0,0,0,no
0.009036,0,0,0,0,0,0,0,0,0,0,0,0,no
0.009036,0,0,0,0,0,0,0,0,0,0,0,0,no
0.012048,0.095238,0,0,0,0,0,0,0,0,0,0,0,no
0.009036,0.047619,0,0,0,0,0,0,0,0,0,0,0,no
0.009036,0,0,0,0,0,0,0,0,0,0,0,0,no
0.009036,0,0,0,0,0,0,0,0,0,0,0,0,no
0.006024,0,0,0,0.007937,0,0,0,0,0,0,0,0,no
0.012048,0.047619,0,0,0.007937,0,0,0,0,0,0,0,0,no
0.009036,0,0,0,0,0,0,0,0,0,0,0,0,no
0.009036,0,0,0,0,0,0,0,0,0,0,0,0,no
0.009036,0.047619,0,0,0,0,0,0,0,0,0,0,0,no
0.009036,0,0,0,0.007937,0,0,0,0,0,0,0,0,no
0.009036,0,0.010638,0,0.007937,0,0,0,0,0,0,0,0,no
0.009036,0,0,0,0.007937,0,0,0,0,0,0,0,0,no
0.009036,0.047619,0,0,0.007937,0,0,0,0,0,0,0,0,no
0.009036,0.047619,0,0,0.015873,0,0,0,0,0,0,0,0,no
0.009036,0,0,0,0.007937,0,0,0,0,0,0,0,0,no
0.009036,0.047619,0,0,0.007937,0,0,0,0,0,0,0,0,no
0.009036,0,0,0,0,0,0,0,0,0,0,0,0,no
0.009036,0,0,0,0,0,0,0,0,0,0,0,0,no
0.012048,0.095238,0,0,0,0,0,0,0,0,0,0,0,no
0.009036,0.047619,0,0,0,0,0,0,0,0,0,0,0,no
0.009036,0,0,0,0,0,0,0,0,0,0,0,0,no
0.009036,0,0,0,0,0,0,0,0,0,0,0,0,no
0.006024,0,0,0,0.007937,0,0,0,0,0,0,0,0,no
0.012048,0.047619,0,0,0,0,0,0,0,0,0,0,0,no
0.009036,0,0,0,0,0,0,0,0,0,0,0,0,no
0.009036,0,0,0,0,0,0,0,0,0,0,0,0,no
0.009036,0.047619,0,0,0,0,0,0,0,0,0,0,0,no
0.009036,0,0,0,0.007937,0,0,0,0,0,0,0,0,no
0.009036,0,0.010638,0,0.007937,0,0,0,0,0,0,0,0,no
0.009036,0,0,0,0.007937,0,0,0,0,0,0,0,0,no
0.009036,0.047619,0,0,0.007937,0,0,0,0,0,0,0,0,no
0.009036,0.047619,0,0,0.007937,0,0,0,0,0,0,0,0,no
0.009036,0,0,0,0.007937,0,0,0,0,0,0,0,0,no
0.009036,0.047619,0,0,0.007937,0,0,0,0,0,0,0,0,no
0.009036,0,0,0,0,0,0,0,0,0,0,0,0,no
0.009036,0,0,0,0,0,0,0,0,0,0,0,0,no
0.012048,0.095238,0,0,0,0,0,0,0,0,0,0,0,no
0.009036,0.047619,0,0,0,0,0,0,0,0,0,0,0,no
0.009036,0,0,0,0,0,0,0,0,0,0,0,0,no
0.009036,0,0,0,0,0,0,0,0,0,0,0,0,no
0.006024,0,0,0,0.007937,0,0,0,0,0,0,0,0,no
0.012048,0.047619,0,0,0.007937,0,0,0,0,0,0,0,0,no
0.009036,0,0,0,0,0,0,0,0,0,0,0,0,no
0.009036,0,0,0,0,0,0,0,0,0,0,0,0,no
0.009036,0.047619,0,0,0,0,0,0,0,0,0,0,0,no
0.009036,0,0,0,0.007937,0,0,0,0,0,0,0,0,no
0.009036,0,0,0,0.007937,0,0,0,0,0,0,0,0,no
0.009036,0.047619,0,0,0.007937,0,0,0,0,0,0,0,0,no
0.009036,0.047619,0,0,0.015873,0,0,0,0,0,0,0,0,no
0.009036,0,0,0,0.007937,0,0,0,0,0,0,0,0,no
0.009036,0.047619,0,0,0.007937,0,0,0,0,0,0,0,0,no
0.009036,0,0,0,0,0,0,0,0,0,0,0,0,no
0.01506,0.095238,0,0,0.007937,0.016129,0,0,0,0,0,0,0,no
0.012048,0.095238,0,0,0.007937,0.016129,0,0,0,0,0,0,0,no
0.009036,0,0,0,0,0,0,0,0,0,0,0,0,no
0.012048,0.095238,0,0,0,0,0,0,0,0,0,0,0,no
0.009036,0.047619,0,0,0,0,0,0,0,0,0,0,0,no
0.009036,0,0,0,0,0,0,0,0,0,0,0,0,no
0.009036,0,0,0,0,0,0,0,0,0,0,0,0,no
0.006024,0,0,0,0.007937,0,0,0,0,0,0,0,0,no
0.024096,0.190476,0,0,0.015873,0,0,0,0,0,0,0,0,no
0.021084,0,0,0,0,0,0,0,0,0,0,0,0,no
0.009036,0,0,0,0,0,0,0,0,0,0,0,0,no
0.009036,0.047619,0,0,0,0,0,0,0,0,0,0,0,no
0.009036,0,0,0,0.007937,0,0,0,0,0,0,0,0,no
0.009036,0,0.010638,0,0.007937,0,0,0,0,0,0,0,0,no
0.009036,0,0.010638,0,0.007937,0,0,0,0,0,0,0,0,no
0.009036,0,0,0,0.007937,0,0,0,0,0,0,0,0,no
0.009036,0,0,0,0.007937,0,0,0,0,0,0,0,0,no
0.009036,0,0,0,0.007937,0,0,0,0,0,0,0,0,no
0.009036,0,0.010638,0,0.007937,0,0,0,0,0,0,0,0,no
0.009036,0,0.010638,0,0.007937,0,0,0,0,0,0,0,0,no
0.009036,0,0,0,0.007937,0,0,0,0,0,0,0,0,no
0.009036,0,0,0,0.007937,0,0,0,0,0,0,0,0,no
0.009036,0,0,0,0.007937,0,0,0,0,0,0,0,0,no
0.009036,0,0,0,0.007937,0,0,0,0,0,0,0,0,no
0.009036,0.047619,0,0,0.007937,0,0,0,0,0,0,0,0,no
0.009036,0.047619,0,0,0.007937,0,0,0,0,0,0,0,0,no
0.012048,0.047619,0,0,0.015873,0,0,0,0,0,0,0,0,no
0.009036,0.047619,0,0,0.007937,0,0,0,0,0,0,0,0,no
0.009036,0.047619,0,0,0.015873,0,0,0,0,0,0,0,0,no
0.009036,0.047619,0,0,0.007937,0,0,0,0,0,0,0,0,no
0.009036,0,0,0,0.007937,0,0,0,0,0,0,0,0,no
0.009036,0,0,0,0.007937,0,0,0,0,0,0,0,0,no
0.009036,0,0,0,0.007937,0,0,0,0,0,0,0,0,no
0.009036,0,0,0,0.007937,0,0,0,0,0,0,0,0,no
0.009036,0.047619,0,0,0.007937,0,0,0,0,0,0,0,0,no
0.009036,0,0,0,0,0,0,0,0,0,0,0,0,no
0.009036,0,0,0,0,0,0,0,0,0,0,0,0,no
0.012048,0.095238,0,0,0,0,0,0,0,0,0,0,0,no
0.009036,0.047619,0,0,0,0,0,0,0,0,0,0,0,no
0.009036,0,0,0,0,0,0,0,0,0,0,0,0,no
0.009036,0,0,0,0,0,0,0,0,0,0,0,0,no
0.006024,0,0,0,0.007937,0,0,0,0,0,0,0,0,no
0.012048,0.047619,0,0,0.007937,0,0,0,0,0,0,0,0,no
0.009036,0,0,0,0,0,0,0,0,0,0,0,0,no
0.009036,0,0,0,0,0,0,0,0,0,0,0,0,no
0.009036,0.047619,0,0,0,0,0,0,0,0,0,0,0,no
0.009036,0,0,0,0.007937,0,0,0,0,0,0,0,0,no
0.009036,0,0.010638,0,0.007937,0,0,0,0,0,0,0,0,no
0.009036,0,0.010638,0,0.007937,0,0,0,0,0,0,0,0,no
0.009036,0,0,0,0.007937,0,0,0,0,0,0,0,0,no
0.009036,0.047619,0,0,0.007937,0,0,0,0,0,0,0,0,no
0.009036,0.047619,0,0,0.015873,0,0,0,0,0,0,0,0,no
0.009036,0,0,0,0.007937,0,0,0,0,0,0,0,0,no
0.009036,0.047619,0,0,0.007937,0,0,0,0,0,0,0,0,no
0.009036,0,0,0,0,0,0,0,0,0,0,0,0,no
0.009036,0,0,0,0,0,0,0,0,0,0,0,0,no
0.012048,0.095238,0,0,0,0,0,0,0,0,0,0,0,no
0.009036,0.047619,0,0,0,0,0,0,0,0,0,0,0,no
0.009036,0,0,0,0,0,0,0,0,0,0,0,0,no
0.009036,0,0,0,0,0,0,0,0,0,0,0,0,no
0.006024,0,0,0,0.007937,0,0,0,0,0,0,0,0,no
0.027108,0.190476,0,0,0.015873,0,0,0,0,0,0,0,0,no
0.024096,0,0,0,0,0,0,0,0,0,0,0,0,no
0.009036,0,0,0,0,0,0,0,0,0,0,0,0,no
0.009036,0.047619,0,0,0,0,0,0,0,0,0,0,0,no
0.009036,0,0,0,0.007937,0,0,0,0,0,0,0,0,no
0.009036,0,0.010638,0,0.007937,0,0,0,0,0,0,0,0,no
0.009036,0,0.010638,0,0.007937,0,0,0,0,0,0,0,0,no
0.009036,0,0,0,0.007937,0,0,0,0,0,0,0,0,no
0.009036,0,0,0,0.007937,0,0,0,0,0,0,0,0,no
0.009036,0,0,0,0.007937,0,0,0,0,0,0,0,0,no
0.009036,0,0,0,0.007937,0,0,0,0,0,0,0,0,no
0.009036,0,0,0,0.007937,0,0,0,0,0,0,0,0,no
0.009036,0,0,0,0.007937,0,0,0,0,0,0,0,0,no
0.009036,0,0,0,0.007937,0,0,0,0,0,0,0,0,no
0.009036,0.047619,0,0,0.007937,0,0,0,0,0,0,0,0,no
0.009036,0.047619,0,0,0.007937,0,0,0,0,0,0,0,0,no
0.012048,0.047619,0,0,0.007937,0,0,0,0,0,0,0,0,no
0.009036,0.047619,0,0,0.007937,0,0,0,0,0,0,0,0,no
0.012048,0.047619,0,0,0.015873,0,0,0,0,0,0,0,0,no
0.009036,0.047619,0,0,0.007937,0,0,0,0,0,0,0,0,no
0.009036,0.047619,0,0,0.015873,0,0,0,0,0,0,0,0,no
0.009036,0,0,0,0.007937,0,0,0,0,0,0,0,0,no
0.009036,0,0,0,0.007937,0,0,0,0,0,0,0,0,no
0.009036,0,0,0,0.007937,0,0,0,0,0,0,0,0,no
0.009036,0,0,0,0.007937,0,0,0,0,0,0,0,0,no
0.009036,0.047619,0,0,0.007937,0,0,0,0,0,0,0,0,no
0.009036,0,0,0,0,0,0,0,0,0,0,0,0,no
0.009036,0,0,0,0,0,0,0,0,0,0,0,0,no
0.012048,0.095238,0,0,0,0,0,0,0,0,0,0,0,no
0.009036,0.047619,0,0,0,0,0,0,0,0,0,0,0,no
0.009036,0,0,0,0,0,0,0,0,0,0,0,0,no
0.009036,0,0,0,0,0,0,0,0,0,0,0,0,no
0.006024,0,0,0,0.007937,0,0,0,0,0,0,0,0,no
0.01506,0.095238,0,0,0,0,0,0,0,0,0,0,0,no
0.012048,0,0,0,0,0,0,0,0,0,0,0,0,no
0.009036,0,0,0,0,0,0,0,0,0,0,0,0,no
0.009036,0.047619,0,0,0,0,0,0,0,0,0,0,0,no
0.009036,0,0,0,0.007937,0,0,0,0,0,0,0,0,no
0.009036,0,0.010638,0,0.007937,0,0,0,0,0,0,0,0,no
0.009036,0,0.010638,0,0.007937,0,0,0,0,0,0,0,0,no
0.009036,0,0,0,0.007937,0,0,0,0,0,0,0,0,no
0.009036,0,0,0,0.007937,0,0,0,0,0,0,0,0,no
0.009036,0,0,0,0.007937,0,0,0,0,0,0,0,0,no
0.009036,0.047619,0,0,0.007937,0,0,0,0,0,0,0,0,no
0.009036,0.047619,0,0,0.007937,0,0,0,0,0,0,0,0,no
0.009036,0.047619,0,0,0.007937,0,0,0,0,0,0,0,0,no
0.009036,0,0,0,0.007937,0,0,0,0,0,0,0,0,no
0.009036,0,0,0,0.007937,0,0,0,0,0,0,0,0,no
0.009036,0.047619,0,0,0.007937,0,0,0,0,0,0,0,0,no
0.009036,0,0,0,0,0,0,0,0,0,0,0,0,no
0.009036,0,0,0,0,0,0,0,0,0,0,0,0,no
0.012048,0.095238,0,0,0,0,0,0,0,0,0,0,0,no
0.009036,0.047619,0,0,0,0,0,0,0,0,0,0,0,no
0.009036,0,0,0,0,0,0,0,0,0,0,0,0,no
0.009036,0,0,0,0,0,0,0,0,0,0,0,0,no
0.006024,0,0,0,0.007937,0,0,0,0,0,0,0,0,no
0.01506,0.095238,0,0,0.007937,0,0,0,0,0,0,0,0,no
0.024096,0,0,0,0,0,0.074074,0.166667,0.004494,0,0.012931,0.008621,0,no
0.009036,0,0,0,0,0,0,0,0,0,0,0,0,no
0.009036,0.047619,0,0,0,0,0,0,0,0,0,0,0,no
0.009036,0,0,0,0.007937,0,0,0,0,0,0,0,0,no
0.009036,0,0.010638,0,0.007937,0,0,0,0,0,0,0,0,no
0.009036,0,0.010638,0,0.007937,0,0,0,0,0,0,0,0,no
0.009036,0,0,0,0.007937,0,0.037037,0.083333,0.003371,0,0.012931,0.012931,0,no
0.009036,0,0,0,0.007937,0,0,0,0,0,0,0,0,no
0.009036,0,0,0,0.007937,0,0,0,0,0,0,0,0,no
0.009036,0,0,0,0.007937,0,0.055556,0.125,0.005056,0,0.012931,0.012931,0,no
0.009036,0,0,0,0.007937,0,0,0,0,0,0,0,0,no
0.009036,0,0,0,0.007937,0,0.037037,0.083333,0.003371,0,0.012931,0.012931,0,no
0.009036,0,0,0,0.007937,0,0,0,0,0,0,0,0,no
0.009036,0,0,0,0.007937,0,0,0,0,0,0,0,0,no
0.009036,0,0,0,0.007937,0,0.055556,0.125,0.005056,0,0.012931,0.012931,0,no
0.009036,0.047619,0,0,0.007937,0,0,0,0,0,0,0,0,no
0.009036,0.047619,0,0,0.007937,0,0,0,0,0,0,0,0,no
0.009036,0.047619,0,0,0.007937,0,0.037037,0.083333,0.003371,0,0.012931,0.012931,0,no
0.009036,0.047619,0,0,0.007937,0,0,0,0,0,0,0,0,no
0.009036,0.047619,0,0,0.015873,0,0,0,0,0,0,0,0,no
0.012048,0.047619,0,0,0.015873,0,0.055556,0.125,0.006742,0,0.017241,0.017241,0,no
0.009036,0.047619,0,0,0.007937,0,0.055556,0.125,0.005056,0,0.012931,0.012931,0,no
0.009036,0,0,0,0.007937,0,0,0,0,0,0,0,0,no
0.009036,0,0,0,0.007937,0,0.037037,0.083333,0.003371,0,0.012931,0.012931,0,no
0.009036,0,0,0,0.007937,0,0,0,0,0,0,0,0,no
0.009036,0,0,0,0.007937,0,0,0,0,0,0,0,0,no
0.009036,0,0,0,0.007937,0,0.055556,0.125,0.005056,0,0.012931,0.012931,0,no
0.009036,0.047619,0,0,0.007937,0,0,0,0,0,0,0,0,no
0.009036,0,0,0,0,0,0,0,0,0,0,0,0,no
0.009036,0,0,0,0,0,0,0,0,0,0,0,0,no
0.012048,0.095238,0,0,0,0,0,0,0,0,0,0,0,no
0.009036,0.047619,0,0,0,0,0,0,0,0,0,0,0,no
0.009036,0,0,0,0,0,0,0,0,0,0,0,0,no
0.009036,0,0,0,0,0,0,0,0,0,0,0,0,no
0.006024,0,0,0,0.007937,0,0,0,0,0,0,0,0,no
0.012048,0.047619,0,0,0.007937,0,0,0,0,0,0,0,0,no
0.009036,0,0,0,0,0,0,0,0,0,0,0,0,no
0.009036,0,0,0,0,0,0,0,0,0,0,0,0,no
0.009036,0.047619,0,0,0,0,0,0,0,0,0,0,0,no
0.009036,0,0,0,0.007937,0,0,0,0,0,0,0,0,no
0.009036,0,0.010638,0,0.007937,0,0,0,0,0,0,0,0,no
0.009036,0,0,0,0.007937,0,0,0,0,0,0,0,0,no
0.009036,0.047619,0,0,0.007937,0,0,0,0,0,0,0,0,no
0.009036,0.047619,0,0,0.015873,0,0,0,0,0,0,0,0,no
0.009036,0,0,0,0.007937,0,0,0,0,0,0,0,0,no
0.009036,0.047619,0,0,0.007937,0,0,0,0,0,0,0,0,no
0.009036,0,0,0,0,0,0,0,0,0,0,0,0,no
0.009036,0,0,0,0,0,0,0,0,0,0,0,0,no
0.012048,0.095238,0,0,0,0,0,0,0,0,0,0,0,no
0.009036,0.047619,0,0,0,0,0,0,0,0,0,0,0,no
0.009036,0,0,0,0,0,0,0,0,0,0,0,0,no
0.009036,0,0,0,0,0,0,0,0,0,0,0,0,no
0.006024,0,0,0,0.007937,0,0,0,0,0,0,0,0,no
0.009036,0,0,0,0,0,0,0,0,0,0,0,0,no
0.009036,0,0,0,0,0,0,0,0,0,0,0,0,no
0.009036,0.047619,0,0,0,0,0,0,0,0,0,0,0,no
0.009036,0,0,0,0.007937,0,0,0,0,0,0,0,0,no
0.009036,0,0.010638,0,0.007937,0,0,0,0,0,0,0,0,no
0.009036,0,0,0,0.007937,0,0,0,0,0,0,0,0,no
0.009036,0.047619,0,0,0.007937,0,0,0,0,0,0,0,0,no
0.009036,0.047619,0,0,0.015873,0,0,0,0,0,0,0,0,no
0.009036,0,0,0,0.007937,0,0,0,0,0,0,0,0,no
0.006024,0,0,0,0.007937,0,0,0,0,0,0,0,0,no
0.009036,0.047619,0,0,0.007937,0,0,0,0,0,0,0,0,no
0.009036,0,0,0,0,0,0,0,0,0,0,0,0,no
0.009036,0,0,0,0,0,0,0,0,0,0,0,0,no
0.012048,0.095238,0,0,0,0,0,0,0,0,0,0,0,no
0.009036,0.047619,0,0,0,0,0,0,0,0,0,0,0,no
0.009036,0,0,0,0,0,0,0,0,0,0,0,0,no
0.009036,0,0,0,0,0,0,0,0,0,0,0,0,no
0.006024,0,0,0,0.007937,0,0,0,0,0,0,0,0,no
0.012048,0.047619,0,0,0,0,0,0,0,0,0,0,0,no
0.027108,0,0,0,0,0,0,0,0,0,0,0,0,no
0.009036,0,0,0,0,0,0,0,0,0,0,0,0,no
0.009036,0.047619,0,0,0,0,0,0,0,0,0,0,0,no
0.009036,0,0,0,0.007937,0,0,0,0,0,0,0,0,no
0.009036,0,0,0,0.007937,0,0,0,0,0,0,0,0,no
0.009036,0,0,0,0.007937,0,0,0,0,0,0,0,0,no
0.009036,0,0,0,0.007937,0,0,0,0,0,0,0,0,no
0.009036,0,0,0,0.007937,0,0,0,0,0,0,0,0,no
0.009036,0,0,0,0.007937,0,0,0,0,0,0,0,0,no
0.009036,0,0,0,0.007937,0,0,0,0,0,0,0,0,no
0.009036,0,0,0,0.007937,0,0,0,0,0,0,0,0,no
0.009036,0,0,0,0.007937,0,0,0,0,0,0,0,0,no
0.009036,0,0,0,0.007937,0,0,0,0,0,0,0,0,no
0.009036,0.047619,0,0,0.007937,0,0,0,0,0,0,0,0,no
0.009036,0.047619,0,0,0.007937,0,0,0,0,0,0,0,0,no
0.009036,0.047619,0,0,0.015873,0,0,0,0,0,0,0,0,no
0.012048,0.047619,0,0,0.015873,0,0,0,0,0,0,0,0,no
0.009036,0.047619,0,0,0.007937,0,0,0,0,0,0,0,0,no
0.012048,0.047619,0,0,0.015873,0,0,0,0,0,0,0,0,no
0.009036,0.047619,0,0,0.007937,0,0,0,0,0,0,0,0,no
0.009036,0.047619,0,0,0.015873,0,0,0,0,0,0,0,0,no
0.009036,0,0,0,0.007937,0,0,0,0,0,0,0,0,no
0.009036,0,0,0,0.007937,0,0,0,0,0,0,0,0,no
0.009036,0,0,0,0.007937,0,0,0,0,0,0,0,0,no
0.009036,0,0,0,0.007937,0,0,0,0,0,0,0,0,no
0.009036,0,0,0,0.007937,0,0,0,0,0,0,0,0,no
0.009036,0.047619,0,0,0.007937,0,0,0,0,0,0,0,0,no
0.009036,0,0,0,0,0,0,0,0,0,0,0,0,no
0.009036,0,0,0,0,0,0,0,0,0,0,0,0,no
0.012048,0.095238,0,0,0,0,0,0,0,0,0,0,0,no
0.009036,0.047619,0,0,0,0,0,0,0,0,0,0,0,no
0.009036,0,0,0,0,0,0,0,0,0,0,0,0,no
0.009036,0,0,0,0,0,0,0,0,0,0,0,0,no
0.009036,0.047619,0,0,0.007937,0,0,0,0,0,0,0,0,no
0.009036,0,0,0,0,0,0,0,0,0,0,0,0,no
0.009036,0.142857,0,0,0,0,0,0,0,0,0,0,0,no
0.018072,0.095238,0,0,0.02381,0.016129,0,0,0,0,0,0,0,no
0.018072,0.095238,0,0,0.02381,0.016129,0,0,0,0,0,0,0,no
0.018072,0.142857,0,0,0.02381,0.016129,0,0,0,0,0,0,0,no
0.018072,0.095238,0,0,0.02381,0.016129,0,0,0,0,0,0,0,no
0.018072,0.047619,0,0,0.02381,0.016129,0,0,0,0,0,0,0,no
0.018072,0.095238,0,0,0.02381,0.016129,0,0,0,0,0,0,0,no
0.018072,0.095238,0,0,0.02381,0.016129,0,0,0,0,0,0,0,no
0.018072,0.095238,0,0,0.02381,0.016129,0,0,0,0,0,0,0,no
0.018072,0.095238,0,0,0.02381,0.016129,0,0,0,0,0,0,0,no
0.018072,0.238095,0,0,0.02381,0.016129,0,0,0,0,0,0,0,no
0.018072,0.095238,0,0,0.02381,0.016129,0,0,0,0,0,0,0,no
0.018072,0.095238,0,0,0.02381,0.016129,0,0,0,0,0,0,0,no
0.018072,0.095238,0,0,0.02381,0.016129,0,0,0,0,0,0,0,no
0.018072,0.095238,0,0,0.02381,0.016129,0,0,0,0,0,0,0,no
0.018072,0.095238,0,0,0.02381,0.016129,0,0,0,0,0,0,0,no
0.018072,0.095238,0,0,0.02381,0.016129,0,0,0,0,0,0,0,no
0.018072,0.095238,0,0,0.02381,0.016129,0,0,0,0,0,0,0,no
0.018072,0.047619,0,0,0.02381,0.016129,0,0,0,0,0,0,0,no
0.018072,0.238095,0,0,0.047619,0.016129,0,0,0,0,0,0,0,no
0.018072,0.190476,0,0,0.031746,0.016129,0,0,0,0,0,0,0,no
0.018072,0.047619,0,0,0.02381,0.016129,0,0,0,0,0,0,0,no
0.018072,0.095238,0,0,0.02381,0.016129,0,0,0,0,0,0,0,no
0.018072,0.047619,0,0,0.02381,0.016129,0,0,0,0,0,0,0,no
0.018072,0.095238,0,0,0.02381,0.016129,0.037037,0.083333,0.006742,0,0.025862,0.025862,0,no
0.018072,0.190476,0,0,0.031746,0.016129,0,0,0,0,0,0,0,no
0.018072,0.095238,0,0,0.02381,0.016129,0,0,0,0,0,0,0,no
0.018072,0.095238,0,0,0.02381,0.016129,0,0,0,0,0,0,0,no
0.018072,0.095238,0,0,0.02381,0.016129,0,0,0,0,0,0,0,no
0.018072,0.095238,0,0,0.02381,0.016129,0,0,0,0,0,0,0,no
0.018072,0.142857,0,0,0.02381,0.016129,0,0,0,0,0,0,0,no
0.018072,0.190476,0,0,0.031746,0.016129,0,0,0,0,0,0,0,no
0.018072,0.095238,0,0,0.02381,0.016129,0,0,0,0,0,0,0,no
0.018072,0.095238,0,0,0.02381,0.016129,0,0,0,0,0,0,0,no
0.018072,0.095238,0,0,0.02381,0.016129,0,0,0,0,0,0,0,no
0.018072,0.142857,0,0,0.02381,0.016129,0,0,0,0,0,0,0,no
0.018072,0.095238,0,0,0.02381,0.016129,0,0,0,0,0,0,0,no
0.018072,0.142857,0,0,0.02381,0.016129,0,0,0,0,0,0,0,no
0.018072,0.142857,0,0,0.02381,0.016129,0,0,0,0,0,0,0,no
0.018072,0.142857,0,0,0.02381,0.016129,0,0,0,0,0,0,0,no
0.018072,0.142857,0,0,0.02381,0.016129,0,0,0,0,0,0,0,no
0.018072,0.238095,0,0,0.02381,0.016129,0,0,0,0,0,0,0,no
0.018072,0.285714,0,0,0.02381,0.016129,0,0,0,0,0,0,0,no
0.018072,0.142857,0,0,0.02381,0.016129,0,0,0,0,0,0,0,no
0.018072,0.142857,0,0,0.02381,0.016129,0,0,0,0,0,0,0,no
0.018072,0.142857,0,0,0.02381,0.016129,0,0,0,0,0,0,0,no
0.018072,0.142857,0,0,0.02381,0.016129,0,0,0,0,0,0,0,no
0.012048,0.095238,0,0,0,0,0,0,0,0,0,0,0,no
0.009036,0.047619,0,0,0,0,0,0,0,0,0,0,0,no
0.012048,0.238095,0,0,0.015873,0,0,0,0,0,0,0,0,no
0.021084,0.047619,0,0,0.015873,0.016129,0,0,0,0,0,0,0,no
0.012048,0.238095,0,0,0.015873,0,0,0,0,0,0,0,0,no
0.021084,0.047619,0,0,0.015873,0.016129,0,0,0,0,0,0,0,no
0.01506,0.285714,0,0,0.015873,0,0,0,0,0,0,0,0,no
0.024096,0.047619,0,0,0.015873,0.016129,0,0,0,0,0,0,0,no
0.012048,0.238095,0,0,0.015873,0,0,0,0,0,0,0,0,no
0.021084,0.047619,0,0,0.015873,0.016129,0,0,0,0,0,0,0,no
0.009036,0.190476,0,0,0.015873,0,0,0,0,0,0,0,0,no
0.018072,0.047619,0,0,0.015873,0.016129,0,0,0,0,0,0,0,no
0.012048,0.238095,0,0,0.015873,0,0,0,0,0,0,0,0,no
0.021084,0.047619,0,0,0.015873,0.016129,0,0,0,0,0,0,0,no
0.012048,0.238095,0,0,0.015873,0,0,0,0,0,0,0,0,no
0.021084,0.047619,0,0,0.015873,0.016129,0,0,0,0,0,0,0,no
0.012048,0.238095,0,0,0.015873,0,0,0,0,0,0,0,0,no
0.021084,0.047619,0,0,0.015873,0.016129,0,0,0,0,0,0,0,no
0.012048,0.238095,0,0,0.015873,0,0,0,0,0,0,0,0,no
0.021084,0.047619,0,0,0.015873,0.016129,0,0,0,0,0,0,0,no
0.021084,0.380952,0,0,0.015873,0,0,0,0,0,0,0,0,no
0.03012,0.047619,0,0,0.015873,0.016129,0,0,0,0,0,0,0,no
0.012048,0.238095,0,0,0.015873,0,0,0,0,0,0,0,0,no
0.021084,0.047619,0,0,0.015873,0.016129,0,0,0,0,0,0,0,no
0.012048,0.238095,0,0,0.015873,0,0,0,0,0,0,0,0,no
0.021084,0.047619,0,0,0.015873,0.016129,0,0,0,0,0,0,0,no
0.012048,0.238095,0,0,0.015873,0,0,0,0,0,0,0,0,no
0.021084,0.047619,0,0,0.015873,0.016129,0,0,0,0,0,0,0,no
0.012048,0.238095,0,0,0.015873,0,0,0,0,0,0,0,0,no
0.021084,0.047619,0,0,0.015873,0.016129,0,0,0,0,0,0,0,no
0.012048,0.238095,0,0,0.015873,0,0,0,0,0,0,0,0,no
0.021084,0.047619,0,0,0.015873,0.016129,0,0,0,0,0,0,0,no
0.012048,0.238095,0,0,0.015873,0,0,0,0,0,0,0,0,no
0.021084,0.047619,0,0,0.015873,0.016129,0,0,0,0,0,0,0,no
0.012048,0.238095,0,0,0.015873,0,0,0,0,0,0,0,0,no
0.021084,0.047619,0,0,0.015873,0.016129,0,0,0,0,0,0,0,no
0.009036,0.190476,0,0,0.015873,0,0,0,0,0,0,0,0,no
0.018072,0.047619,0,0,0.015873,0.016129,0,0,0,0,0,0,0,no
0.021084,0.380952,0,0,0.039683,0,0,0,0,0,0,0,0,no
0.03012,0.047619,0,0,0.015873,0.016129,0,0,0,0,0,0,0,no
0.018072,0.333333,0,0,0.02381,0,0,0,0,0,0,0,0,no
0.027108,0.047619,0,0,0.015873,0.016129,0,0,0,0,0,0,0,no
0.009036,0.190476,0,0,0.015873,0,0,0,0,0,0,0,0,no
0.018072,0.047619,0,0,0.015873,0.016129,0,0,0,0,0,0,0,no
0.012048,0.238095,0,0,0.015873,0,0,0,0,0,0,0,0,no
0.021084,0.047619,0,0,0.015873,0.016129,0,0,0,0,0,0,0,no
0.009036,0.190476,0,0,0.015873,0,0,0,0,0,0,0,0,no
0.018072,0.047619,0,0,0.015873,0.016129,0,0,0,0,0,0,0,no
0.012048,0.238095,0,0,0.015873,0,0.037037,0.083333,0.004494,0,0.017241,0.017241,0,no
0.021084,0.047619,0,0,0.015873,0.016129,0.037037,0.083333,0.007865,0,0.030172,0.030172,0,no
0.018072,0.333333,0,0,0.02381,0,0,0,0,0,0,0,0,no
0.027108,0.047619,0,0,0.015873,0.016129,0,0,0,0,0,0,0,no
0.012048,0.238095,0,0,0.015873,0,0,0,0,0,0,0,0,no
0.021084,0.047619,0,0,0.015873,0.016129,0,0,0,0,0,0,0,no
0.012048,0.238095,0,0,0.015873,0,0,0,0,0,0,0,0,no
0.021084,0.047619,0,0,0.015873,0.016129,0,0,0,0,0,0,0,no
0.01506,0.285714,0,0,0.015873,0,0,0,0,0,0,0,0,no
0.024096,0.047619,0,0,0.015873,0.016129,0,0,0,0,0,0,0,no
0.012048,0.238095,0,0,0.015873,0,0,0,0,0,0,0,0,no
0.021084,0.047619,0,0,0.015873,0.016129,0,0,0,0,0,0,0,no
0.018072,0.333333,0,0,0.02381,0,0,0,0,0,0,0,0,no
0.027108,0.047619,0,0,0.015873,0.016129,0,0,0,0,0,0,0,no
0.012048,0.238095,0,0,0.015873,0,0,0,0,0,0,0,0,no
0.021084,0.047619,0,0,0.015873,0.016129,0,0,0,0,0,0,0,no
0.012048,0.238095,0,0,0.015873,0,0,0,0,0,0,0,0,no
0.021084,0.047619,0,0,0.015873,0.016129,0,0,0,0,0,0,0,no
0.012048,0.238095,0,0,0.015873,0,0,0,0,0,0,0,0,no
0.021084,0.047619,0,0,0.015873,0.016129,0,0,0,0,0,0,0,no
0.01506,0.285714,0,0,0.015873,0,0,0,0,0,0,0,0,no
0.024096,0.047619,0,0,0.015873,0.016129,0,0,0,0,0,0,0,no
0.012048,0.238095,0,0,0.015873,0,0,0,0,0,0,0,0,no
0.021084,0.047619,0,0,0.015873,0.016129,0,0,0,0,0,0,0,no
0.012048,0.238095,0,0,0.015873,0,0,0,0,0,0,0,0,no
0.021084,0.047619,0,0,0.015873,0.016129,0,0,0,0,0,0,0,no
0.01506,0.285714,0,0,0.015873,0,0,0,0,0,0,0,0,no
0.024096,0.047619,0,0,0.015873,0.016129,0,0,0,0,0,0,0,no
0.01506,0.285714,0,0,0.015873,0,0,0,0,0,0,0,0,no
0.024096,0.047619,0,0,0.015873,0.016129,0,0,0,0,0,0,0,no
0.01506,0.285714,0,0,0.015873,0,0,0,0,0,0,0,0,no
0.024096,0.047619,0,0,0.015873,0.016129,0,0,0,0,0,0,0,no
0.01506,0.285714,0,0,0.015873,0,0,0,0,0,0,0,0,no
0.024096,0.047619,0,0,0.015873,0.016129,0,0,0,0,0,0,0,no
0.024096,0.428571,0,0,0.015873,0,0,0,0,0,0,0,0,no
0.033133,0.047619,0,0,0.015873,0.016129,0,0,0,0,0,0,0,no
0.021084,0.380952,0,0,0.015873,0,0,0,0,0,0,0,0,no
0.03012,0.047619,0,0,0.015873,0.016129,0,0,0,0,0,0,0,no
0.01506,0.285714,0,0,0.015873,0,0,0,0,0,0,0,0,no
0.024096,0.047619,0,0,0.015873,0.016129,0,0,0,0,0,0,0,no
0.01506,0.285714,0,0,0.015873,0,0,0,0,0,0,0,0,no
0.024096,0.047619,0,0,0.015873,0.016129,0,0,0,0,0,0,0,no
0.01506,0.285714,0,0,0.015873,0,0,0,0,0,0,0,0,no
0.024096,0.047619,0,0,0.015873,0.016129,0,0,0,0,0,0,0,no
0.01506,0.285714,0,0,0.015873,0,0,0,0,0,0,0,0,no
0.024096,0.047619,0,0,0.015873,0.016129,0,0,0,0,0,0,0,no
0,0.095238,0,0,0.02381,0,0,0,0,0,0,0,0,no
0,0.095238,0,0,0.02381,0,0,0,0,0,0,0,0,no
0,0.142857,0,0,0.02381,0,0,0,0,0,0,0,0,no
0,0.095238,0,0,0.02381,0,0,0,0,0,0,0,0,no
0,0.047619,0,0,0.02381,0,0,0,0,0,0,0,0,no
0,0.095238,0,0,0.02381,0,0,0,0,0,0,0,0,no
0,0.095238,0,0,0.02381,0,0,0,0,0,0,0,0,no
0,0.095238,0,0,0.02381,0,0,0,0,0,0,0,0,no
0,0.095238,0,0,0.02381,0,0,0,0,0,0,0,0,no
0,0.238095,0,0,0.02381,0,0,0,0,0,0,0,0,no
0,0.095238,0,0,0.02381,0,0,0,0,0,0,0,0,no
0,0.095238,0,0,0.02381,0,0,0,0,0,0,0,0,no
0,0.095238,0,0,0.02381,0,0,0,0,0,0,0,0,no
0,0.095238,0,0,0.02381,0,0,0,0,0,0,0,0,no
0,0.095238,0,0,0.02381,0,0,0,0,0,0,0,0,no
0,0.095238,0,0,0.02381,0,0,0,0,0,0,0,0,no
0,0.095238,0,0,0.02381,0,0,0,0,0,0,0,0,no
0,0.047619,0,0,0.02381,0,0,0,0,0,0,0,0,no
0,0.238095,0,0,0.047619,0,0,0,0,0,0,0,0,no
0,0.190476,0,0,0.031746,0,0,0,0,0,0,0,0,no
0,0.047619,0,0,0.02381,0,0,0,0,0,0,0,0,no
0,0.095238,0,0,0.02381,0,0,0,0,0,0,0,0,no
0,0.047619,0,0,0.02381,0,0,0,0,0,0,0,0,no
0,0.095238,0,0,0.02381,0,0.037037,0.083333,0,0,0,0,0,no
0,0.190476,0,0,0.031746,0,0,0,0,0,0,0,0,no
0,0.095238,0,0,0.02381,0,0,0,0,0,0,0,0,no
0,0.095238,0,0,0.02381,0,0,0,0,0,0,0,0,no
0,0.095238,0,0,0.02381,0,0,0,0,0,0,0,0,no
0,0.095238,0,0,0.02381,0,0,0,0,0,0,0,0,no
0,0.142857,0,0,0.02381,0,0,0,0,0,0,0,0,no
0,0.190476,0,0,0.031746,0,0,0,0,0,0,0,0,no
0,0.095238,0,0,0.02381,0,0,0,0,0,0,0,0,no
0,0.095238,0,0,0.02381,0,0,0,0,0,0,0,0,no
0,0.095238,0,0,0.02381,0,0,0,0,0,0,0,0,no
0,0.142857,0,0,0.02381,0,0,0,0,0,0,0,0,no
0,0.095238,0,0,0.02381,0,0,0,0,0,0,0,0,no
0,0.142857,0,0,0.02381,0,0,0,0,0,0,0,0,no
0,0.142857,0,0,0.02381,0,0,0,0,0,0,0,0,no
0,0.142857,0,0,0.02381,0,0,0,0,0,0,0,0,no
0,0.142857,0,0,0.02381,0,0,0,0,0,0,0,0,no
0,0.238095,0,0,0.02381,0,0,0,0,0,0,0,0,no
0,0.285714,0,0,0.02381,0,0,0,0,0,0,0,0,no
0,0.142857,0,0,0.02381,0,0,0,0,0,0,0,0,no
0,0.142857,0,0,0.02381,0,0,0,0,0,0,0,0,no
0,0.142857,0,0,0.02381,0,0,0,0,0,0,0,0,no
0,0.142857,0,0,0.02381,0,0,0,0,0,0,0,0,no
0.009036,0.047619,0,0,0,0,0,0,0,0,0,0,0,no
0.009036,0.095238,0,0,0,0,0,0,0,0,0,0,0,no
0.14759,0.047619,0,0,0,0,0.037037,0.083333,0.001124,0,0.00431,0.00431,0,no
0.009036,0,0,0,0,0,0,0,0,0,0,0,0,no
0.009036,0,0,0,0,0,0,0,0,0,0,0,0,no
0.009036,0,0,0,0,0,0,0,0,0,0,0,0,no
0.009036,0.142857,0,0,0.007937,0,0,0,0,0,0,0,0,no
0.009036,0,0,0,0,0,0,0,0,0,0,0,0,no
0.009036,0,0,0,0,0,0,0,0,0,0,0,0,no
0.009036,0,0,0,0,0,0,0,0,0,0,0,0,no
0.009036,0.142857,0,0,0.007937,0,0,0,0,0,0,0,0,no
0.009036,0,0,0,0,0,0,0,0,0,0,0,0,no
0.009036,0,0,0,0,0,0,0,0,0,0,0,0,no
0.009036,0,0,0,0,0,0,0,0,0,0,0,0,no
0.009036,0.142857,0,0,0.007937,0,0,0,0,0,0,0,0,no
0.009036,0,0,0,0,0,0,0,0,0,0,0,0,no
0.009036,0,0,0,0,0,0,0,0,0,0,0,0,no
0.009036,0,0,0,0,0,0,0,0,0,0,0,0,no
0.009036,0.142857,0,0,0.007937,0,0,0,0,0,0,0,0,no
0.009036,0,0,0,0,0,0,0,0,0,0,0,0,no
0.009036,0,0,0,0,0,0,0,0,0,0,0,0,no
0.009036,0,0,0,0,0,0,0,0,0,0,0,0,no
0.009036,0.142857,0,0,0.007937,0,0,0,0,0,0,0,0,no
0.009036,0,0,0,0,0,0,0,0,0,0,0,0,no
0.009036,0,0,0,0,0,0,0,0,0,0,0,0,no
0.009036,0,0,0,0,0,0,0,0,0,0,0,0,no
0.009036,0.142857,0,0,0.007937,0,0,0,0,0,0,0,0,no
0.009036,0,0,0,0,0,0,0,0,0,0,0,0,no
0.009036,0,0,0,0,0,0,0,0,0,0,0,0,no
0.009036,0,0,0,0,0,0,0,0,0,0,0,0,no
0.009036,0.142857,0,0,0.007937,0,0,0,0,0,0,0,0,no
0.009036,0,0,0,0,0,0,0,0,0,0,0,0,no
0.009036,0,0,0,0,0,0,0,0,0,0,0,0,no
0.009036,0,0,0,0,0,0,0,0,0,0,0,0,no
0.009036,0.142857,0,0,0.007937,0,0,0,0,0,0,0,0,no
0.009036,0,0,0,0,0,0,0,0,0,0,0,0,no
0.009036,0,0,0,0,0,0,0,0,0,0,0,0,no
0.009036,0,0,0,0,0,0,0,0,0,0,0,0,no
0.009036,0.142857,0,0,0.007937,0,0,0,0,0,0,0,0,no
0.009036,0,0,0,0,0,0,0,0,0,0,0,0,no
0.009036,0,0,0,0,0,0,0,0,0,0,0,0,no
0.009036,0,0,0,0,0,0,0,0,0,0,0,0,no
0.009036,0.142857,0,0,0.007937,0,0,0,0,0,0,0,0,no
0.009036,0,0,0,0,0,0,0,0,0,0,0,0,no
0.009036,0,0,0,0,0,0,0,0,0,0,0,0,no
0.009036,0,0,0,0,0,0,0,0,0,0,0,0,no
0.009036,0.142857,0,0,0.007937,0,0,0,0,0,0,0,0,no
0.009036,0,0,0,0,0,0,0,0,0,0,0,0,no
0.009036,0,0,0,0,0,0,0,0,0,0,0,0,no
0.009036,0,0,0,0,0,0,0,0,0,0,0,0,no
0.009036,0.142857,0,0,0.007937,0,0,0,0,0,0,0,0,no
0.009036,0,0,0,0,0,0,0,0,0,0,0,0,no
0.009036,0,0,0,0,0,0,0,0,0,0,0,0,no
0.009036,0,0,0,0,0,0,0,0,0,0,0,0,no
0.009036,0.142857,0,0,0.007937,0,0,0,0,0,0,0,0,no
0.009036,0,0,0,0,0,0,0,0,0,0,0,0,no
0.009036,0,0,0,0,0,0,0,0,0,0,0,0,no
0.009036,0,0,0,0,0,0,0,0,0,0,0,0,no
0.009036,0.142857,0,0,0.007937,0,0,0,0,0,0,0,0,no
0.009036,0,0,0,0,0,0,0,0,0,0,0,0,no
0.009036,0,0,0,0,0,0,0,0,0,0,0,0,no
0.009036,0,0,0,0,0,0,0,0,0,0,0,0,no
0.009036,0.142857,0,0,0.007937,0,0,0,0,0,0,0,0,no
0.009036,0,0,0,0,0,0,0,0,0,0,0,0,no
0.009036,0,0,0,0,0,0,0,0,0,0,0,0,no
0.009036,0,0,0,0,0,0,0,0,0,0,0,0,no
0.009036,0.142857,0,0,0.007937,0,0,0,0,0,0,0,0,no
0.009036,0,0,0,0,0,0,0,0,0,0,0,0,no
0.009036,0,0,0,0,0,0,0,0,0,0,0,0,no
0.009036,0,0,0,0,0,0,0,0,0,0,0,0,no
0.009036,0.142857,0,0,0.007937,0,0,0,0,0,0,0,0,no
0.009036,0,0,0,0,0,0,0,0,0,0,0,0,no
0.009036,0,0,0,0,0,0,0,0,0,0,0,0,no
0.009036,0,0,0,0,0,0,0,0,0,0,0,0,no
0.009036,0.142857,0,0,0.007937,0,0,0,0,0,0,0,0,no
0.009036,0,0,0,0,0,0,0,0,0,0,0,0,no
0.009036,0,0,0,0,0,0,0,0,0,0,0,0,no
0.009036,0,0,0,0,0,0,0,0,0,0,0,0,no
0.009036,0.142857,0,0,0.007937,0,0,0,0,0,0,0,0,no
0.009036,0,0,0,0,0,0,0,0,0,0,0,0,no
0.009036,0,0,0,0,0,0,0,0,0,0,0,0,no
0.009036,0,0,0,0,0,0,0,0,0,0,0,0,no
0.009036,0.142857,0,0,0.007937,0,0,0,0,0,0,0,0,no
0.009036,0,0,0,0,0,0,0,0,0,0,0,0,no
0.009036,0,0,0,0,0,0,0,0,0,0,0,0,no
0.009036,0,0,0,0,0,0,0,0,0,0,0,0,no
0.009036,0.142857,0,0,0.007937,0,0,0,0,0,0,0,0,no
0.009036,0,0,0,0,0,0,0,0,0,0,0,0,no
0.009036,0,0,0,0,0,0,0,0,0,0,0,0,no
0.009036,0,0,0,0,0,0,0,0,0,0,0,0,no
0.009036,0.142857,0,0,0.007937,0,0,0,0,0,0,0,0,no
0.009036,0,0,0,0,0,0,0,0,0,0,0,0,no
0.009036,0,0,0,0,0,0,0,0,0,0,0,0,no
0.009036,0,0,0,0,0,0,0,0,0,0,0,0,no
0.009036,0.142857,0,0,0.007937,0,0,0,0,0,0,0,0,no
0.009036,0,0,0,0,0,0.037037,0.083333,0.003371,0,0.012931,0.012931,0,no
0.009036,0,0,0,0,0,0.037037,0.083333,0.003371,0,0.012931,0.012931,0,no
0.009036,0,0,0,0,0,0.037037,0.083333,0.003371,0,0.012931,0.012931,0,no
0.009036,0.142857,0,0,0.007937,0,0.037037,0.083333,0.003371,0,0.012931,0.012931,0,no
0.009036,0,0,0,0,0,0,0,0,0,0,0,0,no
0.009036,0,0,0,0,0,0,0,0,0,0,0,0,no
0.009036,0,0,0,0,0,0,0,0,0,0,0,0,no
0.009036,0.142857,0,0,0.007937,0,0,0,0,0,0,0,0,no
0.009036,0,0,0,0,0,0,0,0,0,0,0,0,no
0.009036,0,0,0,0,0,0,0,0,0,0,0,0,no
0.009036,0,0,0,0,0,0,0,0,0,0,0,0,no
0.009036,0.142857,0,0,0.007937,0,0,0,0,0,0,0,0,no
0.009036,0,0,0,0,0,0,0,0,0,0,0,0,no
0.009036,0,0,0,0,0,0,0,0,0,0,0,0,no
0.009036,0,0,0,0,0,0,0,0,0,0,0,0,no
0.009036,0.142857,0,0,0.007937,0,0,0,0,0,0,0,0,no
0.009036,0,0,0,0,0,0,0,0,0,0,0,0,no
0.009036,0,0,0,0,0,0,0,0,0,0,0,0,no
0.009036,0,0,0,0,0,0,0,0,0,0,0,0,no
0.009036,0.142857,0,0,0.007937,0,0,0,0,0,0,0,0,no
0.009036,0,0,0,0,0,0,0,0,0,0,0,0,no
0.009036,0,0,0,0,0,0,0,0,0,0,0,0,no
0.009036,0,0,0,0,0,0,0,0,0,0,0,0,no
0.009036,0.142857,0,0,0.007937,0,0,0,0,0,0,0,0,no
0.009036,0,0,0,0,0,0,0,0,0,0,0,0,no
0.009036,0,0,0,0,0,0,0,0,0,0,0,0,no
0.009036,0,0,0,0,0,0,0,0,0,0,0,0,no
0.009036,0.142857,0,0,0.007937,0,0,0,0,0,0,0,0,no
0.009036,0,0,0,0,0,0,0,0,0,0,0,0,no
0.009036,0,0,0,0,0,0,0,0,0,0,0,0,no
0.009036,0,0,0,0,0,0,0,0,0,0,0,0,no
0.009036,0.142857,0,0,0.007937,0,0,0,0,0,0,0,0,no
0.009036,0,0,0,0,0,0,0,0,0,0,0,0,no
0.009036,0,0,0,0,0,0,0,0,0,0,0,0,no
0.009036,0,0,0,0,0,0,0,0,0,0,0,0,no
0.009036,0.142857,0,0,0.007937,0,0,0,0,0,0,0,0,no
0.009036,0,0,0,0,0,0,0,0,0,0,0,0,no
0.009036,0,0,0,0,0,0,0,0,0,0,0,0,no
0.009036,0,0,0,0,0,0,0,0,0,0,0,0,no
0.009036,0.142857,0,0,0.007937,0,0,0,0,0,0,0,0,no
0.009036,0,0,0,0,0,0,0,0,0,0,0,0,no
0.009036,0,0,0,0,0,0,0,0,0,0,0,0,no
0.009036,0,0,0,0,0,0,0,0,0,0,0,0,no
0.009036,0.142857,0,0,0.007937,0,0,0,0,0,0,0,0,no
0.009036,0,0,0,0,0,0,0,0,0,0,0,0,no
0.009036,0,0,0,0,0,0,0,0,0,0,0,0,no
0.009036,0,0,0,0,0,0,0,0,0,0,0,0,no
0.009036,0.142857,0,0,0.007937,0,0,0,0,0,0,0,0,no
0.009036,0,0,0,0,0,0,0,0,0,0,0,0,no
0.009036,0,0,0,0,0,0,0,0,0,0,0,0,no
0.009036,0,0,0,0,0,0,0,0,0,0,0,0,no
0.009036,0.142857,0,0,0.007937,0,0,0,0,0,0,0,0,no
0.009036,0,0,0,0,0,0,0,0,0,0,0,0,no
0.009036,0,0,0,0,0,0,0,0,0,0,0,0,no
0.009036,0,0,0,0,0,0,0,0,0,0,0,0,no
0.009036,0.142857,0,0,0.007937,0,0,0,0,0,0,0,0,no
0.009036,0,0,0,0,0,0,0,0,0,0,0,0,no
0.009036,0,0,0,0,0,0,0,0,0,0,0,0,no
0.009036,0,0,0,0,0,0,0,0,0,0,0,0,no
0.009036,0.142857,0,0,0.007937,0,0,0,0,0,0,0,0,no
0.009036,0,0,0,0,0,0,0,0,0,0,0,0,no
0.009036,0,0,0,0,0,0,0,0,0,0,0,0,no
0.009036,0,0,0,0,0,0,0,0,0,0,0,0,no
0.009036,0.142857,0,0,0.007937,0,0,0,0,0,0,0,0,no
0.009036,0,0,0,0,0,0,0,0,0,0,0,0,no
0.009036,0,0,0,0,0,0,0,0,0,0,0,0,no
0.009036,0,0,0,0,0,0,0,0,0,0,0,0,no
0.009036,0.142857,0,0,0.007937,0,0,0,0,0,0,0,0,no
0.009036,0,0,0,0,0,0,0,0,0,0,0,0,no
0.009036,0,0,0,0,0,0,0,0,0,0,0,0,no
0.009036,0,0,0,0,0,0,0,0,0,0,0,0,no
0.009036,0.142857,0,0,0.007937,0,0,0,0,0,0,0,0,no
0.009036,0,0,0,0,0,0,0,0,0,0,0,0,no
0.009036,0,0,0,0,0,0,0,0,0,0,0,0,no
0.009036,0,0,0,0,0,0,0,0,0,0,0,0,no
0.009036,0.142857,0,0,0.007937,0,0,0,0,0,0,0,0,no
0.009036,0,0,0,0,0,0,0,0,0,0,0,0,no
0.009036,0,0,0,0,0,0,0,0,0,0,0,0,no
0.009036,0,0,0,0,0,0,0,0,0,0,0,0,no
0.009036,0.142857,0,0,0.007937,0,0,0,0,0,0,0,0,no
0.009036,0,0,0,0,0,0,0,0,0,0,0,0,no
0.009036,0,0,0,0,0,0,0,0,0,0,0,0,no
0.009036,0,0,0,0,0,0,0,0,0,0,0,0,no
0.009036,0.142857,0,0,0.007937,0,0,0,0,0,0,0,0,no
0.009036,0,0,0,0,0,0,0,0,0,0,0,0,no
0.009036,0,0,0,0,0,0,0,0,0,0,0,0,no
0.009036,0,0,0,0,0,0,0,0,0,0,0,0,no
0.009036,0.142857,0,0,0.007937,0,0,0,0,0,0,0,0,no
0.009036,0,0,0,0,0,0,0,0,0,0,0,0,no
0.009036,0,0,0,0,0,0,0,0,0,0,0,0,no
0.009036,0,0,0,0,0,0,0,0,0,0,0,0,no
0.009036,0.142857,0,0,0.007937,0,0,0,0,0,0,0,0,no
0.009036,0.047619,0,0,0,0,0,0,0,0,0,0,0,no
0.009036,0.095238,0,0,0,0,0,0,0,0,0,0,0,no
0.012048,0.047619,0,0,0.007937,0,0,0,0,0,0,0,0,no
0.012048,0.047619,0,0,0.007937,0,0,0,0,0,0,0,0,no
0.012048,0.095238,0,0,0.007937,0,0,0,0,0,0,0,0,no
0.012048,0.047619,0,0,0.007937,0,0,0,0,0,0,0,0,no
0.012048,0,0,0,0.007937,0,0,0,0,0,0,0,0,no
0.012048,0.047619,0,0,0.007937,0,0,0,0,0,0,0,0,no
0.012048,0.047619,0,0,0.007937,0,0,0,0,0,0,0,0,no
0.012048,0.047619,0,0,0.007937,0,0,0,0,0,0,0,0,no
0.012048,0.047619,0,0,0.007937,0,0,0,0,0,0,0,0,no
0.012048,0.190476,0,0,0.007937,0,0,0,0,0,0,0,0,no
0.012048,0.047619,0,0,0.007937,0,0,0,0,0,0,0,0,no
0.012048,0.047619,0,0,0.007937,0,0,0,0,0,0,0,0,no
0.012048,0.047619,0,0,0.007937,0,0,0,0,0,0,0,0,no
0.012048,0.047619,0,0,0.007937,0,0,0,0,0,0,0,0,no
0.012048,0.047619,0,0,0.007937,0,0,0,0,0,0,0,0,no
0.012048,0.047619,0,0,0.007937,0,0,0,0,0,0,0,0,no
0.012048,0.047619,0,0,0.007937,0,0,0,0,0,0,0,0,no
0.012048,0,0,0,0.007937,0,0,0,0,0,0,0,0,no
0.012048,0.190476,0,0,0.031746,0,0,0,0,0,0,0,0,no
0.012048,0.142857,0,0,0.015873,0,0,0,0,0,0,0,0,no
0.012048,0,0,0,0.007937,0,0,0,0,0,0,0,0,no
0.012048,0.047619,0,0,0.007937,0,0,0,0,0,0,0,0,no
0.012048,0,0,0,0.007937,0,0,0,0,0,0,0,0,no
0.012048,0.047619,0,0,0.007937,0,0.037037,0.083333,0.004494,0,0.017241,0.017241,0,no
0.012048,0.142857,0,0,0.015873,0,0,0,0,0,0,0,0,no
0.012048,0.047619,0,0,0.007937,0,0,0,0,0,0,0,0,no
0.012048,0.047619,0,0,0.007937,0,0,0,0,0,0,0,0,no
0.012048,0.047619,0,0,0.007937,0,0,0,0,0,0,0,0,no
0.012048,0.047619,0,0,0.007937,0,0,0,0,0,0,0,0,no
0.012048,0.095238,0,0,0.007937,0,0,0,0,0,0,0,0,no
0.012048,0.142857,0,0,0.015873,0,0,0,0,0,0,0,0,no
0.012048,0.047619,0,0,0.007937,0,0,0,0,0,0,0,0,no
0.012048,0.047619,0,0,0.007937,0,0,0,0,0,0,0,0,no
0.012048,0.047619,0,0,0.007937,0,0,0,0,0,0,0,0,no
0.012048,0.095238,0,0,0.007937,0,0,0,0,0,0,0,0,no
0.012048,0.047619,0,0,0.007937,0,0,0,0,0,0,0,0,no
0.012048,0.095238,0,0,0.007937,0,0,0,0,0,0,0,0,no
0.01506,0,0,0,0.02381,0.016129,0,0,0,0,0,0,0,no
0.01506,0,0,0,0.02381,0.016129,0,0,0,0,0,0,0,no
0.01506,0,0,0,0.02381,0.016129,0,0,0,0,0,0,0,no
0.01506,0.047619,0,0,0.015873,0.016129,0,0,0,0,0,0,0,no
0.01506,0.047619,0,0,0.015873,0.016129,0,0,0,0,0,0,0,no
0.018072,0.095238,0,0,0.015873,0.016129,0,0,0,0,0,0,0,no
0.01506,0.047619,0,0,0.015873,0.016129,0,0,0,0,0,0,0,no
0.012048,0,0,0,0.015873,0.016129,0,0,0,0,0,0,0,no
0.01506,0.047619,0,0,0.015873,0.016129,0,0,0,0,0,0,0,no
0.01506,0.047619,0,0,0.015873,0.016129,0,0,0,0,0,0,0,no
0.01506,0.047619,0,0,0.015873,0.016129,0,0,0,0,0,0,0,no
0.01506,0.047619,0,0,0.015873,0.016129,0,0,0,0,0,0,0,no
0.024096,0.190476,0,0,0.015873,0.016129,0,0,0,0,0,0,0,no
0.01506,0.047619,0,0,0.015873,0.016129,0,0,0,0,0,0,0,no
0.01506,0.047619,0,0,0.015873,0.016129,0,0,0,0,0,0,0,no
0.01506,0.047619,0,0,0.015873,0.016129,0,0,0,0,0,0,0,no
0.01506,0.047619,0,0,0.015873,0.016129,0,0,0,0,0,0,0,no
0.01506,0.047619,0,0,0.015873,0.016129,0,0,0,0,0,0,0,no
0.01506,0.047619,0,0,0.015873,0.016129,0,0,0,0,0,0,0,no
0.01506,0.047619,0,0,0.015873,0.016129,0,0,0,0,0,0,0,no
0.012048,0,0,0,0.015873,0.016129,0,0,0,0,0,0,0,no
0.024096,0.190476,0,0,0.039683,0.016129,0,0,0,0,0,0,0,no
0.021084,0.142857,0,0,0.02381,0.016129,0,0,0,0,0,0,0,no
0.012048,0,0,0,0.015873,0.016129,0,0,0,0,0,0,0,no
0.01506,0.047619,0,0,0.015873,0.016129,0,0,0,0,0,0,0,no
0.012048,0,0,0,0.015873,0.016129,0,0,0,0,0,0,0,no
0.01506,0.047619,0,0,0.015873,0.016129,0.037037,0.083333,0.005618,0,0.021552,0.021552,0,no
0.021084,0.142857,0,0,0.02381,0.016129,0,0,0,0,0,0,0,no
0.01506,0.047619,0,0,0.015873,0.016129,0,0,0,0,0,0,0,no
0.01506,0.047619,0,0,0.015873,0.016129,0,0,0,0,0,0,0,no
0.01506,0.047619,0,0,0.015873,0.016129,0,0,0,0,0,0,0,no
0.01506,0.047619,0,0,0.015873,0.016129,0,0,0,0,0,0,0,no
0.018072,0.095238,0,0,0.015873,0.016129,0,0,0,0,0,0,0,no
0.021084,0.142857,0,0,0.02381,0.016129,0,0,0,0,0,0,0,no
0.01506,0.047619,0,0,0.015873,0.016129,0,0,0,0,0,0,0,no
0.01506,0.047619,0,0,0.015873,0.016129,0,0,0,0,0,0,0,no
0.01506,0.047619,0,0,0.015873,0.016129,0,0,0,0,0,0,0,no
0.018072,0.095238,0,0,0.015873,0.016129,0,0,0,0,0,0,0,no
0.01506,0.047619,0,0,0.015873,0.016129,0,0,0,0,0,0,0,no
0.018072,0.095238,0,0,0.015873,0.016129,0,0,0,0,0,0,0,no
0.018072,0.095238,0,0,0.015873,0.016129,0,0,0,0,0,0,0,no
0.018072,0.095238,0,0,0.015873,0.016129,0,0,0,0,0,0,0,no
0.018072,0.095238,0,0,0.015873,0.016129,0,0,0,0,0,0,0,no
0.024096,0.190476,0,0,0.015873,0.016129,0,0,0,0,0,0,0,no
0.027108,0.238095,0,0,0.015873,0.016129,0,0,0,0,0,0,0,no
0.018072,0.095238,0,0,0.015873,0.016129,0,0,0,0,0,0,0,no
0.018072,0.095238,0,0,0.015873,0.016129,0,0,0,0,0,0,0,no
0.018072,0.095238,0,0,0.015873,0.016129,0,0,0,0,0,0,0,no
0.018072,0.095238,0,0,0.015873,0.016129,0,0,0,0,0,0,0,no
0.012048,0.095238,0,0,0.007937,0,0,0,0,0,0,0,0,no
0.012048,0.095238,0,0,0.007937,0,0,0,0,0,0,0,0,no
0.012048,0.095238,0,0,0.007937,0,0,0,0,0,0,0,0,no
0.012048,0.190476,0,0,0.007937,0,0,0,0,0,0,0,0,no
0.012048,0.238095,0,0,0.007937,0,0,0,0,0,0,0,0,no
0.012048,0.095238,0,0,0.007937,0,0,0,0,0,0,0,0,no
0.012048,0.095238,0,0,0.007937,0,0,0,0,0,0,0,0,no
0.012048,0.095238,0,0,0.007937,0,0,0,0,0,0,0,0,no
0.012048,0.095238,0,0,0.007937,0,0,0,0,0,0,0,0,no
0.006024,0,0,0,0.015873,0,0,0,0,0,0,0,0,no
0.009036,0.047619,0,0,0,0,0,0,0,0,0,0,0,no
0.009036,0.095238,0,0,0,0,0,0,0,0,0,0,0,no
0,0.047619,0,0,0.015873,0,0,0,0,0,0,0,0,no
0,0.047619,0,0,0.015873,0,0,0,0,0,0,0,0,no
0,0.095238,0,0,0.015873,0,0,0,0,0,0,0,0,no
0,0.047619,0,0,0.015873,0,0,0,0,0,0,0,0,no
0,0,0,0,0.015873,0,0,0,0,0,0,0,0,no
0,0.047619,0,0,0.015873,0,0,0,0,0,0,0,0,no
0,0.047619,0,0,0.015873,0,0,0,0,0,0,0,0,no
0,0.047619,0,0,0.015873,0,0,0,0,0,0,0,0,no
0,0.047619,0,0,0.015873,0,0,0,0,0,0,0,0,no
0,0.190476,0,0,0.015873,0,0,0,0,0,0,0,0,no
0,0.047619,0,0,0.015873,0,0,0,0,0,0,0,0,no
0,0.047619,0,0,0.015873,0,0,0,0,0,0,0,0,no
0,0.047619,0,0,0.015873,0,0,0,0,0,0,0,0,no
0,0.047619,0,0,0.015873,0,0,0,0,0,0,0,0,no
0,0.047619,0,0,0.015873,0,0,0,0,0,0,0,0,no
0,0.047619,0,0,0.015873,0,0,0,0,0,0,0,0,no
0,0.047619,0,0,0.015873,0,0,0,0,0,0,0,0,no
0,0,0,0,0.015873,0,0,0,0,0,0,0,0,no
0,0.190476,0,0,0.039683,0,0,0,0,0,0,0,0,no
0,0.142857,0,0,0.02381,0,0,0,0,0,0,0,0,no
0,0,0,0,0.015873,0,0,0,0,0,0,0,0,no
0,0.047619,0,0,0.015873,0,0,0,0,0,0,0,0,no
0,0,0,0,0.015873,0,0,0,0,0,0,0,0,no
0,0.047619,0,0,0.015873,0,0.037037,0.083333,0,0,0,0,0,no
0,0.142857,0,0,0.02381,0,0,0,0,0,0,0,0,no
0,0.047619,0,0,0.015873,0,0,0,0,0,0,0,0,no
0,0.047619,0,0,0.015873,0,0,0,0,0,0,0,0,no
0,0.047619,0,0,0.015873,0,0,0,0,0,0,0,0,no
0,0.047619,0,0,0.015873,0,0,0,0,0,0,0,0,no
0,0.095238,0,0,0.015873,0,0,0,0,0,0,0,0,no
0,0.142857,0,0,0.02381,0,0,0,0,0,0,0,0,no
0,0.047619,0,0,0.015873,0,0,0,0,0,0,0,0,no
0,0.047619,0,0,0.015873,0,0,0,0,0,0,0,0,no
0,0.047619,0,0,0.015873,0,0,0,0,0,0,0,0,no
0,0.095238,0,0,0.015873,0,0,0,0,0,0,0,0,no
0,0.047619,0,0,0.015873,0,0,0,0,0,0,0,0,no
0,0.095238,0,0,0.015873,0,0,0,0,0,0,0,0,no
0,0.095238,0,0,0.015873,0,0,0,0,0,0,0,0,no
0,0.095238,0,0,0.015873,0,0,0,0,0,0,0,0,no
0,0.095238,0,0,0.015873,0,0,0,0,0,0,0,0,no
0,0.190476,0,0,0.015873,0,0,0,0,0,0,0,0,no
0,0.238095,0,0,0.015873,0,0,0,0,0,0,0,0,no
0,0.095238,0,0,0.015873,0,0,0,0,0,0,0,0,no
0,0.095238,0,0,0.015873,0,0,0,0,0,0,0,0,no
0,0.095238,0,0,0.015873,0,0,0,0,0,0,0,0,no
0,0.095238,0,0,0.015873,0,0,0,0,0,0,0,0,no
0.009036,0.047619,0,0,0,0,0,0,0,0,0,0,0,no
0.009036,0.095238,0,0,0,0,0,0,0,0,0,0,0,no
0.14759,0.047619,0,0,0,0,0.037037,0.083333,0.001124,0,0.00431,0.00431,0,no
0.009036,0,0,0,0,0,0,0,0,0,0,0,0,no
0.009036,0,0,0,0,0,0,0,0,0,0,0,0,no
0.009036,0,0,0,0,0,0,0,0,0,0,0,0,no
0.009036,0,0,0,0,0,0,0,0,0,0,0,0,no
0.009036,0,0,0,0,0,0,0,0,0,0,0,0,no
0.009036,0,0,0,0,0,0,0,0,0,0,0,0,no
0.009036,0,0,0,0,0,0,0,0,0,0,0,0,no
0.009036,0,0,0,0,0,0,0,0,0,0,0,0,no
0.009036,0,0,0,0,0,0,0,0,0,0,0,0,no
0.009036,0,0,0,0,0,0,0,0,0,0,0,0,no
0.009036,0,0,0,0,0,0,0,0,0,0,0,0,no
0.009036,0,0,0,0,0,0,0,0,0,0,0,0,no
0.009036,0,0,0,0,0,0,0,0,0,0,0,0,no
0.009036,0,0,0,0,0,0,0,0,0,0,0,0,no
0.009036,0,0,0,0,0,0,0,0,0,0,0,0,no
0.009036,0,0,0,0,0,0,0,0,0,0,0,0,no
0.009036,0,0,0,0,0,0,0,0,0,0,0,0,no
0.009036,0,0,0,0,0,0,0,0,0,0,0,0,no
0.009036,0,0,0,0,0,0,0,0,0,0,0,0,no
0.009036,0,0,0,0,0,0,0,0,0,0,0,0,no
0.009036,0,0,0,0,0,0,0,0,0,0,0,0,no
0.009036,0,0,0,0,0,0,0,0,0,0,0,0,no
0.009036,0,0,0,0,0,0,0,0,0,0,0,0,no
0.01506,0.095238,0,0,0.007937,0.016129,0,0,0,0,0,0,0,no
0.009036,0,0,0,0,0,0,0,0,0,0,0,0,no
0.009036,0,0,0,0,0,0,0,0,0,0,0,0,no
0.009036,0,0,0,0,0,0,0,0,0,0,0,0,no
0.009036,0,0,0,0,0,0,0,0,0,0,0,0,no
0.009036,0,0,0,0,0,0,0,0,0,0,0,0,no
0.009036,0,0,0,0,0,0,0,0,0,0,0,0,no
0.009036,0,0,0,0,0,0,0,0,0,0,0,0,no
0.009036,0,0,0,0,0,0,0,0,0,0,0,0,no
0.009036,0,0,0,0,0,0,0,0,0,0,0,0,no
0.009036,0,0,0,0,0,0,0,0,0,0,0,0,no
0.009036,0,0,0,0,0,0,0,0,0,0,0,0,no
0.009036,0,0,0,0,0,0,0,0,0,0,0,0,no
0.009036,0,0,0,0,0,0,0,0,0,0,0,0,no
0.009036,0,0,0,0,0,0,0,0,0,0,0,0,no
0.009036,0,0,0,0,0,0,0,0,0,0,0,0,no
0.009036,0,0,0,0,0,0,0,0,0,0,0,0,no
0.009036,0,0,0,0,0,0,0,0,0,0,0,0,no
0.009036,0,0,0,0,0,0,0,0,0,0,0,0,no
0.009036,0,0,0,0,0,0,0,0,0,0,0,0,no
0.009036,0,0,0,0,0,0,0,0,0,0,0,0,no
0.009036,0,0,0,0,0,0,0,0,0,0,0,0,no
0.009036,0,0,0,0,0,0,0,0,0,0,0,0,no
0.009036,0,0,0,0,0,0,0,0,0,0,0,0,no
0.009036,0,0,0,0,0,0,0,0,0,0,0,0,no
0.009036,0,0,0,0,0,0,0,0,0,0,0,0,no
0.009036,0,0,0,0,0,0,0,0,0,0,0,0,no
0.009036,0,0,0,0,0,0,0,0,0,0,0,0,no
0.009036,0,0,0,0,0,0,0,0,0,0,0,0,no
0.009036,0,0,0,0,0,0,0,0,0,0,0,0,no
0.009036,0,0,0,0,0,0,0,0,0,0,0,0,no
0.009036,0,0,0,0,0,0,0,0,0,0,0,0,no
0.009036,0,0,0,0,0,0,0,0,0,0,0,0,no
0.009036,0,0,0,0,0,0,0,0,0,0,0,0,no
0.009036,0,0,0,0,0,0,0,0,0,0,0,0,no
0.009036,0,0,0,0,0,0,0,0,0,0,0,0,no
0.009036,0,0,0,0,0,0,0,0,0,0,0,0,no
0.01506,0.095238,0,0,0.007937,0.016129,0,0,0,0,0,0,0,no
0.009036,0,0,0,0,0,0,0,0,0,0,0,0,no
0.009036,0,0,0,0,0,0,0,0,0,0,0,0,no
0.009036,0,0,0,0,0,0,0,0,0,0,0,0,no
0.009036,0,0,0,0,0,0,0,0,0,0,0,0,no
0.009036,0,0,0,0,0,0,0,0,0,0,0,0,no
0.009036,0,0,0,0,0,0,0,0,0,0,0,0,no
0.01506,0.095238,0,0,0.007937,0.016129,0,0,0,0,0,0,0,no
0.009036,0,0,0,0,0,0,0,0,0,0,0,0,no
0.009036,0,0,0,0,0,0,0,0,0,0,0,0,no
0.009036,0,0,0,0,0,0,0,0,0,0,0,0,no
0.009036,0,0,0,0,0,0,0,0,0,0,0,0,no
0.009036,0,0,0,0,0,0.037037,0.083333,0.003371,0,0.012931,0.012931,0,no
0.009036,0,0,0,0,0,0.037037,0.083333,0.003371,0,0.012931,0.012931,0,no
0.009036,0,0,0,0,0,0.037037,0.083333,0.003371,0,0.012931,0.012931,0,no
0.009036,0,0,0,0,0,0,0,0,0,0,0,0,no
0.009036,0,0,0,0,0,0,0,0,0,0,0,0,no
0.009036,0,0,0,0,0,0,0,0,0,0,0,0,no
0.009036,0,0,0,0,0,0,0,0,0,0,0,0,no
0.009036,0,0,0,0,0,0,0,0,0,0,0,0,no
0.009036,0,0,0,0,0,0,0,0,0,0,0,0,no
0.009036,0,0,0,0,0,0,0,0,0,0,0,0,no
0.009036,0,0,0,0,0,0,0,0,0,0,0,0,no
0.009036,0,0,0,0,0,0,0,0,0,0,0,0,no
0.009036,0,0,0,0,0,0,0,0,0,0,0,0,no
0.009036,0,0,0,0,0,0,0,0,0,0,0,0,no
0.009036,0,0,0,0,0,0,0,0,0,0,0,0,no
0.009036,0,0,0,0,0,0,0,0,0,0,0,0,no
0.009036,0,0,0,0,0,0,0,0,0,0,0,0,no
0.009036,0,0,0,0,0,0,0,0,0,0,0,0,no
0.009036,0,0,0,0,0,0,0,0,0,0,0,0,no
0.009036,0,0,0,0,0,0,0,0,0,0,0,0,no
0.009036,0,0,0,0,0,0,0,0,0,0,0,0,no
0.009036,0,0,0,0,0,0,0,0,0,0,0,0,no
0.009036,0,0,0,0,0,0,0,0,0,0,0,0,no
0.009036,0,0,0,0,0,0,0,0,0,0,0,0,no
0.009036,0,0,0,0,0,0,0,0,0,0,0,0,no
0.009036,0,0,0,0,0,0,0,0,0,0,0,0,no
0.009036,0,0,0,0,0,0,0,0,0,0,0,0,no
0.009036,0,0,0,0,0,0,0,0,0,0,0,0,no
0.009036,0,0,0,0,0,0,0,0,0,0,0,0,no
0.009036,0,0,0,0,0,0,0,0,0,0,0,0,no
0.009036,0,0,0,0,0,0,0,0,0,0,0,0,no
0.009036,0,0,0,0,0,0,0,0,0,0,0,0,no
0.009036,0,0,0,0,0,0,0,0,0,0,0,0,no
0.009036,0,0,0,0,0,0,0,0,0,0,0,0,no
0.009036,0,0,0,0,0,0,0,0,0,0,0,0,no
0.009036,0,0,0,0,0,0,0,0,0,0,0,0,no
0.009036,0,0,0,0,0,0,0,0,0,0,0,0,no
0.009036,0,0,0,0,0,0,0,0,0,0,0,0,no
0.01506,0.095238,0,0,0.007937,0.016129,0,0,0,0,0,0,0,no
0.009036,0,0,0,0,0,0,0,0,0,0,0,0,no
0.009036,0,0,0,0,0,0,0,0,0,0,0,0,no
0.009036,0,0,0,0,0,0,0,0,0,0,0,0,no
0.009036,0,0,0,0,0,0,0,0,0,0,0,0,no
0.009036,0,0,0,0,0,0,0,0,0,0,0,0,no
0.009036,0,0,0,0,0,0,0,0,0,0,0,0,no
0.009036,0,0,0,0,0,0,0,0,0,0,0,0,no
0.009036,0,0,0,0,0,0,0,0,0,0,0,0,no
0.009036,0,0,0,0,0,0,0,0,0,0,0,0,no
0.01506,0.095238,0,0,0.007937,0.016129,0,0,0,0,0,0,0,no
0.009036,0,0,0,0,0,0,0,0,0,0,0,0,no
0.009036,0,0,0,0,0,0,0,0,0,0,0,0,no
0.009036,0,0,0,0,0,0,0,0,0,0,0,0,no
0.01506,0.095238,0,0,0.007937,0.016129,0,0,0,0,0,0,0,no
0.009036,0,0,0,0,0,0,0,0,0,0,0,0,no
0.009036,0,0,0,0,0,0,0,0,0,0,0,0,no
0.009036,0,0,0,0,0,0,0,0,0,0,0,0,no
0.009036,0,0,0,0,0,0,0,0,0,0,0,0,no
0.009036,0,0,0,0,0,0,0,0,0,0,0,0,no
0.009036,0,0,0,0,0,0,0,0,0,0,0,0,no
0.009036,0,0,0,0,0,0,0,0,0,0,0,0,no
0.009036,0,0,0,0,0,0,0,0,0,0,0,0,no
0.009036,0,0,0,0,0,0,0,0,0,0,0,0,no
0.009036,0,0,0,0,0,0,0,0,0,0,0,0,no
0.009036,0,0,0,0,0,0,0,0,0,0,0,0,no
0.009036,0,0,0,0,0,0,0,0,0,0,0,0,no
0.009036,0,0,0,0,0,0,0,0,0,0,0,0,no
0.009036,0,0,0,0,0,0,0,0,0,0,0,0,no
0.009036,0,0,0,0,0,0,0,0,0,0,0,0,no
0.009036,0,0,0,0,0,0,0,0,0,0,0,0,no
0.009036,0,0,0,0,0,0,0,0,0,0,0,0,no
0.009036,0,0,0,0,0,0,0,0,0,0,0,0,no
0.009036,0,0,0,0,0,0,0,0,0,0,0,0,no
0.006024,0,0,0,0.007937,0,0,0,0,0,0,0,0,no
0.012048,0.047619,0,0,0,0,0,0,0,0,0,0,0,no
0.009036,0,0,0,0,0,0,0,0,0,0,0,0,no
0.009036,0,0,0,0,0,0,0,0,0,0,0,0,no
0.009036,0.047619,0,0,0,0,0,0,0,0,0,0,0,no
0.009036,0,0,0,0.007937,0,0,0,0,0,0,0,0,no
0.009036,0,0,0,0.007937,0,0,0,0,0,0,0,0,no
0.009036,0.047619,0,0,0.007937,0,0,0,0,0,0,0,0,no
0.009036,0.047619,0,0,0.007937,0,0,0,0,0,0,0,0,no
0.009036,0,0,0,0.007937,0,0,0,0,0,0,0,0,no
0.006024,0,0,0,0.007937,0,0,0,0,0,0,0,0,no
0.009036,0.047619,0,0,0.007937,0,0,0,0,0,0,0,0,no
0.012048,0.095238,0,0,0,0,0,0,0,0,0,0,0,no
0.009036,0.047619,0,0,0,0,0,0,0,0,0,0,0,no
0.009036,0,0,0,0,0,0,0,0,0,0,0,0,no
0.009036,0,0,0,0,0,0,0,0,0,0,0,0,no
0.009036,0,0,0,0,0,0,0,0,0,0,0,0,no
0.009036,0,0,0,0,0,0,0,0,0,0,0,0,no
0.006024,0,0,0,0.007937,0,0,0,0,0,0,0,0,no
0.01506,0.095238,0,0,0,0,0,0,0,0,0,0,0,no
0.012048,0,0,0,0,0,0,0,0,0,0,0,0,no
0.009036,0,0,0,0,0,0,0,0,0,0,0,0,no
0.009036,0.047619,0,0,0,0,0,0,0,0,0,0,0,no
0.009036,0,0,0,0.007937,0,0,0,0,0,0,0,0,no
0.009036,0,0,0,0.007937,0,0,0,0,0,0,0,0,no
0.009036,0,0,0,0.007937,0,0,0,0,0,0,0,0,no
0.009036,0,0,0,0.007937,0,0,0,0,0,0,0,0,no
0.009036,0.047619,0,0,0.007937,0,0,0,0,0,0,0,0,no
0.009036,0.047619,0,0,0.007937,0,0,0,0,0,0,0,0,no
0.009036,0.047619,0,0,0.007937,0,0,0,0,0,0,0,0,no
0.009036,0,0,0,0.007937,0,0,0,0,0,0,0,0,no
0.009036,0,0,0,0.007937,0,0,0,0,0,0,0,0,no
0.006024,0,0,0,0.007937,0,0,0,0,0,0,0,0,no
0.009036,0.047619,0,0,0.007937,0,0,0,0,0,0,0,0,no
0.012048,0.095238,0,0,0,0,0,0,0,0,0,0,0,no
0.009036,0.047619,0,0,0,0,0,0,0,0,0,0,0,no
0.009036,0,0,0,0,0,0,0,0,0,0,0,0,no
0.009036,0,0,0,0,0,0,0,0,0,0,0,0,no
0.009036,0,0,0,0,0,0,0,0,0,0,0,0,no
0.009036,0,0,0,0,0,0,0,0,0,0,0,0,no
0.006024,0,0,0,0.007937,0,0,0,0,0,0,0,0,no
0.012048,0.047619,0,0,0,0,0,0,0,0,0,0,0,no
0.009036,0,0,0,0,0,0,0,0,0,0,0,0,no
0.009036,0,0,0,0,0,0,0,0,0,0,0,0,no
0.009036,0.047619,0,0,0,0,0,0,0,0,0,0,0,no
0.009036,0,0,0,0.007937,0,0,0,0,0,0,0,0,no
0.009036,0,0,0,0.007937,0,0,0,0,0,0,0,0,no
0.009036,0.047619,0,0,0.007937,0,0,0,0,0,0,0,0,no
0.009036,0.047619,0,0,0.007937,0,0,0,0,0,0,0,0,no
0.009036,0,0,0,0.007937,0,0,0,0,0,0,0,0,no
0.006024,0,0,0,0.007937,0,0,0,0,0,0,0,0,no
0.009036,0.047619,0,0,0.007937,0,0,0,0,0,0,0,0,no
0.012048,0.095238,0,0,0,0,0,0,0,0,0,0,0,no
0.009036,0.047619,0,0,0,0,0,0,0,0,0,0,0,no
0.009036,0,0,0,0,0,0,0,0,0,0,0,0,no
0.009036,0,0,0,0,0,0,0,0,0,0,0,0,no
0.009036,0,0,0,0,0,0,0,0,0,0,0,0,no
0.009036,0,0,0,0,0,0,0,0,0,0,0,0,no
0.006024,0,0,0,0.007937,0,0,0,0,0,0,0,0,no
0.018072,0.142857,0,0,0,0,0,0,0,0,0,0,0,no
0.01506,0,0,0,0,0,0,0,0,0,0,0,0,no
0.009036,0,0,0,0,0,0,0,0,0,0,0,0,no
0.009036,0.047619,0,0,0,0,0,0,0,0,0,0,0,no
0.009036,0,0,0,0.007937,0,0,0,0,0,0,0,0,no
0.009036,0,0,0,0.007937,0,0,0,0,0,0,0,0,no
0.009036,0,0,0,0.007937,0,0,0,0,0,0,0,0,no
0.009036,0,0,0,0.007937,0,0,0,0,0,0,0,0,no
0.009036,0,0,0,0.007937,0,0,0,0,0,0,0,0,no
0.009036,0,0,0,0.007937,0,0,0,0,0,0,0,0,no
0.009036,0.047619,0,0,0.007937,0,0,0,0,0,0,0,0,no
0.009036,0.047619,0,0,0.007937,0,0,0,0,0,0,0,0,no
0.009036,0.047619,0,0,0.007937,0,0,0,0,0,0,0,0,no
0.009036,0.047619,0,0,0.007937,0,0,0,0,0,0,0,0,no
0.009036,0,0,0,0.007937,0,0,0,0,0,0,0,0,no
0.009036,0,0,0,0.007937,0,0,0,0,0,0,0,0,no
0.009036,0,0,0,0.007937,0,0,0,0,0,0,0,0,no
0.009036,0.047619,0,0,0.007937,0,0,0,0,0,0,0,0,no
0.012048,0.095238,0,0,0,0,0,0,0,0,0,0,0,no
0.009036,0.047619,0,0,0,0,0,0,0,0,0,0,0,no
0.009036,0,0,0,0,0,0,0,0,0,0,0,0,no
0.009036,0,0,0,0,0,0,0,0,0,0,0,0,no
0.009036,0,0,0,0,0,0,0,0,0,0,0,0,no
0.009036,0,0,0,0,0,0,0,0,0,0,0,0,no
0.006024,0,0,0,0.007937,0,0,0,0,0,0,0,0,no
0.01506,0.095238,0,0,0,0,0,0,0,0,0,0,0,no
0.012048,0,0,0,0,0,0,0,0,0,0,0,0,no
0.009036,0,0,0,0,0,0,0,0,0,0,0,0,no
0.009036,0.047619,0,0,0,0,0,0,0,0,0,0,0,no
0.009036,0,0,0,0.007937,0,0,0,0,0,0,0,0,no
0.009036,0,0,0,0.007937,0,0,0,0,0,0,0,0,no
0.009036,0,0,0,0.007937,0,0,0,0,0,0,0,0,no
0.009036,0,0,0,0.007937,0,0,0,0,0,0,0,0,no
0.009036,0.047619,0,0,0.007937,0,0,0,0,0,0,0,0,no
0.009036,0.047619,0,0,0.007937,0,0,0,0,0,0,0,0,no
0.009036,0.047619,0,0,0.007937,0,0,0,0,0,0,0,0,no
0.009036,0,0,0,0.007937,0,0,0,0,0,0,0,0,no
0.009036,0,0,0,0.007937,0,0,0,0,0,0,0,0,no
0.009036,0.047619,0,0,0.007937,0,0,0,0,0,0,0,0,no
0.012048,0.095238,0,0,0,0,0,0,0,0,0,0,0,no
0.009036,0.047619,0,0,0,0,0,0,0,0,0,0,0,no
0.009036,0,0,0,0,0,0,0,0,0,0,0,0,no
0.009036,0,0,0,0,0,0,0,0,0,0,0,0,no
0.009036,0,0,0,0,0,0,0,0,0,0,0,0,no
0.009036,0,0,0,0,0,0,0,0,0,0,0,0,no
0.006024,0,0,0,0.007937,0,0,0,0,0,0,0,0,no
0.018072,0.142857,0,0,0,0,0,0,0,0,0,0,0,no
0.01506,0,0,0,0,0,0,0,0,0,0,0,0,no
0.009036,0,0,0,0,0,0,0,0,0,0,0,0,no
0.009036,0.047619,0,0,0,0,0,0,0,0,0,0,0,no
0.009036,0,0,0,0.007937,0,0,0,0,0,0,0,0,no
0.009036,0,0,0,0.007937,0,0,0,0,0,0,0,0,no
0.009036,0,0,0,0.007937,0,0,0,0,0,0,0,0,no
0.009036,0,0,0,0.007937,0,0,0,0,0,0,0,0,no
0.009036,0,0,0,0.007937,0,0,0,0,0,0,0,0,no
0.009036,0,0,0,0.007937,0,0,0,0,0,0,0,0,no
0.009036,0.047619,0,0,0.007937,0,0,0,0,0,0,0,0,no
0.009036,0.047619,0,0,0.007937,0,0,0,0,0,0,0,0,no
0.009036,0.047619,0,0,0.007937,0,0,0,0,0,0,0,0,no
0.009036,0.047619,0,0,0.007937,0,0,0,0,0,0,0,0,no
0.009036,0,0,0,0.007937,0,0,0,0,0,0,0,0,no
0.009036,0,0,0,0.007937,0,0,0,0,0,0,0,0,no
0.009036,0,0,0,0.007937,0,0,0,0,0,0,0,0,no
0.006024,0,0,0,0.007937,0,0,0,0,0,0,0,0,no
0.009036,0.047619,0,0,0.007937,0,0,0,0,0,0,0,0,no
0.012048,0.095238,0,0,0,0,0,0,0,0,0,0,0,no
0.009036,0.047619,0,0,0,0,0,0,0,0,0,0,0,no
0.009036,0,0,0,0,0,0,0,0,0,0,0,0,no
0.009036,0,0,0,0,0,0,0,0,0,0,0,0,no
0.009036,0,0,0,0,0,0,0,0,0,0,0,0,no
0.009036,0,0,0,0,0,0,0,0,0,0,0,0,no
0.006024,0,0,0,0.007937,0,0,0,0,0,0,0,0,no
0.012048,0.047619,0,0,0,0,0,0,0,0,0,0,0,no
0.009036,0,0,0,0,0,0,0,0,0,0,0,0,no
0.009036,0,0,0,0,0,0,0,0,0,0,0,0,no
0.009036,0.047619,0,0,0,0,0,0,0,0,0,0,0,no
0.009036,0,0,0,0.007937,0,0,0,0,0,0,0,0,no
0.009036,0,0,0,0.007937,0,0,0,0,0,0,0,0,no
0.009036,0.047619,0,0,0.007937,0,0,0,0,0,0,0,0,no
0.009036,0.047619,0,0,0.007937,0,0,0,0,0,0,0,0,no
0.009036,0,0,0,0.007937,0,0,0,0,0,0,0,0,no
0.006024,0,0,0,0.007937,0,0,0,0,0,0,0,0,no
0.009036,0.047619,0,0,0.007937,0,0,0,0,0,0,0,0,no
0.012048,0.095238,0,0,0,0,0,0,0,0,0,0,0,no
0.009036,0.047619,0,0,0,0,0,0,0,0,0,0,0,no
0.009036,0,0,0,0,0,0,0,0,0,0,0,0,no
0.009036,0,0,0,0,0,0,0,0,0,0,0,0,no
0.009036,0,0,0,0,0,0,0,0,0,0,0,0,no
0.009036,0,0,0,0,0,0,0,0,0,0,0,0,no
0.006024,0,0,0,0.007937,0,0,0,0,0,0,0,0,no
0.01506,0.095238,0,0,0,0,0,0,0,0,0,0,0,no
0.012048,0,0,0,0,0,0,0,0,0,0,0,0,no
0.009036,0,0,0,0,0,0,0,0,0,0,0,0,no
0.009036,0.047619,0,0,0,0,0,0,0,0,0,0,0,no
0.009036,0,0,0,0.007937,0,0,0,0,0,0,0,0,no
0.009036,0,0,0,0.007937,0,0,0,0,0,0,0,0,no
0.009036,0,0,0,0.007937,0,0,0,0,0,0,0,0,no
0.009036,0,0,0,0.007937,0,0,0,0,0,0,0,0,no
0.009036,0.047619,0,0,0.007937,0,0,0,0,0,0,0,0,no
0.009036,0.047619,0,0,0.007937,0,0,0,0,0,0,0,0,no
0.009036,0.047619,0,0,0.007937,0,0,0,0,0,0,0,0,no
0.009036,0,0,0,0.007937,0,0,0,0,0,0,0,0,no
0.009036,0,0,0,0.007937,0,0,0,0,0,0,0,0,no
0.006024,0,0,0,0.007937,0,0,0,0,0,0,0,0,no
0.009036,0.047619,0,0,0.007937,0,0,0,0,0,0,0,0,no
0.012048,0.095238,0,0,0,0,0,0,0,0,0,0,0,no
0.009036,0.047619,0,0,0,0,0,0,0,0,0,0,0,no
0.009036,0,0,0,0,0,0,0,0,0,0,0,0,no
0.009036,0,0,0,0,0,0,0,0,0,0,0,0,no
0.009036,0,0,0,0,0,0,0,0,0,0,0,0,no
0.009036,0,0,0,0,0,0,0,0,0,0,0,0,no
0.006024,0,0,0,0.007937,0,0,0,0,0,0,0,0,no
0.006024,0.047619,0,0,0.015873,0,0,0,0,0,0,0,0,no
0.006024,0,0,0,0.007937,0,0,0,0,0,0,0,0,no
0.009036,0,0,0,0,0,0,0,0,0,0,0,0,no
0.009036,0.047619,0,0,0,0,0,0,0,0,0,0,0,no
0.012048,0,0,0,0,0.016129,0,0,0,0,0,0,0,no
0.009036,0.047619,0,0,0.007937,0,0,0,0,0,0,0,0,no
0.018072,0,0,0,0.007937,0.032258,0,0,0,0,0,0,0,no
0.006024,0,0,0,0.007937,0,0,0,0,0,0,0,0,no
0.009036,0.047619,0,0,0.007937,0,0,0,0,0,0,0,0,no
0.012048,0.095238,0,0,0,0,0,0,0,0,0,0,0,no
0.009036,0.047619,0,0,0,0,0,0,0,0,0,0,0,no
0.009036,0,0,0,0,0,0,0,0,0,0,0,0,no
0.009036,0,0,0,0,0,0,0,0,0,0,0,0,no
0.018072,0.095238,0,0,0.007937,0,0,0,0,0,0,0,0,no
0.009036,0,0,0,0,0,0,0,0,0,0,0,0,no
0.009036,0.095238,0,0,0.015873,0.016129,0,0,0,0,0,0,0,no
0.009036,0.095238,0,0,0.015873,0.016129,0,0,0,0,0,0,0,no
0.009036,0,0,0,0,0,0,0,0,0,0,0,0,no
0.006024,0,0,0,0.007937,0,0,0,0,0,0,0,0,no
0.01506,0.095238,0,0,0,0,0,0,0,0,0,0,0,no
0.012048,0,0,0,0,0,0,0,0,0,0,0,0,no
0.009036,0,0,0,0,0,0,0,0,0,0,0,0,no
0.009036,0.047619,0,0,0,0,0,0,0,0,0,0,0,no
0.009036,0,0,0,0.007937,0,0,0,0,0,0,0,0,no
0.009036,0,0,0,0.007937,0,0,0,0,0,0,0,0,no
0.009036,0,0,0,0.007937,0,0,0,0,0,0,0,0,no
0.009036,0,0,0,0.007937,0,0,0,0,0,0,0,0,no
0.009036,0.047619,0,0,0.007937,0,0,0,0,0,0,0,0,no
0.009036,0.047619,0,0,0.007937,0,0,0,0,0,0,0,0,no
0.009036,0.047619,0,0,0.007937,0,0,0,0,0,0,0,0,no
0.009036,0,0,0,0.007937,0,0,0,0,0,0,0,0,no
0.009036,0,0,0,0.007937,0,0,0,0,0,0,0,0,no
0.006024,0,0,0,0.007937,0,0,0,0,0,0,0,0,no
0.009036,0.047619,0,0,0.007937,0,0,0,0,0,0,0,0,no
0.012048,0.095238,0,0,0,0,0,0,0,0,0,0,0,no
0.009036,0.047619,0,0,0,0,0,0,0,0,0,0,0,no
0.009036,0,0,0,0,0,0,0,0,0,0,0,0,no
0.009036,0,0,0,0,0,0,0,0,0,0,0,0,no
0.009036,0,0,0,0,0,0,0,0,0,0,0,0,no
0.009036,0,0,0,0,0,0,0,0,0,0,0,0,no
0.006024,0,0,0,0.007937,0,0,0,0,0,0,0,0,no
0.012048,0.047619,0,0,0,0,0,0,0,0,0,0,0,no
0.009036,0,0,0,0,0,0,0,0,0,0,0,0,no
0.009036,0,0,0,0,0,0,0,0,0,0,0,0,no
0.009036,0.047619,0,0,0,0,0,0,0,0,0,0,0,no
0.009036,0,0,0,0.007937,0,0,0,0,0,0,0,0,no
0.009036,0,0,0,0.007937,0,0,0,0,0,0,0,0,no
0.009036,0.047619,0,0,0.007937,0,0,0,0,0,0,0,0,no
0.009036,0.047619,0,0,0.007937,0,0,0,0,0,0,0,0,no
0.009036,0,0,0,0.007937,0,0,0,0,0,0,0,0,no
0.006024,0,0,0,0.007937,0,0,0,0,0,0,0,0,no
0.009036,0.047619,0,0,0.007937,0,0,0,0,0,0,0,0,no
0.012048,0.095238,0,0,0,0,0,0,0,0,0,0,0,no
0.009036,0.047619,0,0,0,0,0,0,0,0,0,0,0,no
0.009036,0,0,0,0,0,0,0,0,0,0,0,0,no
0.009036,0,0,0,0,0,0,0,0,0,0,0,0,no
0.009036,0,0,0,0,0,0,0,0,0,0,0,0,no
0.009036,0,0,0,0,0,0,0,0,0,0,0,0,no
0.006024,0,0,0,0.007937,0,0,0,0,0,0,0,0,no
0.018072,0.142857,0,0,0,0,0,0,0,0,0,0,0,no
0.01506,0,0,0,0,0,0,0,0,0,0,0,0,no
0.009036,0,0,0,0,0,0,0,0,0,0,0,0,no
0.009036,0.047619,0,0,0,0,0,0,0,0,0,0,0,no
0.009036,0,0,0,0.007937,0,0,0,0,0,0,0,0,no
0.009036,0,0,0,0.007937,0,0,0,0,0,0,0,0,no
0.009036,0,0,0,0.007937,0,0,0,0,0,0,0,0,no
0.009036,0,0,0,0.007937,0,0,0,0,0,0,0,0,no
0.009036,0,0,0,0.007937,0,0,0,0,0,0,0,0,no
0.009036,0,0,0,0.007937,0,0,0,0,0,0,0,0,no
0.009036,0.047619,0,0,0.007937,0,0,0,0,0,0,0,0,no
0.009036,0.047619,0,0,0.007937,0,0,0,0,0,0,0,0,no
0.009036,0.047619,0,0,0.007937,0,0,0,0,0,0,0,0,no
0.009036,0.047619,0,0,0.007937,0,0,0,0,0,0,0,0,no
0.009036,0,0,0,0.007937,0,0,0,0,0,0,0,0,no
0.009036,0,0,0,0.007937,0,0,0,0,0,0,0,0,no
0.009036,0,0,0,0.007937,0,0,0,0,0,0,0,0,no
0.006024,0,0,0,0.007937,0,0,0,0,0,0,0,0,no
0.009036,0.047619,0,0,0.007937,0,0,0,0,0,0,0,0,no
0.012048,0.095238,0,0,0,0,0,0,0,0,0,0,0,no
0.009036,0.047619,0,0,0,0,0,0,0,0,0,0,0,no
0.009036,0,0,0,0,0,0,0,0,0,0,0,0,no
0.009036,0,0,0,0,0,0,0,0,0,0,0,0,no
0.009036,0,0,0,0,0,0,0,0,0,0,0,0,no
0.009036,0,0,0,0,0,0,0,0,0,0,0,0,no
0.006024,0,0,0,0.007937,0,0,0,0,0,0,0,0,no
0.012048,0.047619,0,0,0,0,0,0,0,0,0,0,0,no
0.009036,0,0,0,0,0,0,0,0,0,0,0,0,no
0.009036,0,0,0,0,0,0,0,0,0,0,0,0,no
0.009036,0.047619,0,0,0,0,0,0,0,0,0,0,0,no
0.009036,0,0,0,0.007937,0,0,0,0,0,0,0,0,no
0.009036,0,0,0,0.007937,0,0,0,0,0,0,0,0,no
0.009036,0.047619,0,0,0.007937,0,0,0,0,0,0,0,0,no
0.009036,0.047619,0,0,0.007937,0,0,0,0,0,0,0,0,no
0.009036,0,0,0,0.007937,0,0,0,0,0,0,0,0,no
0.006024,0,0,0,0.007937,0,0,0,0,0,0,0,0,no
0.009036,0.047619,0,0,0.007937,0,0,0,0,0,0,0,0,no
0.012048,0.095238,0,0,0,0,0,0,0,0,0,0,0,no
0.009036,0.047619,0,0,0,0,0,0,0,0,0,0,0,no
0.009036,0,0,0,0,0,0,0,0,0,0,0,0,no
0.009036,0,0,0,0,0,0,0,0,0,0,0,0,no
0.009036,0,0,0,0,0,0,0,0,0,0,0,0,no
0.009036,0,0,0,0,0,0,0,0,0,0,0,0,no
0.006024,0,0,0,0.007937,0,0,0,0,0,0,0,0,no
0.012048,0.047619,0,0,0,0,0,0,0,0,0,0,0,no
0.009036,0,0,0,0,0,0,0,0,0,0,0,0,no
0.009036,0,0,0,0,0,0,0,0,0,0,0,0,no
0.009036,0.047619,0,0,0,0,0,0,0,0,0,0,0,no
0.009036,0,0,0,0.007937,0,0,0,0,0,0,0,0,no
0.009036,0,0,0,0.007937,0,0,0,0,0,0,0,0,no
0.009036,0.047619,0,0,0.007937,0,0,0,0,0,0,0,0,no
0.009036,0.047619,0,0,0.007937,0,0,0,0,0,0,0,0,no
0.009036,0,0,0,0.007937,0,0,0,0,0,0,0,0,no
0.006024,0,0,0,0.007937,0,0,0,0,0,0,0,0,no
0.009036,0.047619,0,0,0.007937,0,0,0,0,0,0,0,0,no
0.012048,0.095238,0,0,0,0,0,0,0,0,0,0,0,no
0.009036,0.047619,0,0,0,0,0,0,0,0,0,0,0,no
0.009036,0,0,0,0,0,0,0,0,0,0,0,0,no
0.009036,0,0,0,0,0,0,0,0,0,0,0,0,no
0.009036,0,0,0,0,0,0,0,0,0,0,0,0,no
0.009036,0,0,0,0,0,0,0,0,0,0,0,0,no
0.006024,0,0,0,0.007937,0,0,0,0,0,0,0,0,no
0.012048,0.047619,0,0,0,0,0,0,0,0,0,0,0,no
0.009036,0,0,0,0,0,0,0,0,0,0,0,0,no
0.009036,0,0,0,0,0,0,0,0,0,0,0,0,no
0.009036,0.047619,0,0,0,0,0,0,0,0,0,0,0,no
0.009036,0,0,0,0.007937,0,0,0,0,0,0,0,0,no
0.009036,0,0,0,0.007937,0,0,0,0,0,0,0,0,no
0.009036,0.047619,0,0,0.007937,0,0,0,0,0,0,0,0,no
0.009036,0.047619,0,0,0.007937,0,0,0,0,0,0,0,0,no
0.009036,0,0,0,0.007937,0,0,0,0,0,0,0,0,no
0.006024,0,0,0,0.007937,0,0,0,0,0,0,0,0,no
0.009036,0.047619,0,0,0.007937,0,0,0,0,0,0,0,0,no
0.012048,0.095238,0,0,0,0,0,0,0,0,0,0,0,no
0.009036,0.047619,0,0,0,0,0,0,0,0,0,0,0,no
0.009036,0,0,0,0,0,0,0,0,0,0,0,0,no
0.009036,0,0,0,0,0,0,0,0,0,0,0,0,no
0.009036,0,0,0,0,0,0,0,0,0,0,0,0,no
0.009036,0,0,0,0,0,0,0,0,0,0,0,0,no
0.006024,0,0,0,0.007937,0,0,0,0,0,0,0,0,no
0.006024,0.047619,0,0,0.015873,0,0,0,0,0,0,0,0,no
0.006024,0,0,0,0.007937,0,0,0,0,0,0,0,0,no
0.009036,0,0,0,0,0,0,0,0,0,0,0,0,no
0.009036,0.047619,0,0,0,0,0,0,0,0,0,0,0,no
0.012048,0,0,0,0,0.016129,0,0,0,0,0,0,0,no
0.009036,0.047619,0,0,0.007937,0,0,0,0,0,0,0,0,no
0.018072,0,0,0,0.007937,0.032258,0,0,0,0,0,0,0,no
0.006024,0,0,0,0.007937,0,0,0,0,0,0,0,0,no
0.009036,0.047619,0,0,0.007937,0,0,0,0,0,0,0,0,no
0.012048,0.095238,0,0,0,0,0,0,0,0,0,0,0,no
0.009036,0.047619,0,0,0,0,0,0,0,0,0,0,0,no
0.009036,0,0,0,0,0,0,0,0,0,0,0,0,no
0.009036,0,0,0,0,0,0,0,0,0,0,0,0,no
0.018072,0.095238,0,0,0.007937,0,0,0,0,0,0,0,0,no
0.009036,0,0,0,0,0,0,0,0,0,0,0,0,no
0.009036,0.095238,0,0,0.015873,0.016129,0,0,0,0,0,0,0,no
0.009036,0.095238,0,0,0.015873,0.016129,0,0,0,0,0,0,0,no
0.009036,0,0,0,0,0,0,0,0,0,0,0,0,no
0.006024,0,0,0,0.007937,0,0,0,0,0,0,0,0,no
0.012048,0.047619,0,0,0,0,0,0,0,0,0,0,0,no
0.009036,0,0,0,0,0,0,0,0,0,0,0,0,no
0.009036,0,0,0,0,0,0,0,0,0,0,0,0,no
0.009036,0.047619,0,0,0,0,0,0,0,0,0,0,0,no
0.009036,0,0,0,0.007937,0,0,0,0,0,0,0,0,no
0.009036,0,0,0,0.007937,0,0,0,0,0,0,0,0,no
0.009036,0.047619,0,0,0.007937,0,0,0,0,0,0,0,0,no
0.009036,0.047619,0,0,0.007937,0,0,0,0,0,0,0,0,no
0.009036,0,0,0,0.007937,0,0,0,0,0,0,0,0,no
0.006024,0,0,0,0.007937,0,0,0,0,0,0,0,0,no
0.009036,0.047619,0,0,0.007937,0,0,0,0,0,0,0,0,no
0.012048,0.095238,0,0,0,0,0,0,0,0,0,0,0,no
0.009036,0.047619,0,0,0,0,0,0,0,0,0,0,0,no
0.009036,0,0,0,0,0,0,0,0,0,0,0,0,no
0.009036,0,0,0,0,0,0,0,0,0,0,0,0,no
0.009036,0,0,0,0,0,0,0,0,0,0,0,0,no
0.009036,0,0,0,0,0,0,0,0,0,0,0,0,no
0.006024,0,0,0,0.007937,0,0,0,0,0,0,0,0,no
0.01506,0.095238,0,0,0,0,0,0,0,0,0,0,0,no
0.012048,0,0,0,0,0,0,0,0,0,0,0,0,no
0.009036,0,0,0,0,0,0,0,0,0,0,0,0,no
0.009036,0.047619,0,0,0,0,0,0,0,0,0,0,0,no
0.009036,0,0,0,0.007937,0,0,0,0,0,0,0,0,no
0.009036,0,0,0,0.007937,0,0,0,0,0,0,0,0,no
0.009036,0,0,0,0.007937,0,0,0,0,0,0,0,0,no
0.009036,0,0,0,0.007937,0,0,0,0,0,0,0,0,no
0.009036,0.047619,0,0,0.007937,0,0,0,0,0,0,0,0,no
0.009036,0.047619,0,0,0.007937,0,0,0,0,0,0,0,0,no
0.009036,0.047619,0,0,0.007937,0,0,0,0,0,0,0,0,no
0.009036,0,0,0,0.007937,0,0,0,0,0,0,0,0,no
0.009036,0,0,0,0.007937,0,0,0,0,0,0,0,0,no
0.006024,0,0,0,0.007937,0,0,0,0,0,0,0,0,no
0.009036,0.047619,0,0,0.007937,0,0,0,0,0,0,0,0,no
0.012048,0.095238,0,0,0,0,0,0,0,0,0,0,0,no
0.009036,0.047619,0,0,0,0,0,0,0,0,0,0,0,no
0.009036,0,0,0,0,0,0,0,0,0,0,0,0,no
0.009036,0,0,0,0,0,0,0,0,0,0,0,0,no
0.009036,0,0,0,0,0,0,0,0,0,0,0,0,no
0.009036,0,0,0,0,0,0,0,0,0,0,0,0,no
0.006024,0,0,0,0.007937,0,0,0,0,0,0,0,0,no
0.027108,0.190476,0,0,0,0,0,0,0,0,0,0,0,no
0.024096,0,0,0,0,0,0,0,0,0,0,0,0,no
0.009036,0,0,0,0,0,0,0,0,0,0,0,0,no
0.009036,0.047619,0,0,0,0,0,0,0,0,0,0,0,no
0.009036,0,0,0,0.007937,0,0,0,0,0,0,0,0,no
0.009036,0,0,0,0.007937,0,0,0,0,0,0,0,0,no
0.009036,0,0,0,0.007937,0,0,0,0,0,0,0,0,no
0.009036,0,0,0,0.007937,0,0,0,0,0,0,0,0,no
0.009036,0,0,0,0.007937,0,0,0,0,0,0,0,0,no
0.009036,0,0,0,0.007937,0,0,0,0,0,0,0,0,no
0.009036,0,0,0,0.007937,0,0,0,0,0,0,0,0,no
0.009036,0,0,0,0.007937,0,0,0,0,0,0,0,0,no
0.009036,0.047619,0,0,0.007937,0,0,0,0,0,0,0,0,no
0.009036,0.047619,0,0,0.007937,0,0,0,0,0,0,0,0,no
0.012048,0.047619,0,0,0.007937,0,0,0,0,0,0,0,0,no
0.009036,0.047619,0,0,0.007937,0,0,0,0,0,0,0,0,no
0.009036,0.047619,0,0,0.007937,0,0,0,0,0,0,0,0,no
0.012048,0.047619,0,0,0.007937,0,0,0,0,0,0,0,0,no
0.009036,0.047619,0,0,0.007937,0,0,0,0,0,0,0,0,no
0.009036,0,0,0,0.007937,0,0,0,0,0,0,0,0,no
0.009036,0,0,0,0.007937,0,0,0,0,0,0,0,0,no
0.009036,0,0,0,0.007937,0,0,0,0,0,0,0,0,no
0.009036,0,0,0,0.007937,0,0,0,0,0,0,0,0,no
0.006024,0,0,0,0.007937,0,0,0,0,0,0,0,0,no
0.009036,0.047619,0,0,0.007937,0,0,0,0,0,0,0,0,no
0.012048,0.095238,0,0,0,0,0,0,0,0,0,0,0,no
0.009036,0.047619,0,0,0,0,0,0,0,0,0,0,0,no
0.009036,0,0,0,0,0,0,0,0,0,0,0,0,no
0.009036,0,0,0,0,0,0,0,0,0,0,0,0,no
0.009036,0,0,0,0,0,0,0,0,0,0,0,0,no
0.009036,0,0,0,0,0,0,0,0,0,0,0,0,no
0.006024,0,0,0,0.007937,0,0,0,0,0,0,0,0,no
0.01506,0.095238,0,0,0,0,0,0,0,0,0,0,0,no
0.012048,0,0,0,0,0,0,0,0,0,0,0,0,no
0.009036,0,0,0,0,0,0,0,0,0,0,0,0,no
0.009036,0.047619,0,0,0,0,0,0,0,0,0,0,0,no
0.009036,0,0,0,0.007937,0,0,0,0,0,0,0,0,no
0.009036,0,0,0,0.007937,0,0,0,0,0,0,0,0,no
0.009036,0,0,0,0.007937,0,0,0,0,0,0,0,0,no
0.009036,0,0,0,0.007937,0,0,0,0,0,0,0,0,no
0.009036,0.047619,0,0,0.007937,0,0,0,0,0,0,0,0,no
0.009036,0.047619,0,0,0.007937,0,0,0,0,0,0,0,0,no
0.009036,0.047619,0,0,0.007937,0,0,0,0,0,0,0,0,no
0.009036,0,0,0,0.007937,0,0,0,0,0,0,0,0,no
0.009036,0,0,0,0.007937,0,0,0,0,0,0,0,0,no
0.006024,0,0,0,0.007937,0,0,0,0,0,0,0,0,no
0.009036,0.047619,0,0,0.007937,0,0,0,0,0,0,0,0,no
0.012048,0.095238,0,0,0,0,0,0,0,0,0,0,0,no
0.009036,0.047619,0,0,0,0,0,0,0,0,0,0,0,no
0.009036,0,0,0,0,0,0,0,0,0,0,0,0,no
0.009036,0,0,0,0,0,0,0,0,0,0,0,0,no
0.009036,0,0,0,0,0,0,0,0,0,0,0,0,no
0.009036,0,0,0,0,0,0,0,0,0,0,0,0,no
0.006024,0,0,0,0.007937,0,0,0,0,0,0,0,0,no
0.012048,0.047619,0,0,0,0,0,0,0,0,0,0,0,no
0.009036,0,0,0,0,0,0,0,0,0,0,0,0,no
0.009036,0,0,0,0,0,0,0,0,0,0,0,0,no
0.009036,0.047619,0,0,0,0,0,0,0,0,0,0,0,no
0.009036,0,0,0,0.007937,0,0,0,0,0,0,0,0,no
0.009036,0,0,0,0.007937,0,0,0,0,0,0,0,0,no
0.009036,0.047619,0,0,0.007937,0,0,0,0,0,0,0,0,no
0.009036,0.047619,0,0,0.007937,0,0,0,0,0,0,0,0,no
0.009036,0,0,0,0.007937,0,0,0,0,0,0,0,0,no
0.006024,0,0,0,0.007937,0,0,0,0,0,0,0,0,no
0.009036,0.047619,0,0,0.007937,0,0,0,0,0,0,0,0,no
0.012048,0.095238,0,0,0,0,0,0,0,0,0,0,0,no
0.009036,0.047619,0,0,0,0,0,0,0,0,0,0,0,no
0.009036,0,0,0,0,0,0,0,0,0,0,0,0,no
0.009036,0,0,0,0,0,0,0,0,0,0,0,0,no
0.009036,0,0,0,0,0,0,0,0,0,0,0,0,no
0.009036,0,0,0,0,0,0,0,0,0,0,0,0,no
0.006024,0,0,0,0.007937,0,0,0,0,0,0,0,0,no
0.01506,0.095238,0,0,0,0,0,0,0,0,0,0,0,no
0.012048,0,0,0,0,0,0,0,0,0,0,0,0,no
0.009036,0,0,0,0,0,0,0,0,0,0,0,0,no
0.009036,0.047619,0,0,0,0,0,0,0,0,0,0,0,no
0.009036,0,0,0,0.007937,0,0,0,0,0,0,0,0,no
0.009036,0,0,0,0.007937,0,0,0,0,0,0,0,0,no
0.009036,0,0,0,0.007937,0,0,0,0,0,0,0,0,no
0.009036,0,0,0,0.007937,0,0,0,0,0,0,0,0,no
0.009036,0.047619,0,0,0.007937,0,0,0,0,0,0,0,0,no
0.009036,0.047619,0,0,0.007937,0,0,0,0,0,0,0,0,no
0.009036,0.047619,0,0,0.007937,0,0,0,0,0,0,0,0,no
0.009036,0,0,0,0.007937,0,0,0,0,0,0,0,0,no
0.009036,0,0,0,0.007937,0,0,0,0,0,0,0,0,no
0.006024,0,0,0,0.007937,0,0,0,0,0,0,0,0,no
0.009036,0.047619,0,0,0.007937,0,0,0,0,0,0,0,0,no
0.012048,0.095238,0,0,0,0,0,0,0,0,0,0,0,no
0.009036,0.047619,0,0,0,0,0,0,0,0,0,0,0,no
0.009036,0,0,0,0,0,0,0,0,0,0,0,0,no
0.009036,0,0,0,0,0,0,0,0,0,0,0,0,no
0.009036,0,0,0,0,0,0,0,0,0,0,0,0,no
0.009036,0,0,0,0,0,0,0,0,0,0,0,0,no
0.006024,0,0,0,0.007937,0,0,0,0,0,0,0,0,no
0.012048,0.047619,0,0,0,0,0,0,0,0,0,0,0,no
0.009036,0,0,0,0,0,0,0,0,0,0,0,0,no
0.009036,0,0,0,0,0,0,0,0,0,0,0,0,no
0.009036,0.047619,0,0,0,0,0,0,0,0,0,0,0,no
0.009036,0,0,0,0.007937,0,0,0,0,0,0,0,0,no
0.009036,0,0,0,0.007937,0,0,0,0,0,0,0,0,no
0.009036,0.047619,0,0,0.007937,0,0,0,0,0,0,0,0,no
0.009036,0.047619,0,0,0.007937,0,0,0,0,0,0,0,0,no
0.009036,0,0,0,0.007937,0,0,0,0,0,0,0,0,no
0.006024,0,0,0,0.007937,0,0,0,0,0,0,0,0,no
0.009036,0.047619,0,0,0.007937,0,0,0,0,0,0,0,0,no
0.012048,0.095238,0,0,0,0,0,0,0,0,0,0,0,no
0.009036,0.047619,0,0,0,0,0,0,0,0,0,0,0,no
0.009036,0,0,0,0,0,0,0,0,0,0,0,0,no
0.009036,0,0,0,0,0,0,0,0,0,0,0,0,no
0.009036,0,0,0,0,0,0,0,0,0,0,0,0,no
0.009036,0,0,0,0,0,0,0,0,0,0,0,0,no
0.006024,0,0,0,0.007937,0,0,0,0,0,0,0,0,no
0.01506,0.095238,0,0,0,0,0,0,0,0,0,0,0,no
0.009036,0,0,0,0.007937,0,0,0,0,0,0,0,0,no
0.012048,0,0,0,0,0,0,0,0,0,0,0,0,no
0.009036,0,0,0,0,0,0,0,0,0,0,0,0,no
0.009036,0.047619,0,0,0,0,0,0,0,0,0,0,0,no
0.009036,0,0,0,0.007937,0,0,0,0,0,0,0,0,no
0.012048,0,0.010638,0,0.007937,0,0,0,0,0,0,0,0,no
0.009036,0,0,0,0.007937,0,0,0,0,0,0,0,0,no
0.009036,0,0,0,0.007937,0,0,0,0,0,0,0,0,no
0.009036,0.047619,0,0,0.007937,0,0,0,0,0,0,0,0,no
0.009036,0.047619,0,0,0.007937,0,0,0,0,0,0,0,0,no
0.009036,0.047619,0,0,0.007937,0,0,0,0,0,0,0,0,no
0.009036,0.047619,0.010638,0,0.007937,0,0,0,0,0,0,0,0,no
0.009036,0,0,0,0.007937,0,0,0,0,0,0,0,0,no
0.009036,0,0,0,0.007937,0,0,0,0,0,0,0,0,no
0.006024,0,0,0,0.007937,0,0,0,0,0,0,0,0,no
0.009036,0.047619,0,0,0.007937,0,0,0,0,0,0,0,0,no
0.012048,0.095238,0,0,0,0,0,0,0,0,0,0,0,no
0.009036,0.047619,0,0,0,0,0,0,0,0,0,0,0,no
0.009036,0,0,0,0,0,0,0,0,0,0,0,0,no
0.009036,0,0,0,0,0,0,0,0,0,0,0,0,no
0.009036,0,0,0,0,0,0,0,0,0,0,0,0,no
0.009036,0,0,0,0,0,0,0,0,0,0,0,0,no
0.006024,0,0,0,0.007937,0,0,0,0,0,0,0,0,no
0.012048,0.047619,0,0,0,0,0,0,0,0,0,0,0,no
0.009036,0,0,0,0,0,0,0,0,0,0,0,0,no
0.009036,0,0,0,0,0,0,0,0,0,0,0,0,no
0.009036,0.047619,0,0,0,0,0,0,0,0,0,0,0,no
0.009036,0,0,0,0.007937,0,0,0,0,0,0,0,0,no
0.009036,0,0,0,0.007937,0,0,0,0,0,0,0,0,no
0.009036,0.047619,0,0,0.007937,0,0,0,0,0,0,0,0,no
0.009036,0.047619,0,0,0.007937,0,0,0,0,0,0,0,0,no
0.009036,0,0,0,0.007937,0,0,0,0,0,0,0,0,no
0.006024,0,0,0,0.007937,0,0,0,0,0,0,0,0,no
0.009036,0.047619,0,0,0.007937,0,0,0,0,0,0,0,0,no
0.012048,0.095238,0,0,0,0,0,0,0,0,0,0,0,no
0.009036,0.047619,0,0,0,0,0,0,0,0,0,0,0,no
0.009036,0,0,0,0,0,0,0,0,0,0,0,0,no
0.009036,0,0,0,0,0,0,0,0,0,0,0,0,no
0.009036,0,0,0,0,0,0,0,0,0,0,0,0,no
0.009036,0,0,0,0,0,0,0,0,0,0,0,0,no
0.006024,0,0,0,0.007937,0,0,0,0,0,0,0,0,no
0.01506,0.095238,0,0,0,0,0,0,0,0,0,0,0,no
0.009036,0,0,0,0.007937,0,0,0,0,0,0,0,0,no
0.012048,0,0,0,0,0,0,0,0,0,0,0,0,no
0.009036,0,0,0,0,0,0,0,0,0,0,0,0,no
0.009036,0.047619,0,0,0,0,0,0,0,0,0,0,0,no
0.009036,0,0,0,0.007937,0,0,0,0,0,0,0,0,no
0.012048,0,0.010638,0,0.007937,0,0,0,0,0,0,0,0,no
0.009036,0,0,0,0.007937,0,0,0,0,0,0,0,0,no
0.009036,0,0,0,0.007937,0,0,0,0,0,0,0,0,no
0.009036,0.047619,0,0,0.007937,0,0,0,0,0,0,0,0,no
0.009036,0.047619,0,0,0.007937,0,0,0,0,0,0,0,0,no
0.009036,0.047619,0,0,0.007937,0,0,0,0,0,0,0,0,no
0.009036,0.047619,0.010638,0,0.007937,0,0,0,0,0,0,0,0,no
0.009036,0,0,0,0.007937,0,0,0,0,0,0,0,0,no
0.009036,0,0,0,0.007937,0,0,0,0,0,0,0,0,no
0.006024,0,0,0,0.007937,0,0,0,0,0,0,0,0,no
0.009036,0.047619,0,0,0.007937,0,0,0,0,0,0,0,0,no
0.012048,0.095238,0,0,0,0,0,0,0,0,0,0,0,no
0.009036,0.047619,0,0,0,0,0,0,0,0,0,0,0,no
0.009036,0,0,0,0,0,0,0,0,0,0,0,0,no
0.009036,0,0,0,0,0,0,0,0,0,0,0,0,no
0.009036,0,0,0,0,0,0,0,0,0,0,0,0,no
0.009036,0,0,0,0,0,0,0,0,0,0,0,0,no
0.006024,0,0,0,0.007937,0,0,0,0,0,0,0,0,no
0.012048,0.047619,0,0,0,0,0,0,0,0,0,0,0,no
0.009036,0,0,0,0,0,0,0,0,0,0,0,0,no
0.009036,0,0,0,0,0,0,0,0,0,0,0,0,no
0.009036,0.047619,0,0,0,0,0,0,0,0,0,0,0,no
0.009036,0,0,0,0.007937,0,0,0,0,0,0,0,0,no
0.009036,0,0,0,0.007937,0,0,0,0,0,0,0,0,no
0.009036,0.047619,0,0,0.007937,0,0,0,0,0,0,0,0,no
0.009036,0.047619,0,0,0.007937,0,0,0,0,0,0,0,0,no
0.009036,0,0,0,0.007937,0,0,0,0,0,0,0,0,no
0.006024,0,0,0,0.007937,0,0,0,0,0,0,0,0,no
0.009036,0.047619,0,0,0.007937,0,0,0,0,0,0,0,0,no
0.012048,0.095238,0,0,0,0,0,0,0,0,0,0,0,no
0.009036,0.047619,0,0,0,0,0,0,0,0,0,0,0,no
0.009036,0,0,0,0,0,0,0,0,0,0,0,0,no
0.009036,0,0,0,0,0,0,0,0,0,0,0,0,no
0.009036,0,0,0,0,0,0,0,0,0,0,0,0,no
0.009036,0,0,0,0,0,0,0,0,0,0,0,0,no
0.006024,0,0,0,0.007937,0,0,0,0,0,0,0,0,no
0.012048,0.047619,0,0,0,0,0,0,0,0,0,0,0,no
0.009036,0,0,0,0,0,0,0,0,0,0,0,0,no
0.009036,0,0,0,0,0,0,0,0,0,0,0,0,no
0.009036,0.047619,0,0,0,0,0,0,0,0,0,0,0,no
0.009036,0,0,0,0.007937,0,0,0,0,0,0,0,0,no
0.009036,0,0,0,0.007937,0,0,0,0,0,0,0,0,no
0.009036,0.047619,0,0,0.007937,0,0,0,0,0,0,0,0,no
0.009036,0.047619,0,0,0.007937,0,0,0,0,0,0,0,0,no
0.009036,0,0,0,0.007937,0,0,0,0,0,0,0,0,no
0.006024,0,0,0,0.007937,0,0,0,0,0,0,0,0,no
0.009036,0.047619,0,0,0.007937,0,0,0,0,0,0,0,0,no
0.012048,0.095238,0,0,0,0,0,0,0,0,0,0,0,no
0.009036,0.047619,0,0,0,0,0,0,0,0,0,0,0,no
0.009036,0,0,0,0,0,0,0,0,0,0,0,0,no
0.009036,0,0,0,0,0,0,0,0,0,0,0,0,no
0.009036,0,0,0,0,0,0,0,0,0,0,0,0,no
0.009036,0,0,0,0,0,0,0,0,0,0,0,0,no
0.006024,0,0,0,0.007937,0,0,0,0,0,0,0,0,no
0.012048,0.047619,0,0,0,0,0,0,0,0,0,0,0,no
0.009036,0,0,0,0,0,0,0,0,0,0,0,0,no
0.009036,0,0,0,0,0,0,0,0,0,0,0,0,no
0.009036,0.047619,0,0,0,0,0,0,0,0,0,0,0,no
0.009036,0,0,0,0.007937,0,0,0,0,0,0,0,0,no
0.009036,0,0,0,0.007937,0,0,0,0,0,0,0,0,no
0.009036,0.047619,0,0,0.007937,0,0,0,0,0,0,0,0,no
0.009036,0.047619,0,0,0.007937,0,0,0,0,0,0,0,0,no
0.009036,0,0,0,0.007937,0,0,0,0,0,0,0,0,no
0.006024,0,0,0,0.007937,0,0,0,0,0,0,0,0,no
0.009036,0.047619,0,0,0.007937,0,0,0,0,0,0,0,0,no
0.012048,0.095238,0,0,0,0,0,0,0,0,0,0,0,no
0.009036,0.047619,0,0,0,0,0,0,0,0,0,0,0,no
0.009036,0,0,0,0,0,0,0,0,0,0,0,0,no
0.009036,0,0,0,0,0,0,0,0,0,0,0,0,no
0.009036,0,0,0,0,0,0,0,0,0,0,0,0,no
0.009036,0,0,0,0,0,0,0,0,0,0,0,0,no
0.006024,0,0,0,0.007937,0,0,0,0,0,0,0,0,no
0.012048,0.047619,0,0,0,0,0,0,0,0,0,0,0,no
0.009036,0,0,0,0,0,0,0,0,0,0,0,0,no
0.009036,0,0,0,0,0,0,0,0,0,0,0,0,no
0.009036,0.047619,0,0,0,0,0,0,0,0,0,0,0,no
0.009036,0,0,0,0.007937,0,0,0,0,0,0,0,0,no
0.009036,0,0,0,0.007937,0,0,0,0,0,0,0,0,no
0.009036,0.047619,0,0,0.007937,0,0,0,0,0,0,0,0,no
0.009036,0.047619,0,0,0.007937,0,0,0,0,0,0,0,0,no
0.009036,0,0,0,0.007937,0,0,0,0,0,0,0,0,no
0.006024,0,0,0,0.007937,0,0,0,0,0,0,0,0,no
0.009036,0.047619,0,0,0.007937,0,0,0,0,0,0,0,0,no
0.012048,0.095238,0,0,0,0,0,0,0,0,0,0,0,no
0.009036,0.047619,0,0,0,0,0,0,0,0,0,0,0,no
0.009036,0,0,0,0,0,0,0,0,0,0,0,0,no
0.009036,0,0,0,0,0,0,0,0,0,0,0,0,no
0.009036,0,0,0,0,0,0,0,0,0,0,0,0,no
0.009036,0,0,0,0,0,0,0,0,0,0,0,0,no
0.006024,0,0,0,0.007937,0,0,0,0,0,0,0,0,no
0.012048,0.047619,0,0,0,0,0,0,0,0,0,0,0,no
0.009036,0,0,0,0,0,0,0,0,0,0,0,0,no
0.009036,0,0,0,0,0,0,0,0,0,0,0,0,no
0.009036,0.047619,0,0,0,0,0,0,0,0,0,0,0,no
0.009036,0,0,0,0.007937,0,0,0,0,0,0,0,0,no
0.009036,0,0,0,0.007937,0,0,0,0,0,0,0,0,no
0.009036,0.047619,0,0,0.007937,0,0,0,0,0,0,0,0,no
0.009036,0.047619,0,0,0.007937,0,0,0,0,0,0,0,0,no
0.009036,0,0,0,0.007937,0,0,0,0,0,0,0,0,no
0.006024,0,0,0,0.007937,0,0,0,0,0,0,0,0,no
0.009036,0.047619,0,0,0.007937,0,0,0,0,0,0,0,0,no
0.012048,0.095238,0,0,0,0,0,0,0,0,0,0,0,no
0.009036,0.047619,0,0,0,0,0,0,0,0,0,0,0,no
0.009036,0,0,0,0,0,0,0,0,0,0,0,0,no
0.009036,0,0,0,0,0,0,0,0,0,0,0,0,no
0.009036,0,0,0,0,0,0,0,0,0,0,0,0,no
0.009036,0,0,0,0,0,0,0,0,0,0,0,0,no
0.006024,0,0,0,0.007937,0,0,0,0,0,0,0,0,no
0.018072,0.142857,0,0,0,0,0,0,0,0,0,0,0,no
0.01506,0,0,0,0,0,0,0,0,0,0,0,0,no
0.009036,0,0,0,0,0,0,0,0,0,0,0,0,no
0.009036,0.047619,0,0,0,0,0,0,0,0,0,0,0,no
0.009036,0,0,0,0.007937,0,0,0,0,0,0,0,0,no
0.009036,0,0,0,0.007937,0,0,0,0,0,0,0,0,no
0.009036,0,0,0,0.007937,0,0,0,0,0,0,0,0,no
0.009036,0,0,0,0.007937,0,0,0,0,0,0,0,0,no
0.009036,0,0,0,0.007937,0,0,0,0,0,0,0,0,no
0.009036,0,0,0,0.007937,0,0,0,0,0,0,0,0,no
0.009036,0.047619,0,0,0.007937,0,0,0,0,0,0,0,0,no
0.009036,0.047619,0,0,0.007937,0,0,0,0,0,0,0,0,no
0.009036,0.047619,0,0,0.007937,0,0,0,0,0,0,0,0,no
0.009036,0.047619,0,0,0.007937,0,0,0,0,0,0,0,0,no
0.009036,0,0,0,0.007937,0,0,0,0,0,0,0,0,no
0.009036,0,0,0,0.007937,0,0,0,0,0,0,0,0,no
0.009036,0,0,0,0.007937,0,0,0,0,0,0,0,0,no
0.009036,0.047619,0,0,0.007937,0,0,0,0,0,0,0,0,no
0.012048,0.095238,0,0,0,0,0,0,0,0,0,0,0,no
0.009036,0.047619,0,0,0,0,0,0,0,0,0,0,0,no
0.009036,0,0,0,0,0,0,0,0,0,0,0,0,no
0.009036,0,0,0,0,0,0,0,0,0,0,0,0,no
0.009036,0,0,0,0,0,0,0,0,0,0,0,0,no
0.009036,0,0,0,0,0,0,0,0,0,0,0,0,no
0.006024,0,0,0,0.007937,0,0,0,0,0,0,0,0,no
0.012048,0.047619,0,0,0,0,0,0,0,0,0,0,0,no
0.009036,0,0,0,0,0,0,0,0,0,0,0,0,no
0.009036,0,0,0,0,0,0,0,0,0,0,0,0,no
0.009036,0.047619,0,0,0,0,0,0,0,0,0,0,0,no
0.009036,0,0,0,0.007937,0,0,0,0,0,0,0,0,no
0.009036,0,0,0,0.007937,0,0,0,0,0,0,0,0,no
0.009036,0.047619,0,0,0.007937,0,0,0,0,0,0,0,0,no
0.009036,0.047619,0,0,0.007937,0,0,0,0,0,0,0,0,no
0.009036,0,0,0,0.007937,0,0,0,0,0,0,0,0,no
0.006024,0,0,0,0.007937,0,0,0,0,0,0,0,0,no
0.009036,0.047619,0,0,0.007937,0,0,0,0,0,0,0,0,no
0.012048,0.095238,0,0,0,0,0,0,0,0,0,0,0,no
0.009036,0.047619,0,0,0,0,0,0,0,0,0,0,0,no
0.009036,0,0,0,0,0,0,0,0,0,0,0,0,no
0.009036,0,0,0,0,0,0,0,0,0,0,0,0,no
0.009036,0,0,0,0,0,0,0,0,0,0,0,0,no
0.009036,0,0,0,0,0,0,0,0,0,0,0,0,no
0.006024,0,0,0,0.007937,0,0,0,0,0,0,0,0,no
0.021084,0.142857,0,0,0,0,0,0,0,0,0,0,0,no
0.018072,0,0,0,0,0,0,0,0,0,0,0,0,no
0.009036,0,0,0,0,0,0,0,0,0,0,0,0,no
0.009036,0.047619,0,0,0,0,0,0,0,0,0,0,0,no
0.009036,0,0,0,0.007937,0,0,0,0,0,0,0,0,no
0.009036,0,0,0,0.007937,0,0,0,0,0,0,0,0,no
0.009036,0,0,0,0.007937,0,0,0,0,0,0,0,0,no
0.009036,0,0,0,0.007937,0,0,0,0,0,0,0,0,no
0.009036,0,0,0,0.007937,0,0,0,0,0,0,0,0,no
0.009036,0,0,0,0.007937,0,0,0,0,0,0,0,0,no
0.009036,0.047619,0,0,0.007937,0,0,0,0,0,0,0,0,no
0.009036,0.047619,0,0,0.007937,0,0,0,0,0,0,0,0,no
0.009036,0.047619,0,0,0.007937,0,0,0,0,0,0,0,0,no
0.012048,0.047619,0,0,0.007937,0,0,0,0,0,0,0,0,no
0.009036,0.047619,0,0,0.007937,0,0,0,0,0,0,0,0,no
0.009036,0,0,0,0.007937,0,0,0,0,0,0,0,0,no
0.009036,0,0,0,0.007937,0,0,0,0,0,0,0,0,no
0.009036,0,0,0,0.007937,0,0,0,0,0,0,0,0,no
0.006024,0,0,0,0.007937,0,0,0,0,0,0,0,0,no
0.009036,0.047619,0,0,0.007937,0,0,0,0,0,0,0,0,no
0.012048,0.095238,0,0,0,0,0,0,0,0,0,0,0,no
0.009036,0.047619,0,0,0,0,0,0,0,0,0,0,0,no
0.009036,0,0,0,0,0,0,0,0,0,0,0,0,no
0.009036,0,0,0,0,0,0,0,0,0,0,0,0,no
0.009036,0,0,0,0,0,0,0,0,0,0,0,0,no
0.009036,0,0,0,0,0,0,0,0,0,0,0,0,no
0.006024,0,0,0,0.007937,0,0,0,0,0,0,0,0,no
0.006024,0.047619,0,0,0.015873,0,0,0,0,0,0,0,0,no
0.006024,0,0,0,0.007937,0,0,0,0,0,0,0,0,no
0.009036,0,0,0,0,0,0,0,0,0,0,0,0,no
0.009036,0.047619,0,0,0,0,0,0,0,0,0,0,0,no
0.012048,0,0,0,0,0.016129,0,0,0,0,0,0,0,no
0.009036,0.047619,0,0,0.007937,0,0,0,0,0,0,0,0,no
0.018072,0,0,0,0.007937,0.032258,0,0,0,0,0,0,0,no
0.006024,0,0,0,0.007937,0,0,0,0,0,0,0,0,no
0.009036,0.047619,0,0,0.007937,0,0,0,0,0,0,0,0,no
0.012048,0.095238,0,0,0,0,0,0,0,0,0,0,0,no
0.009036,0.047619,0,0,0,0,0,0,0,0,0,0,0,no
0.009036,0,0,0,0,0,0,0,0,0,0,0,0,no
0.009036,0,0,0,0,0,0,0,0,0,0,0,0,no
0.018072,0.095238,0,0,0.007937,0,0,0,0,0,0,0,0,no
0.009036,0,0,0,0,0,0,0,0,0,0,0,0,no
0.009036,0.095238,0,0,0.015873,0.016129,0,0,0,0,0,0,0,no
0.009036,0.095238,0,0,0.015873,0.016129,0,0,0,0,0,0,0,no
0.009036,0,0,0,0,0,0,0,0,0,0,0,0,no
0.006024,0,0,0,0.007937,0,0,0,0,0,0,0,0,no
0.01506,0.095238,0,0,0,0,0,0,0,0,0,0,0,no
0.012048,0,0,0,0,0,0,0,0,0,0,0,0,no
0.009036,0,0,0,0,0,0,0,0,0,0,0,0,no
0.009036,0.047619,0,0,0,0,0,0,0,0,0,0,0,no
0.009036,0,0,0,0.007937,0,0,0,0,0,0,0,0,no
0.009036,0,0,0,0.007937,0,0,0,0,0,0,0,0,no
0.009036,0,0,0,0.007937,0,0,0,0,0,0,0,0,no
0.009036,0,0,0,0.007937,0,0,0,0,0,0,0,0,no
0.009036,0.047619,0,0,0.007937,0,0,0,0,0,0,0,0,no
0.009036,0.047619,0,0,0.007937,0,0,0,0,0,0,0,0,no
0.009036,0.047619,0,0,0.007937,0,0,0,0,0,0,0,0,no
0.009036,0,0,0,0.007937,0,0,0,0,0,0,0,0,no
0.009036,0,0,0,0.007937,0,0,0,0,0,0,0,0,no
0.009036,0.047619,0,0,0.007937,0,0,0,0,0,0,0,0,no
0.012048,0.095238,0,0,0,0,0,0,0,0,0,0,0,no
0.009036,0.047619,0,0,0,0,0,0,0,0,0,0,0,no
0.009036,0,0,0,0,0,0,0,0,0,0,0,0,no
0.009036,0,0,0,0,0,0,0,0,0,0,0,0,no
0.009036,0,0,0,0,0,0,0,0,0,0,0,0,no
0.009036,0,0,0,0,0,0,0,0,0,0,0,0,no
0.006024,0,0,0,0.007937,0,0,0,0,0,0,0,0,no
0.024096,0.190476,0,0,0.02381,0,0,0,0,0,0,0,0,no
0.021084,0,0,0,0,0,0,0,0,0,0,0,0,no
0.009036,0,0,0,0,0,0,0,0,0,0,0,0,no
0.009036,0.047619,0,0,0,0,0,0,0,0,0,0,0,no
0.009036,0,0,0,0.007937,0,0,0,0,0,0,0,0,no
0.009036,0,0,0,0.007937,0,0,0,0,0,0,0,0,no
0.009036,0,0,0,0.007937,0,0,0,0,0,0,0,0,no
0.009036,0,0,0,0.007937,0,0,0,0,0,0,0,0,no
0.009036,0,0,0,0.007937,0,0,0,0,0,0,0,0,no
0.009036,0,0,0,0.007937,0,0,0,0,0,0,0,0,no
0.009036,0,0,0,0.007937,0,0,0,0,0,0,0,0,no
0.009036,0,0,0,0.007937,0,0,0,0,0,0,0,0,no
0.009036,0.047619,0,0,0.007937,0,0,0,0,0,0,0,0,no
0.009036,0.047619,0,0,0.015873,0,0,0,0,0,0,0,0,no
0.012048,0.047619,0,0,0.015873,0,0,0,0,0,0,0,0,no
0.009036,0.047619,0,0,0.007937,0,0,0,0,0,0,0,0,no
0.009036,0.047619,0,0,0.015873,0,0,0,0,0,0,0,0,no
0.009036,0.047619,0,0,0.007937,0,0,0,0,0,0,0,0,no
0.009036,0,0,0,0.007937,0,0,0,0,0,0,0,0,no
0.009036,0,0,0,0.007937,0,0,0,0,0,0,0,0,no
0.009036,0,0,0,0.007937,0,0,0,0,0,0,0,0,no
0.009036,0,0,0,0.007937,0,0,0,0,0,0,0,0,no
0.006024,0,0,0,0.007937,0,0,0,0,0,0,0,0,no
0.009036,0.047619,0,0,0.007937,0,0,0,0,0,0,0,0,no
0.012048,0.095238,0,0,0,0,0,0,0,0,0,0,0,no
0.009036,0.047619,0,0,0,0,0,0,0,0,0,0,0,no
0.009036,0,0,0,0,0,0,0,0,0,0,0,0,no
0.009036,0,0,0,0,0,0,0,0,0,0,0,0,no
0.009036,0,0,0,0,0,0,0,0,0,0,0,0,no
0.009036,0,0,0,0,0,0,0,0,0,0,0,0,no
0.006024,0,0,0,0.007937,0,0,0,0,0,0,0,0,no
0.018072,0.142857,0,0,0,0,0,0,0,0,0,0,0,no
0.01506,0,0,0,0,0,0,0,0,0,0,0,0,no
0.009036,0,0,0,0,0,0,0,0,0,0,0,0,no
0.009036,0.047619,0,0,0,0,0,0,0,0,0,0,0,no
0.009036,0,0,0,0.007937,0,0,0,0,0,0,0,0,no
0.009036,0,0,0,0.007937,0,0,0,0,0,0,0,0,no
0.009036,0,0,0,0.007937,0,0,0,0,0,0,0,0,no
0.009036,0,0,0,0.007937,0,0,0,0,0,0,0,0,no
0.009036,0,0,0,0.007937,0,0,0,0,0,0,0,0,no
0.009036,0,0,0,0.007937,0,0,0,0,0,0,0,0,no
0.009036,0.047619,0,0,0.007937,0,0,0,0,0,0,0,0,no
0.009036,0.047619,0,0,0.007937,0,0,0,0,0,0,0,0,no
0.009036,0.047619,0,0,0.007937,0,0,0,0,0,0,0,0,no
0.009036,0.047619,0,0,0.007937,0,0,0,0,0,0,0,0,no
0.009036,0,0,0,0.007937,0,0,0,0,0,0,0,0,no
0.009036,0,0,0,0.007937,0,0,0,0,0,0,0,0,no
0.009036,0,0,0,0.007937,0,0,0,0,0,0,0,0,no
0.009036,0.047619,0,0,0.007937,0,0,0,0,0,0,0,0,no
0.012048,0.095238,0,0,0,0,0,0,0,0,0,0,0,no
0.009036,0.047619,0,0,0,0,0,0,0,0,0,0,0,no
0.009036,0,0,0,0,0,0,0,0,0,0,0,0,no
0.009036,0,0,0,0,0,0,0,0,0,0,0,0,no
0.009036,0,0,0,0,0,0,0,0,0,0,0,0,no
0.009036,0,0,0,0,0,0,0,0,0,0,0,0,no
0.006024,0,0,0,0.007937,0,0,0,0,0,0,0,0,no
0.018072,0.142857,0,0,0.007937,0,0,0,0,0,0,0,0,no
0.01506,0,0,0,0,0,0,0,0,0,0,0,0,no
0.009036,0,0,0,0,0,0,0,0,0,0,0,0,no
0.009036,0.047619,0,0,0,0,0,0,0,0,0,0,0,no
0.009036,0,0,0,0.007937,0,0,0,0,0,0,0,0,no
0.009036,0,0,0,0.007937,0,0,0,0,0,0,0,0,no
0.009036,0,0,0,0.007937,0,0,0,0,0,0,0,0,no
0.009036,0,0,0,0.007937,0,0,0,0,0,0,0,0,no
0.009036,0,0,0,0.007937,0,0,0,0,0,0,0,0,no
0.009036,0,0,0,0.007937,0,0,0,0,0,0,0,0,no
0.009036,0.047619,0,0,0.007937,0,0,0,0,0,0,0,0,no
0.009036,0.047619,0,0,0.007937,0,0,0,0,0,0,0,0,no
0.009036,0.047619,0,0,0.015873,0,0,0,0,0,0,0,0,no
0.009036,0.047619,0,0,0.007937,0,0,0,0,0,0,0,0,no
0.009036,0,0,0,0.007937,0,0,0,0,0,0,0,0,no
0.009036,0,0,0,0.007937,0,0,0,0,0,0,0,0,no
0.009036,0,0,0,0.007937,0,0,0,0,0,0,0,0,no
0.006024,0,0,0,0.007937,0,0,0,0,0,0,0,0,no
0.009036,0.047619,0,0,0.007937,0,0,0,0,0,0,0,0,no
0.012048,0.095238,0,0,0,0,0,0,0,0,0,0,0,no
0.009036,0.047619,0,0,0,0,0,0,0,0,0,0,0,no
0.009036,0,0,0,0,0,0,0,0,0,0,0,0,no
0.009036,0,0,0,0,0,0,0,0,0,0,0,0,no
0.009036,0,0,0,0,0,0,0,0,0,0,0,0,no
0.009036,0,0,0,0,0,0,0,0,0,0,0,0,no
0.006024,0,0,0,0.007937,0,0,0,0,0,0,0,0,no
0.012048,0.047619,0,0,0,0,0,0,0,0,0,0,0,no
0.009036,0,0,0,0,0,0,0,0,0,0,0,0,no
0.009036,0,0,0,0,0,0,0,0,0,0,0,0,no
0.009036,0.047619,0,0,0,0,0,0,0,0,0,0,0,no
0.009036,0,0,0,0.007937,0,0,0,0,0,0,0,0,no
0.009036,0,0.010638,0,0.007937,0,0,0,0,0,0,0,0,no
0.009036,0,0.010638,0,0.007937,0,0,0,0,0,0,0,0,no
0.009036,0,0,0,0.007937,0,0,0,0,0,0,0,0,no
0.009036,0.047619,0,0,0.007937,0,0,0,0,0,0,0,0,no
0.009036,0.047619,0,0,0.007937,0,0,0,0,0,0,0,0,no
0.009036,0,0,0,0.007937,0,0,0,0,0,0,0,0,no
0.006024,0,0,0,0.007937,0,0,0,0,0,0,0,0,no
0.009036,0.047619,0,0,0.007937,0,0,0,0,0,0,0,0,no
0.012048,0.095238,0,0,0,0,0,0,0,0,0,0,0,no
0.009036,0.047619,0,0,0,0,0,0,0,0,0,0,0,no
0.009036,0,0,0,0,0,0,0,0,0,0,0,0,no
0.009036,0,0,0,0,0,0,0,0,0,0,0,0,no
0.009036,0,0,0,0,0,0,0,0,0,0,0,0,no
0.009036,0,0,0,0,0,0,0,0,0,0,0,0,no
0.006024,0,0,0,0.007937,0,0,0,0,0,0,0,0,no
0.006024,0.047619,0,0,0.015873,0,0,0,0,0,0,0,0,no
0.006024,0,0,0,0.007937,0,0,0,0,0,0,0,0,no
0.009036,0,0,0,0,0,0,0,0,0,0,0,0,no
0.009036,0.047619,0,0,0,0,0,0,0,0,0,0,0,no
0.012048,0,0,0,0,0.016129,0,0,0,0,0,0,0,no
0.009036,0.047619,0,0,0.007937,0,0,0,0,0,0,0,0,no
0.018072,0,0,0,0.007937,0.032258,0,0,0,0,0,0,0,no
0.006024,0,0,0,0.007937,0,0,0,0,0,0,0,0,no
0.009036,0.047619,0,0,0.007937,0,0,0,0,0,0,0,0,no
0.012048,0.095238,0,0,0,0,0,0,0,0,0,0,0,no
0.009036,0.047619,0,0,0,0,0,0,0,0,0,0,0,no
0.009036,0,0,0,0,0,0,0,0,0,0,0,0,no
0.009036,0,0,0,0,0,0,0,0,0,0,0,0,no
0.018072,0.095238,0,0,0.007937,0,0,0,0,0,0,0,0,no
0.009036,0,0,0,0,0,0,0,0,0,0,0,0,no
0.009036,0.095238,0,0,0.015873,0.016129,0,0,0,0,0,0,0,no
0.009036,0.095238,0,0,0.015873,0.016129,0,0,0,0,0,0,0,no
0.009036,0,0,0,0,0,0,0,0,0,0,0,0,no
0.006024,0,0,0,0.007937,0,0,0,0,0,0,0,0,no
0.01506,0.095238,0,0,0,0,0,0,0,0,0,0,0,no
0.012048,0,0,0,0,0,0,0,0,0,0,0,0,no
0.009036,0,0,0,0,0,0,0,0,0,0,0,0,no
0.009036,0.047619,0,0,0,0,0,0,0,0,0,0,0,no
0.009036,0,0,0,0.007937,0,0,0,0,0,0,0,0,no
0.009036,0,0,0,0.007937,0,0,0,0,0,0,0,0,no
0.009036,0,0,0,0.007937,0,0,0,0,0,0,0,0,no
0.009036,0,0,0,0.007937,0,0,0,0,0,0,0,0,no
0.009036,0.047619,0,0,0.007937,0,0,0,0,0,0,0,0,no
0.009036,0.047619,0,0,0.007937,0,0,0,0,0,0,0,0,no
0.009036,0.047619,0,0,0.007937,0,0,0,0,0,0,0,0,no
0.009036,0,0,0,0.007937,0,0,0,0,0,0,0,0,no
0.009036,0,0,0,0.007937,0,0,0,0,0,0,0,0,no
0.009036,0.047619,0,0,0.007937,0,0,0,0,0,0,0,0,no
0.012048,0.095238,0,0,0,0,0,0,0,0,0,0,0,no
0.009036,0.047619,0,0,0,0,0,0,0,0,0,0,0,no
0.009036,0,0,0,0,0,0,0,0,0,0,0,0,no
0.009036,0,0,0,0,0,0,0,0,0,0,0,0,no
0.009036,0,0,0,0,0,0,0,0,0,0,0,0,no
0.009036,0,0,0,0,0,0,0,0,0,0,0,0,no
0.006024,0,0,0,0.007937,0,0,0,0,0,0,0,0,no
0.012048,0.047619,0,0,0,0,0,0,0,0,0,0,0,no
0.009036,0,0,0,0,0,0,0,0,0,0,0,0,no
0.009036,0,0,0,0,0,0,0,0,0,0,0,0,no
0.009036,0.047619,0,0,0,0,0,0,0,0,0,0,0,no
0.009036,0,0,0,0.007937,0,0,0,0,0,0,0,0,no
0.009036,0,0,0,0.007937,0,0,0,0,0,0,0,0,no
0.009036,0.047619,0,0,0.007937,0,0,0,0,0,0,0,0,no
0.009036,0.047619,0,0,0.007937,0,0,0,0,0,0,0,0,no
0.009036,0,0,0,0.007937,0,0,0,0,0,0,0,0,no
0.006024,0,0,0,0.007937,0,0,0,0,0,0,0,0,no
0.009036,0.047619,0,0,0.007937,0,0,0,0,0,0,0,0,no
0.012048,0.095238,0,0,0,0,0,0,0,0,0,0,0,no
0.009036,0.047619,0,0,0,0,0,0,0,0,0,0,0,no
0.009036,0,0,0,0,0,0,0,0,0,0,0,0,no
0.009036,0,0,0,0,0,0,0,0,0,0,0,0,no
0.009036,0,0,0,0,0,0,0,0,0,0,0,0,no
0.009036,0,0,0,0,0,0,0,0,0,0,0,0,no
0.006024,0,0,0,0.007937,0,0,0,0,0,0,0,0,no
0.012048,0.047619,0,0,0,0,0,0,0,0,0,0,0,no
0.009036,0,0,0,0,0,0,0,0,0,0,0,0,no
0.009036,0,0,0,0,0,0,0,0,0,0,0,0,no
0.009036,0.047619,0,0,0,0,0,0,0,0,0,0,0,no
0.009036,0,0,0,0.007937,0,0,0,0,0,0,0,0,no
0.009036,0,0,0,0.007937,0,0,0,0,0,0,0,0,no
0.009036,0.047619,0,0,0.007937,0,0,0,0,0,0,0,0,no
0.009036,0.047619,0,0,0.007937,0,0,0,0,0,0,0,0,no
0.009036,0,0,0,0.007937,0,0,0,0,0,0,0,0,no
0.009036,0.047619,0,0,0.007937,0,0,0,0,0,0,0,0,no
0.012048,0.095238,0,0,0,0,0,0,0,0,0,0,0,no
0.009036,0.047619,0,0,0,0,0,0,0,0,0,0,0,no
0.009036,0,0,0,0,0,0,0,0,0,0,0,0,no
0.009036,0,0,0,0,0,0,0,0,0,0,0,0,no
0.009036,0,0,0,0,0,0,0,0,0,0,0,0,no
0.009036,0,0,0,0,0,0,0,0,0,0,0,0,no
0.006024,0,0,0,0.007937,0,0,0,0,0,0,0,0,no
0.006024,0.047619,0,0,0.015873,0,0,0,0,0,0,0,0,no
0.006024,0,0,0,0.007937,0,0,0,0,0,0,0,0,no
0.009036,0,0,0,0,0,0,0,0,0,0,0,0,no
0.009036,0.047619,0,0,0,0,0,0,0,0,0,0,0,no
0.012048,0,0,0,0,0.016129,0,0,0,0,0,0,0,no
0.009036,0.047619,0,0,0.007937,0,0,0,0,0,0,0,0,no
0.018072,0,0,0,0.007937,0.032258,0,0,0,0,0,0,0,no
0.006024,0,0,0,0.007937,0,0,0,0,0,0,0,0,no
0.009036,0.047619,0,0,0.007937,0,0,0,0,0,0,0,0,no
0.012048,0.095238,0,0,0,0,0,0,0,0,0,0,0,no
0.009036,0.047619,0,0,0,0,0,0,0,0,0,0,0,no
0.009036,0,0,0,0,0,0,0,0,0,0,0,0,no
0.009036,0,0,0,0,0,0,0,0,0,0,0,0,no
0.018072,0.095238,0,0,0.007937,0,0,0,0,0,0,0,0,no
0.009036,0,0,0,0,0,0,0,0,0,0,0,0,no
0.009036,0.095238,0,0,0.015873,0.016129,0,0,0,0,0,0,0,no
0.009036,0.095238,0,0,0.015873,0.016129,0,0,0,0,0,0,0,no
0.009036,0,0,0,0,0,0,0,0,0,0,0,0,no
0.006024,0,0,0,0.007937,0,0,0,0,0,0,0,0,no
0.01506,0.095238,0,0,0,0,0,0,0,0,0,0,0,no
0.012048,0,0,0,0,0,0,0,0,0,0,0,0,no
0.009036,0,0,0,0,0,0,0,0,0,0,0,0,no
0.009036,0.047619,0,0,0,0,0,0,0,0,0,0,0,no
0.009036,0,0,0,0.007937,0,0,0,0,0,0,0,0,no
0.009036,0,0,0,0.007937,0,0,0,0,0,0,0,0,no
0.009036,0,0,0,0.007937,0,0,0,0,0,0,0,0,no
0.009036,0,0,0,0.007937,0,0,0,0,0,0,0,0,no
0.009036,0.047619,0,0,0.007937,0,0,0,0,0,0,0,0,no
0.009036,0.047619,0,0,0.007937,0,0,0,0,0,0,0,0,no
0.009036,0.047619,0,0,0.007937,0,0,0,0,0,0,0,0,no
0.009036,0,0,0,0.007937,0,0,0,0,0,0,0,0,no
0.009036,0,0,0,0.007937,0,0,0,0,0,0,0,0,no
0.006024,0,0,0,0.007937,0,0,0,0,0,0,0,0,no
0.009036,0.047619,0,0,0.007937,0,0,0,0,0,0,0,0,no
0.012048,0.095238,0,0,0,0,0,0,0,0,0,0,0,no
0.009036,0.047619,0,0,0,0,0,0,0,0,0,0,0,no
0.009036,0,0,0,0,0,0,0,0,0,0,0,0,no
0.009036,0,0,0,0,0,0,0,0,0,0,0,0,no
0.009036,0,0,0,0,0,0,0,0,0,0,0,0,no
0.009036,0,0,0,0,0,0,0,0,0,0,0,0,no
0.006024,0,0,0,0.007937,0,0.037037,0.083333,0.002247,0,0.008621,0.008621,0,no
0.012048,0.047619,0,0,0,0,0.037037,0.083333,0.004494,0,0.017241,0.017241,0,no
0.009036,0,0,0,0,0,0.037037,0.083333,0.003371,0,0.012931,0.012931,0,no
0.009036,0,0,0,0,0,0.037037,0.083333,0.003371,0,0.012931,0.012931,0,no
0.009036,0.047619,0,0,0,0,0.037037,0.083333,0.003371,0,0.012931,0.012931,0,no
0.009036,0,0,0,0.007937,0,0.037037,0.083333,0.003371,0,0.012931,0.012931,0,no
0.009036,0,0,0,0.007937,0,0.037037,0.083333,0.003371,0,0.012931,0.012931,0,no
0.009036,0.047619,0,0,0.007937,0,0.037037,0.083333,0.003371,0,0.012931,0.012931,0,no
0.009036,0.047619,0,0,0.007937,0,0.037037,0.083333,0.003371,0,0.012931,0.012931,0,no
0.009036,0,0,0,0.007937,0,0.037037,0.083333,0.003371,0,0.012931,0.012931,0,no
0.006024,0,0,0,0.007937,0,0.037037,0.083333,0.002247,0,0.008621,0.008621,0,no
0.009036,0.047619,0,0,0.007937,0,0.037037,0.083333,0.003371,0,0.012931,0.012931,0,no
0.012048,0.095238,0,0,0,0,0.037037,0.083333,0.004494,0,0.017241,0.017241,0,no
0.009036,0.047619,0,0,0,0,0.037037,0.083333,0.003371,0,0.012931,0.012931,0,no
0.009036,0,0,0,0,0,0.037037,0.083333,0.003371,0,0.012931,0.012931,0,no
0.009036,0,0,0,0,0,0.037037,0.083333,0.003371,0,0.012931,0.012931,0,no
0.009036,0,0,0,0,0,0.037037,0.083333,0.003371,0,0.012931,0.012931,0,no
0.009036,0,0,0,0,0,0.037037,0.083333,0.003371,0,0.012931,0.012931,0,no
0.006024,0,0,0,0.007937,0,0.037037,0.083333,0.002247,0,0.008621,0.008621,0,no
0.01506,0.095238,0,0,0,0,0.037037,0.083333,0.005618,0,0.021552,0.021552,0,no
0.012048,0,0,0,0,0,0.037037,0.083333,0.004494,0,0.017241,0.017241,0,no
0.009036,0,0,0,0,0,0.037037,0.083333,0.003371,0,0.012931,0.012931,0,no
0.009036,0.047619,0,0,0,0,0.037037,0.083333,0.003371,0,0.012931,0.012931,0,no
0.009036,0,0,0,0.007937,0,0.037037,0.083333,0.003371,0,0.012931,0.012931,0,no
0.009036,0,0,0,0.007937,0,0.037037,0.083333,0.003371,0,0.012931,0.012931,0,no
0.009036,0,0.010638,0,0.007937,0,0.037037,0.083333,0.003371,0,0.012931,0.012931,0,no
0.009036,0,0.010638,0,0.007937,0,0.037037,0.083333,0.003371,0,0.012931,0.012931,0,no
0.009036,0,0,0,0.007937,0,0.037037,0.083333,0.003371,0,0.012931,0.012931,0,no
0.009036,0,0,0,0.007937,0,0.037037,0.083333,0.003371,0,0.012931,0.012931,0,no
0.009036,0.047619,0,0,0.007937,0,0.037037,0.083333,0.003371,0,0.012931,0.012931,0,no
0.009036,0.047619,0,0,0.007937,0,0.037037,0.083333,0.003371,0,0.012931,0.012931,0,no
0.009036,0.047619,0,0,0.007937,0,0.037037,0.083333,0.003371,0,0.012931,0.012931,0,no
0.009036,0,0,0,0.007937,0,0.037037,0.083333,0.003371,0,0.012931,0.012931,0,no
0.009036,0,0,0,0.007937,0,0.037037,0.083333,0.003371,0,0.012931,0.012931,0,no
0.006024,0,0,0,0.007937,0,0.037037,0.083333,0.002247,0,0.008621,0.008621,0,no
0.009036,0.047619,0,0,0.007937,0,0.037037,0.083333,0.003371,0,0.012931,0.012931,0,no
0.012048,0.095238,0,0,0,0,0.037037,0.083333,0.004494,0,0.017241,0.017241,0,no
0.009036,0.047619,0,0,0,0,0.037037,0.083333,0.003371,0,0.012931,0.012931,0,no
0.009036,0,0,0,0,0,0.037037,0.083333,0.003371,0,0.012931,0.012931,0,no
0.009036,0,0,0,0,0,0.037037,0.083333,0.003371,0,0.012931,0.012931,0,no
0.009036,0,0,0,0,0,0.037037,0.083333,0.003371,0,0.012931,0.012931,0,no
0.009036,0,0,0,0,0,0.037037,0.083333,0.003371,0,0.012931,0.012931,0,no
0.006024,0,0,0,0.007937,0,0,0,0,0,0,0,0,no
0.021084,0.142857,0,0,0.007937,0,0,0,0,0,0,0,0,no
0.018072,0,0,0,0,0,0,0,0,0,0,0,0,no
0.009036,0,0,0,0,0,0,0,0,0,0,0,0,no
0.009036,0.047619,0,0,0,0,0,0,0,0,0,0,0,no
0.009036,0,0,0,0.007937,0,0,0,0,0,0,0,0,no
0.009036,0,0,0,0.007937,0,0,0,0,0,0,0,0,no
0.009036,0,0,0,0.007937,0,0,0,0,0,0,0,0,no
0.009036,0,0,0,0.007937,0,0,0,0,0,0,0,0,no
0.009036,0,0,0,0.007937,0,0,0,0,0,0,0,0,no
0.009036,0,0,0,0.007937,0,0,0,0,0,0,0,0,no
0.009036,0.047619,0,0,0.007937,0,0,0,0,0,0,0,0,no
0.009036,0.047619,0,0,0.007937,0,0,0,0,0,0,0,0,no
0.009036,0.047619,0,0,0.007937,0,0,0,0,0,0,0,0,no
0.012048,0.047619,0,0,0.015873,0,0,0,0,0,0,0,0,no
0.009036,0.047619,0,0,0.007937,0,0,0,0,0,0,0,0,no
0.009036,0,0,0,0.007937,0,0,0,0,0,0,0,0,no
0.009036,0,0,0,0.007937,0,0,0,0,0,0,0,0,no
0.009036,0,0,0,0.007937,0,0,0,0,0,0,0,0,no
0.006024,0,0,0,0.007937,0,0,0,0,0,0,0,0,no
0.009036,0.047619,0,0,0.007937,0,0,0,0,0,0,0,0,no
0.012048,0.095238,0,0,0,0,0,0,0,0,0,0,0,no
0.009036,0.047619,0,0,0,0,0,0,0,0,0,0,0,no
0.009036,0,0,0,0,0,0,0,0,0,0,0,0,no
0.009036,0,0,0,0,0,0,0,0,0,0,0,0,no
0.009036,0,0,0,0,0,0,0,0,0,0,0,0,no
0.009036,0,0,0,0,0,0,0,0,0,0,0,0,no
0.006024,0,0,0,0.007937,0,0,0,0,0,0,0,0,no
0.018072,0.142857,0,0,0,0,0,0,0,0,0,0,0,no
0.01506,0,0,0,0,0,0,0,0,0,0,0,0,no
0.009036,0,0,0,0,0,0,0,0,0,0,0,0,no
0.009036,0.047619,0,0,0,0,0,0,0,0,0,0,0,no
0.009036,0,0,0,0.007937,0,0,0,0,0,0,0,0,no
0.009036,0,0,0,0.007937,0,0,0,0,0,0,0,0,no
0.009036,0,0,0,0.007937,0,0,0,0,0,0,0,0,no
0.009036,0,0,0,0.007937,0,0,0,0,0,0,0,0,no
0.009036,0,0,0,0.007937,0,0,0,0,0,0,0,0,no
0.009036,0,0,0,0.007937,0,0,0,0,0,0,0,0,no
0.009036,0.047619,0,0,0.007937,0,0,0,0,0,0,0,0,no
0.009036,0.047619,0,0,0.007937,0,0,0,0,0,0,0,0,no
0.009036,0.047619,0,0,0.007937,0,0,0,0,0,0,0,0,no
0.009036,0.047619,0,0,0.007937,0,0,0,0,0,0,0,0,no
0.009036,0,0,0,0.007937,0,0,0,0,0,0,0,0,no
0.009036,0,0,0,0.007937,0,0,0,0,0,0,0,0,no
0.009036,0,0,0,0.007937,0,0,0,0,0,0,0,0,no
0.009036,0.047619,0,0,0.007937,0,0,0,0,0,0,0,0,no
0.012048,0.095238,0,0,0,0,0,0,0,0,0,0,0,no
0.009036,0.047619,0,0,0,0,0,0,0,0,0,0,0,no
0.009036,0,0,0,0,0,0,0,0,0,0,0,0,no
0.009036,0,0,0,0,0,0,0,0,0,0,0,0,no
0.009036,0,0,0,0,0,0,0,0,0,0,0,0,no
0.009036,0,0,0,0,0,0,0,0,0,0,0,0,no
0.006024,0,0,0,0.007937,0,0,0,0,0,0,0,0,no
0.012048,0.047619,0,0,0,0,0,0,0,0,0,0,0,no
0.009036,0,0,0,0,0,0,0,0,0,0,0,0,no
0.009036,0,0,0,0,0,0,0,0,0,0,0,0,no
0.009036,0.047619,0,0,0,0,0,0,0,0,0,0,0,no
0.009036,0,0,0,0.007937,0,0,0,0,0,0,0,0,no
0.009036,0,0,0,0.007937,0,0,0,0,0,0,0,0,no
0.009036,0.047619,0,0,0.007937,0,0,0,0,0,0,0,0,no
0.009036,0.047619,0,0,0.007937,0,0,0,0,0,0,0,0,no
0.009036,0,0,0,0.007937,0,0,0,0,0,0,0,0,no
0.006024,0,0,0,0.007937,0,0,0,0,0,0,0,0,no
0.009036,0.047619,0,0,0.007937,0,0,0,0,0,0,0,0,no
0.012048,0.095238,0,0,0,0,0,0,0,0,0,0,0,no
0.009036,0.047619,0,0,0,0,0,0,0,0,0,0,0,no
0.009036,0,0,0,0,0,0,0,0,0,0,0,0,no
0.009036,0,0,0,0,0,0,0,0,0,0,0,0,no
0.009036,0,0,0,0,0,0,0,0,0,0,0,0,no
0.009036,0,0,0,0,0,0,0,0,0,0,0,0,no
0.006024,0,0,0,0.007937,0,0,0,0,0,0,0,0,no
0.018072,0.142857,0,0,0,0,0,0,0,0,0,0,0,no
0.01506,0,0,0,0,0,0,0,0,0,0,0,0,no
0.009036,0,0,0,0,0,0,0,0,0,0,0,0,no
0.009036,0.047619,0,0,0,0,0,0,0,0,0,0,0,no
0.009036,0,0,0,0.007937,0,0,0,0,0,0,0,0,no
0.009036,0,0,0,0.007937,0,0,0,0,0,0,0,0,no
0.009036,0,0,0,0.007937,0,0,0,0,0,0,0,0,no
0.009036,0,0,0,0.007937,0,0,0,0,0,0,0,0,no
0.009036,0,0,0,0.007937,0,0,0,0,0,0,0,0,no
0.009036,0,0,0,0.007937,0,0,0,0,0,0,0,0,no
0.009036,0.047619,0,0,0.007937,0,0,0,0,0,0,0,0,no
0.009036,0.047619,0,0,0.007937,0,0,0,0,0,0,0,0,no
0.009036,0.047619,0,0,0.007937,0,0,0,0,0,0,0,0,no
0.009036,0.047619,0,0,0.007937,0,0,0,0,0,0,0,0,no
0.009036,0,0,0,0.007937,0,0,0,0,0,0,0,0,no
0.009036,0,0,0,0.007937,0,0,0,0,0,0,0,0,no
0.009036,0,0,0,0.007937,0,0,0,0,0,0,0,0,no
0.006024,0,0,0,0.007937,0,0,0,0,0,0,0,0,no
0.009036,0.047619,0,0,0.007937,0,0,0,0,0,0,0,0,no
0.012048,0.095238,0,0,0,0,0,0,0,0,0,0,0,no
0.009036,0.047619,0,0,0,0,0,0,0,0,0,0,0,no
0.009036,0,0,0,0,0,0,0,0,0,0,0,0,no
0.009036,0,0,0,0,0,0,0,0,0,0,0,0,no
0.009036,0,0,0,0,0,0,0,0,0,0,0,0,no
0.009036,0,0,0,0,0,0,0,0,0,0,0,0,no
0.006024,0,0,0,0.007937,0,0,0,0,0,0,0,0,no
0.012048,0.047619,0,0,0,0,0,0,0,0,0,0,0,no
0.009036,0,0,0,0,0,0,0,0,0,0,0,0,no
0.009036,0,0,0,0,0,0,0,0,0,0,0,0,no
0.009036,0.047619,0,0,0,0,0,0,0,0,0,0,0,no
0.009036,0,0,0,0.007937,0,0,0,0,0,0,0,0,no
0.009036,0,0,0,0.007937,0,0,0,0,0,0,0,0,no
0.009036,0.047619,0,0,0.007937,0,0,0,0,0,0,0,0,no
0.009036,0.047619,0,0,0.007937,0,0,0,0,0,0,0,0,no
0.009036,0,0,0,0.007937,0,0,0,0,0,0,0,0,no
0.006024,0,0,0,0.007937,0,0,0,0,0,0,0,0,no
0.009036,0.047619,0,0,0.007937,0,0,0,0,0,0,0,0,no
0.012048,0.095238,0,0,0,0,0,0,0,0,0,0,0,no
0.009036,0.047619,0,0,0,0,0,0,0,0,0,0,0,no
0.009036,0,0,0,0,0,0,0,0,0,0,0,0,no
0.009036,0,0,0,0,0,0,0,0,0,0,0,0,no
0.009036,0,0,0,0,0,0,0,0,0,0,0,0,no
0.009036,0,0,0,0,0,0,0,0,0,0,0,0,no
0.006024,0,0,0,0.007937,0,0,0,0,0,0,0,0,no
0.01506,0.095238,0,0,0,0,0,0,0,0,0,0,0,no
0.012048,0,0,0,0,0,0,0,0,0,0,0,0,no
0.009036,0,0,0,0,0,0,0,0,0,0,0,0,no
0.009036,0.047619,0,0,0,0,0,0,0,0,0,0,0,no
0.009036,0,0,0,0.007937,0,0,0,0,0,0,0,0,no
0.009036,0,0,0,0.007937,0,0,0,0,0,0,0,0,no
0.009036,0,0,0,0.007937,0,0,0,0,0,0,0,0,no
0.009036,0,0,0,0.007937,0,0,0,0,0,0,0,0,no
0.009036,0.047619,0,0,0.007937,0,0,0,0,0,0,0,0,no
0.009036,0.047619,0,0,0.007937,0,0,0,0,0,0,0,0,no
0.009036,0.047619,0,0,0.007937,0,0,0,0,0,0,0,0,no
0.009036,0,0,0,0.007937,0,0,0,0,0,0,0,0,no
0.009036,0,0,0,0.007937,0,0,0,0,0,0,0,0,no
0.009036,0.047619,0,0,0.007937,0,0,0,0,0,0,0,0,no
0.012048,0.095238,0,0,0,0,0,0,0,0,0,0,0,no
0.009036,0.047619,0,0,0,0,0,0,0,0,0,0,0,no
0.009036,0,0,0,0,0,0,0,0,0,0,0,0,no
0.009036,0,0,0,0,0,0,0,0,0,0,0,0,no
0.009036,0,0,0,0,0,0,0,0,0,0,0,0,no
0.009036,0,0,0,0,0,0,0,0,0,0,0,0,no
0.006024,0,0,0,0.007937,0,0,0,0,0,0,0,0,no
0.01506,0.095238,0,0,0,0,0,0,0,0,0,0,0,no
0.012048,0,0,0,0,0,0,0,0,0,0,0,0,no
0.009036,0,0,0,0,0,0,0,0,0,0,0,0,no
0.009036,0.047619,0,0,0,0,0,0,0,0,0,0,0,no
0.009036,0,0,0,0.007937,0,0,0,0,0,0,0,0,no
0.009036,0,0,0,0.007937,0,0,0,0,0,0,0,0,no
0.009036,0,0,0,0.007937,0,0,0,0,0,0,0,0,no
0.009036,0,0,0,0.007937,0,0,0,0,0,0,0,0,no
0.009036,0.047619,0,0,0.007937,0,0,0,0,0,0,0,0,no
0.009036,0.047619,0,0,0.007937,0,0,0,0,0,0,0,0,no
0.009036,0.047619,0,0,0.007937,0,0,0,0,0,0,0,0,no
0.009036,0,0,0,0.007937,0,0,0,0,0,0,0,0,no
0.009036,0,0,0,0.007937,0,0,0,0,0,0,0,0,no
0.009036,0.047619,0,0,0.007937,0,0,0,0,0,0,0,0,no
0.012048,0.095238,0,0,0,0,0,0,0,0,0,0,0,no
0.009036,0.047619,0,0,0,0,0,0,0,0,0,0,0,no
0.009036,0,0,0,0,0,0,0,0,0,0,0,0,no
0.009036,0,0,0,0,0,0,0,0,0,0,0,0,no
0.009036,0,0,0,0,0,0,0,0,0,0,0,0,no
0.009036,0,0,0,0,0,0,0,0,0,0,0,0,no
0.006024,0,0,0,0.007937,0,0,0,0,0,0,0,0,no
0.018072,0.142857,0,0,0,0,0,0,0,0,0,0,0,no
0.01506,0,0,0,0,0,0,0,0,0,0,0,0,no
0.009036,0,0,0,0,0,0,0,0,0,0,0,0,no
0.009036,0.047619,0,0,0,0,0,0,0,0,0,0,0,no
0.009036,0,0,0,0.007937,0,0,0,0,0,0,0,0,no
0.009036,0,0,0,0.007937,0,0,0,0,0,0,0,0,no
0.009036,0,0,0,0.007937,0,0,0,0,0,0,0,0,no
0.009036,0,0,0,0.007937,0,0,0,0,0,0,0,0,no
0.009036,0,0,0,0.007937,0,0,0,0,0,0,0,0,no
0.009036,0,0,0,0.007937,0,0,0,0,0,0,0,0,no
0.009036,0.047619,0,0,0.007937,0,0,0,0,0,0,0,0,no
0.009036,0.047619,0,0,0.007937,0,0,0,0,0,0,0,0,no
0.009036,0.047619,0,0,0.007937,0,0,0,0,0,0,0,0,no
0.009036,0.047619,0,0,0.007937,0,0,0,0,0,0,0,0,no
0.009036,0,0,0,0.007937,0,0,0,0,0,0,0,0,no
0.009036,0,0,0,0.007937,0,0,0,0,0,0,0,0,no
0.009036,0,0,0,0.007937,0,0,0,0,0,0,0,0,no
0.009036,0.047619,0,0,0.007937,0,0,0,0,0,0,0,0,no
0.012048,0.095238,0,0,0,0,0,0,0,0,0,0,0,no
0.009036,0.047619,0,0,0,0,0,0,0,0,0,0,0,no
0.009036,0,0,0,0,0,0,0,0,0,0,0,0,no
0.009036,0,0,0,0,0,0,0,0,0,0,0,0,no
0.009036,0,0,0,0,0,0,0,0,0,0,0,0,no
0.009036,0,0,0,0,0,0,0,0,0,0,0,0,no
0.006024,0,0,0,0.007937,0,0,0,0,0,0,0,0,no
0.012048,0.047619,0,0,0,0,0,0,0,0,0,0,0,no
0.009036,0,0,0,0,0,0,0,0,0,0,0,0,no
0.009036,0,0,0,0,0,0,0,0,0,0,0,0,no
0.009036,0.047619,0,0,0,0,0,0,0,0,0,0,0,no
0.009036,0,0,0,0.007937,0,0,0,0,0,0,0,0,no
0.009036,0,0,0,0.007937,0,0,0,0,0,0,0,0,no
0.009036,0.047619,0,0,0.007937,0,0,0,0,0,0,0,0,no
0.009036,0.047619,0,0,0.007937,0,0,0,0,0,0,0,0,no
0.009036,0,0,0,0.007937,0,0,0,0,0,0,0,0,no
0.006024,0,0,0,0.007937,0,0,0,0,0,0,0,0,no
0.009036,0.047619,0,0,0.007937,0,0,0,0,0,0,0,0,no
0.012048,0.095238,0,0,0,0,0,0,0,0,0,0,0,no
0.009036,0.047619,0,0,0,0,0,0,0,0,0,0,0,no
0.009036,0,0,0,0,0,0,0,0,0,0,0,0,no
0.009036,0,0,0,0,0,0,0,0,0,0,0,0,no
0.009036,0,0,0,0,0,0,0,0,0,0,0,0,no
0.009036,0,0,0,0,0,0,0,0,0,0,0,0,no
0.006024,0,0,0,0.007937,0,0,0,0,0,0,0,0,no
0.018072,0.142857,0,0,0,0,0,0,0,0,0,0,0,no
0.01506,0,0,0,0,0,0,0,0,0,0,0,0,no
0.009036,0,0,0,0,0,0,0,0,0,0,0,0,no
0.009036,0.047619,0,0,0,0,0,0,0,0,0,0,0,no
0.009036,0,0,0,0.007937,0,0,0,0,0,0,0,0,no
0.009036,0,0,0,0.007937,0,0,0,0,0,0,0,0,no
0.009036,0,0,0,0.007937,0,0,0,0,0,0,0,0,no
0.009036,0,0,0,0.007937,0,0,0,0,0,0,0,0,no
0.009036,0,0,0,0.007937,0,0,0,0,0,0,0,0,no
0.009036,0,0,0,0.007937,0,0,0,0,0,0,0,0,no
0.009036,0.047619,0,0,0.007937,0,0,0,0,0,0,0,0,no
0.009036,0.047619,0,0,0.007937,0,0,0,0,0,0,0,0,no
0.009036,0.047619,0,0,0.007937,0,0,0,0,0,0,0,0,no
0.009036,0.047619,0,0,0.007937,0,0,0,0,0,0,0,0,no
0.009036,0,0,0,0.007937,0,0,0,0,0,0,0,0,no
0.009036,0,0,0,0.007937,0,0,0,0,0,0,0,0,no
0.009036,0,0,0,0.007937,0,0,0,0,0,0,0,0,no
0.009036,0.047619,0,0,0.007937,0,0,0,0,0,0,0,0,no
0.012048,0.095238,0,0,0,0,0,0,0,0,0,0,0,no
0.009036,0.047619,0,0,0,0,0,0,0,0,0,0,0,no
0.009036,0,0,0,0,0,0,0,0,0,0,0,0,no
0.009036,0,0,0,0,0,0,0,0,0,0,0,0,no
0.009036,0,0,0,0,0,0,0,0,0,0,0,0,no
0.009036,0,0,0,0,0,0,0,0,0,0,0,0,no
0.006024,0,0,0,0.007937,0,0,0,0,0,0,0,0,no
0.021084,0.142857,0,0,0.007937,0,0,0,0,0,0,0,0,no
0.018072,0,0,0,0,0,0,0,0,0,0,0,0,no
0.009036,0,0,0,0,0,0,0,0,0,0,0,0,no
0.009036,0.047619,0,0,0,0,0,0,0,0,0,0,0,no
0.009036,0,0,0,0.007937,0,0,0,0,0,0,0,0,no
0.009036,0,0,0,0.007937,0,0,0,0,0,0,0,0,no
0.009036,0,0,0,0.007937,0,0,0,0,0,0,0,0,no
0.009036,0,0,0,0.007937,0,0,0,0,0,0,0,0,no
0.009036,0,0,0,0.007937,0,0,0,0,0,0,0,0,no
0.009036,0,0,0,0.007937,0,0,0,0,0,0,0,0,no
0.009036,0.047619,0,0,0.007937,0,0,0,0,0,0,0,0,no
0.009036,0.047619,0,0,0.007937,0,0,0,0,0,0,0,0,no
0.012048,0.047619,0,0,0.015873,0,0,0,0,0,0,0,0,no
0.009036,0.047619,0,0,0.007937,0,0,0,0,0,0,0,0,no
0.009036,0.047619,0,0,0.007937,0,0,0,0,0,0,0,0,no
0.009036,0,0,0,0.007937,0,0,0,0,0,0,0,0,no
0.009036,0,0,0,0.007937,0,0,0,0,0,0,0,0,no
0.009036,0,0,0,0.007937,0,0,0,0,0,0,0,0,no
0.006024,0,0,0,0.007937,0,0,0,0,0,0,0,0,no
0.009036,0.047619,0,0,0.007937,0,0,0,0,0,0,0,0,no
0.012048,0.095238,0,0,0,0,0,0,0,0,0,0,0,no
0.009036,0.047619,0,0,0,0,0,0,0,0,0,0,0,no
0.009036,0,0,0,0,0,0,0,0,0,0,0,0,no
0.009036,0,0,0,0,0,0,0,0,0,0,0,0,no
0.009036,0,0,0,0,0,0,0,0,0,0,0,0,no
0.009036,0,0,0,0,0,0,0,0,0,0,0,0,no
0.006024,0,0,0,0.007937,0,0,0,0,0,0,0,0,no
0.018072,0.142857,0,0,0,0,0,0,0,0,0,0,0,no
0.01506,0,0,0,0,0,0,0,0,0,0,0,0,no
0.009036,0,0,0,0,0,0,0,0,0,0,0,0,no
0.009036,0.047619,0,0,0,0,0,0,0,0,0,0,0,no
0.009036,0,0,0,0.007937,0,0,0,0,0,0,0,0,no
0.009036,0,0,0,0.007937,0,0,0,0,0,0,0,0,no
0.009036,0,0,0,0.007937,0,0,0,0,0,0,0,0,no
0.009036,0,0,0,0.007937,0,0,0,0,0,0,0,0,no
0.009036,0,0,0,0.007937,0,0,0,0,0,0,0,0,no
0.009036,0,0,0,0.007937,0,0,0,0,0,0,0,0,no
0.009036,0.047619,0,0,0.007937,0,0,0,0,0,0,0,0,no
0.009036,0.047619,0,0,0.007937,0,0,0,0,0,0,0,0,no
0.009036,0.047619,0,0,0.007937,0,0,0,0,0,0,0,0,no
0.009036,0.047619,0,0,0.007937,0,0,0,0,0,0,0,0,no
0.009036,0,0,0,0.007937,0,0,0,0,0,0,0,0,no
0.009036,0,0,0,0.007937,0,0,0,0,0,0,0,0,no
0.009036,0,0,0,0.007937,0,0,0,0,0,0,0,0,no
0.009036,0.047619,0,0,0.007937,0,0,0,0,0,0,0,0,no
0.012048,0.095238,0,0,0,0,0,0,0,0,0,0,0,no
0.009036,0.047619,0,0,0,0,0,0,0,0,0,0,0,no
0.009036,0,0,0,0,0,0,0,0,0,0,0,0,no
0.009036,0,0,0,0,0,0,0,0,0,0,0,0,no
0.009036,0,0,0,0,0,0,0,0,0,0,0,0,no
0.009036,0,0,0,0,0,0,0,0,0,0,0,0,no
0.006024,0,0,0,0.007937,0,0,0,0,0,0,0,0,no
0.012048,0.047619,0,0,0,0,0,0,0,0,0,0,0,no
0.009036,0,0,0,0,0,0,0,0,0,0,0,0,no
0.009036,0,0,0,0,0,0,0,0,0,0,0,0,no
0.009036,0.047619,0,0,0,0,0,0,0,0,0,0,0,no
0.009036,0,0,0,0.007937,0,0,0,0,0,0,0,0,no
0.009036,0,0,0,0.007937,0,0,0,0,0,0,0,0,no
0.009036,0.047619,0,0,0.007937,0,0,0,0,0,0,0,0,no
0.009036,0.047619,0,0,0.007937,0,0,0,0,0,0,0,0,no
0.009036,0,0,0,0.007937,0,0,0,0,0,0,0,0,no
0.006024,0,0,0,0.007937,0,0,0,0,0,0,0,0,no
0.009036,0.047619,0,0,0.007937,0,0,0,0,0,0,0,0,no
0.012048,0.095238,0,0,0,0,0,0,0,0,0,0,0,no
0.009036,0.047619,0,0,0,0,0,0,0,0,0,0,0,no
0.009036,0,0,0,0,0,0,0,0,0,0,0,0,no
0.009036,0,0,0,0,0,0,0,0,0,0,0,0,no
0.009036,0,0,0,0,0,0,0,0,0,0,0,0,no
0.009036,0,0,0,0,0,0,0,0,0,0,0,0,no
0.006024,0,0,0,0.007937,0,0,0,0,0,0,0,0,no
0.018072,0.142857,0,0,0,0,0,0,0,0,0,0,0,no
0.01506,0,0,0,0,0,0,0,0,0,0,0,0,no
0.009036,0,0,0,0,0,0,0,0,0,0,0,0,no
0.009036,0.047619,0,0,0,0,0,0,0,0,0,0,0,no
0.009036,0,0,0,0.007937,0,0,0,0,0,0,0,0,no
0.009036,0,0,0,0.007937,0,0,0,0,0,0,0,0,no
0.009036,0,0,0,0.007937,0,0,0,0,0,0,0,0,no
0.009036,0,0,0,0.007937,0,0,0,0,0,0,0,0,no
0.009036,0,0,0,0.007937,0,0,0,0,0,0,0,0,no
0.009036,0,0,0,0.007937,0,0,0,0,0,0,0,0,no
0.009036,0.047619,0,0,0.007937,0,0,0,0,0,0,0,0,no
0.009036,0.047619,0,0,0.007937,0,0,0,0,0,0,0,0,no
0.009036,0.047619,0,0,0.007937,0,0,0,0,0,0,0,0,no
0.009036,0.047619,0,0,0.007937,0,0,0,0,0,0,0,0,no
0.009036,0,0,0,0.007937,0,0,0,0,0,0,0,0,no
0.009036,0,0,0,0.007937,0,0,0,0,0,0,0,0,no
0.009036,0,0,0,0.007937,0,0,0,0,0,0,0,0,no
0.009036,0.047619,0,0,0.007937,0,0,0,0,0,0,0,0,no
0.012048,0.095238,0,0,0,0,0,0,0,0,0,0,0,no
0.009036,0.047619,0,0,0,0,0,0,0,0,0,0,0,no
0.009036,0,0,0,0,0,0,0,0,0,0,0,0,no
0.009036,0,0,0,0,0,0,0,0,0,0,0,0,no
0.009036,0,0,0,0,0,0,0,0,0,0,0,0,no
0.009036,0,0,0,0,0,0,0,0,0,0,0,0,no
0.006024,0,0,0,0.007937,0,0,0,0,0,0,0,0,no
0.012048,0.047619,0,0,0,0,0,0,0,0,0,0,0,no
0.009036,0,0,0,0,0,0,0,0,0,0,0,0,no
0.009036,0,0,0,0,0,0,0,0,0,0,0,0,no
0.009036,0.047619,0,0,0,0,0,0,0,0,0,0,0,no
0.009036,0,0,0,0.007937,0,0,0,0,0,0,0,0,no
0.009036,0,0,0,0.007937,0,0,0,0,0,0,0,0,no
0.009036,0.047619,0,0,0.007937,0,0,0,0,0,0,0,0,no
0.009036,0.047619,0,0,0.007937,0,0,0,0,0,0,0,0,no
0.009036,0,0,0,0.007937,0,0,0,0,0,0,0,0,no
0.006024,0,0,0,0.007937,0,0,0,0,0,0,0,0,no
0.009036,0.047619,0,0,0.007937,0,0,0,0,0,0,0,0,no
0.012048,0.095238,0,0,0,0,0,0,0,0,0,0,0,no
0.009036,0.047619,0,0,0,0,0,0,0,0,0,0,0,no
0.009036,0,0,0,0,0,0,0,0,0,0,0,0,no
0.009036,0,0,0,0,0,0,0,0,0,0,0,0,no
0.009036,0,0,0,0,0,0,0,0,0,0,0,0,no
0.009036,0,0,0,0,0,0,0,0,0,0,0,0,no
0.006024,0,0,0,0.007937,0,0,0,0,0,0,0,0,no
0.018072,0.142857,0,0,0,0,0,0,0,0,0,0,0,no
0.01506,0,0,0,0,0,0,0,0,0,0,0,0,no
0.009036,0,0,0,0,0,0,0,0,0,0,0,0,no
0.009036,0.047619,0,0,0,0,0,0,0,0,0,0,0,no
0.009036,0,0,0,0.007937,0,0,0,0,0,0,0,0,no
0.009036,0,0,0,0.007937,0,0,0,0,0,0,0,0,no
0.009036,0,0,0,0.007937,0,0,0,0,0,0,0,0,no
0.009036,0,0,0,0.007937,0,0,0,0,0,0,0,0,no
0.009036,0,0,0,0.007937,0,0,0,0,0,0,0,0,no
0.009036,0,0,0,0.007937,0,0,0,0,0,0,0,0,no
0.009036,0.047619,0,0,0.007937,0,0,0,0,0,0,0,0,no
0.009036,0.047619,0,0,0.007937,0,0,0,0,0,0,0,0,no
0.009036,0.047619,0,0,0.007937,0,0,0,0,0,0,0,0,no
0.009036,0.047619,0,0,0.007937,0,0,0,0,0,0,0,0,no
0.009036,0,0,0,0.007937,0,0,0,0,0,0,0,0,no
0.009036,0,0,0,0.007937,0,0,0,0,0,0,0,0,no
0.009036,0,0,0,0.007937,0,0,0,0,0,0,0,0,no
0.009036,0.047619,0,0,0.007937,0,0,0,0,0,0,0,0,no
0.012048,0.095238,0,0,0,0,0,0,0,0,0,0,0,no
0.009036,0.047619,0,0,0,0,0,0,0,0,0,0,0,no
0.009036,0,0,0,0,0,0,0,0,0,0,0,0,no
0.009036,0,0,0,0,0,0,0,0,0,0,0,0,no
0.009036,0,0,0,0,0,0,0,0,0,0,0,0,no
0.009036,0,0,0,0,0,0,0,0,0,0,0,0,no
0.006024,0,0,0,0.007937,0,0,0,0,0,0,0,0,no
0.012048,0.047619,0,0,0,0,0,0,0,0,0,0,0,no
0.009036,0,0,0,0,0,0,0,0,0,0,0,0,no
0.009036,0,0,0,0,0,0,0,0,0,0,0,0,no
0.009036,0.047619,0,0,0,0,0,0,0,0,0,0,0,no
0.009036,0,0,0,0.007937,0,0,0,0,0,0,0,0,no
0.009036,0,0,0,0.007937,0,0,0,0,0,0,0,0,no
0.009036,0.047619,0,0,0.007937,0,0,0,0,0,0,0,0,no
0.009036,0.047619,0,0,0.007937,0,0,0,0,0,0,0,0,no
0.009036,0,0,0,0.007937,0,0,0,0,0,0,0,0,no
0.006024,0,0,0,0.007937,0,0,0,0,0,0,0,0,no
0.009036,0.047619,0,0,0.007937,0,0,0,0,0,0,0,0,no
0.012048,0.095238,0,0,0,0,0,0,0,0,0,0,0,no
0.009036,0.047619,0,0,0,0,0,0,0,0,0,0,0,no
0.009036,0,0,0,0,0,0,0,0,0,0,0,0,no
0.009036,0,0,0,0,0,0,0,0,0,0,0,0,no
0.009036,0,0,0,0,0,0,0,0,0,0,0,0,no
0.009036,0,0,0,0,0,0,0,0,0,0,0,0,no
0.006024,0,0,0,0.007937,0,0,0,0,0,0,0,0,no
0.018072,0.095238,0,0,0,0,0,0,0,0,0,0,0,no
0.01506,0,0,0,0,0,0,0,0,0,0,0,0,no
0.009036,0,0,0,0,0,0,0,0,0,0,0,0,no
0.009036,0.047619,0,0,0,0,0,0,0,0,0,0,0,no
0.009036,0,0,0,0.007937,0,0,0,0,0,0,0,0,no
0.009036,0,0,0,0.007937,0,0,0,0,0,0,0,0,no
0.009036,0,0,0,0.007937,0,0,0,0,0,0,0,0,no
0.009036,0,0,0,0.007937,0,0,0,0,0,0,0,0,no
0.009036,0.047619,0,0,0.007937,0,0,0,0,0,0,0,0,no
0.009036,0.047619,0,0,0.007937,0,0,0,0,0,0,0,0,no
0.012048,0.047619,0,0,0.007937,0,0,0,0,0,0,0,0,no
0.009036,0.047619,0,0,0.007937,0,0,0,0,0,0,0,0,no
0.009036,0,0,0,0.007937,0,0,0,0,0,0,0,0,no
0.009036,0,0,0,0.007937,0,0,0,0,0,0,0,0,no
0.006024,0,0,0,0.007937,0,0,0,0,0,0,0,0,no
0.009036,0.047619,0,0,0.007937,0,0,0,0,0,0,0,0,no
0.012048,0.095238,0,0,0,0,0,0,0,0,0,0,0,no
0.009036,0.047619,0,0,0,0,0,0,0,0,0,0,0,no
0.009036,0,0,0,0,0,0,0,0,0,0,0,0,no
0.009036,0,0,0,0,0,0,0,0,0,0,0,0,no
0.009036,0,0,0,0,0,0,0,0,0,0,0,0,no
0.009036,0,0,0,0,0,0,0,0,0,0,0,0,no
0.006024,0,0,0,0.007937,0,0,0,0,0,0,0,0,no
0.01506,0.095238,0,0,0,0,0,0,0,0,0,0,0,no
0.012048,0,0,0,0,0,0,0,0,0,0,0,0,no
0.009036,0,0,0,0,0,0,0,0,0,0,0,0,no
0.009036,0.047619,0,0,0,0,0,0,0,0,0,0,0,no
0.009036,0,0,0,0.007937,0,0,0,0,0,0,0,0,no
0.009036,0,0,0,0.007937,0,0,0,0,0,0,0,0,no
0.009036,0,0,0,0.007937,0,0,0,0,0,0,0,0,no
0.009036,0,0,0,0.007937,0,0,0,0,0,0,0,0,no
0.009036,0.047619,0,0,0.007937,0,0,0,0,0,0,0,0,no
0.009036,0.047619,0,0,0.007937,0,0,0,0,0,0,0,0,no
0.009036,0.047619,0,0,0.007937,0,0,0,0,0,0,0,0,no
0.009036,0,0,0,0.007937,0,0,0,0,0,0,0,0,no
0.009036,0,0,0,0.007937,0,0,0,0,0,0,0,0,no
0.009036,0.047619,0,0,0.007937,0,0,0,0,0,0,0,0,no
0.012048,0.095238,0,0,0,0,0,0,0,0,0,0,0,no
0.009036,0.047619,0,0,0,0,0,0,0,0,0,0,0,no
0.009036,0,0,0,0,0,0,0,0,0,0,0,0,no
0.009036,0,0,0,0,0,0,0,0,0,0,0,0,no
0.009036,0,0,0,0,0,0,0,0,0,0,0,0,no
0.009036,0,0,0,0,0,0,0,0,0,0,0,0,no
0.006024,0,0,0,0.007937,0,0,0,0,0,0,0,0,no
0.01506,0.095238,0,0,0,0,0,0,0,0,0,0,0,no
0.012048,0,0,0,0,0,0,0,0,0,0,0,0,no
0.009036,0,0,0,0,0,0,0,0,0,0,0,0,no
0.009036,0.047619,0,0,0,0,0,0,0,0,0,0,0,no
0.009036,0,0,0,0.007937,0,0,0,0,0,0,0,0,no
0.009036,0,0,0,0.007937,0,0,0,0,0,0,0,0,no
0.009036,0,0,0,0.007937,0,0,0,0,0,0,0,0,no
0.009036,0,0,0,0.007937,0,0,0,0,0,0,0,0,no
0.009036,0.047619,0,0,0.007937,0,0,0,0,0,0,0,0,no
0.009036,0.047619,0,0,0.007937,0,0,0,0,0,0,0,0,no
0.009036,0.047619,0,0,0.007937,0,0,0,0,0,0,0,0,no
0.009036,0,0,0,0.007937,0,0,0,0,0,0,0,0,no
0.009036,0,0,0,0.007937,0,0,0,0,0,0,0,0,no
0.006024,0,0,0,0.007937,0,0,0,0,0,0,0,0,no
0.009036,0.047619,0,0,0.007937,0,0,0,0,0,0,0,0,no
0.012048,0.095238,0,0,0,0,0,0,0,0,0,0,0,no
0.009036,0.047619,0,0,0,0,0,0,0,0,0,0,0,no
0.009036,0,0,0,0,0,0,0,0,0,0,0,0,no
0.009036,0,0,0,0,0,0,0,0,0,0,0,0,no
0.009036,0,0,0,0,0,0,0,0,0,0,0,0,no
0.009036,0,0,0,0,0,0,0,0,0,0,0,0,no
0.006024,0,0,0,0.007937,0,0,0,0,0,0,0,0,no
0.012048,0.047619,0,0,0,0,0,0,0,0,0,0,0,no
0.009036,0,0,0,0,0,0,0,0,0,0,0,0,no
0.009036,0,0,0,0,0,0,0,0,0,0,0,0,no
0.009036,0.047619,0,0,0,0,0,0,0,0,0,0,0,no
0.009036,0,0,0,0.007937,0,0,0,0,0,0,0,0,no
0.009036,0,0,0,0.007937,0,0,0,0,0,0,0,0,no
0.009036,0.047619,0,0,0.007937,0,0,0,0,0,0,0,0,no
0.009036,0.047619,0,0,0.007937,0,0,0,0,0,0,0,0,no
0.009036,0,0,0,0.007937,0,0,0,0,0,0,0,0,no
0.006024,0,0,0,0.007937,0,0,0,0,0,0,0,0,no
0.009036,0.047619,0,0,0.007937,0,0,0,0,0,0,0,0,no
0.012048,0.095238,0,0,0,0,0,0,0,0,0,0,0,no
0.009036,0.047619,0,0,0,0,0,0,0,0,0,0,0,no
0.009036,0,0,0,0,0,0,0,0,0,0,0,0,no
0.009036,0,0,0,0,0,0,0,0,0,0,0,0,no
0.009036,0,0,0,0,0,0,0,0,0,0,0,0,no
0.009036,0,0,0,0,0,0,0,0,0,0,0,0,no
0.006024,0,0,0,0.007937,0,0,0,0,0,0,0,0,no
0.01506,0.095238,0,0,0,0,0,0,0,0,0,0,0,no
0.012048,0,0,0,0,0,0,0,0,0,0,0,0,no
0.009036,0,0,0,0,0,0,0,0,0,0,0,0,no
0.009036,0.047619,0,0,0,0,0,0,0,0,0,0,0,no
0.009036,0,0,0,0.007937,0,0,0,0,0,0,0,0,no
0.009036,0,0,0,0.007937,0,0,0,0,0,0,0,0,no
0.009036,0,0,0,0.007937,0,0,0,0,0,0,0,0,no
0.009036,0,0,0,0.007937,0,0,0,0,0,0,0,0,no
0.009036,0.047619,0,0,0.007937,0,0,0,0,0,0,0,0,no
0.009036,0.047619,0,0,0.007937,0,0,0,0,0,0,0,0,no
0.009036,0.047619,0,0,0.007937,0,0,0,0,0,0,0,0,no
0.009036,0,0,0,0.007937,0,0,0,0,0,0,0,0,no
0.009036,0,0,0,0.007937,0,0,0,0,0,0,0,0,no
0.006024,0,0,0,0.007937,0,0,0,0,0,0,0,0,no
0.009036,0.047619,0,0,0.007937,0,0,0,0,0,0,0,0,no
0.012048,0.095238,0,0,0,0,0,0,0,0,0,0,0,no
0.009036,0.047619,0,0,0,0,0,0,0,0,0,0,0,no
0.009036,0,0,0,0,0,0,0,0,0,0,0,0,no
0.009036,0,0,0,0,0,0,0,0,0,0,0,0,no
0.009036,0,0,0,0,0,0,0,0,0,0,0,0,no
0.009036,0,0,0,0,0,0,0,0,0,0,0,0,no
0.006024,0,0,0,0.007937,0,0,0,0,0,0,0,0,no
0.012048,0.047619,0,0,0,0,0,0,0,0,0,0,0,no
0.009036,0,0,0,0,0,0,0,0,0,0,0,0,no
0.009036,0,0,0,0,0,0,0,0,0,0,0,0,no
0.009036,0.047619,0,0,0,0,0,0,0,0,0,0,0,no
0.009036,0,0,0,0.007937,0,0,0,0,0,0,0,0,no
0.009036,0,0,0,0.007937,0,0,0,0,0,0,0,0,no
0.009036,0.047619,0,0,0.007937,0,0,0,0,0,0,0,0,no
0.009036,0.047619,0,0,0.007937,0,0,0,0,0,0,0,0,no
0.009036,0,0,0,0.007937,0,0,0,0,0,0,0,0,no
0.006024,0,0,0,0.007937,0,0,0,0,0,0,0,0,no
0.009036,0.047619,0,0,0.007937,0,0,0,0,0,0,0,0,no
0.012048,0.095238,0,0,0,0,0,0,0,0,0,0,0,no
0.009036,0.047619,0,0,0,0,0,0,0,0,0,0,0,no
0.009036,0,0,0,0,0,0,0,0,0,0,0,0,no
0.009036,0,0,0,0,0,0,0,0,0,0,0,0,no
0.009036,0,0,0,0,0,0,0,0,0,0,0,0,no
0.009036,0,0,0,0,0,0,0,0,0,0,0,0,no
0.006024,0,0,0,0.007937,0,0,0,0,0,0,0,0,no
0.012048,0.047619,0,0,0,0,0,0,0,0,0,0,0,no
0.009036,0,0,0,0,0,0,0,0,0,0,0,0,no
0.009036,0,0,0,0,0,0,0,0,0,0,0,0,no
0.009036,0.047619,0,0,0,0,0,0,0,0,0,0,0,no
0.009036,0,0,0,0.007937,0,0,0,0,0,0,0,0,no
0.009036,0,0,0,0.007937,0,0,0,0,0,0,0,0,no
0.009036,0.047619,0,0,0.007937,0,0,0,0,0,0,0,0,no
0.009036,0.047619,0,0,0.007937,0,0,0,0,0,0,0,0,no
0.009036,0,0,0,0.007937,0,0,0,0,0,0,0,0,no
0.009036,0.047619,0,0,0.007937,0,0,0,0,0,0,0,0,no
0.012048,0.095238,0,0,0,0,0,0,0,0,0,0,0,no
0.009036,0.047619,0,0,0,0,0,0,0,0,0,0,0,no
0.009036,0,0,0,0,0,0,0,0,0,0,0,0,no
0.009036,0,0,0,0,0,0,0,0,0,0,0,0,no
0.009036,0,0,0,0,0,0,0,0,0,0,0,0,no
0.009036,0,0,0,0,0,0,0,0,0,0,0,0,no
0.006024,0,0,0,0.007937,0,0,0,0,0,0,0,0,no
0.01506,0.095238,0,0,0,0,0,0,0,0,0,0,0,no
0.012048,0,0,0,0,0,0,0,0,0,0,0,0,no
0.009036,0,0,0,0,0,0,0,0,0,0,0,0,no
0.009036,0.047619,0,0,0,0,0,0,0,0,0,0,0,no
0.009036,0,0,0,0.007937,0,0,0,0,0,0,0,0,no
0.009036,0,0,0,0.007937,0,0,0,0,0,0,0,0,no
0.009036,0,0,0,0.007937,0,0,0,0,0,0,0,0,no
0.009036,0,0,0,0.007937,0,0,0,0,0,0,0,0,no
0.009036,0.047619,0,0,0.007937,0,0,0,0,0,0,0,0,no
0.009036,0.047619,0,0,0.007937,0,0,0,0,0,0,0,0,no
0.009036,0.047619,0,0,0.007937,0,0,0,0,0,0,0,0,no
0.009036,0,0,0,0.007937,0,0,0,0,0,0,0,0,no
0.009036,0,0,0,0.007937,0,0,0,0,0,0,0,0,no
0.009036,0.047619,0,0,0.007937,0,0,0,0,0,0,0,0,no
0.012048,0.095238,0,0,0,0,0,0,0,0,0,0,0,no
0.009036,0.047619,0,0,0,0,0,0,0,0,0,0,0,no
0.009036,0,0,0,0,0,0,0,0,0,0,0,0,no
0.009036,0,0,0,0,0,0,0,0,0,0,0,0,no
0.009036,0,0,0,0,0,0,0,0,0,0,0,0,no
0.009036,0,0,0,0,0,0,0,0,0,0,0,0,no
0.006024,0,0,0,0.007937,0,0,0,0,0,0,0,0,no
0.018072,0.142857,0,0,0,0,0,0,0,0,0,0,0,no
0.01506,0,0,0,0,0,0,0,0,0,0,0,0,no
0.009036,0,0,0,0,0,0,0,0,0,0,0,0,no
0.009036,0.047619,0,0,0,0,0,0,0,0,0,0,0,no
0.009036,0,0,0,0.007937,0,0,0,0,0,0,0,0,no
0.009036,0,0,0,0.007937,0,0,0,0,0,0,0,0,no
0.009036,0,0,0,0.007937,0,0,0,0,0,0,0,0,no
0.009036,0,0,0,0.007937,0,0,0,0,0,0,0,0,no
0.009036,0,0,0,0.007937,0,0,0,0,0,0,0,0,no
0.009036,0,0,0,0.007937,0,0,0,0,0,0,0,0,no
0.009036,0.047619,0,0,0.007937,0,0,0,0,0,0,0,0,no
0.009036,0.047619,0,0,0.007937,0,0,0,0,0,0,0,0,no
0.009036,0.047619,0,0,0.007937,0,0,0,0,0,0,0,0,no
0.009036,0.047619,0,0,0.007937,0,0,0,0,0,0,0,0,no
0.009036,0,0,0,0.007937,0,0,0,0,0,0,0,0,no
0.009036,0,0,0,0.007937,0,0,0,0,0,0,0,0,no
0.009036,0,0,0,0.007937,0,0,0,0,0,0,0,0,no
0.006024,0,0,0,0.007937,0,0,0,0,0,0,0,0,no
0.009036,0.047619,0,0,0.007937,0,0,0,0,0,0,0,0,no
0.012048,0.095238,0,0,0,0,0,0,0,0,0,0,0,no
0.009036,0.047619,0,0,0,0,0,0,0,0,0,0,0,no
0.009036,0,0,0,0,0,0,0,0,0,0,0,0,no
0.009036,0,0,0,0,0,0,0,0,0,0,0,0,no
0.009036,0,0,0,0,0,0,0,0,0,0,0,0,no
0.009036,0,0,0,0,0,0,0,0,0,0,0,0,no
0.006024,0,0,0,0.007937,0,0,0,0,0,0,0,0,no
0.01506,0.095238,0,0,0,0,0,0,0,0,0,0,0,no
0.012048,0,0,0,0,0,0,0,0,0,0,0,0,no
0.009036,0,0,0,0,0,0,0,0,0,0,0,0,no
0.009036,0.047619,0,0,0,0,0,0,0,0,0,0,0,no
0.009036,0,0,0,0.007937,0,0,0,0,0,0,0,0,no
0.009036,0,0,0,0.007937,0,0,0,0,0,0,0,0,no
0.009036,0,0,0,0.007937,0,0,0,0,0,0,0,0,no
0.009036,0,0,0,0.007937,0,0,0,0,0,0,0,0,no
0.009036,0.047619,0,0,0.007937,0,0,0,0,0,0,0,0,no
0.009036,0.047619,0,0,0.007937,0,0,0,0,0,0,0,0,no
0.009036,0.047619,0,0,0.007937,0,0,0,0,0,0,0,0,no
0.009036,0,0,0,0.007937,0,0,0,0,0,0,0,0,no
0.009036,0,0,0,0.007937,0,0,0,0,0,0,0,0,no
0.009036,0.047619,0,0,0.007937,0,0,0,0,0,0,0,0,no
0.012048,0.095238,0,0,0,0,0,0,0,0,0,0,0,no
0.009036,0.047619,0,0,0,0,0,0,0,0,0,0,0,no
0.009036,0,0,0,0,0,0,0,0,0,0,0,0,no
0.009036,0,0,0,0,0,0,0,0,0,0,0,0,no
0.009036,0,0,0,0,0,0,0,0,0,0,0,0,no
0.009036,0,0,0,0,0,0,0,0,0,0,0,0,no
0.006024,0,0,0,0.007937,0,0,0,0,0,0,0,0,no
0.01506,0.095238,0,0,0,0,0,0,0,0,0,0,0,no
0.012048,0,0,0,0,0,0,0,0,0,0,0,0,no
0.009036,0,0,0,0,0,0,0,0,0,0,0,0,no
0.009036,0.047619,0,0,0,0,0,0,0,0,0,0,0,no
0.009036,0,0,0,0.007937,0,0,0,0,0,0,0,0,no
0.009036,0,0,0,0.007937,0,0,0,0,0,0,0,0,no
0.009036,0,0,0,0.007937,0,0,0,0,0,0,0,0,no
0.009036,0,0,0,0.007937,0,0,0,0,0,0,0,0,no
0.009036,0.047619,0,0,0.007937,0,0,0,0,0,0,0,0,no
0.009036,0.047619,0,0,0.007937,0,0,0,0,0,0,0,0,no
0.009036,0.047619,0,0,0.007937,0,0,0,0,0,0,0,0,no
0.009036,0,0,0,0.007937,0,0,0,0,0,0,0,0,no
0.009036,0,0,0,0.007937,0,0,0,0,0,0,0,0,no
0.006024,0,0,0,0.007937,0,0,0,0,0,0,0,0,no
0.009036,0.047619,0,0,0.007937,0,0,0,0,0,0,0,0,no
0.012048,0.095238,0,0,0,0,0,0,0,0,0,0,0,no
0.009036,0.047619,0,0,0,0,0,0,0,0,0,0,0,no
0.009036,0,0,0,0,0,0,0,0,0,0,0,0,no
0.009036,0,0,0,0,0,0,0,0,0,0,0,0,no
0.009036,0,0,0,0,0,0,0,0,0,0,0,0,no
0.009036,0,0,0,0,0,0,0,0,0,0,0,0,no
0.006024,0,0,0,0.007937,0,0,0,0,0,0,0,0,no
0.01506,0.095238,0,0,0,0,0,0,0,0,0,0,0,no
0.012048,0,0,0,0,0,0,0,0,0,0,0,0,no
0.009036,0,0,0,0,0,0,0,0,0,0,0,0,no
0.009036,0.047619,0,0,0,0,0,0,0,0,0,0,0,no
0.009036,0,0,0,0.007937,0,0,0,0,0,0,0,0,no
0.009036,0,0,0,0.007937,0,0,0,0,0,0,0,0,no
0.009036,0,0,0,0.007937,0,0,0,0,0,0,0,0,no
0.009036,0,0,0,0.007937,0,0,0,0,0,0,0,0,no
0.009036,0.047619,0,0,0.007937,0,0,0,0,0,0,0,0,no
0.009036,0.047619,0,0,0.007937,0,0,0,0,0,0,0,0,no
0.009036,0.047619,0,0,0.007937,0,0,0,0,0,0,0,0,no
0.009036,0,0,0,0.007937,0,0,0,0,0,0,0,0,no
0.009036,0,0,0,0.007937,0,0,0,0,0,0,0,0,no
0.009036,0.047619,0,0,0.007937,0,0,0,0,0,0,0,0,no
0.012048,0.095238,0,0,0,0,0,0,0,0,0,0,0,no
0.009036,0.047619,0,0,0,0,0,0,0,0,0,0,0,no
0.009036,0,0,0,0,0,0,0,0,0,0,0,0,no
0.009036,0,0,0,0,0,0,0,0,0,0,0,0,no
0.009036,0,0,0,0,0,0,0,0,0,0,0,0,no
0.009036,0,0,0,0,0,0,0,0,0,0,0,0,no
0.006024,0,0,0,0.007937,0,0,0,0,0,0,0,0,no
0.006024,0.047619,0,0,0.015873,0,0,0,0,0,0,0,0,no
0.006024,0,0,0,0.007937,0,0,0,0,0,0,0,0,no
0.009036,0,0,0,0,0,0,0,0,0,0,0,0,no
0.009036,0.047619,0,0,0,0,0,0,0,0,0,0,0,no
0.012048,0,0,0,0,0.016129,0,0,0,0,0,0,0,no
0.009036,0.047619,0,0,0.007937,0,0,0,0,0,0,0,0,no
0.018072,0,0,0,0.007937,0.032258,0,0,0,0,0,0,0,no
0.006024,0,0,0,0.007937,0,0,0,0,0,0,0,0,no
0.009036,0.047619,0,0,0.007937,0,0,0,0,0,0,0,0,no
0.012048,0.095238,0,0,0,0,0,0,0,0,0,0,0,no
0.009036,0.047619,0,0,0,0,0,0,0,0,0,0,0,no
0.009036,0,0,0,0,0,0,0,0,0,0,0,0,no
0.009036,0,0,0,0,0,0,0,0,0,0,0,0,no
0.018072,0.095238,0,0,0.007937,0,0,0,0,0,0,0,0,no
0.009036,0,0,0,0,0,0,0,0,0,0,0,0,no
0.009036,0.095238,0,0,0.015873,0.016129,0,0,0,0,0,0,0,no
0.009036,0.095238,0,0,0.015873,0.016129,0,0,0,0,0,0,0,no
0.009036,0,0,0,0,0,0,0,0,0,0,0,0,no
0.006024,0,0,0,0.007937,0,0,0,0,0,0,0,0,no
0.01506,0.095238,0,0,0,0,0,0,0,0,0,0,0,no
0.012048,0,0,0,0,0,0,0,0,0,0,0,0,no
0.009036,0,0,0,0,0,0,0,0,0,0,0,0,no
0.009036,0.047619,0,0,0,0,0,0,0,0,0,0,0,no
0.009036,0,0,0,0.007937,0,0,0,0,0,0,0,0,no
0.009036,0,0,0,0.007937,0,0,0,0,0,0,0,0,no
0.009036,0,0,0,0.007937,0,0,0,0,0,0,0,0,no
0.009036,0,0,0,0.007937,0,0,0,0,0,0,0,0,no
0.009036,0.047619,0,0,0.007937,0,0,0,0,0,0,0,0,no
0.009036,0.047619,0,0,0.007937,0,0,0,0,0,0,0,0,no
0.009036,0.047619,0,0,0.007937,0,0,0,0,0,0,0,0,no
0.009036,0,0,0,0.007937,0,0,0,0,0,0,0,0,no
0.009036,0,0,0,0.007937,0,0,0,0,0,0,0,0,no
0.009036,0.047619,0,0,0.007937,0,0,0,0,0,0,0,0,no
0.012048,0.095238,0,0,0,0,0,0,0,0,0,0,0,no
0.009036,0.047619,0,0,0,0,0,0,0,0,0,0,0,no
0.009036,0,0,0,0,0,0,0,0,0,0,0,0,no
0.009036,0,0,0,0,0,0,0,0,0,0,0,0,no
0.009036,0,0,0,0,0,0,0,0,0,0,0,0,no
0.009036,0,0,0,0,0,0,0,0,0,0,0,0,no
0.006024,0,0,0,0.007937,0,0,0,0,0,0,0,0,no
0.006024,0.047619,0,0,0.015873,0,0,0,0,0,0,0,0,no
0.006024,0,0,0,0.007937,0,0,0,0,0,0,0,0,no
0.009036,0,0,0,0,0,0,0,0,0,0,0,0,no
0.009036,0.047619,0,0,0,0,0,0,0,0,0,0,0,no
0.012048,0,0,0,0,0.016129,0,0,0,0,0,0,0,no
0.009036,0.047619,0,0,0.007937,0,0,0,0,0,0,0,0,no
0.018072,0,0,0,0.007937,0.032258,0,0,0,0,0,0,0,no
0.006024,0,0,0,0.007937,0,0,0,0,0,0,0,0,no
0.009036,0.047619,0,0,0.007937,0,0,0,0,0,0,0,0,no
0.012048,0.095238,0,0,0,0,0,0,0,0,0,0,0,no
0.009036,0.047619,0,0,0,0,0,0,0,0,0,0,0,no
0.009036,0,0,0,0,0,0,0,0,0,0,0,0,no
0.009036,0,0,0,0,0,0,0,0,0,0,0,0,no
0.018072,0.095238,0,0,0.007937,0,0,0,0,0,0,0,0,no
0.009036,0,0,0,0,0,0,0,0,0,0,0,0,no
0.009036,0.095238,0,0,0.015873,0.016129,0,0,0,0,0,0,0,no
0.009036,0.095238,0,0,0.015873,0.016129,0,0,0,0,0,0,0,no
0.009036,0,0,0,0,0,0,0,0,0,0,0,0,no
0.006024,0,0,0,0.007937,0,0,0,0,0,0,0,0,no
0.024096,0.238095,0,0,0,0,0,0,0,0,0,0,0,no
0.021084,0,0,0,0,0,0,0,0,0,0,0,0,no
0.009036,0,0,0,0,0,0,0,0,0,0,0,0,no
0.009036,0.047619,0,0,0,0,0,0,0,0,0,0,0,no
0.009036,0,0,0,0.007937,0,0,0,0,0,0,0,0,no
0.009036,0,0,0,0.007937,0,0,0,0,0,0,0,0,no
0.009036,0,0,0,0.007937,0,0,0,0,0,0,0,0,no
0.009036,0,0,0,0.007937,0,0,0,0,0,0,0,0,no
0.009036,0,0,0,0.007937,0,0,0,0,0,0,0,0,no
0.009036,0,0,0,0.007937,0,0,0,0,0,0,0,0,no
0.009036,0,0,0,0.007937,0,0,0,0,0,0,0,0,no
0.009036,0,0,0,0.007937,0,0,0,0,0,0,0,0,no
0.009036,0,0,0,0.007937,0,0,0,0,0,0,0,0,no
0.009036,0,0,0,0.007937,0,0,0,0,0,0,0,0,no
0.009036,0.047619,0,0,0.007937,0,0,0,0,0,0,0,0,no
0.009036,0.047619,0,0,0.007937,0,0,0,0,0,0,0,0,no
0.009036,0.047619,0,0,0.007937,0,0,0,0,0,0,0,0,no
0.009036,0.047619,0,0,0.007937,0,0,0,0,0,0,0,0,no
0.009036,0.047619,0,0,0.007937,0,0,0,0,0,0,0,0,no
0.009036,0.047619,0,0,0.007937,0,0,0,0,0,0,0,0,no
0.009036,0,0,0,0.007937,0,0,0,0,0,0,0,0,no
0.009036,0,0,0,0.007937,0,0,0,0,0,0,0,0,no
0.009036,0,0,0,0.007937,0,0,0,0,0,0,0,0,no
0.009036,0,0,0,0.007937,0,0,0,0,0,0,0,0,no
0.009036,0,0,0,0.007937,0,0,0,0,0,0,0,0,no
0.009036,0.047619,0,0,0.007937,0,0,0,0,0,0,0,0,no
0.012048,0.095238,0,0,0,0,0,0,0,0,0,0,0,no
0.009036,0.047619,0,0,0,0,0,0,0,0,0,0,0,no
0.009036,0,0,0,0,0,0,0,0,0,0,0,0,no
0.009036,0,0,0,0,0,0,0,0,0,0,0,0,no
0.009036,0,0,0,0,0,0,0,0,0,0,0,0,no
0.009036,0,0,0,0,0,0,0,0,0,0,0,0,no
0.006024,0,0,0,0.007937,0,0,0,0,0,0,0,0,no
0.018072,0.142857,0,0,0,0,0,0,0,0,0,0,0,no
0.01506,0,0,0,0,0,0,0,0,0,0,0,0,no
0.009036,0,0,0,0,0,0,0,0,0,0,0,0,no
0.009036,0.047619,0,0,0,0,0,0,0,0,0,0,0,no
0.009036,0,0,0,0.007937,0,0,0,0,0,0,0,0,no
0.009036,0,0,0,0.007937,0,0,0,0,0,0,0,0,no
0.009036,0,0,0,0.007937,0,0,0,0,0,0,0,0,no
0.009036,0,0,0,0.007937,0,0,0,0,0,0,0,0,no
0.009036,0,0,0,0.007937,0,0,0,0,0,0,0,0,no
0.009036,0,0,0,0.007937,0,0,0,0,0,0,0,0,no
0.009036,0.047619,0,0,0.007937,0,0,0,0,0,0,0,0,no
0.009036,0.047619,0,0,0.007937,0,0,0,0,0,0,0,0,no
0.009036,0.047619,0,0,0.007937,0,0,0,0,0,0,0,0,no
0.009036,0.047619,0,0,0.007937,0,0,0,0,0,0,0,0,no
0.009036,0,0,0,0.007937,0,0,0,0,0,0,0,0,no
0.009036,0,0,0,0.007937,0,0,0,0,0,0,0,0,no
0.009036,0,0,0,0.007937,0,0,0,0,0,0,0,0,no
0.006024,0,0,0,0.007937,0,0,0,0,0,0,0,0,no
0.009036,0.047619,0,0,0.007937,0,0,0,0,0,0,0,0,no
0.012048,0.095238,0,0,0,0,0,0,0,0,0,0,0,no
0.009036,0.047619,0,0,0,0,0,0,0,0,0,0,0,no
0.009036,0,0,0,0,0,0,0,0,0,0,0,0,no
0.009036,0,0,0,0,0,0,0,0,0,0,0,0,no
0.009036,0,0,0,0,0,0,0,0,0,0,0,0,no
0.009036,0,0,0,0,0,0,0,0,0,0,0,0,no
0.006024,0,0,0,0.007937,0,0,0,0,0,0,0,0,no
0.021084,0.190476,0,0,0,0,0,0,0,0,0,0,0,no
0.018072,0,0,0,0,0,0,0,0,0,0,0,0,no
0.009036,0,0,0,0,0,0,0,0,0,0,0,0,no
0.009036,0.047619,0,0,0,0,0,0,0,0,0,0,0,no
0.009036,0,0,0,0.007937,0,0,0,0,0,0,0,0,no
0.009036,0,0,0,0.007937,0,0,0,0,0,0,0,0,no
0.009036,0,0,0,0.007937,0,0,0,0,0,0,0,0,no
0.009036,0,0,0,0.007937,0,0,0,0,0,0,0,0,no
0.009036,0,0,0,0.007937,0,0,0,0,0,0,0,0,no
0.009036,0,0,0,0.007937,0,0,0,0,0,0,0,0,no
0.009036,0,0,0,0.007937,0,0,0,0,0,0,0,0,no
0.009036,0,0,0,0.007937,0,0,0,0,0,0,0,0,no
0.009036,0.047619,0,0,0.007937,0,0,0,0,0,0,0,0,no
0.009036,0.047619,0,0,0.007937,0,0,0,0,0,0,0,0,no
0.009036,0.047619,0,0,0.007937,0,0,0,0,0,0,0,0,no
0.009036,0.047619,0,0,0.007937,0,0,0,0,0,0,0,0,no
0.009036,0.047619,0,0,0.007937,0,0,0,0,0,0,0,0,no
0.009036,0,0,0,0.007937,0,0,0,0,0,0,0,0,no
0.009036,0,0,0,0.007937,0,0,0,0,0,0,0,0,no
0.009036,0,0,0,0.007937,0,0,0,0,0,0,0,0,no
0.009036,0,0,0,0.007937,0,0,0,0,0,0,0,0,no
0.009036,0.047619,0,0,0.007937,0,0,0,0,0,0,0,0,no
0.012048,0.095238,0,0,0,0,0,0,0,0,0,0,0,no
0.009036,0.047619,0,0,0,0,0,0,0,0,0,0,0,no
0.009036,0,0,0,0,0,0,0,0,0,0,0,0,no
0.009036,0,0,0,0,0,0,0,0,0,0,0,0,no
0.009036,0,0,0,0,0,0,0,0,0,0,0,0,no
0.009036,0,0,0,0,0,0,0,0,0,0,0,0,no
0.006024,0,0,0,0.007937,0,0,0,0,0,0,0,0,no
0.018072,0.142857,0,0,0,0,0,0,0,0,0,0,0,no
0.01506,0,0,0,0,0,0,0,0,0,0,0,0,no
0.009036,0,0,0,0,0,0,0,0,0,0,0,0,no
0.009036,0.047619,0,0,0,0,0,0,0,0,0,0,0,no
0.009036,0,0,0,0.007937,0,0,0,0,0,0,0,0,no
0.009036,0,0,0,0.007937,0,0,0,0,0,0,0,0,no
0.009036,0,0,0,0.007937,0,0,0,0,0,0,0,0,no
0.009036,0,0,0,0.007937,0,0,0,0,0,0,0,0,no
0.009036,0,0,0,0.007937,0,0,0,0,0,0,0,0,no
0.009036,0,0,0,0.007937,0,0,0,0,0,0,0,0,no
0.009036,0.047619,0,0,0.007937,0,0,0,0,0,0,0,0,no
0.009036,0.047619,0,0,0.007937,0,0,0,0,0,0,0,0,no
0.009036,0.047619,0,0,0.007937,0,0,0,0,0,0,0,0,no
0.009036,0.047619,0,0,0.007937,0,0,0,0,0,0,0,0,no
0.009036,0,0,0,0.007937,0,0,0,0,0,0,0,0,no
0.009036,0,0,0,0.007937,0,0,0,0,0,0,0,0,no
0.009036,0,0,0,0.007937,0,0,0,0,0,0,0,0,no
0.006024,0,0,0,0.007937,0,0,0,0,0,0,0,0,no
0.009036,0.047619,0,0,0.007937,0,0,0,0,0,0,0,0,no
0.012048,0.095238,0,0,0,0,0,0,0,0,0,0,0,no
0.009036,0.047619,0,0,0,0,0,0,0,0,0,0,0,no
0.009036,0,0,0,0,0,0,0,0,0,0,0,0,no
0.009036,0,0,0,0,0,0,0,0,0,0,0,0,no
0.009036,0,0,0,0,0,0,0,0,0,0,0,0,no
0.009036,0,0,0,0,0,0,0,0,0,0,0,0,no
0.006024,0,0,0,0.007937,0,0,0,0,0,0,0,0,no
0.018072,0.095238,0,0,0,0,0,0,0,0,0,0,0,no
0.01506,0,0,0,0,0,0,0,0,0,0,0,0,no
0.009036,0,0,0,0,0,0,0,0,0,0,0,0,no
0.009036,0.047619,0,0,0,0,0,0,0,0,0,0,0,no
0.009036,0,0,0,0.007937,0,0,0,0,0,0,0,0,no
0.009036,0,0,0,0.007937,0,0,0,0,0,0,0,0,no
0.009036,0,0,0,0.007937,0,0,0,0,0,0,0,0,no
0.009036,0,0,0,0.007937,0,0,0,0,0,0,0,0,no
0.009036,0.047619,0,0,0.007937,0,0,0,0,0,0,0,0,no
0.009036,0.047619,0,0,0.007937,0,0,0,0,0,0,0,0,no
0.012048,0.047619,0,0,0.007937,0,0,0,0,0,0,0,0,no
0.009036,0.047619,0,0,0.007937,0,0,0,0,0,0,0,0,no
0.009036,0,0,0,0.007937,0,0,0,0,0,0,0,0,no
0.009036,0,0,0,0.007937,0,0,0,0,0,0,0,0,no
0.006024,0,0,0,0.007937,0,0,0,0,0,0,0,0,no
0.009036,0.047619,0,0,0.007937,0,0,0,0,0,0,0,0,no
0.012048,0.095238,0,0,0,0,0,0,0,0,0,0,0,no
0.009036,0.047619,0,0,0,0,0,0,0,0,0,0,0,no
0.009036,0,0,0,0,0,0,0,0,0,0,0,0,no
0.009036,0,0,0,0,0,0,0,0,0,0,0,0,no
0.009036,0,0,0,0,0,0,0,0,0,0,0,0,no
0.009036,0,0,0,0,0,0,0,0,0,0,0,0,no
0.006024,0,0,0,0.007937,0,0,0,0,0,0,0,0,no
0.021084,0.142857,0,0,0,0,0,0,0,0,0,0,0,no
0.018072,0,0,0,0,0,0,0,0,0,0,0,0,no
0.009036,0,0,0,0,0,0,0,0,0,0,0,0,no
0.009036,0.047619,0,0,0,0,0,0,0,0,0,0,0,no
0.009036,0,0,0,0.007937,0,0,0,0,0,0,0,0,no
0.009036,0,0,0,0.007937,0,0,0,0,0,0,0,0,no
0.009036,0,0,0,0.007937,0,0,0,0,0,0,0,0,no
0.009036,0,0,0,0.007937,0,0,0,0,0,0,0,0,no
0.009036,0,0,0,0.007937,0,0,0,0,0,0,0,0,no
0.009036,0,0,0,0.007937,0,0,0,0,0,0,0,0,no
0.009036,0.047619,0,0,0.007937,0,0,0,0,0,0,0,0,no
0.009036,0.047619,0,0,0.007937,0,0,0,0,0,0,0,0,no
0.009036,0.047619,0,0,0.007937,0,0,0,0,0,0,0,0,no
0.012048,0.047619,0,0,0.007937,0,0,0,0,0,0,0,0,no
0.009036,0.047619,0,0,0.007937,0,0,0,0,0,0,0,0,no
0.009036,0,0,0,0.007937,0,0,0,0,0,0,0,0,no
0.009036,0,0,0,0.007937,0,0,0,0,0,0,0,0,no
0.009036,0,0,0,0.007937,0,0,0,0,0,0,0,0,no
0.006024,0,0,0,0.007937,0,0,0,0,0,0,0,0,no
0.009036,0.047619,0,0,0.007937,0,0,0,0,0,0,0,0,no
0.012048,0.095238,0,0,0,0,0,0,0,0,0,0,0,no
0.009036,0.047619,0,0,0,0,0,0,0,0,0,0,0,no
0.009036,0,0,0,0,0,0,0,0,0,0,0,0,no
0.009036,0,0,0,0,0,0,0,0,0,0,0,0,no
0.009036,0,0,0,0,0,0,0,0,0,0,0,0,no
0.009036,0,0,0,0,0,0,0,0,0,0,0,0,no
0.006024,0,0,0,0.007937,0,0,0,0,0,0,0,0,no
0.01506,0.095238,0,0,0,0,0,0,0,0,0,0,0,no
0.009036,0,0,0,0.007937,0,0,0,0,0,0,0,0,no
0.012048,0,0,0,0,0,0,0,0,0,0,0,0,no
0.009036,0,0,0,0,0,0,0,0,0,0,0,0,no
0.009036,0.047619,0,0,0,0,0,0,0,0,0,0,0,no
0.012048,0,0.010638,0,0.007937,0,0,0,0,0,0,0,0,no
0.009036,0,0,0,0.007937,0,0,0,0,0,0,0,0,no
0.009036,0,0,0,0.007937,0,0,0,0,0,0,0,0,no
0.009036,0,0,0,0.007937,0,0,0,0,0,0,0,0,no
0.009036,0.047619,0,0,0.007937,0,0,0,0,0,0,0,0,no
0.009036,0.047619,0,0,0.007937,0,0,0,0,0,0,0,0,no
0.009036,0.047619,0.010638,0,0.007937,0,0,0,0,0,0,0,0,no
0.009036,0.047619,0,0,0.007937,0,0,0,0,0,0,0,0,no
0.009036,0,0,0,0.007937,0,0,0,0,0,0,0,0,no
0.009036,0,0,0,0.007937,0,0,0,0,0,0,0,0,no
0.006024,0,0,0,0.007937,0,0,0,0,0,0,0,0,no
0.009036,0.047619,0,0,0.007937,0,0,0,0,0,0,0,0,no
0.012048,0.095238,0,0,0,0,0,0,0,0,0,0,0,no
0.009036,0.047619,0,0,0,0,0,0,0,0,0,0,0,no
0.009036,0,0,0,0,0,0,0,0,0,0,0,0,no
0.009036,0,0,0,0,0,0,0,0,0,0,0,0,no
0.009036,0,0,0,0,0,0,0,0,0,0,0,0,no
0.009036,0,0,0,0,0,0,0,0,0,0,0,0,no
0.006024,0,0,0,0.007937,0,0,0,0,0,0,0,0,no
0.012048,0.047619,0,0,0,0,0,0,0,0,0,0,0,no
0.009036,0,0,0,0,0,0,0,0,0,0,0,0,no
0.009036,0,0,0,0,0,0,0,0,0,0,0,0,no
0.009036,0.047619,0,0,0,0,0,0,0,0,0,0,0,no
0.009036,0,0,0,0.007937,0,0,0,0,0,0,0,0,no
0.009036,0,0,0,0.007937,0,0,0,0,0,0,0,0,no
0.009036,0.047619,0,0,0.007937,0,0,0,0,0,0,0,0,no
0.009036,0.047619,0,0,0.007937,0,0,0,0,0,0,0,0,no
0.009036,0,0,0,0.007937,0,0,0,0,0,0,0,0,no
0.006024,0,0,0,0.007937,0,0,0,0,0,0,0,0,no
0.009036,0.047619,0,0,0.007937,0,0,0,0,0,0,0,0,no
0.012048,0.095238,0,0,0,0,0,0,0,0,0,0,0,no
0.009036,0.047619,0,0,0,0,0,0,0,0,0,0,0,no
0.009036,0,0,0,0,0,0,0,0,0,0,0,0,no
0.009036,0,0,0,0,0,0,0,0,0,0,0,0,no
0.009036,0,0,0,0,0,0,0,0,0,0,0,0,no
0.009036,0,0,0,0,0,0,0,0,0,0,0,0,no
0.006024,0,0,0,0.007937,0,0,0,0,0,0,0,0,no
0.01506,0.095238,0,0,0,0,0,0,0,0,0,0,0,no
0.009036,0,0,0,0.007937,0,0,0,0,0,0,0,0,no
0.012048,0,0,0,0,0,0,0,0,0,0,0,0,no
0.009036,0,0,0,0,0,0,0,0,0,0,0,0,no
0.009036,0.047619,0,0,0,0,0,0,0,0,0,0,0,no
0.012048,0,0.010638,0,0.007937,0,0,0,0,0,0,0,0,no
0.009036,0,0,0,0.007937,0,0,0,0,0,0,0,0,no
0.009036,0,0,0,0.007937,0,0,0,0,0,0,0,0,no
0.009036,0,0,0,0.007937,0,0,0,0,0,0,0,0,no
0.009036,0.047619,0,0,0.007937,0,0,0,0,0,0,0,0,no
0.009036,0.047619,0,0,0.007937,0,0,0,0,0,0,0,0,no
0.009036,0.047619,0.010638,0,0.007937,0,0,0,0,0,0,0,0,no
0.009036,0.047619,0,0,0.007937,0,0,0,0,0,0,0,0,no
0.009036,0,0,0,0.007937,0,0,0,0,0,0,0,0,no
0.009036,0,0,0,0.007937,0,0,0,0,0,0,0,0,no
0.006024,0,0,0,0.007937,0,0,0,0,0,0,0,0,no
0.009036,0.047619,0,0,0.007937,0,0,0,0,0,0,0,0,no
0.012048,0.095238,0,0,0,0,0,0,0,0,0,0,0,no
0.009036,0.047619,0,0,0,0,0,0,0,0,0,0,0,no
0.009036,0,0,0,0,0,0,0,0,0,0,0,0,no
0.009036,0,0,0,0,0,0,0,0,0,0,0,0,no
0.009036,0,0,0,0,0,0,0,0,0,0,0,0,no
0.009036,0,0,0,0,0,0,0,0,0,0,0,0,no
0.006024,0,0,0,0.007937,0,0,0,0,0,0,0,0,no
0.012048,0.047619,0,0,0,0,0,0,0,0,0,0,0,no
0.009036,0,0,0,0,0,0,0,0,0,0,0,0,no
0.009036,0,0,0,0,0,0,0,0,0,0,0,0,no
0.009036,0.047619,0,0,0,0,0,0,0,0,0,0,0,no
0.009036,0,0,0,0.007937,0,0,0,0,0,0,0,0,no
0.009036,0,0,0,0.007937,0,0,0,0,0,0,0,0,no
0.009036,0.047619,0,0,0.007937,0,0,0,0,0,0,0,0,no
0.009036,0.047619,0,0,0.007937,0,0,0,0,0,0,0,0,no
0.009036,0,0,0,0.007937,0,0,0,0,0,0,0,0,no
0.006024,0,0,0,0.007937,0,0,0,0,0,0,0,0,no
0.009036,0.047619,0,0,0.007937,0,0,0,0,0,0,0,0,no
0.012048,0.095238,0,0,0,0,0,0,0,0,0,0,0,no
0.009036,0.047619,0,0,0,0,0,0,0,0,0,0,0,no
0.009036,0,0,0,0,0,0,0,0,0,0,0,0,no
0.009036,0,0,0,0,0,0,0,0,0,0,0,0,no
0.009036,0,0,0,0,0,0,0,0,0,0,0,0,no
0.009036,0,0,0,0,0,0,0,0,0,0,0,0,no
0.006024,0,0,0,0.007937,0,0,0,0,0,0,0,0,no
0.01506,0.095238,0,0,0,0,0,0,0,0,0,0,0,no
0.012048,0,0,0,0,0,0,0,0,0,0,0,0,no
0.009036,0,0,0,0,0,0,0,0,0,0,0,0,no
0.009036,0.047619,0,0,0,0,0,0,0,0,0,0,0,no
0.009036,0,0,0,0.007937,0,0,0,0,0,0,0,0,no
0.009036,0,0,0,0.007937,0,0,0,0,0,0,0,0,no
0.009036,0,0,0,0.007937,0,0,0,0,0,0,0,0,no
0.009036,0,0,0,0.007937,0,0,0,0,0,0,0,0,no
0.009036,0.047619,0,0,0.007937,0,0,0,0,0,0,0,0,no
0.009036,0.047619,0,0,0.007937,0,0,0,0,0,0,0,0,no
0.009036,0.047619,0,0,0.007937,0,0,0,0,0,0,0,0,no
0.009036,0,0,0,0.007937,0,0,0,0,0,0,0,0,no
0.009036,0,0,0,0.007937,0,0,0,0,0,0,0,0,no
0.009036,0.047619,0,0,0.007937,0,0,0,0,0,0,0,0,no
0.012048,0.095238,0,0,0,0,0,0,0,0,0,0,0,no
0.009036,0.047619,0,0,0,0,0,0,0,0,0,0,0,no
0.009036,0,0,0,0,0,0,0,0,0,0,0,0,no
0.009036,0,0,0,0,0,0,0,0,0,0,0,0,no
0.009036,0,0,0,0,0,0,0,0,0,0,0,0,no
0.009036,0,0,0,0,0,0,0,0,0,0,0,0,no
0.006024,0,0,0,0.007937,0,0,0,0,0,0,0,0,no
0.018072,0.142857,0,0,0,0,0,0,0,0,0,0,0,no
0.01506,0,0,0,0,0,0,0,0,0,0,0,0,no
0.009036,0,0,0,0,0,0,0,0,0,0,0,0,no
0.009036,0.047619,0,0,0,0,0,0,0,0,0,0,0,no
0.009036,0,0,0,0.007937,0,0,0,0,0,0,0,0,no
0.009036,0,0,0,0.007937,0,0,0,0,0,0,0,0,no
0.009036,0,0,0,0.007937,0,0,0,0,0,0,0,0,no
0.009036,0,0,0,0.007937,0,0,0,0,0,0,0,0,no
0.009036,0,0,0,0.007937,0,0,0,0,0,0,0,0,no
0.009036,0,0,0,0.007937,0,0,0,0,0,0,0,0,no
0.009036,0.047619,0,0,0.007937,0,0,0,0,0,0,0,0,no
0.009036,0.047619,0,0,0.007937,0,0,0,0,0,0,0,0,no
0.009036,0.047619,0,0,0.007937,0,0,0,0,0,0,0,0,no
0.009036,0.047619,0,0,0.007937,0,0,0,0,0,0,0,0,no
0.009036,0,0,0,0.007937,0,0,0,0,0,0,0,0,no
0.009036,0,0,0,0.007937,0,0,0,0,0,0,0,0,no
0.009036,0,0,0,0.007937,0,0,0,0,0,0,0,0,no
0.006024,0,0,0,0.007937,0,0,0,0,0,0,0,0,no
0.009036,0.047619,0,0,0.007937,0,0,0,0,0,0,0,0,no
0.012048,0.095238,0,0,0,0,0,0,0,0,0,0,0,no
0.009036,0.047619,0,0,0,0,0,0,0,0,0,0,0,no
0.009036,0,0,0,0,0,0,0,0,0,0,0,0,no
0.009036,0,0,0,0,0,0,0,0,0,0,0,0,no
0.009036,0,0,0,0,0,0,0,0,0,0,0,0,no
0.009036,0,0,0,0,0,0,0,0,0,0,0,0,no
0.006024,0,0,0,0.007937,0,0,0,0,0,0,0,0,no
0.033133,0.238095,0,0,0.007937,0,0,0,0,0,0,0,0,no
0.03012,0,0,0,0,0,0,0,0,0,0,0,0,no
0.009036,0,0,0,0,0,0,0,0,0,0,0,0,no
0.009036,0.047619,0,0,0,0,0,0,0,0,0,0,0,no
0.009036,0,0,0,0.007937,0,0,0,0,0,0,0,0,no
0.009036,0,0,0,0.007937,0,0,0,0,0,0,0,0,no
0.009036,0,0,0,0.007937,0,0,0,0,0,0,0,0,no
0.009036,0,0,0,0.007937,0,0,0,0,0,0,0,0,no
0.009036,0,0,0,0.007937,0,0,0,0,0,0,0,0,no
0.009036,0,0,0,0.007937,0,0,0,0,0,0,0,0,no
0.009036,0,0,0,0.007937,0,0,0,0,0,0,0,0,no
0.009036,0,0,0,0.007937,0,0,0,0,0,0,0,0,no
0.009036,0,0,0,0.007937,0,0,0,0,0,0,0,0,no
0.009036,0,0,0,0.007937,0,0,0,0,0,0,0,0,no
0.009036,0.047619,0,0,0.007937,0,0,0,0,0,0,0,0,no
0.009036,0.047619,0,0,0.007937,0,0,0,0,0,0,0,0,no
0.012048,0.047619,0,0,0.007937,0,0,0,0,0,0,0,0,no
0.009036,0.047619,0,0,0.007937,0,0,0,0,0,0,0,0,no
0.012048,0.047619,0,0,0.007937,0,0,0,0,0,0,0,0,no
0.009036,0.047619,0,0,0.007937,0,0,0,0,0,0,0,0,no
0.012048,0.047619,0,0,0.015873,0,0,0,0,0,0,0,0,no
0.009036,0.047619,0,0,0.007937,0,0,0,0,0,0,0,0,no
0.009036,0.047619,0,0,0.007937,0,0,0,0,0,0,0,0,no
0.009036,0,0,0,0.007937,0,0,0,0,0,0,0,0,no
0.009036,0,0,0,0.007937,0,0,0,0,0,0,0,0,no
0.009036,0,0,0,0.007937,0,0,0,0,0,0,0,0,no
0.009036,0,0,0,0.007937,0,0,0,0,0,0,0,0,no
0.009036,0,0,0,0.007937,0,0,0,0,0,0,0,0,no
0.009036,0.047619,0,0,0.007937,0,0,0,0,0,0,0,0,no
0.009036,0,0,0,0,0,0,0,0,0,0,0,0,no
0.039157,0.095238,0,0,0.007937,0.016129,0,0,0,0,0,0,0,no
0.024096,0.095238,0,0,0.007937,0.016129,0,0,0,0,0,0,0,no
0.009036,0,0,0,0,0,0,0,0,0,0,0,0,no
0.012048,0.095238,0,0,0,0,0,0,0,0,0,0,0,no
0.009036,0.047619,0,0,0,0,0,0,0,0,0,0,0,no
0.009036,0,0,0,0,0,0,0,0,0,0,0,0,no
0.009036,0,0,0,0,0,0,0,0,0,0,0,0,no
0.006024,0,0,0,0.007937,0,0,0,0,0,0,0,0,no
0.01506,0.095238,0,0,0,0,0,0,0,0,0,0,0,no
0.012048,0,0,0,0,0,0,0,0,0,0,0,0,no
0.009036,0,0,0,0,0,0,0,0,0,0,0,0,no
0.009036,0.047619,0,0,0,0,0,0,0,0,0,0,0,no
0.009036,0,0,0,0.007937,0,0,0,0,0,0,0,0,no
0.009036,0,0,0,0.007937,0,0,0,0,0,0,0,0,no
0.009036,0,0.010638,0,0.007937,0,0,0,0,0,0,0,0,no
0.009036,0,0.010638,0,0.007937,0,0,0,0,0,0,0,0,no
0.009036,0,0,0,0.007937,0,0,0,0,0,0,0,0,no
0.009036,0,0,0,0.007937,0,0,0,0,0,0,0,0,no
0.009036,0.047619,0,0,0.007937,0,0,0,0,0,0,0,0,no
0.009036,0.047619,0,0,0.007937,0,0,0,0,0,0,0,0,no
0.009036,0.047619,0,0,0.007937,0,0,0,0,0,0,0,0,no
0.009036,0,0,0,0.007937,0,0,0,0,0,0,0,0,no
0.009036,0,0,0,0.007937,0,0,0,0,0,0,0,0,no
0.009036,0.047619,0,0,0.007937,0,0,0,0,0,0,0,0,no
0.009036,0,0,0,0,0,0,0,0,0,0,0,0,no
0.009036,0,0,0,0,0,0,0,0,0,0,0,0,no
0.012048,0.095238,0,0,0,0,0,0,0,0,0,0,0,no
0.009036,0.047619,0,0,0,0,0,0,0,0,0,0,0,no
0.009036,0,0,0,0,0,0,0,0,0,0,0,0,no
0.009036,0,0,0,0,0,0,0,0,0,0,0,0,no
0.006024,0,0,0,0.007937,0,0,0,0,0,0,0,0,no
0.012048,0.047619,0,0,0,0,0,0,0,0,0,0,0,no
0.009036,0,0,0,0,0,0,0,0,0,0,0,0,no
0.009036,0,0,0,0,0,0,0,0,0,0,0,0,no
0.009036,0.047619,0,0,0,0,0,0,0,0,0,0,0,no
0.009036,0,0,0,0.007937,0,0,0,0,0,0,0,0,no
0.009036,0,0,0,0.007937,0,0,0,0,0,0,0,0,no
0.009036,0.047619,0,0,0.007937,0,0,0,0,0,0,0,0,no
0.009036,0.047619,0,0,0.007937,0,0,0,0,0,0,0,0,no
0.009036,0,0,0,0.007937,0,0,0,0,0,0,0,0,no
0.009036,0.047619,0,0,0.007937,0,0,0,0,0,0,0,0,no
0.009036,0,0,0,0,0,0,0,0,0,0,0,0,no
0.01506,0.095238,0,0,0.007937,0.016129,0,0,0,0,0,0,0,no
0.012048,0.095238,0,0,0.007937,0.016129,0,0,0,0,0,0,0,no
0.009036,0,0,0,0,0,0,0,0,0,0,0,0,no
0.012048,0.095238,0,0,0,0,0,0,0,0,0,0,0,no
0.009036,0.047619,0,0,0,0,0,0,0,0,0,0,0,no
0.009036,0,0,0,0,0,0,0,0,0,0,0,0,no
0.009036,0,0,0,0,0,0,0,0,0,0,0,0,no
0.006024,0,0,0,0.007937,0,0,0,0,0,0,0,0,no
0.006024,0.047619,0,0,0.015873,0,0,0,0,0,0,0,0,no
0.006024,0,0,0,0.007937,0,0,0,0,0,0,0,0,no
0.009036,0,0,0,0,0,0,0,0,0,0,0,0,no
0.009036,0.047619,0,0,0,0,0,0,0,0,0,0,0,no
0.012048,0,0,0,0,0.016129,0,0,0,0,0,0,0,no
0.009036,0.047619,0,0,0.007937,0,0,0,0,0,0,0,0,no
0.018072,0,0,0,0.007937,0.032258,0,0,0,0,0,0,0,no
0.006024,0,0,0,0.007937,0,0,0,0,0,0,0,0,no
0.009036,0.047619,0,0,0.007937,0,0,0,0,0,0,0,0,no
0.018072,0.095238,0,0,0.007937,0,0,0,0,0,0,0,0,no
0.009036,0,0,0,0,0,0,0,0,0,0,0,0,no
0.009036,0.095238,0,0,0.015873,0.016129,0,0,0,0,0,0,0,no
0.009036,0.095238,0,0,0.015873,0.016129,0,0,0,0,0,0,0,no
0.009036,0,0,0,0,0,0,0,0,0,0,0,0,no
0.012048,0.095238,0,0,0,0,0,0,0,0,0,0,0,no
0.009036,0.047619,0,0,0,0,0,0,0,0,0,0,0,no
0.009036,0,0,0,0,0,0,0,0,0,0,0,0,no
0.009036,0,0,0,0,0,0,0,0,0,0,0,0,no
0.009036,0.047619,0,0,0.007937,0,0,0,0,0,0,0,0,no
0.009036,0,0,0,0,0,0,0,0,0,0,0,0,no
0.006024,0,0,0,0.007937,0,0.037037,0.083333,0.002247,0,0.008621,0.008621,0,no
0.012048,0.047619,0,0,0,0,0.037037,0.083333,0.004494,0,0.017241,0.017241,0,no
0.111446,0,0,0,0,0,0.037037,0.083333,0.041573,0,0.159483,0.159483,0,no
0.009036,0,0,0,0,0,0.037037,0.083333,0.003371,0,0.012931,0.012931,0,no
0.009036,0.047619,0,0,0,0,0.037037,0.083333,0.003371,0,0.012931,0.012931,0,no
0.009036,0,0,0,0.007937,0,0.037037,0.083333,0.003371,0,0.012931,0.012931,0,no
0.009036,0,0,0,0.007937,0,0.037037,0.083333,0.003371,0,0.012931,0.012931,0,no
0.009036,0,0,0,0.007937,0,0.037037,0.083333,0.003371,0,0.012931,0.012931,0,no
0.009036,0,0,0,0.007937,0,0.037037,0.083333,0.003371,0,0.012931,0.012931,0,no
0.009036,0,0,0,0.007937,0,0.037037,0.083333,0.003371,0,0.012931,0.012931,0,no
0.009036,0,0,0,0.007937,0,0.037037,0.083333,0.003371,0,0.012931,0.012931,0,no
0.009036,0,0,0,0.007937,0,0.037037,0.083333,0.003371,0,0.012931,0.012931,0,no
0.009036,0,0,0,0.007937,0,0.037037,0.083333,0.003371,0,0.012931,0.012931,0,no
0.009036,0,0,0,0.007937,0,0.037037,0.083333,0.003371,0,0.012931,0.012931,0,no
0.009036,0,0,0,0.007937,0,0.037037,0.083333,0.003371,0,0.012931,0.012931,0,no
0.009036,0,0,0,0.007937,0,0.037037,0.083333,0.003371,0,0.012931,0.012931,0,no
0.009036,0,0,0,0.007937,0,0.037037,0.083333,0.003371,0,0.012931,0.012931,0,no
0.009036,0,0,0,0.007937,0,0.037037,0.083333,0.003371,0,0.012931,0.012931,0,no
0.009036,0,0,0,0.007937,0,0.037037,0.083333,0.003371,0,0.012931,0.012931,0,no
0.009036,0,0,0,0.007937,0,0.037037,0.083333,0.003371,0,0.012931,0.012931,0,no
0.009036,0,0,0,0.007937,0,0.037037,0.083333,0.003371,0,0.012931,0.012931,0,no
0.009036,0,0,0,0.007937,0,0.037037,0.083333,0.003371,0,0.012931,0.012931,0,no
0.009036,0,0,0,0.007937,0,0.037037,0.083333,0.003371,0,0.012931,0.012931,0,no
0.009036,0,0,0,0.007937,0,0.037037,0.083333,0.003371,0,0.012931,0.012931,0,no
0.009036,0,0,0,0.007937,0,0.037037,0.083333,0.003371,0,0.012931,0.012931,0,no
0.009036,0,0,0,0.007937,0,0.037037,0.083333,0.003371,0,0.012931,0.012931,0,no
0.009036,0,0,0,0.007937,0,0.037037,0.083333,0.003371,0,0.012931,0.012931,0,no
0.009036,0,0,0,0.007937,0,0.037037,0.083333,0.003371,0,0.012931,0.012931,0,no
0.009036,0,0,0,0.007937,0,0.037037,0.083333,0.003371,0,0.012931,0.012931,0,no
0.009036,0,0,0,0.007937,0,0.037037,0.083333,0.003371,0,0.012931,0.012931,0,no
0.009036,0,0,0,0.007937,0,0.037037,0.083333,0.003371,0,0.012931,0.012931,0,no
0.009036,0,0,0,0.007937,0,0.037037,0.083333,0.003371,0,0.012931,0.012931,0,no
0.009036,0,0,0,0.007937,0,0.037037,0.083333,0.003371,0,0.012931,0.012931,0,no
0.009036,0,0,0,0.007937,0,0.037037,0.083333,0.003371,0,0.012931,0.012931,0,no
0.009036,0,0,0,0.007937,0,0.037037,0.083333,0.003371,0,0.012931,0.012931,0,no
0.009036,0,0,0,0.007937,0,0.037037,0.083333,0.003371,0,0.012931,0.012931,0,no
0.009036,0,0,0,0.007937,0,0.037037,0.083333,0.003371,0,0.012931,0.012931,0,no
0.009036,0,0,0,0.007937,0,0.037037,0.083333,0.003371,0,0.012931,0.012931,0,no
0.009036,0,0,0,0.007937,0,0.037037,0.083333,0.003371,0,0.012931,0.012931,0,no
0.009036,0,0,0,0.007937,0,0.037037,0.083333,0.003371,0,0.012931,0.012931,0,no
0.009036,0,0,0,0.007937,0,0.037037,0.083333,0.003371,0,0.012931,0.012931,0,no
0.009036,0.047619,0,0,0.007937,0,0.037037,0.083333,0.003371,0,0.012931,0.012931,0,no
0.012048,0.047619,0,0,0.015873,0,0.037037,0.083333,0.004494,0,0.017241,0.017241,0,no
0.009036,0.047619,0,0,0.007937,0,0.037037,0.083333,0.003371,0,0.012931,0.012931,0,no
0.012048,0.047619,0,0,0.015873,0,0.037037,0.083333,0.004494,0,0.017241,0.017241,0,no
0.009036,0.047619,0,0,0.007937,0,0.037037,0.083333,0.003371,0,0.012931,0.012931,0,no
0.012048,0.047619,0,0,0.015873,0,0.037037,0.083333,0.004494,0,0.017241,0.017241,0,no
0.009036,0.047619,0,0,0.007937,0,0.037037,0.083333,0.003371,0,0.012931,0.012931,0,no
0.012048,0.047619,0,0,0.015873,0,0.037037,0.083333,0.004494,0,0.017241,0.017241,0,no
0.009036,0.047619,0,0,0.007937,0,0.037037,0.083333,0.003371,0,0.012931,0.012931,0,no
0.012048,0.047619,0,0,0.015873,0,0.037037,0.083333,0.004494,0,0.017241,0.017241,0,no
0.009036,0.047619,0,0,0.007937,0,0.037037,0.083333,0.003371,0,0.012931,0.012931,0,no
0.012048,0.047619,0,0,0.015873,0,0.037037,0.083333,0.004494,0,0.017241,0.017241,0,no
0.009036,0.047619,0,0,0.007937,0,0.037037,0.083333,0.003371,0,0.012931,0.012931,0,no
0.012048,0.047619,0,0,0.015873,0,0.037037,0.083333,0.004494,0,0.017241,0.017241,0,no
0.009036,0.047619,0,0,0.007937,0,0.037037,0.083333,0.003371,0,0.012931,0.012931,0,no
0.012048,0.047619,0,0,0.015873,0,0.037037,0.083333,0.004494,0,0.017241,0.017241,0,no
0.009036,0.047619,0,0,0.007937,0,0.037037,0.083333,0.003371,0,0.012931,0.012931,0,no
0.012048,0.047619,0,0,0.015873,0,0.037037,0.083333,0.004494,0,0.017241,0.017241,0,no
0.009036,0.047619,0,0,0.007937,0,0.037037,0.083333,0.003371,0,0.012931,0.012931,0,no
0.009036,0.047619,0,0,0.007937,0,0.037037,0.083333,0.003371,0,0.012931,0.012931,0,no
0.012048,0.047619,0,0,0.015873,0,0.037037,0.083333,0.004494,0,0.017241,0.017241,0,no
0.009036,0.047619,0,0,0.007937,0,0.037037,0.083333,0.003371,0,0.012931,0.012931,0,no
0.012048,0.047619,0,0,0.015873,0,0.037037,0.083333,0.004494,0,0.017241,0.017241,0,no
0.009036,0.047619,0,0,0.007937,0,0.037037,0.083333,0.003371,0,0.012931,0.012931,0,no
0.012048,0.047619,0,0,0.015873,0,0.037037,0.083333,0.004494,0,0.017241,0.017241,0,no
0.009036,0.047619,0,0,0.007937,0,0.037037,0.083333,0.003371,0,0.012931,0.012931,0,no
0.012048,0.047619,0,0,0.015873,0,0.037037,0.083333,0.004494,0,0.017241,0.017241,0,no
0.009036,0.047619,0,0,0.007937,0,0.037037,0.083333,0.003371,0,0.012931,0.012931,0,no
0.012048,0.047619,0,0,0.015873,0,0.037037,0.083333,0.004494,0,0.017241,0.017241,0,no
0.009036,0.047619,0,0,0.007937,0,0.037037,0.083333,0.003371,0,0.012931,0.012931,0,no
0.012048,0.047619,0,0,0.015873,0,0.037037,0.083333,0.004494,0,0.017241,0.017241,0,no
0.009036,0.047619,0,0,0.007937,0,0.037037,0.083333,0.003371,0,0.012931,0.012931,0,no
0.012048,0.047619,0,0,0.015873,0,0.037037,0.083333,0.004494,0,0.017241,0.017241,0,no
0.009036,0.047619,0,0,0.007937,0,0.037037,0.083333,0.003371,0,0.012931,0.012931,0,no
0.012048,0.047619,0,0,0.015873,0,0.037037,0.083333,0.004494,0,0.017241,0.017241,0,no
0.009036,0.047619,0,0,0.007937,0,0.037037,0.083333,0.003371,0,0.012931,0.012931,0,no
0.009036,0,0,0,0.007937,0,0.037037,0.083333,0.003371,0,0.012931,0.012931,0,no
0.009036,0,0,0,0.007937,0,0.037037,0.083333,0.003371,0,0.012931,0.012931,0,no
0.009036,0,0,0,0.007937,0,0.037037,0.083333,0.003371,0,0.012931,0.012931,0,no
0.009036,0,0,0,0.007937,0,0.037037,0.083333,0.003371,0,0.012931,0.012931,0,no
0.009036,0,0,0,0.007937,0,0.037037,0.083333,0.003371,0,0.012931,0.012931,0,no
0.009036,0,0,0,0.007937,0,0.037037,0.083333,0.003371,0,0.012931,0.012931,0,no
0.009036,0,0,0,0.007937,0,0.037037,0.083333,0.003371,0,0.012931,0.012931,0,no
0.009036,0,0,0,0.007937,0,0.037037,0.083333,0.003371,0,0.012931,0.012931,0,no
0.009036,0,0,0,0.007937,0,0.037037,0.083333,0.003371,0,0.012931,0.012931,0,no
0.009036,0,0,0,0.007937,0,0.037037,0.083333,0.003371,0,0.012931,0.012931,0,no
0.009036,0,0,0,0.007937,0,0.037037,0.083333,0.003371,0,0.012931,0.012931,0,no
0.009036,0,0,0,0.007937,0,0.037037,0.083333,0.003371,0,0.012931,0.012931,0,no
0.009036,0,0,0,0.007937,0,0.037037,0.083333,0.003371,0,0.012931,0.012931,0,no
0.009036,0,0,0,0.007937,0,0.037037,0.083333,0.003371,0,0.012931,0.012931,0,no
0.009036,0,0,0,0.007937,0,0.037037,0.083333,0.003371,0,0.012931,0.012931,0,no
0.009036,0,0,0,0.007937,0,0.037037,0.083333,0.003371,0,0.012931,0.012931,0,no
0.009036,0,0,0,0.007937,0,0.037037,0.083333,0.003371,0,0.012931,0.012931,0,no
0.009036,0,0,0,0.007937,0,0.037037,0.083333,0.003371,0,0.012931,0.012931,0,no
0.009036,0.047619,0,0,0.007937,0,0.037037,0.083333,0.003371,0,0.012931,0.012931,0,no
0.009036,0,0,0,0,0,0.037037,0.083333,0.003371,0,0.012931,0.012931,0,no
0.009036,0,0,0,0,0,0.037037,0.083333,0.003371,0,0.012931,0.012931,0,no
0.012048,0.095238,0,0,0,0,0.037037,0.083333,0.004494,0,0.017241,0.017241,0,no
0.009036,0.047619,0,0,0,0,0.037037,0.083333,0.003371,0,0.012931,0.012931,0,no
0.009036,0,0,0,0,0,0.037037,0.083333,0.003371,0,0.012931,0.012931,0,no
0.009036,0,0,0,0,0,0.037037,0.083333,0.003371,0,0.012931,0.012931,0,no
0.009036,0.047619,0,0,0.007937,0,0,0,0,0,0,0,0,no
0.009036,0,0,0,0,0,0,0,0,0,0,0,0,no
0.006024,0,0,0,0.007937,0,0,0,0,0,0,0,0,no
0.01506,0.095238,0,0,0,0,0,0,0,0,0,0,0,no
0.018072,0,0,0,0,0,0,0,0,0,0,0,0,no
0.009036,0,0,0,0,0,0,0,0,0,0,0,0,no
0.009036,0.047619,0,0,0,0,0,0,0,0,0,0,0,no
0.009036,0,0,0,0.007937,0,0,0,0,0,0,0,0,no
0.009036,0,0,0,0.007937,0,0,0,0,0,0,0,0,no
0.009036,0,0,0,0.007937,0,0,0,0,0,0,0,0,no
0.009036,0,0,0,0.007937,0,0,0,0,0,0,0,0,no
0.009036,0,0,0,0.007937,0,0,0,0,0,0,0,0,no
0.009036,0,0,0,0.007937,0,0,0,0,0,0,0,0,no
0.009036,0.047619,0,0,0.007937,0,0,0,0,0,0,0,0,no
0.009036,0.047619,0,0,0.007937,0,0,0,0,0,0,0,0,no
0.009036,0.047619,0,0,0.007937,0,0,0,0,0,0,0,0,no
0.012048,0.047619,0,0,0.015873,0,0,0,0,0,0,0,0,no
0.009036,0.047619,0,0,0.007937,0,0,0,0,0,0,0,0,no
0.009036,0,0,0,0.007937,0,0,0,0,0,0,0,0,no
0.009036,0,0,0,0.007937,0,0,0,0,0,0,0,0,no
0.009036,0,0,0,0.007937,0,0,0,0,0,0,0,0,no
0.009036,0.047619,0,0,0.007937,0,0,0,0,0,0,0,0,no
0.009036,0,0,0,0,0,0,0,0,0,0,0,0,no
0.009036,0,0,0,0,0,0,0,0,0,0,0,0,no
0.012048,0.095238,0,0,0,0,0,0,0,0,0,0,0,no
0.009036,0.047619,0,0,0,0,0,0,0,0,0,0,0,no
0.009036,0,0,0,0,0,0,0,0,0,0,0,0,no
0.009036,0,0,0,0,0,0,0,0,0,0,0,0,no
0.006024,0,0,0,0.007937,0,0,0,0,0,0,0,0,no
0.018072,0.095238,0,0,0,0,0,0,0,0,0,0,0,no
0.01506,0,0,0,0,0,0,0,0,0,0,0,0,no
0.009036,0,0,0,0,0,0,0,0,0,0,0,0,no
0.009036,0.047619,0,0,0,0,0,0,0,0,0,0,0,no
0.009036,0,0,0,0.007937,0,0,0,0,0,0,0,0,no
0.009036,0,0,0,0.007937,0,0,0,0,0,0,0,0,no
0.009036,0,0,0,0.007937,0,0,0,0,0,0,0,0,no
0.009036,0,0,0,0.007937,0,0,0,0,0,0,0,0,no
0.009036,0.047619,0,0,0.007937,0,0,0,0,0,0,0,0,no
0.009036,0.047619,0,0,0.007937,0,0,0,0,0,0,0,0,no
0.012048,0.047619,0,0,0.007937,0,0,0,0,0,0,0,0,no
0.009036,0.047619,0,0,0.007937,0,0,0,0,0,0,0,0,no
0.009036,0,0,0,0.007937,0,0,0,0,0,0,0,0,no
0.009036,0,0,0,0.007937,0,0,0,0,0,0,0,0,no
0.009036,0.047619,0,0,0.007937,0,0,0,0,0,0,0,0,no
0.009036,0,0,0,0,0,0,0,0,0,0,0,0,no
0.024096,0.095238,0,0,0.007937,0.016129,0,0,0,0,0,0,0,no
0.01506,0.095238,0,0,0.007937,0.016129,0,0,0,0,0,0,0,no
0.009036,0,0,0,0,0,0,0,0,0,0,0,0,no
0.012048,0.095238,0,0,0,0,0,0,0,0,0,0,0,no
0.009036,0.047619,0,0,0,0,0,0,0,0,0,0,0,no
0.009036,0,0,0,0,0,0,0,0,0,0,0,0,no
0.009036,0,0,0,0,0,0,0,0,0,0,0,0,no
0.006024,0,0,0,0.007937,0,0,0,0,0,0,0,0,no
0.021084,0,0,0,0,0,0,0,0,0,0,0,0,no
0.009036,0,0,0,0,0,0,0,0,0,0,0,0,no
0.009036,0.047619,0,0,0,0,0,0,0,0,0,0,0,no
0.009036,0,0,0,0.007937,0,0,0,0,0,0,0,0,no
0.009036,0,0.010638,0,0.007937,0,0,0,0,0,0,0,0,no
0.009036,0,0,0,0.007937,0,0,0,0,0,0,0,0,no
0.009036,0,0,0,0.007937,0,0,0,0,0,0,0,0,no
0.009036,0,0,0,0.007937,0,0,0,0,0,0,0,0,no
0.009036,0,0,0,0.007937,0,0,0,0,0,0,0,0,no
0.009036,0,0,0,0.007937,0,0,0,0,0,0,0,0,no
0.009036,0.047619,0,0,0.007937,0,0,0,0,0,0,0,0,no
0.009036,0.047619,0,0,0.015873,0,0,0,0,0,0,0,0,no
0.012048,0.047619,0,0,0.015873,0,0,0,0,0,0,0,0,no
0.009036,0.047619,0,0,0.007937,0,0,0,0,0,0,0,0,no
0.012048,0.047619,0,0,0.015873,0,0,0,0,0,0,0,0,no
0.009036,0.047619,0,0,0.007937,0,0,0,0,0,0,0,0,no
0.009036,0,0,0,0.007937,0,0,0,0,0,0,0,0,no
0.009036,0,0,0,0.007937,0,0,0,0,0,0,0,0,no
0.009036,0,0,0,0.007937,0,0,0,0,0,0,0,0,no
0.006024,0,0,0,0.007937,0,0,0,0,0,0,0,0,no
0.009036,0.047619,0,0,0.007937,0,0,0,0,0,0,0,0,no
0.009036,0,0,0,0,0,0,0,0,0,0,0,0,no
0.009036,0,0,0,0,0,0,0,0,0,0,0,0,no
0.012048,0.095238,0,0,0,0,0,0,0,0,0,0,0,no
0.009036,0.047619,0,0,0,0,0,0,0,0,0,0,0,no
0.009036,0,0,0,0,0,0,0,0,0,0,0,0,no
0.009036,0,0,0,0,0,0,0,0,0,0,0,0,no
0.006024,0,0,0,0.007937,0,0,0,0,0,0,0,0,no
0.012048,0.047619,0,0,0,0,0,0,0,0,0,0,0,no
0.01506,0,0,0,0,0,0,0,0,0,0,0,0,no
0.009036,0,0,0,0,0,0,0,0,0,0,0,0,no
0.009036,0.047619,0,0,0,0,0,0,0,0,0,0,0,no
0.009036,0,0,0,0.007937,0,0,0,0,0,0,0,0,no
0.009036,0,0.010638,0,0.007937,0,0,0,0,0,0,0,0,no
0.009036,0,0.010638,0,0.007937,0,0,0,0,0,0,0,0,no
0.009036,0,0,0,0.007937,0,0,0,0,0,0,0,0,no
0.009036,0,0,0,0.007937,0,0,0,0,0,0,0,0,no
0.009036,0,0,0,0.007937,0,0,0,0,0,0,0,0,no
0.009036,0.047619,0,0,0.007937,0,0,0,0,0,0,0,0,no
0.009036,0.047619,0,0,0.007937,0,0,0,0,0,0,0,0,no
0.012048,0.047619,0,0,0.015873,0,0,0,0,0,0,0,0,no
0.009036,0.047619,0,0,0.007937,0,0,0,0,0,0,0,0,no
0.009036,0,0,0,0.007937,0,0,0,0,0,0,0,0,no
0.009036,0,0,0,0.007937,0,0,0,0,0,0,0,0,no
0.009036,0.047619,0,0,0.007937,0,0,0,0,0,0,0,0,no
0.009036,0,0,0,0,0,0,0,0,0,0,0,0,no
0.009036,0,0,0,0,0,0,0,0,0,0,0,0,no
0.012048,0.095238,0,0,0,0,0,0,0,0,0,0,0,no
0.009036,0.047619,0,0,0,0,0,0,0,0,0,0,0,no
0.009036,0,0,0,0,0,0,0,0,0,0,0,0,no
0.009036,0,0,0,0,0,0,0,0,0,0,0,0,no
0.006024,0,0,0,0.007937,0,0.055556,0.125,0.003371,0,0.008621,0.008621,0,no
0.012048,0.047619,0,0,0,0,0.055556,0.125,0.006742,0,0.017241,0.017241,0,no
0.027108,0,0,0,0,0,0.055556,0.125,0.015169,0,0.038793,0.038793,0,no
0.009036,0,0,0,0,0,0.055556,0.125,0.005056,0,0.012931,0.012931,0,no
0.009036,0.047619,0,0,0,0,0.055556,0.125,0.005056,0,0.012931,0.012931,0,no
0.009036,0,0,0,0.007937,0,0.055556,0.125,0.005056,0,0.012931,0.012931,0,no
0.009036,0,0,0,0.007937,0,0.055556,0.125,0.005056,0,0.012931,0.012931,0,no
0.009036,0,0,0,0.007937,0,0.055556,0.125,0.005056,0,0.012931,0.012931,0,no
0.009036,0,0,0,0.007937,0,0.055556,0.125,0.005056,0,0.012931,0.012931,0,no
0.009036,0,0,0,0.007937,0,0.055556,0.125,0.005056,0,0.012931,0.012931,0,no
0.009036,0,0,0,0.007937,0,0.055556,0.125,0.005056,0,0.012931,0.012931,0,no
0.009036,0,0,0,0.007937,0,0.055556,0.125,0.005056,0,0.012931,0.012931,0,no
0.009036,0,0,0,0.007937,0,0.055556,0.125,0.005056,0,0.012931,0.012931,0,no
0.009036,0.047619,0,0,0.007937,0,0.055556,0.125,0.005056,0,0.012931,0.012931,0,no
0.009036,0.047619,0,0,0.007937,0,0.055556,0.125,0.005056,0,0.012931,0.012931,0,no
0.012048,0.047619,0,0,0.015873,0,0.055556,0.125,0.006742,0,0.017241,0.017241,0,no
0.009036,0.047619,0,0,0.007937,0,0.055556,0.125,0.005056,0,0.012931,0.012931,0,no
0.012048,0.047619,0,0,0.015873,0,0.055556,0.125,0.006742,0,0.017241,0.017241,0,no
0.009036,0.047619,0,0,0.007937,0,0.055556,0.125,0.005056,0,0.012931,0.012931,0,no
0.012048,0.047619,0,0,0.015873,0,0.055556,0.125,0.006742,0,0.017241,0.017241,0,no
0.009036,0.047619,0,0,0.007937,0,0.055556,0.125,0.005056,0,0.012931,0.012931,0,no
0.009036,0,0,0,0.007937,0,0.055556,0.125,0.005056,0,0.012931,0.012931,0,no
0.009036,0,0,0,0.007937,0,0.055556,0.125,0.005056,0,0.012931,0.012931,0,no
0.009036,0,0,0,0.007937,0,0.055556,0.125,0.005056,0,0.012931,0.012931,0,no
0.009036,0,0,0,0.007937,0,0.055556,0.125,0.005056,0,0.012931,0.012931,0,no
0.009036,0.047619,0,0,0.007937,0,0.055556,0.125,0.005056,0,0.012931,0.012931,0,no
0.009036,0,0,0,0,0,0.055556,0.125,0.005056,0,0.012931,0.012931,0,no
0.009036,0,0,0,0,0,0.055556,0.125,0.005056,0,0.012931,0.012931,0,no
0.012048,0.095238,0,0,0,0,0.055556,0.125,0.006742,0,0.017241,0.017241,0,no
0.009036,0.047619,0,0,0,0,0.055556,0.125,0.005056,0,0.012931,0.012931,0,no
0.009036,0,0,0,0,0,0.055556,0.125,0.005056,0,0.012931,0.012931,0,no
0.009036,0,0,0,0,0,0.055556,0.125,0.005056,0,0.012931,0.012931,0,no
0.006024,0,0,0,0.007937,0,0,0,0,0,0,0,0,no
0.01506,0.095238,0,0,0.007937,0,0,0,0,0,0,0,0,no
0.012048,0,0,0,0,0,0,0,0,0,0,0,0,no
0.009036,0,0,0,0,0,0,0,0,0,0,0,0,no
0.009036,0.047619,0,0,0,0,0,0,0,0,0,0,0,no
0.009036,0,0,0,0.007937,0,0,0,0,0,0,0,0,no
0.009036,0,0,0,0.007937,0,0,0,0,0,0,0,0,no
0.009036,0,0,0,0.007937,0,0,0,0,0,0,0,0,no
0.009036,0,0,0,0.007937,0,0,0,0,0,0,0,0,no
0.009036,0.047619,0,0,0.007937,0,0,0,0,0,0,0,0,no
0.009036,0.047619,0,0,0.015873,0,0,0,0,0,0,0,0,no
0.009036,0.047619,0,0,0.007937,0,0,0,0,0,0,0,0,no
0.009036,0,0,0,0.007937,0,0,0,0,0,0,0,0,no
0.009036,0,0,0,0.007937,0,0,0,0,0,0,0,0,no
0.006024,0,0,0,0.007937,0,0,0,0,0,0,0,0,no
0.009036,0.047619,0,0,0.007937,0,0,0,0,0,0,0,0,no
0.009036,0,0,0,0,0,0,0,0,0,0,0,0,no
0.009036,0,0,0,0,0,0,0,0,0,0,0,0,no
0.012048,0.095238,0,0,0,0,0,0,0,0,0,0,0,no
0.009036,0.047619,0,0,0,0,0,0,0,0,0,0,0,no
0.009036,0,0,0,0,0,0,0,0,0,0,0,0,no
0.009036,0,0,0,0,0,0,0,0,0,0,0,0,no
0.009036,0,0,0,0,0,0,0,0,0,0,0,0,no
0.009036,0.047619,0,0,0,0,0,0,0,0,0,0,0,no
0.009036,0.095238,0,0,0,0,0,0,0,0,0,0,0,no
0.01506,0.047619,0,0,0,0.016129,0,0,0,0,0,0,0,no
0.009036,0,0,0,0,0,0,0,0,0,0,0,0,no
0.009036,0.047619,0,0,0,0,0,0,0,0,0,0,0,no
0.009036,0.047619,0,0,0.007937,0,0,0,0,0,0,0,0,no
0.009036,0.047619,0,0,0,0,0,0,0,0,0,0,0,no
0.009036,0,0,0,0,0,0,0,0,0,0,0,0,no
0.009036,0,0,0,0.007937,0,0,0,0,0,0,0,0,no
0.009036,0,0,0,0.007937,0,0,0,0,0,0,0,0,no
0.01506,0.047619,0,0,0,0.016129,0,0,0,0,0,0,0,no
0.012048,0.095238,0,0,0,0,0,0,0,0,0,0,0,no
0.009036,0.047619,0,0,0,0,0,0,0,0,0,0,0,no
0.009036,0,0,0,0,0,0,0,0,0,0,0,0,no
0.009036,0,0,0,0,0,0,0,0,0,0,0,0,no
0.006024,0,0,0,0.007937,0,0,0,0,0,0,0,0,no
0.012048,0.047619,0,0,0,0,0,0,0,0,0,0,0,no
0.012048,0,0,0,0,0,0,0,0,0,0,0,0,no
0.009036,0,0,0,0,0,0,0,0,0,0,0,0,no
0.009036,0.047619,0,0,0,0,0,0,0,0,0,0,0,no
0.009036,0,0,0,0.007937,0,0,0,0,0,0,0,0,no
0.009036,0,0,0,0.007937,0,0,0,0,0,0,0,0,no
0.009036,0.047619,0,0,0.007937,0,0,0,0,0,0,0,0,no
0.012048,0.047619,0,0,0.015873,0,0,0,0,0,0,0,0,no
0.009036,0.047619,0,0,0.007937,0,0,0,0,0,0,0,0,no
0.009036,0,0,0,0.007937,0,0,0,0,0,0,0,0,no
0.006024,0,0,0,0.007937,0,0,0,0,0,0,0,0,no
0.009036,0.047619,0,0,0.007937,0,0,0,0,0,0,0,0,no
0.009036,0,0,0,0,0,0,0,0,0,0,0,0,no
0.009036,0,0,0,0,0,0,0,0,0,0,0,0,no
0.012048,0.095238,0,0,0,0,0,0,0,0,0,0,0,no
0.009036,0.047619,0,0,0,0,0,0,0,0,0,0,0,no
0.009036,0,0,0,0,0,0,0,0,0,0,0,0,no
0.009036,0,0,0,0,0,0,0,0,0,0,0,0,no
0.006024,0,0,0,0.007937,0,0,0,0,0,0,0,0,no
0.01506,0.095238,0,0,0.007937,0,0,0,0,0,0,0,0,no
0.012048,0,0,0,0,0,0,0,0,0,0,0,0,no
0.009036,0,0,0,0,0,0,0,0,0,0,0,0,no
0.009036,0.047619,0,0,0,0,0,0,0,0,0,0,0,no
0.009036,0,0,0,0.007937,0,0,0,0,0,0,0,0,no
0.009036,0,0,0,0.007937,0,0,0,0,0,0,0,0,no
0.009036,0,0,0,0.007937,0,0,0,0,0,0,0,0,no
0.009036,0,0,0,0.007937,0,0,0,0,0,0,0,0,no
0.009036,0.047619,0,0,0.007937,0,0,0,0,0,0,0,0,no
0.009036,0.047619,0,0,0.007937,0,0,0,0,0,0,0,0,no
0.009036,0.047619,0,0,0.015873,0,0,0,0,0,0,0,0,no
0.009036,0,0,0,0.007937,0,0,0,0,0,0,0,0,no
0.009036,0,0,0,0.007937,0,0,0,0,0,0,0,0,no
0.009036,0.047619,0,0,0.007937,0,0,0,0,0,0,0,0,no
0.009036,0,0,0,0,0,0,0,0,0,0,0,0,no
0.027108,0.095238,0,0,0.007937,0.016129,0,0,0,0,0,0,0,no
0.01506,0.095238,0,0,0.007937,0.016129,0,0,0,0,0,0,0,no
0.009036,0,0,0,0,0,0,0,0,0,0,0,0,no
0.012048,0.095238,0,0,0,0,0,0,0,0,0,0,0,no
0.009036,0.047619,0,0,0,0,0,0,0,0,0,0,0,no
0.009036,0,0,0,0,0,0,0,0,0,0,0,0,no
0.009036,0,0,0,0,0,0,0,0,0,0,0,0,no
0.006024,0,0,0,0.007937,0,0,0,0,0,0,0,0,no
0.018072,0.142857,0,0,0.007937,0,0,0,0,0,0,0,0,no
0.01506,0,0,0,0,0,0,0,0,0,0,0,0,no
0.009036,0,0,0,0,0,0,0,0,0,0,0,0,no
0.009036,0.047619,0,0,0,0,0,0,0,0,0,0,0,no
0.009036,0,0,0,0.007937,0,0,0,0,0,0,0,0,no
0.009036,0,0.010638,0,0.007937,0,0,0,0,0,0,0,0,no
0.009036,0,0,0,0.007937,0,0,0,0,0,0,0,0,no
0.009036,0,0.010638,0,0.007937,0,0,0,0,0,0,0,0,no
0.009036,0,0,0,0.007937,0,0,0,0,0,0,0,0,no
0.009036,0,0.010638,0,0.007937,0,0,0,0,0,0,0,0,no
0.009036,0,0,0,0.007937,0,0,0,0,0,0,0,0,no
0.009036,0,0,0,0.007937,0,0,0,0,0,0,0,0,no
0.009036,0,0,0,0.007937,0,0,0,0,0,0,0,0,no
0.009036,0.047619,0,0,0.007937,0,0,0,0,0,0,0,0,no
0.009036,0.047619,0,0,0.007937,0,0,0,0,0,0,0,0,no
0.009036,0.047619,0,0,0.015873,0,0,0,0,0,0,0,0,no
0.009036,0.047619,0,0,0.007937,0,0,0,0,0,0,0,0,no
0.009036,0,0,0,0.007937,0,0,0,0,0,0,0,0,no
0.009036,0,0,0,0.007937,0,0,0,0,0,0,0,0,no
0.009036,0,0,0,0.007937,0,0,0,0,0,0,0,0,no
0.009036,0.047619,0,0,0.007937,0,0,0,0,0,0,0,0,no
0.009036,0,0,0,0,0,0,0,0,0,0,0,0,no
0.009036,0,0,0,0,0,0,0,0,0,0,0,0,no
0.012048,0.095238,0,0,0,0,0,0,0,0,0,0,0,no
0.009036,0.047619,0,0,0,0,0,0,0,0,0,0,0,no
0.009036,0,0,0,0,0,0,0,0,0,0,0,0,no
0.009036,0,0,0,0,0,0,0,0,0,0,0,0,no
0.006024,0,0,0,0.007937,0,0,0,0,0,0,0,0,no
0.01506,0.095238,0,0,0.007937,0,0,0,0,0,0,0,0,no
0.012048,0,0,0,0,0,0,0,0,0,0,0,0,no
0.009036,0,0,0,0,0,0,0,0,0,0,0,0,no
0.009036,0.047619,0,0,0,0,0,0,0,0,0,0,0,no
0.009036,0,0,0,0.007937,0,0,0,0,0,0,0,0,no
0.009036,0,0,0,0.007937,0,0,0,0,0,0,0,0,no
0.009036,0,0,0,0.007937,0,0,0,0,0,0,0,0,no
0.009036,0,0,0,0.007937,0,0,0,0,0,0,0,0,no
0.009036,0.047619,0,0,0.007937,0,0,0,0,0,0,0,0,no
0.009036,0.047619,0,0,0.007937,0,0,0,0,0,0,0,0,no
0.009036,0.047619,0,0,0.015873,0,0,0,0,0,0,0,0,no
0.009036,0,0,0,0.007937,0,0,0,0,0,0,0,0,no
0.009036,0,0,0,0.007937,0,0,0,0,0,0,0,0,no
0.009036,0.047619,0,0,0.007937,0,0,0,0,0,0,0,0,no
0.009036,0,0,0,0,0,0,0,0,0,0,0,0,no
0.027108,0.095238,0,0,0.007937,0.016129,0,0,0,0,0,0,0,no
0.01506,0.095238,0,0,0.007937,0.016129,0,0,0,0,0,0,0,no
0.009036,0,0,0,0,0,0,0,0,0,0,0,0,no
0.012048,0.095238,0,0,0,0,0,0,0,0,0,0,0,no
0.009036,0.047619,0,0,0,0,0,0,0,0,0,0,0,no
0.009036,0,0,0,0,0,0,0,0,0,0,0,0,no
0.009036,0,0,0,0,0,0,0,0,0,0,0,0,no
0.006024,0,0,0,0.007937,0,0,0,0,0,0,0,0,no
0.021084,0.142857,0,0,0.007937,0,0,0,0,0,0,0,0,no
0.045181,0,0,0,0,0,0.092593,0.208333,0.003371,0,0.008621,0.005172,0,no
0.009036,0,0,0,0,0,0,0,0,0,0,0,0,no
0.009036,0.047619,0,0,0,0,0,0,0,0,0,0,0,no
0.009036,0,0,0,0.007937,0,0,0,0,0,0,0,0,no
0.009036,0,0.010638,0,0.007937,0,0,0,0,0,0,0,0,no
0.009036,0,0,0,0.007937,0,0,0,0,0,0,0,0,no
0.009036,0,0.010638,0,0.007937,0,0,0,0,0,0,0,0,no
0.009036,0,0,0,0.007937,0,0,0,0,0,0,0,0,no
0.009036,0,0,0,0.007937,0,0,0,0,0,0,0,0,no
0.009036,0,0,0,0.007937,0,0,0,0,0,0,0,0,no
0.009036,0,0,0,0.007937,0,0,0,0,0,0,0,0,no
0.009036,0,0,0,0.007937,0,0,0,0,0,0,0,0,no
0.009036,0,0,0,0.007937,0,0.037037,0.083333,0.003371,0,0.012931,0.012931,0,no
0.009036,0,0,0,0.007937,0,0,0,0,0,0,0,0,no
0.009036,0,0,0,0.007937,0,0,0,0,0,0,0,0,no
0.009036,0,0,0,0.007937,0,0.074074,0.166667,0.006742,0,0.012931,0.012931,0,no
0.009036,0,0,0,0.007937,0,0,0,0,0,0,0,0,no
0.009036,0,0,0,0.007937,0,0,0,0,0,0,0,0,no
0.009036,0,0,0,0.007937,0,0,0,0,0,0,0,0,no
0.009036,0,0,0,0.007937,0,0,0,0,0,0,0,0,no
0.009036,0,0,0,0.007937,0,0,0,0,0,0,0,0,no
0.009036,0,0,0,0.007937,0,0,0,0,0,0,0,0,no
0.009036,0,0,0,0.007937,0,0,0,0,0,0,0,0,no
0.009036,0,0,0,0.007937,0,0.037037,0.083333,0.003371,0,0.012931,0.012931,0,no
0.009036,0,0,0,0.007937,0,0,0,0,0,0,0,0,no
0.009036,0,0,0,0.007937,0,0,0,0,0,0,0,0,no
0.009036,0,0,0,0.007937,0,0.074074,0.166667,0.006742,0,0.012931,0.012931,0,no
0.009036,0.047619,0,0,0.007937,0,0,0,0,0,0,0,0,no
0.009036,0.047619,0,0,0.015873,0,0,0,0,0,0,0,0,no
0.009036,0.047619,0,0,0.015873,0,0,0,0,0,0,0,0,no
0.012048,0.047619,0,0,0.015873,0,0,0,0,0,0,0,0,no
0.009036,0.047619,0,0,0.007937,0,0,0,0,0,0,0,0,no
0.009036,0.047619,0,0,0.007937,0,0,0,0,0,0,0,0,no
0.012048,0.047619,0,0,0.015873,0,0,0,0,0,0,0,0,no
0.009036,0.047619,0,0,0.007937,0,0,0,0,0,0,0,0,no
0.009036,0.047619,0,0,0.007937,0,0,0,0,0,0,0,0,no
0.009036,0.047619,0,0,0.015873,0,0,0,0,0,0,0,0,no
0.009036,0.047619,0,0,0.007937,0,0.037037,0.083333,0.003371,0,0.012931,0.012931,0,no
0.009036,0.047619,0,0,0.007937,0,0,0,0,0,0,0,0,no
0.009036,0.047619,0,0,0.015873,0,0,0,0,0,0,0,0,no
0.009036,0.047619,0,0,0.015873,0,0.074074,0.166667,0.006742,0,0.012931,0.012931,0,no
0.009036,0,0,0,0.007937,0,0,0,0,0,0,0,0,no
0.009036,0,0,0,0.007937,0,0,0,0,0,0,0,0,no
0.009036,0,0,0,0.007937,0,0,0,0,0,0,0,0,no
0.009036,0,0,0,0.007937,0,0,0,0,0,0,0,0,no
0.009036,0,0,0,0.007937,0,0,0,0,0,0,0,0,no
0.009036,0,0,0,0.007937,0,0,0,0,0,0,0,0,no
0.009036,0,0,0,0.007937,0,0,0,0,0,0,0,0,no
0.009036,0,0,0,0.007937,0,0.037037,0.083333,0.003371,0,0.012931,0.012931,0,no
0.009036,0,0,0,0.007937,0,0,0,0,0,0,0,0,no
0.009036,0,0,0,0.007937,0,0,0,0,0,0,0,0,no
0.009036,0,0,0,0.007937,0,0.074074,0.166667,0.006742,0,0.012931,0.012931,0,no
0.009036,0.047619,0,0,0.007937,0,0,0,0,0,0,0,0,no
0.009036,0,0,0,0,0,0,0,0,0,0,0,0,no
0.009036,0,0,0,0,0,0,0,0,0,0,0,0,no
0.012048,0.095238,0,0,0,0,0,0,0,0,0,0,0,no
0.009036,0.047619,0,0,0,0,0,0,0,0,0,0,0,no
0.009036,0,0,0,0,0,0,0,0,0,0,0,0,no
0.009036,0,0,0,0,0,0,0,0,0,0,0,0,no
0.006024,0,0,0,0.007937,0,0,0,0,0,0,0,0,no
0.018072,0.142857,0,0,0.007937,0,0,0,0,0,0,0,0,no
0.036145,0,0,0,0,0,0.092593,0.166667,0.005618,0,0.008621,0.008621,0,no
0.009036,0,0,0,0,0,0,0,0,0,0,0,0,no
0.009036,0.047619,0,0,0,0,0,0,0,0,0,0,0,no
0.009036,0,0,0,0.007937,0,0,0,0,0,0,0,0,no
0.009036,0,0.010638,0,0.007937,0,0,0,0,0,0,0,0,no
0.009036,0,0,0,0.007937,0,0.055556,0.125,0.005056,0,0.012931,0.012931,0,no
0.009036,0,0.010638,0,0.007937,0,0.055556,0.125,0.005056,0,0.012931,0.012931,0,no
0.009036,0,0,0,0.007937,0,0,0,0,0,0,0,0,no
0.009036,0,0.010638,0,0.007937,0,0,0,0,0,0,0,0,no
0.009036,0,0.010638,0,0.007937,0,0,0,0,0,0,0,0,no
0.009036,0,0,0,0.007937,0,0,0,0,0,0,0,0,no
0.009036,0,0.010638,0,0.007937,0,0,0,0,0,0,0,0,no
0.009036,0,0.010638,0,0.007937,0,0,0,0,0,0,0,0,no
0.009036,0,0,0,0.007937,0,0.037037,0.083333,0.003371,0,0.012931,0.012931,0,no
0.009036,0,0,0,0.007937,0,0.055556,0.125,0.005056,0,0.012931,0.012931,0,no
0.009036,0,0.010638,0,0.007937,0,0.055556,0.125,0.005056,0,0.012931,0.012931,0,no
0.009036,0,0,0,0.007937,0,0,0,0,0,0,0,0,no
0.009036,0,0.010638,0,0.007937,0,0,0,0,0,0,0,0,no
0.009036,0,0,0,0.007937,0,0,0,0,0,0,0,0,no
0.009036,0,0.010638,0,0.007937,0,0,0,0,0,0,0,0,no
0.009036,0,0,0,0.007937,0,0.037037,0.083333,0.003371,0,0.012931,0.012931,0,no
0.009036,0,0,0,0.007937,0,0,0,0,0,0,0,0,no
0.009036,0,0.010638,0,0.007937,0,0,0,0,0,0,0,0,no
0.009036,0,0.010638,0,0.007937,0,0,0,0,0,0,0,0,no
0.009036,0,0,0,0.007937,0,0,0,0,0,0,0,0,no
0.009036,0,0,0,0.007937,0,0.055556,0.125,0.005056,0,0.012931,0.012931,0,no
0.009036,0,0,0,0.007937,0,0,0,0,0,0,0,0,no
0.009036,0,0,0,0.007937,0,0,0,0,0,0,0,0,no
0.009036,0,0,0,0.007937,0,0.037037,0.083333,0.003371,0,0.012931,0.012931,0,no
0.009036,0,0,0,0.007937,0,0.055556,0.125,0.005056,0,0.012931,0.012931,0,no
0.009036,0,0,0,0.007937,0,0,0,0,0,0,0,0,no
0.009036,0,0,0,0.007937,0,0,0,0,0,0,0,0,no
0.009036,0,0,0,0.007937,0,0.037037,0.083333,0.003371,0,0.012931,0.012931,0,no
0.009036,0,0,0,0.007937,0,0,0,0,0,0,0,0,no
0.009036,0.047619,0,0,0.007937,0,0,0,0,0,0,0,0,no
0.009036,0.047619,0,0,0.007937,0,0,0,0,0,0,0,0,no
0.009036,0.047619,0,0,0.015873,0,0.055556,0.125,0.005056,0,0.012931,0.012931,0,no
0.009036,0.047619,0,0,0.015873,0,0,0,0,0,0,0,0,no
0.009036,0.047619,0,0,0.015873,0,0,0,0,0,0,0,0,no
0.009036,0.047619,0,0,0.015873,0,0.037037,0.083333,0.003371,0,0.012931,0.012931,0,no
0.009036,0.047619,0,0,0.015873,0,0.055556,0.125,0.005056,0,0.012931,0.012931,0,no
0.009036,0.047619,0,0,0.007937,0,0,0,0,0,0,0,0,no
0.009036,0.047619,0,0,0.015873,0,0,0,0,0,0,0,0,no
0.009036,0.047619,0,0,0.015873,0,0.037037,0.083333,0.003371,0,0.012931,0.012931,0,no
0.009036,0.047619,0,0,0.015873,0,0,0,0,0,0,0,0,no
0.009036,0,0,0,0.007937,0,0,0,0,0,0,0,0,no
0.009036,0,0,0,0.007937,0,0.055556,0.125,0.005056,0,0.012931,0.012931,0,no
0.009036,0,0,0,0.007937,0,0,0,0,0,0,0,0,no
0.009036,0,0,0,0.007937,0,0,0,0,0,0,0,0,no
0.009036,0,0,0,0.007937,0,0.037037,0.083333,0.003371,0,0.012931,0.012931,0,no
0.009036,0,0,0,0.007937,0,0.055556,0.125,0.005056,0,0.012931,0.012931,0,no
0.009036,0,0,0,0.007937,0,0,0,0,0,0,0,0,no
0.009036,0,0,0,0.007937,0,0,0,0,0,0,0,0,no
0.009036,0,0,0,0.007937,0,0.037037,0.083333,0.003371,0,0.012931,0.012931,0,no
0.009036,0,0,0,0.007937,0,0,0,0,0,0,0,0,no
0.009036,0.047619,0,0,0.007937,0,0,0,0,0,0,0,0,no
0.009036,0,0,0,0,0,0,0,0,0,0,0,0,no
0.009036,0,0,0,0,0,0,0,0,0,0,0,0,no
0.012048,0.095238,0,0,0,0,0,0,0,0,0,0,0,no
0.009036,0.047619,0,0,0,0,0,0,0,0,0,0,0,no
0.009036,0,0,0,0,0,0,0,0,0,0,0,0,no
0.009036,0,0,0,0,0,0,0,0,0,0,0,0,no
0.006024,0,0,0,0.007937,0,0,0,0,0,0,0,0,no
0.018072,0.095238,0,0,0.007937,0,0,0,0,0,0,0,0,no
0.01506,0,0,0,0,0,0,0,0,0,0,0,0,no
0.009036,0,0,0,0,0,0,0,0,0,0,0,0,no
0.009036,0.047619,0,0,0,0,0,0,0,0,0,0,0,no
0.009036,0,0,0,0.007937,0,0,0,0,0,0,0,0,no
0.009036,0,0.010638,0,0.007937,0,0,0,0,0,0,0,0,no
0.009036,0,0.010638,0,0.007937,0,0,0,0,0,0,0,0,no
0.009036,0,0,0,0.007937,0,0,0,0,0,0,0,0,no
0.009036,0,0,0,0.007937,0,0,0,0,0,0,0,0,no
0.009036,0,0,0,0.007937,0,0,0,0,0,0,0,0,no
0.009036,0.047619,0,0,0.007937,0,0,0,0,0,0,0,0,no
0.012048,0.047619,0,0,0.007937,0,0,0,0,0,0,0,0,no
0.009036,0.047619,0,0,0.007937,0,0,0,0,0,0,0,0,no
0.009036,0.047619,0,0,0.015873,0,0,0,0,0,0,0,0,no
0.009036,0,0,0,0.007937,0,0,0,0,0,0,0,0,no
0.009036,0,0,0,0.007937,0,0,0,0,0,0,0,0,no
0.009036,0.047619,0,0,0.007937,0,0,0,0,0,0,0,0,no
0.009036,0,0,0,0,0,0,0,0,0,0,0,0,no
0.009036,0,0,0,0,0,0,0,0,0,0,0,0,no
0.012048,0.095238,0,0,0,0,0,0,0,0,0,0,0,no
0.009036,0.047619,0,0,0,0,0,0,0,0,0,0,0,no
0.009036,0,0,0,0,0,0,0,0,0,0,0,0,no
0.009036,0,0,0,0,0,0,0,0,0,0,0,0,no
0.006024,0,0,0,0.007937,0,0,0,0,0,0,0,0,no
0.012048,0.047619,0,0,0.007937,0,0,0,0,0,0,0,0,no
0.012048,0,0,0,0,0,0,0,0,0,0,0,0,no
0.009036,0,0,0,0,0,0,0,0,0,0,0,0,no
0.009036,0.047619,0,0,0,0,0,0,0,0,0,0,0,no
0.009036,0,0,0,0.007937,0,0,0,0,0,0,0,0,no
0.009036,0,0,0,0.007937,0,0,0,0,0,0,0,0,no
0.009036,0,0,0,0.007937,0,0,0,0,0,0,0,0,no
0.009036,0,0,0,0.007937,0,0,0,0,0,0,0,0,no
0.009036,0.047619,0,0,0.007937,0,0,0,0,0,0,0,0,no
0.009036,0.047619,0,0,0.007937,0,0,0,0,0,0,0,0,no
0.009036,0.047619,0,0,0.015873,0,0,0,0,0,0,0,0,no
0.009036,0,0,0,0.007937,0,0,0,0,0,0,0,0,no
0.009036,0,0,0,0.007937,0,0,0,0,0,0,0,0,no
0.009036,0.047619,0,0,0.007937,0,0,0,0,0,0,0,0,no
0.009036,0,0,0,0,0,0,0,0,0,0,0,0,no
0.009036,0,0,0,0,0,0,0,0,0,0,0,0,no
0.012048,0.095238,0,0,0,0,0,0,0,0,0,0,0,no
0.009036,0.047619,0,0,0,0,0,0,0,0,0,0,0,no
0.009036,0,0,0,0,0,0,0,0,0,0,0,0,no
0.009036,0,0,0,0,0,0,0,0,0,0,0,0,no
0.006024,0,0,0,0.007937,0,0,0,0,0,0,0,0,no
0.018072,0.095238,0,0,0.007937,0,0,0,0,0,0,0,0,no
0.039157,0,0,0,0,0,0,0,0,0,0,0,0,no
0.009036,0,0,0,0,0,0,0,0,0,0,0,0,no
0.009036,0.047619,0,0,0,0,0,0,0,0,0,0,0,no
0.009036,0,0,0,0.007937,0,0,0,0,0,0,0,0,no
0.009036,0,0,0,0.007937,0,0,0,0,0,0,0,0,no
0.009036,0,0,0,0.007937,0,0,0,0,0,0,0,0,no
0.009036,0,0.010638,0,0.007937,0,0,0,0,0,0,0,0,no
0.009036,0,0.010638,0,0.007937,0,0,0,0,0,0,0,0,no
0.009036,0,0,0,0.007937,0,0,0,0,0,0,0,0,no
0.009036,0,0.010638,0,0.007937,0,0,0,0,0,0,0,0,no
0.009036,0,0,0,0.007937,0,0,0,0,0,0,0,0,no
0.009036,0,0.010638,0,0.007937,0,0,0,0,0,0,0,0,no
0.009036,0,0,0,0.007937,0,0,0,0,0,0,0,0,no
0.009036,0,0,0,0.007937,0,0,0,0,0,0,0,0,no
0.009036,0,0,0,0.007937,0,0,0,0,0,0,0,0,no
0.009036,0,0.010638,0,0.007937,0,0,0,0,0,0,0,0,no
0.009036,0,0.010638,0,0.007937,0,0,0,0,0,0,0,0,no
0.009036,0,0,0,0.007937,0,0,0,0,0,0,0,0,no
0.009036,0,0,0,0.007937,0,0,0,0,0,0,0,0,no
0.009036,0,0,0,0.007937,0,0,0,0,0,0,0,0,no
0.009036,0,0,0,0.007937,0,0,0,0,0,0,0,0,no
0.009036,0,0,0,0.007937,0,0,0,0,0,0,0,0,no
0.009036,0,0,0,0.007937,0,0,0,0,0,0,0,0,no
0.009036,0,0,0,0.007937,0,0,0,0,0,0,0,0,no
0.009036,0,0,0,0.007937,0,0,0,0,0,0,0,0,no
0.009036,0,0,0,0.007937,0,0,0,0,0,0,0,0,no
0.009036,0,0,0,0.007937,0,0,0,0,0,0,0,0,no
0.009036,0.047619,0,0,0.007937,0,0,0,0,0,0,0,0,no
0.009036,0.047619,0,0,0.015873,0,0,0,0,0,0,0,0,no
0.009036,0.047619,0,0,0.007937,0,0,0,0,0,0,0,0,no
0.009036,0.047619,0,0,0.007937,0,0,0,0,0,0,0,0,no
0.009036,0.047619,0,0,0.015873,0,0,0,0,0,0,0,0,no
0.009036,0.047619,0,0,0.015873,0,0,0,0,0,0,0,0,no
0.012048,0.047619,0,0,0.015873,0,0,0,0,0,0,0,0,no
0.009036,0.047619,0,0,0.007937,0,0,0,0,0,0,0,0,no
0.012048,0.047619,0,0,0.015873,0,0,0,0,0,0,0,0,no
0.009036,0.047619,0,0,0.007937,0,0,0,0,0,0,0,0,no
0.009036,0.047619,0,0,0.015873,0,0,0,0,0,0,0,0,no
0.009036,0.047619,0,0,0.007937,0,0,0,0,0,0,0,0,no
0.009036,0,0,0,0.007937,0,0,0,0,0,0,0,0,no
0.009036,0,0,0,0.007937,0,0,0,0,0,0,0,0,no
0.009036,0,0,0,0.007937,0,0,0,0,0,0,0,0,no
0.009036,0,0,0,0.007937,0,0,0,0,0,0,0,0,no
0.009036,0,0,0,0.007937,0,0,0,0,0,0,0,0,no
0.009036,0,0,0,0.007937,0,0,0,0,0,0,0,0,no
0.009036,0,0,0,0.007937,0,0,0,0,0,0,0,0,no
0.009036,0,0,0,0.007937,0,0,0,0,0,0,0,0,no
0.009036,0,0,0,0.007937,0,0,0,0,0,0,0,0,no
0.009036,0.047619,0,0,0.007937,0,0,0,0,0,0,0,0,no
0.009036,0,0,0,0,0,0,0,0,0,0,0,0,no
0.009036,0,0,0,0,0,0,0,0,0,0,0,0,no
0.012048,0.095238,0,0,0,0,0,0,0,0,0,0,0,no
0.009036,0.047619,0,0,0,0,0,0,0,0,0,0,0,no
0.009036,0,0,0,0,0,0,0,0,0,0,0,0,no
0.009036,0,0,0,0,0,0,0,0,0,0,0,0,no
0.006024,0,0,0,0.007937,0,0,0,0,0,0,0,0,no
0.012048,0,0,0,0,0,0,0,0,0,0,0,0,no
0.009036,0,0,0,0,0,0,0,0,0,0,0,0,no
0.009036,0.047619,0,0,0,0,0,0,0,0,0,0,0,no
0.009036,0,0,0,0.007937,0,0,0,0,0,0,0,0,no
0.009036,0,0.010638,0,0.007937,0,0,0,0,0,0,0,0,no
0.009036,0,0.010638,0,0.007937,0,0,0,0,0,0,0,0,no
0.009036,0,0,0,0.007937,0,0,0,0,0,0,0,0,no
0.009036,0,0.010638,0,0.007937,0,0,0,0,0,0,0,0,no
0.009036,0,0.010638,0,0.007937,0,0,0,0,0,0,0,0,no
0.009036,0,0,0,0.007937,0,0,0,0,0,0,0,0,no
0.009036,0,0,0,0.007937,0,0,0,0,0,0,0,0,no
0.009036,0.047619,0,0,0.007937,0,0,0,0,0,0,0,0,no
0.009036,0.047619,0,0,0.015873,0,0,0,0,0,0,0,0,no
0.009036,0.047619,0,0,0.015873,0,0,0,0,0,0,0,0,no
0.009036,0,0,0,0.007937,0,0,0,0,0,0,0,0,no
0.009036,0,0,0,0.007937,0,0,0,0,0,0,0,0,no
0.006024,0,0,0,0.007937,0,0,0,0,0,0,0,0,no
0.009036,0.047619,0,0,0.007937,0,0,0,0,0,0,0,0,no
0.009036,0,0,0,0,0,0,0,0,0,0,0,0,no
0.009036,0,0,0,0,0,0,0,0,0,0,0,0,no
0.012048,0.095238,0,0,0,0,0,0,0,0,0,0,0,no
0.009036,0.047619,0,0,0,0,0,0,0,0,0,0,0,no
0.009036,0,0,0,0,0,0,0,0,0,0,0,0,no
0.009036,0,0,0,0,0,0,0,0,0,0,0,0,no
0.009036,0,0,0,0,0,0,0,0,0,0,0,0,no
0.033133,0.238095,0,0,0.031746,0,0,0,0,0,0,0,0,no
0.048193,0,0,0,0,0,0,0,0,0,0,0,0,no
0.009036,0,0,0,0,0,0,0,0,0,0,0,0,no
0.009036,0.047619,0,0,0,0,0,0,0,0,0,0,0,no
0.009036,0,0,0,0.007937,0,0,0,0,0,0,0,0,no
0.009036,0,0,0,0.007937,0,0,0,0,0,0,0,0,no
0.009036,0,0,0,0.007937,0,0,0,0,0,0,0,0,no
0.009036,0,0,0,0.007937,0,0,0,0,0,0,0,0,no
0.009036,0,0,0,0.007937,0,0,0,0,0,0,0,0,no
0.009036,0,0.010638,0,0.007937,0,0,0,0,0,0,0,0,no
0.009036,0,0,0,0.007937,0,0,0,0,0,0,0,0,no
0.009036,0,0,0,0.007937,0,0,0,0,0,0,0,0,no
0.009036,0,0,0,0.007937,0,0,0,0,0,0,0,0,no
0.009036,0,0,0,0.007937,0,0,0,0,0,0,0,0,no
0.009036,0,0,0,0.007937,0,0,0,0,0,0,0,0,no
0.009036,0,0,0,0.007937,0,0,0,0,0,0,0,0,no
0.009036,0,0,0,0.007937,0,0,0,0,0,0,0,0,no
0.009036,0,0,0,0.007937,0,0,0,0,0,0,0,0,no
0.009036,0,0,0,0.007937,0,0,0,0,0,0,0,0,no
0.009036,0,0,0,0.007937,0,0,0,0,0,0,0,0,no
0.009036,0,0,0,0.007937,0,0,0,0,0,0,0,0,no
0.009036,0,0,0,0.007937,0,0,0,0,0,0,0,0,no
0.009036,0,0,0,0.007937,0,0,0,0,0,0,0,0,no
0.009036,0.047619,0,0,0.007937,0,0,0,0,0,0,0,0,no
0.009036,0.047619,0,0,0.007937,0,0,0,0,0,0,0,0,no
0.012048,0.047619,0,0,0.015873,0,0,0,0,0,0,0,0,no
0.009036,0.047619,0,0,0.007937,0,0,0,0,0,0,0,0,no
0.012048,0.047619,0,0,0.015873,0,0,0,0,0,0,0,0,no
0.009036,0.047619,0,0,0.007937,0,0,0,0,0,0,0,0,no
0.009036,0.047619,0,0,0.015873,0,0,0,0,0,0,0,0,no
0.009036,0.047619,0,0,0.015873,0,0,0,0,0,0,0,0,no
0.012048,0.047619,0,0,0.015873,0,0,0,0,0,0,0,0,no
0.009036,0.047619,0,0,0.007937,0,0,0,0,0,0,0,0,no
0.012048,0.047619,0,0,0.015873,0,0,0,0,0,0,0,0,no
0.009036,0.047619,0,0,0.007937,0,0,0,0,0,0,0,0,no
0.012048,0.047619,0,0,0.015873,0,0,0,0,0,0,0,0,no
0.009036,0.047619,0,0,0.007937,0,0,0,0,0,0,0,0,no
0.009036,0.047619,0,0,0.007937,0,0,0,0,0,0,0,0,no
0.009036,0,0,0,0.007937,0,0,0,0,0,0,0,0,no
0.009036,0,0,0,0.007937,0,0,0,0,0,0,0,0,no
0.009036,0,0,0,0.007937,0,0,0,0,0,0,0,0,no
0.009036,0,0,0,0.007937,0,0,0,0,0,0,0,0,no
0.009036,0,0,0,0.007937,0,0,0,0,0,0,0,0,no
0.009036,0,0,0,0.007937,0,0,0,0,0,0,0,0,no
0.009036,0,0,0,0.007937,0,0,0,0,0,0,0,0,no
0.009036,0,0,0,0.007937,0,0,0,0,0,0,0,0,no
0.009036,0,0,0,0.007937,0,0,0,0,0,0,0,0,no
0.009036,0.047619,0,0,0.007937,0,0,0,0,0,0,0,0,no
0.009036,0,0,0,0,0,0,0,0,0,0,0,0,no
0.009036,0,0,0,0,0,0,0,0,0,0,0,0,no
0.012048,0.095238,0,0,0,0,0,0,0,0,0,0,0,no
0.009036,0.047619,0,0,0,0,0,0,0,0,0,0,0,no
0.009036,0,0,0,0,0,0,0,0,0,0,0,0,no
0.009036,0,0,0,0,0,0,0,0,0,0,0,0,no
0.006024,0,0,0,0.007937,0,0,0,0,0,0,0,0,no
0.01506,0.095238,0,0,0,0,0,0,0,0,0,0,0,no
0.009036,0,0,0,0.007937,0,0,0,0,0,0,0,0,no
0.012048,0,0,0,0,0,0,0,0,0,0,0,0,no
0.009036,0,0,0,0,0,0,0,0,0,0,0,0,no
0.009036,0.047619,0,0,0,0,0,0,0,0,0,0,0,no
0.012048,0,0.010638,0,0.007937,0,0,0,0,0,0,0,0,no
0.009036,0,0,0,0.007937,0,0,0,0,0,0,0,0,no
0.009036,0,0,0,0.007937,0,0,0,0,0,0,0,0,no
0.009036,0,0,0,0.007937,0,0,0,0,0,0,0,0,no
0.009036,0.047619,0,0,0.007937,0,0,0,0,0,0,0,0,no
0.009036,0.047619,0,0,0.007937,0,0,0,0,0,0,0,0,no
0.009036,0.047619,0.010638,0,0.007937,0,0,0,0,0,0,0,0,no
0.009036,0.047619,0,0,0.007937,0,0,0,0,0,0,0,0,no
0.009036,0,0,0,0.007937,0,0,0,0,0,0,0,0,no
0.009036,0,0,0,0.007937,0,0,0,0,0,0,0,0,no
0.009036,0.047619,0,0,0.007937,0,0,0,0,0,0,0,0,no
0.009036,0,0,0,0,0,0,0,0,0,0,0,0,no
0.021084,0.095238,0,0,0.007937,0.016129,0,0,0,0,0,0,0,no
0.01506,0.095238,0,0,0.007937,0.016129,0,0,0,0,0,0,0,no
0.009036,0,0,0,0,0,0,0,0,0,0,0,0,no
0.012048,0.095238,0,0,0,0,0,0,0,0,0,0,0,no
0.009036,0.047619,0,0,0,0,0,0,0,0,0,0,0,no
0.009036,0,0,0,0,0,0,0,0,0,0,0,0,no
0.009036,0,0,0,0,0,0,0,0,0,0,0,0,no
0.009036,0,0,0,0,0,0,0,0,0,0,0,0,no
0.009036,0.047619,0,0,0,0,0,0,0,0,0,0,0,no
0.009036,0.095238,0,0,0,0,0,0,0,0,0,0,0,no
0.009036,0,0,0,0,0,0,0,0,0,0,0,0,no
0.009036,0.047619,0,0,0,0,0,0,0,0,0,0,0,no
0.009036,0.047619,0,0,0.007937,0,0,0,0,0,0,0,0,no
0.009036,0.047619,0,0,0,0,0,0,0,0,0,0,0,no
0.009036,0,0,0,0,0,0,0,0,0,0,0,0,no
0.009036,0,0,0,0.007937,0,0,0,0,0,0,0,0,no
0.009036,0,0,0,0.007937,0,0,0,0,0,0,0,0,no
0.01506,0.047619,0,0,0.007937,0.016129,0,0,0,0,0,0,0,no
0.01506,0.047619,0,0,0.007937,0.016129,0,0,0,0,0,0,0,no
0.012048,0.095238,0,0,0,0,0,0,0,0,0,0,0,no
0.009036,0.047619,0,0,0,0,0,0,0,0,0,0,0,no
0.009036,0,0,0,0,0,0,0,0,0,0,0,0,no
0.009036,0,0,0,0,0,0,0,0,0,0,0,0,no
0.006024,0,0,0,0.007937,0,0,0,0,0,0,0,0,no
0.012048,0.047619,0,0,0.007937,0,0,0,0,0,0,0,0,no
0.009036,0,0,0,0,0,0,0,0,0,0,0,0,no
0.009036,0,0,0,0,0,0,0,0,0,0,0,0,no
0.009036,0.047619,0,0,0,0,0,0,0,0,0,0,0,no
0.009036,0,0,0,0.007937,0,0,0,0,0,0,0,0,no
0.009036,0,0.010638,0,0.007937,0,0,0,0,0,0,0,0,no
0.009036,0,0.010638,0,0.007937,0,0,0,0,0,0,0,0,no
0.009036,0,0,0,0.007937,0,0,0,0,0,0,0,0,no
0.009036,0.047619,0,0,0.007937,0,0,0,0,0,0,0,0,no
0.009036,0.047619,0,0,0.015873,0,0,0,0,0,0,0,0,no
0.009036,0,0,0,0.007937,0,0,0,0,0,0,0,0,no
0.006024,0,0,0,0.007937,0,0,0,0,0,0,0,0,no
0.009036,0.047619,0,0,0.007937,0,0,0,0,0,0,0,0,no
0.009036,0,0,0,0,0,0,0,0,0,0,0,0,no
0.009036,0,0,0,0,0,0,0,0,0,0,0,0,no
0.012048,0.095238,0,0,0,0,0,0,0,0,0,0,0,no
0.009036,0.047619,0,0,0,0,0,0,0,0,0,0,0,no
0.009036,0,0,0,0,0,0,0,0,0,0,0,0,no
0.009036,0,0,0,0,0,0,0,0,0,0,0,0,no
0.006024,0,0,0,0.007937,0,0,0,0,0,0,0,0,no
0.03012,0.285714,0,0,0.007937,0,0,0,0,0,0,0,0,no
0.081325,0,0,0,0,0,0.037037,0.083333,0.001124,0,0.00431,0.00431,0,no
0.009036,0,0,0,0,0,0,0,0,0,0,0,0,no
0.009036,0.047619,0,0,0,0,0,0,0,0,0,0,0,no
0.009036,0,0,0,0.007937,0,0,0,0,0,0,0,0,no
0.009036,0,0,0,0.007937,0,0,0,0,0,0,0,0,no
0.009036,0,0,0,0.007937,0,0,0,0,0,0,0,0,no
0.009036,0,0,0,0.007937,0,0,0,0,0,0,0,0,no
0.009036,0,0.010638,0,0.007937,0,0,0,0,0,0,0,0,no
0.009036,0,0,0,0.007937,0,0,0,0,0,0,0,0,no
0.009036,0,0.010638,0,0.007937,0,0,0,0,0,0,0,0,no
0.009036,0,0,0,0.007937,0,0,0,0,0,0,0,0,no
0.009036,0,0.010638,0,0.007937,0,0,0,0,0,0,0,0,no
0.009036,0,0.010638,0,0.007937,0,0,0,0,0,0,0,0,no
0.009036,0,0,0,0.007937,0,0,0,0,0,0,0,0,no
0.009036,0,0,0,0.007937,0,0,0,0,0,0,0,0,no
0.009036,0,0,0,0.007937,0,0,0,0,0,0,0,0,no
0.009036,0,0,0,0.007937,0,0,0,0,0,0,0,0,no
0.009036,0,0,0,0.007937,0,0,0,0,0,0,0,0,no
0.009036,0,0,0,0.007937,0,0,0,0,0,0,0,0,no
0.009036,0,0,0,0.007937,0,0,0,0,0,0,0,0,no
0.009036,0,0,0,0.007937,0,0,0,0,0,0,0,0,no
0.009036,0,0,0,0.007937,0,0,0,0,0,0,0,0,no
0.009036,0,0,0,0.007937,0,0.037037,0.083333,0.003371,0,0.012931,0.012931,0,no
0.009036,0,0,0,0.007937,0,0,0,0,0,0,0,0,no
0.009036,0,0,0,0.007937,0,0,0,0,0,0,0,0,no
0.009036,0,0,0,0.007937,0,0,0,0,0,0,0,0,no
0.009036,0,0,0,0.007937,0,0,0,0,0,0,0,0,no
0.009036,0,0,0,0.007937,0,0,0,0,0,0,0,0,no
0.009036,0,0,0,0.007937,0,0,0,0,0,0,0,0,no
0.009036,0,0,0,0.007937,0,0,0,0,0,0,0,0,no
0.009036,0,0,0,0.007937,0,0,0,0,0,0,0,0,no
0.009036,0,0,0,0.007937,0,0,0,0,0,0,0,0,no
0.009036,0,0,0,0.007937,0,0,0,0,0,0,0,0,no
0.009036,0,0,0,0.007937,0,0,0,0,0,0,0,0,no
0.009036,0,0,0,0.007937,0,0,0,0,0,0,0,0,no
0.009036,0,0,0,0.007937,0,0,0,0,0,0,0,0,no
0.009036,0,0,0,0.007937,0,0,0,0,0,0,0,0,no
0.009036,0,0,0,0.007937,0,0,0,0,0,0,0,0,no
0.009036,0,0,0,0.007937,0,0,0,0,0,0,0,0,no
0.009036,0,0,0,0.007937,0,0.037037,0.083333,0.003371,0,0.012931,0.012931,0,no
0.009036,0,0,0,0.007937,0,0,0,0,0,0,0,0,no
0.009036,0.047619,0,0,0.007937,0,0,0,0,0,0,0,0,no
0.012048,0.047619,0,0,0.015873,0,0,0,0,0,0,0,0,no
0.009036,0.047619,0,0,0.007937,0,0,0,0,0,0,0,0,no
0.012048,0.047619,0,0,0.015873,0,0,0,0,0,0,0,0,no
0.009036,0.047619,0,0,0.007937,0,0,0,0,0,0,0,0,no
0.012048,0.047619,0,0,0.015873,0,0,0,0,0,0,0,0,no
0.009036,0.047619,0,0,0.007937,0,0,0,0,0,0,0,0,no
0.009036,0.047619,0,0,0.015873,0,0,0,0,0,0,0,0,no
0.009036,0.047619,0,0,0.007937,0,0,0,0,0,0,0,0,no
0.009036,0.047619,0,0,0.007937,0,0,0,0,0,0,0,0,no
0.009036,0.047619,0,0,0.007937,0,0,0,0,0,0,0,0,no
0.009036,0.047619,0,0,0.007937,0,0,0,0,0,0,0,0,no
0.009036,0.047619,0,0,0.007937,0,0,0,0,0,0,0,0,no
0.012048,0.047619,0,0,0.015873,0,0,0,0,0,0,0,0,no
0.009036,0.047619,0,0,0.007937,0,0,0,0,0,0,0,0,no
0.012048,0.047619,0,0,0.015873,0,0,0,0,0,0,0,0,no
0.009036,0.047619,0,0,0.007937,0,0,0,0,0,0,0,0,no
0.012048,0.047619,0,0,0.015873,0,0,0,0,0,0,0,0,no
0.009036,0.047619,0,0,0.007937,0,0,0,0,0,0,0,0,no
0.012048,0.047619,0,0,0.015873,0,0,0,0,0,0,0,0,no
0.009036,0.047619,0,0,0.007937,0,0,0,0,0,0,0,0,no
0.009036,0.047619,0,0,0.015873,0,0,0,0,0,0,0,0,no
0.009036,0.047619,0,0,0.007937,0,0,0,0,0,0,0,0,no
0.009036,0.047619,0,0,0.015873,0,0.037037,0.083333,0.003371,0,0.012931,0.012931,0,no
0.012048,0.047619,0,0,0.015873,0,0,0,0,0,0,0,0,no
0.009036,0.047619,0,0,0.007937,0,0,0,0,0,0,0,0,no
0.009036,0,0,0,0.007937,0,0,0,0,0,0,0,0,no
0.009036,0,0,0,0.007937,0,0,0,0,0,0,0,0,no
0.009036,0,0,0,0.007937,0,0,0,0,0,0,0,0,no
0.009036,0,0,0,0.007937,0,0,0,0,0,0,0,0,no
0.009036,0,0,0,0.007937,0,0,0,0,0,0,0,0,no
0.009036,0,0,0,0.007937,0,0,0,0,0,0,0,0,no
0.009036,0,0,0,0.007937,0,0,0,0,0,0,0,0,no
0.009036,0,0,0,0.007937,0,0,0,0,0,0,0,0,no
0.009036,0,0,0,0.007937,0,0,0,0,0,0,0,0,no
0.009036,0,0,0,0.007937,0,0,0,0,0,0,0,0,no
0.009036,0,0,0,0.007937,0,0,0,0,0,0,0,0,no
0.009036,0,0,0,0.007937,0,0,0,0,0,0,0,0,no
0.009036,0,0,0,0.007937,0,0,0,0,0,0,0,0,no
0.009036,0,0,0,0.007937,0,0,0,0,0,0,0,0,no
0.009036,0,0,0,0.007937,0,0,0,0,0,0,0,0,no
0.009036,0,0,0,0.007937,0,0.037037,0.083333,0.003371,0,0.012931,0.012931,0,no
0.009036,0,0,0,0.007937,0,0,0,0,0,0,0,0,no
0.009036,0.047619,0,0,0.007937,0,0,0,0,0,0,0,0,no
0.009036,0,0,0,0,0,0,0,0,0,0,0,0,no
0.009036,0,0,0,0,0,0,0,0,0,0,0,0,no
0.012048,0.095238,0,0,0,0,0,0,0,0,0,0,0,no
0.009036,0.047619,0,0,0,0,0,0,0,0,0,0,0,no
0.009036,0,0,0,0,0,0,0,0,0,0,0,0,no
0.009036,0,0,0,0,0,0,0,0,0,0,0,0,no
0.009036,0.047619,0,0,0.007937,0,0,0,0,0,0,0,0,no
0.009036,0,0,0,0,0,0,0,0,0,0,0,0,no
0.006024,0,0,0,0.007937,0,0,0,0,0,0,0,0,no
0.012048,0.047619,0,0,0,0,0,0,0,0,0,0,0,no
0.159639,0,0,0,0,0,0.203704,0.25,0.032022,0.001775,0.073276,0.023511,1,no
0.009036,0,0,0,0,0,0,0,0,0,0,0,0,no
0.009036,0.047619,0,0,0,0,0,0,0,0,0,0,0,no
0.009036,0,0,0,0.007937,0,0,0,0,0,0,0,0,no
0.009036,0,0,0,0.007937,0,0,0,0,0,0,0,0,no
0.009036,0,0,0,0.007937,0,0,0,0,0,0,0,0,no
0.009036,0,0,0,0.007937,0,0.055556,0.125,0.005056,0,0.012931,0.012931,0,no
0.009036,0,0,0,0.007937,0,0.055556,0.125,0.005056,0,0.012931,0.012931,0,no
0.009036,0,0,0,0.007937,0,0.055556,0.125,0.005056,0,0.012931,0.012931,0,no
0.009036,0,0,0,0.007937,0,0.055556,0.125,0.005056,0,0.012931,0.012931,0,no
0.009036,0,0,0,0.007937,0,0,0,0,0,0,0,0,no
0.009036,0,0,0,0.007937,0,0,0,0,0,0,0,0,no
0.009036,0,0,0,0.007937,0,0,0,0,0,0,0,0,no
0.009036,0,0.010638,0,0.007937,0,0,0,0,0,0,0,0,no
0.009036,0,0,0,0.007937,0,0,0,0,0,0,0,0,no
0.009036,0,0.010638,0,0.007937,0,0,0,0,0,0,0,0,no
0.009036,0,0,0,0.007937,0,0,0,0,0,0,0,0,no
0.009036,0,0,0,0.007937,0,0,0,0,0,0,0,0,no
0.009036,0,0,0,0.007937,0,0,0,0,0,0,0,0,no
0.009036,0,0,0,0.007937,0,0,0,0,0,0,0,0,no
0.009036,0,0,0,0.007937,0,0,0,0,0,0,0,0,no
0.009036,0,0,0,0.007937,0,0,0,0,0,0,0,0,no
0.009036,0,0,0,0.007937,0,0,0,0,0,0,0,0,no
0.009036,0,0,0,0.007937,0,0,0,0,0,0,0,0,no
0.009036,0,0,0,0.007937,0,0,0,0,0,0,0,0,no
0.009036,0,0,0,0.007937,0,0.055556,0.125,0.005056,0,0.012931,0.012931,0,no
0.009036,0,0,0,0.007937,0,0.055556,0.125,0.005056,0,0.012931,0.012931,0,no
0.009036,0,0,0,0.007937,0,0.055556,0.125,0.005056,0,0.012931,0.012931,0,no
0.009036,0,0,0,0.007937,0,0.055556,0.125,0.005056,0,0.012931,0.012931,0,no
0.009036,0,0,0,0.007937,0,0,0,0,0,0,0,0,no
0.009036,0,0,0,0.007937,0,0,0,0,0,0,0,0,no
0.009036,0,0,0,0.007937,0,0.037037,0.083333,0.003371,0,0.012931,0.012931,0,no
0.009036,0,0,0,0.007937,0,0.037037,0.083333,0.003371,0,0.012931,0.012931,1,no
0.009036,0,0,0,0.007937,0,0,0,0,0,0,0,0,no
0.009036,0,0,0,0.007937,0,0.074074,0.166667,0.006742,0,0.012931,0.012931,0,no
0.009036,0,0,0,0.007937,0,0,0,0,0,0,0,0,no
0.009036,0,0,0,0.007937,0,0,0,0,0,0,0,0,no
0.009036,0,0.010638,0,0.007937,0,0,0,0,0,0,0,0,no
0.009036,0,0.010638,0,0.007937,0,0,0,0,0,0,0,0,no
0.009036,0,0,0,0.007937,0,0,0,0,0,0,0,0,no
0.009036,0,0,0,0.007937,0,0,0,0,0,0,0,0,no
0.009036,0,0,0,0.007937,0,0,0,0,0,0,0,0,no
0.009036,0,0,0,0.007937,0,0.055556,0.125,0.005056,0,0.012931,0.012931,0,no
0.009036,0,0,0,0.007937,0,0.055556,0.125,0.005056,0,0.012931,0.012931,0,no
0.009036,0,0,0,0.007937,0,0.055556,0.125,0.005056,0,0.012931,0.012931,0,no
0.009036,0,0,0,0.007937,0,0.055556,0.125,0.005056,0,0.012931,0.012931,0,no
0.009036,0,0,0,0.007937,0,0,0,0,0,0,0,0,no
0.009036,0,0,0,0.007937,0,0,0,0,0,0,0,0,no
0.009036,0,0,0,0.007937,0,0,0,0,0,0,0,0,no
0.009036,0,0,0,0.007937,0,0,0,0,0,0,0,0,no
0.009036,0,0,0,0.007937,0,0,0,0,0,0,0,0,no
0.009036,0,0,0,0.007937,0,0,0,0,0,0,0,0,no
0.009036,0,0,0,0.007937,0,0,0,0,0,0,0,0,no
0.009036,0,0,0,0.007937,0,0,0,0,0,0,0,0,no
0.009036,0,0,0,0.007937,0,0,0,0,0,0,0,0,no
0.009036,0,0,0,0.007937,0,0,0,0,0,0,0,0,no
0.009036,0,0,0,0.007937,0,0,0,0,0,0,0,0,no
0.009036,0,0,0,0.007937,0,0,0,0,0,0,0,0,no
0.009036,0,0,0,0.007937,0,0,0,0,0,0,0,0,no
0.009036,0,0,0,0.007937,0,0.055556,0.125,0.005056,0,0.012931,0.012931,0,no
0.009036,0,0,0,0.007937,0,0.055556,0.125,0.005056,0,0.012931,0.012931,0,no
0.009036,0,0,0,0.007937,0,0.055556,0.125,0.005056,0,0.012931,0.012931,0,no
0.009036,0,0,0,0.007937,0,0.055556,0.125,0.005056,0,0.012931,0.012931,0,no
0.009036,0,0,0,0.007937,0,0,0,0,0,0,0,0,no
0.009036,0,0,0,0.007937,0,0,0,0,0,0,0,0,no
0.009036,0,0,0,0.007937,0,0.037037,0.083333,0.003371,0,0.012931,0.012931,0,no
0.009036,0,0,0,0.007937,0,0.037037,0.083333,0.003371,0,0.012931,0.012931,1,no
0.009036,0,0,0,0.007937,0,0,0,0,0,0,0,0,no
0.009036,0,0,0,0.007937,0,0.074074,0.166667,0.006742,0,0.012931,0.012931,0,no
0.009036,0,0,0,0.007937,0,0,0,0,0,0,0,0,no
0.009036,0,0,0,0.007937,0,0,0,0,0,0,0,0,no
0.009036,0.047619,0,0,0.007937,0,0,0,0,0,0,0,0,no
0.012048,0.047619,0,0,0.015873,0,0,0,0,0,0,0,0,no
0.009036,0.047619,0,0,0.007937,0,0,0,0,0,0,0,0,no
0.012048,0.047619,0,0,0.015873,0,0,0,0,0,0,0,0,no
0.009036,0.047619,0,0,0.007937,0,0,0,0,0,0,0,0,no
0.012048,0.047619,0,0,0.015873,0,0,0,0,0,0,0,0,no
0.009036,0.047619,0,0,0.007937,0,0,0,0,0,0,0,0,no
0.012048,0.047619,0,0,0.015873,0,0.055556,0.125,0.006742,0,0.017241,0.017241,0,no
0.009036,0.047619,0,0,0.007937,0,0.055556,0.125,0.005056,0,0.012931,0.012931,0,no
0.012048,0.047619,0,0,0.015873,0,0.055556,0.125,0.006742,0,0.017241,0.017241,0,no
0.009036,0.047619,0,0,0.007937,0,0.055556,0.125,0.005056,0,0.012931,0.012931,0,no
0.012048,0.047619,0,0,0.015873,0,0.055556,0.125,0.006742,0,0.017241,0.017241,0,no
0.009036,0.047619,0,0,0.007937,0,0.055556,0.125,0.005056,0,0.012931,0.012931,0,no
0.012048,0.047619,0,0,0.015873,0,0.055556,0.125,0.006742,0,0.017241,0.017241,0,no
0.009036,0.047619,0,0,0.007937,0,0.055556,0.125,0.005056,0,0.012931,0.012931,0,no
0.009036,0.047619,0,0,0.015873,0,0,0,0,0,0,0,0,no
0.009036,0.047619,0,0,0.007937,0,0,0,0,0,0,0,0,no
0.009036,0.047619,0,0,0.015873,0,0,0,0,0,0,0,0,no
0.009036,0.047619,0,0,0.015873,0,0,0,0,0,0,0,0,no
0.009036,0.047619,0,0,0.007937,0,0,0,0,0,0,0,0,no
0.012048,0.047619,0,0,0.015873,0,0,0,0,0,0,0,0,no
0.009036,0.047619,0,0,0.007937,0,0,0,0,0,0,0,0,no
0.012048,0.047619,0,0,0.015873,0,0,0,0,0,0,0,0,no
0.009036,0.047619,0,0,0.007937,0,0,0,0,0,0,0,0,no
0.012048,0.047619,0,0,0.015873,0,0,0,0,0,0,0,0,no
0.009036,0.047619,0,0,0.007937,0,0,0,0,0,0,0,0,no
0.009036,0.047619,0,0,0.007937,0,0,0,0,0,0,0,0,no
0.012048,0.047619,0,0,0.015873,0,0,0,0,0,0,0,0,no
0.009036,0.047619,0,0,0.007937,0,0,0,0,0,0,0,0,no
0.012048,0.047619,0,0,0.015873,0,0,0,0,0,0,0,0,no
0.009036,0.047619,0,0,0.007937,0,0,0,0,0,0,0,0,no
0.012048,0.047619,0,0,0.015873,0,0,0,0,0,0,0,0,no
0.009036,0.047619,0,0,0.007937,0,0,0,0,0,0,0,0,no
0.012048,0.047619,0,0,0.015873,0,0,0,0,0,0,0,0,no
0.009036,0.047619,0,0,0.007937,0,0,0,0,0,0,0,0,no
0.012048,0.047619,0,0,0.015873,0,0.055556,0.125,0.006742,0,0.017241,0.017241,0,no
0.009036,0.047619,0,0,0.007937,0,0.055556,0.125,0.005056,0,0.012931,0.012931,0,no
0.012048,0.047619,0,0,0.015873,0,0.055556,0.125,0.006742,0,0.017241,0.017241,0,no
0.009036,0.047619,0,0,0.007937,0,0.055556,0.125,0.005056,0,0.012931,0.012931,0,no
0.012048,0.047619,0,0,0.015873,0,0.055556,0.125,0.006742,0,0.017241,0.017241,0,no
0.009036,0.047619,0,0,0.007937,0,0.055556,0.125,0.005056,0,0.012931,0.012931,0,no
0.012048,0.047619,0,0,0.015873,0,0.055556,0.125,0.006742,0,0.017241,0.017241,0,no
0.009036,0.047619,0,0,0.007937,0,0.055556,0.125,0.005056,0,0.012931,0.012931,0,no
0.009036,0.047619,0,0,0.015873,0,0,0,0,0,0,0,0,no
0.009036,0.047619,0,0,0.007937,0,0,0,0,0,0,0,0,no
0.009036,0.047619,0,0,0.015873,0,0.037037,0.083333,0.003371,0,0.012931,0.012931,0,no
0.009036,0.047619,0,0,0.015873,0,0.037037,0.083333,0.003371,0,0.012931,0.012931,1,no
0.009036,0.047619,0,0,0.015873,0,0,0,0,0,0,0,0,no
0.009036,0.047619,0,0,0.015873,0,0.074074,0.166667,0.006742,0,0.012931,0.012931,0,no
0.012048,0.047619,0,0,0.015873,0,0,0,0,0,0,0,0,no
0.009036,0.047619,0,0,0.007937,0,0,0,0,0,0,0,0,no
0.009036,0.047619,0,0,0.007937,0,0,0,0,0,0,0,0,no
0.009036,0,0,0,0.007937,0,0,0,0,0,0,0,0,no
0.009036,0,0,0,0.007937,0,0,0,0,0,0,0,0,no
0.009036,0,0,0,0.007937,0,0,0,0,0,0,0,0,no
0.009036,0,0,0,0.007937,0,0.055556,0.125,0.005056,0,0.012931,0.012931,0,no
0.009036,0,0,0,0.007937,0,0.055556,0.125,0.005056,0,0.012931,0.012931,0,no
0.009036,0,0,0,0.007937,0,0.055556,0.125,0.005056,0,0.012931,0.012931,0,no
0.009036,0,0,0,0.007937,0,0.055556,0.125,0.005056,0,0.012931,0.012931,0,no
0.009036,0,0,0,0.007937,0,0,0,0,0,0,0,0,no
0.009036,0,0,0,0.007937,0,0,0,0,0,0,0,0,no
0.009036,0,0,0,0.007937,0,0,0,0,0,0,0,0,no
0.009036,0,0,0,0.007937,0,0,0,0,0,0,0,0,no
0.009036,0,0,0,0.007937,0,0,0,0,0,0,0,0,no
0.009036,0,0,0,0.007937,0,0,0,0,0,0,0,0,no
0.009036,0,0,0,0.007937,0,0,0,0,0,0,0,0,no
0.009036,0,0,0,0.007937,0,0,0,0,0,0,0,0,no
0.009036,0,0,0,0.007937,0,0,0,0,0,0,0,0,no
0.009036,0,0,0,0.007937,0,0,0,0,0,0,0,0,no
0.009036,0,0,0,0.007937,0,0,0,0,0,0,0,0,no
0.009036,0,0,0,0.007937,0,0,0,0,0,0,0,0,no
0.009036,0,0,0,0.007937,0,0,0,0,0,0,0,0,no
0.009036,0,0,0,0.007937,0,0.055556,0.125,0.005056,0,0.012931,0.012931,0,no
0.009036,0,0,0,0.007937,0,0.055556,0.125,0.005056,0,0.012931,0.012931,0,no
0.009036,0,0,0,0.007937,0,0.055556,0.125,0.005056,0,0.012931,0.012931,0,no
0.009036,0,0,0,0.007937,0,0.055556,0.125,0.005056,0,0.012931,0.012931,0,no
0.009036,0,0,0,0.007937,0,0,0,0,0,0,0,0,no
0.009036,0,0,0,0.007937,0,0,0,0,0,0,0,0,no
0.009036,0,0,0,0.007937,0,0.037037,0.083333,0.003371,0,0.012931,0.012931,0,no
0.009036,0,0,0,0.007937,0,0.037037,0.083333,0.003371,0,0.012931,0.012931,1,no
0.009036,0,0,0,0.007937,0,0,0,0,0,0,0,0,no
0.009036,0,0,0,0.007937,0,0.074074,0.166667,0.006742,0,0.012931,0.012931,0,no
0.009036,0,0,0,0.007937,0,0,0,0,0,0,0,0,no
0.009036,0,0,0,0.007937,0,0,0,0,0,0,0,0,no
0.009036,0.047619,0,0,0.007937,0,0,0,0,0,0,0,0,no
0.009036,0,0,0,0,0,0,0,0,0,0,0,0,no
0.009036,0,0,0,0,0,0,0,0,0,0,0,0,no
0.012048,0.095238,0,0,0,0,0,0,0,0,0,0,0,no
0.009036,0.047619,0,0,0,0,0,0,0,0,0,0,0,no
0.009036,0,0,0,0,0,0,0,0,0,0,0,0,no
0.009036,0,0,0,0,0,0,0,0,0,0,0,0,no
0.006024,0,0,0,0.007937,0,0,0,0,0,0,0,0,no
0.021084,0,0,0,0,0,0,0,0,0,0,0,0,no
0.009036,0,0,0,0,0,0,0,0,0,0,0,0,no
0.009036,0.047619,0,0,0,0,0,0,0,0,0,0,0,no
0.009036,0,0,0,0.007937,0,0,0,0,0,0,0,0,no
0.009036,0,0.010638,0,0.007937,0,0,0,0,0,0,0,0,no
0.009036,0,0,0,0.007937,0,0,0,0,0,0,0,0,no
0.009036,0,0.010638,0,0.007937,0,0,0,0,0,0,0,0,no
0.009036,0,0,0,0.007937,0,0,0,0,0,0,0,0,no
0.009036,0,0.010638,0,0.007937,0,0,0,0,0,0,0,0,no
0.009036,0,0,0,0.007937,0,0,0,0,0,0,0,0,no
0.009036,0,0.010638,0,0.007937,0,0,0,0,0,0,0,0,no
0.009036,0,0,0,0.007937,0,0,0,0,0,0,0,0,no
0.009036,0,0.010638,0,0.007937,0,0,0,0,0,0,0,0,no
0.009036,0,0,0,0.007937,0,0,0,0,0,0,0,0,no
0.009036,0,0,0,0.007937,0,0,0,0,0,0,0,0,no
0.009036,0,0,0,0.007937,0,0,0,0,0,0,0,0,no
0.009036,0,0,0,0.007937,0,0,0,0,0,0,0,0,no
0.009036,0,0,0,0.007937,0,0,0,0,0,0,0,0,no
0.009036,0.047619,0,0,0.007937,0,0,0,0,0,0,0,0,no
0.009036,0.047619,0,0,0.015873,0,0,0,0,0,0,0,0,no
0.009036,0.047619,0,0,0.015873,0,0,0,0,0,0,0,0,no
0.009036,0.047619,0,0,0.015873,0,0,0,0,0,0,0,0,no
0.009036,0.047619,0,0,0.015873,0,0,0,0,0,0,0,0,no
0.009036,0.047619,0,0,0.015873,0,0,0,0,0,0,0,0,no
0.009036,0,0,0,0.007937,0,0,0,0,0,0,0,0,no
0.009036,0,0,0,0.007937,0,0,0,0,0,0,0,0,no
0.009036,0,0,0,0.007937,0,0,0,0,0,0,0,0,no
0.009036,0,0,0,0.007937,0,0,0,0,0,0,0,0,no
0.009036,0,0,0,0.007937,0,0,0,0,0,0,0,0,no
0.006024,0,0,0,0.007937,0,0,0,0,0,0,0,0,no
0.009036,0.047619,0,0,0.007937,0,0,0,0,0,0,0,0,no
0.009036,0,0,0,0,0,0,0,0,0,0,0,0,no
0.009036,0,0,0,0,0,0,0,0,0,0,0,0,no
0.012048,0.095238,0,0,0,0,0,0,0,0,0,0,0,no
0.009036,0.047619,0,0,0,0,0,0,0,0,0,0,0,no
0.009036,0,0,0,0,0,0,0,0,0,0,0,0,no
0.009036,0,0,0,0,0,0,0,0,0,0,0,0,no
0.009036,0.047619,0,0,0.007937,0,0,0,0,0,0,0,0,no
0.009036,0,0,0,0,0,0,0,0,0,0,0,0,no
0.006024,0,0,0,0.007937,0,0,0,0,0,0,0,0,no
0.042169,0.333333,0,0,0.031746,0,0,0,0,0,0,0,0,no
0.093373,0,0,0,0,0,0.111111,0.25,0.003371,0,0.00431,0.00431,0,no
0.009036,0,0,0,0,0,0,0,0,0,0,0,0,no
0.009036,0.047619,0,0,0,0,0,0,0,0,0,0,0,no
0.009036,0,0,0,0.007937,0,0,0,0,0,0,0,0,no
0.009036,0,0,0,0.007937,0,0,0,0,0,0,0,0,no
0.009036,0,0,0,0.007937,0,0,0,0,0,0,0,0,no
0.009036,0,0,0,0.007937,0,0,0,0,0,0,0,0,no
0.009036,0,0,0,0.007937,0,0,0,0,0,0,0,0,no
0.009036,0,0,0,0.007937,0,0,0,0,0,0,0,0,no
0.009036,0,0,0,0.007937,0,0,0,0,0,0,0,0,no
0.009036,0,0,0,0.007937,0,0,0,0,0,0,0,0,no
0.009036,0,0,0,0.007937,0,0,0,0,0,0,0,0,no
0.009036,0,0,0,0.007937,0,0,0,0,0,0,0,0,no
0.009036,0,0,0,0.007937,0,0,0,0,0,0,0,0,no
0.009036,0,0,0,0.007937,0,0,0,0,0,0,0,0,no
0.009036,0,0,0,0.007937,0,0,0,0,0,0,0,0,no
0.009036,0,0,0,0.007937,0,0,0,0,0,0,0,0,no
0.009036,0,0,0,0.007937,0,0,0,0,0,0,0,0,no
0.009036,0,0,0,0.007937,0,0.037037,0.083333,0.003371,0,0.012931,0.012931,0,no
0.009036,0,0,0,0.007937,0,0.074074,0.166667,0.006742,0,0.012931,0.012931,0,no
0.009036,0,0,0,0.007937,0,0,0,0,0,0,0,0,no
0.009036,0,0,0,0.007937,0,0,0,0,0,0,0,0,no
0.009036,0,0,0,0.007937,0,0,0,0,0,0,0,0,no
0.009036,0,0,0,0.007937,0,0,0,0,0,0,0,0,no
0.009036,0,0,0,0.007937,0,0,0,0,0,0,0,0,no
0.009036,0,0,0,0.007937,0,0,0,0,0,0,0,0,no
0.009036,0,0,0,0.007937,0,0,0,0,0,0,0,0,no
0.009036,0,0,0,0.007937,0,0,0,0,0,0,0,0,no
0.009036,0,0,0,0.007937,0,0,0,0,0,0,0,0,no
0.009036,0,0,0,0.007937,0,0,0,0,0,0,0,0,no
0.009036,0,0,0,0.007937,0,0,0,0,0,0,0,0,no
0.009036,0,0,0,0.007937,0,0,0,0,0,0,0,0,no
0.009036,0,0,0,0.007937,0,0,0,0,0,0,0,0,no
0.009036,0,0,0,0.007937,0,0,0,0,0,0,0,0,no
0.009036,0,0,0,0.007937,0,0,0,0,0,0,0,0,no
0.009036,0,0,0,0.007937,0,0,0,0,0,0,0,0,no
0.009036,0,0,0,0.007937,0,0.037037,0.083333,0.003371,0,0.012931,0.012931,0,no
0.009036,0,0,0,0.007937,0,0.074074,0.166667,0.006742,0,0.012931,0.012931,0,no
0.009036,0,0,0,0.007937,0,0,0,0,0,0,0,0,no
0.009036,0.047619,0,0,0.007937,0,0,0,0,0,0,0,0,no
0.012048,0.047619,0,0,0.015873,0,0,0,0,0,0,0,0,no
0.009036,0.047619,0,0,0.007937,0,0,0,0,0,0,0,0,no
0.012048,0.047619,0,0,0.015873,0,0,0,0,0,0,0,0,no
0.009036,0.047619,0,0,0.007937,0,0,0,0,0,0,0,0,no
0.012048,0.047619,0,0,0.015873,0,0,0,0,0,0,0,0,no
0.009036,0.047619,0,0,0.007937,0,0,0,0,0,0,0,0,no
0.009036,0.047619,0,0,0.007937,0,0,0,0,0,0,0,0,no
0.009036,0.047619,0,0,0.007937,0,0,0,0,0,0,0,0,no
0.012048,0.047619,0,0,0.015873,0,0,0,0,0,0,0,0,no
0.009036,0.047619,0,0,0.007937,0,0,0,0,0,0,0,0,no
0.012048,0.047619,0,0,0.015873,0,0,0,0,0,0,0,0,no
0.009036,0.047619,0,0,0.007937,0,0,0,0,0,0,0,0,no
0.012048,0.047619,0,0,0.015873,0,0,0,0,0,0,0,0,no
0.009036,0.047619,0,0,0.007937,0,0,0,0,0,0,0,0,no
0.009036,0.047619,0,0,0.007937,0,0,0,0,0,0,0,0,no
0.012048,0.047619,0,0,0.015873,0,0,0,0,0,0,0,0,no
0.009036,0.047619,0,0,0.007937,0,0,0,0,0,0,0,0,no
0.012048,0.047619,0,0,0.015873,0,0,0,0,0,0,0,0,no
0.009036,0.047619,0,0,0.007937,0,0,0,0,0,0,0,0,no
0.012048,0.047619,0,0,0.015873,0,0,0,0,0,0,0,0,no
0.009036,0.047619,0,0,0.007937,0,0,0,0,0,0,0,0,no
0.012048,0.047619,0,0,0.015873,0,0,0,0,0,0,0,0,no
0.009036,0.047619,0,0,0.007937,0,0,0,0,0,0,0,0,no
0.009036,0.047619,0,0,0.015873,0,0,0,0,0,0,0,0,no
0.009036,0.047619,0,0,0.007937,0,0,0,0,0,0,0,0,no
0.009036,0.047619,0,0,0.015873,0,0.037037,0.083333,0.003371,0,0.012931,0.012931,0,no
0.009036,0.047619,0,0,0.015873,0,0.074074,0.166667,0.006742,0,0.012931,0.012931,0,no
0.012048,0.047619,0,0,0.015873,0,0,0,0,0,0,0,0,no
0.009036,0.047619,0,0,0.007937,0,0,0,0,0,0,0,0,no
0.009036,0,0,0,0.007937,0,0,0,0,0,0,0,0,no
0.009036,0,0,0,0.007937,0,0,0,0,0,0,0,0,no
0.009036,0,0,0,0.007937,0,0,0,0,0,0,0,0,no
0.009036,0,0,0,0.007937,0,0,0,0,0,0,0,0,no
0.009036,0,0,0,0.007937,0,0,0,0,0,0,0,0,no
0.009036,0,0,0,0.007937,0,0,0,0,0,0,0,0,no
0.009036,0,0,0,0.007937,0,0,0,0,0,0,0,0,no
0.009036,0,0,0,0.007937,0,0,0,0,0,0,0,0,no
0.009036,0,0,0,0.007937,0,0,0,0,0,0,0,0,no
0.009036,0,0,0,0.007937,0,0,0,0,0,0,0,0,no
0.009036,0,0,0,0.007937,0,0,0,0,0,0,0,0,no
0.009036,0,0,0,0.007937,0,0,0,0,0,0,0,0,no
0.009036,0,0,0,0.007937,0,0,0,0,0,0,0,0,no
0.009036,0,0,0,0.007937,0,0,0,0,0,0,0,0,no
0.009036,0,0,0,0.007937,0,0,0,0,0,0,0,0,no
0.009036,0,0,0,0.007937,0,0.037037,0.083333,0.003371,0,0.012931,0.012931,0,no
0.009036,0,0,0,0.007937,0,0.074074,0.166667,0.006742,0,0.012931,0.012931,0,no
0.009036,0,0,0,0.007937,0,0,0,0,0,0,0,0,no
0.009036,0.047619,0,0,0.007937,0,0,0,0,0,0,0,0,no
0.009036,0,0,0,0,0,0,0,0,0,0,0,0,no
0.009036,0,0,0,0,0,0,0,0,0,0,0,0,no
0.012048,0.095238,0,0,0,0,0,0,0,0,0,0,0,no
0.009036,0.047619,0,0,0,0,0,0,0,0,0,0,0,no
0.009036,0,0,0,0,0,0,0,0,0,0,0,0,no
0.009036,0,0,0,0,0,0,0,0,0,0,0,0,no
0.006024,0,0,0,0.007937,0,0,0,0,0,0,0,0,no
0.024096,0.047619,0,0,0,0,0.055556,0.125,0.003371,0,0.008621,0.008621,0,no
0.036145,0,0,0,0,0,0.055556,0.125,0.006742,0,0.017241,0.017241,0,no
0.009036,0,0,0,0,0,0,0,0,0,0,0,0,no
0.009036,0.047619,0,0,0,0,0,0,0,0,0,0,0,no
0.009036,0,0,0,0.007937,0,0,0,0,0,0,0,0,no
0.009036,0,0,0,0.007937,0,0,0,0,0,0,0,0,no
0.009036,0,0,0,0.007937,0,0,0,0,0,0,0,0,no
0.009036,0,0,0,0.007937,0,0.055556,0.125,0.005056,0,0.012931,0.012931,0,no
0.009036,0,0,0,0.007937,0,0.055556,0.125,0.005056,0,0.012931,0.012931,0,no
0.009036,0,0,0,0.007937,0,0,0,0,0,0,0,0,no
0.009036,0,0,0,0.007937,0,0,0,0,0,0,0,0,no
0.009036,0,0,0,0.007937,0,0,0,0,0,0,0,0,no
0.009036,0,0,0,0.007937,0,0.055556,0.125,0.005056,0,0.012931,0.012931,0,no
0.009036,0,0,0,0.007937,0,0.055556,0.125,0.005056,0,0.012931,0.012931,0,no
0.009036,0.047619,0,0,0.007937,0,0,0,0,0,0,0,0,no
0.012048,0.047619,0,0,0.007937,0,0,0,0,0,0,0,0,no
0.009036,0.047619,0,0,0.007937,0,0,0,0,0,0,0,0,no
0.012048,0.047619,0,0,0.015873,0,0,0,0,0,0,0,0,no
0.009036,0.047619,0,0,0.007937,0,0,0,0,0,0,0,0,no
0.012048,0.047619,0,0,0.015873,0,0,0,0,0,0,0,0,no
0.009036,0.047619,0,0,0.007937,0,0,0,0,0,0,0,0,no
0.012048,0.047619,0,0,0.015873,0,0.055556,0.125,0.006742,0,0.017241,0.017241,0,no
0.009036,0.047619,0,0,0.007937,0,0.055556,0.125,0.005056,0,0.012931,0.012931,0,no
0.012048,0.047619,0,0,0.015873,0,0.055556,0.125,0.006742,0,0.017241,0.017241,0,no
0.009036,0.047619,0,0,0.007937,0,0.055556,0.125,0.005056,0,0.012931,0.012931,0,no
0.009036,0,0,0,0.007937,0,0,0,0,0,0,0,0,no
0.009036,0,0,0,0.007937,0,0,0,0,0,0,0,0,no
0.009036,0,0,0,0.007937,0,0,0,0,0,0,0,0,no
0.009036,0,0,0,0.007937,0,0.055556,0.125,0.005056,0,0.012931,0.012931,0,no
0.009036,0,0,0,0.007937,0,0.055556,0.125,0.005056,0,0.012931,0.012931,0,no
0.006024,0,0,0,0.007937,0,0,0,0,0,0,0,0,no
0.009036,0.047619,0,0,0.007937,0,0,0,0,0,0,0,0,no
0.009036,0,0,0,0,0,0,0,0,0,0,0,0,no
0.009036,0,0,0,0,0,0,0,0,0,0,0,0,no
0.012048,0.095238,0,0,0,0,0,0,0,0,0,0,0,no
0.009036,0.047619,0,0,0,0,0,0,0,0,0,0,0,no
0.009036,0,0,0,0,0,0,0,0,0,0,0,0,no
0.009036,0,0,0,0,0,0,0,0,0,0,0,0,no
0.006024,0,0,0,0.007937,0,0,0,0,0,0,0,0,no
0.081325,0,0,0,0,0,0,0,0,0,0,0,0,no
0.009036,0,0,0,0,0,0,0,0,0,0,0,0,no
0.009036,0.047619,0,0,0,0,0,0,0,0,0,0,0,no
0.009036,0,0,0,0.007937,0,0,0,0,0,0,0,0,no
0.009036,0,0,0,0.007937,0,0,0,0,0,0,0,0,no
0.009036,0,0,0,0.007937,0,0,0,0,0,0,0,0,no
0.009036,0,0,0,0.007937,0,0,0,0,0,0,0,0,no
0.009036,0,0.010638,0,0.007937,0,0,0,0,0,0,0,0,no
0.009036,0,0,0,0.007937,0,0,0,0,0,0,0,0,no
0.009036,0,0,0,0.007937,0,0,0,0,0,0,0,0,no
0.009036,0,0,0,0.007937,0,0,0,0,0,0,0,0,no
0.009036,0,0,0,0.007937,0,0,0,0,0,0,0,0,no
0.009036,0,0,0,0.007937,0,0,0,0,0,0,0,0,no
0.009036,0,0,0,0.007937,0,0,0,0,0,0,0,0,no
0.009036,0,0,0,0.007937,0,0,0,0,0,0,0,0,no
0.009036,0,0,0,0.007937,0,0,0,0,0,0,0,0,no
0.009036,0,0,0,0.007937,0,0,0,0,0,0,0,0,no
0.009036,0,0,0,0.007937,0,0,0,0,0,0,0,0,no
0.009036,0,0,0,0.007937,0,0,0,0,0,0,0,0,no
0.009036,0,0,0,0.007937,0,0,0,0,0,0,0,0,no
0.009036,0,0,0,0.007937,0,0,0,0,0,0,0,0,no
0.009036,0,0,0,0.007937,0,0,0,0,0,0,0,0,no
0.009036,0,0,0,0.007937,0,0,0,0,0,0,0,0,no
0.009036,0,0,0,0.007937,0,0,0,0,0,0,0,0,no
0.009036,0,0,0,0.007937,0,0,0,0,0,0,0,0,no
0.009036,0,0,0,0.007937,0,0,0,0,0,0,0,0,no
0.009036,0,0,0,0.007937,0,0,0,0,0,0,0,0,no
0.009036,0,0,0,0.007937,0,0,0,0,0,0,0,0,no
0.009036,0,0,0,0.007937,0,0,0,0,0,0,0,0,no
0.009036,0,0,0,0.007937,0,0,0,0,0,0,0,0,no
0.009036,0,0,0,0.007937,0,0,0,0,0,0,0,0,no
0.009036,0,0,0,0.007937,0,0,0,0,0,0,0,0,no
0.009036,0,0,0,0.007937,0,0,0,0,0,0,0,0,no
0.009036,0,0,0,0.007937,0,0,0,0,0,0,0,0,no
0.009036,0.047619,0,0,0.007937,0,0,0,0,0,0,0,0,no
0.012048,0.047619,0,0,0.015873,0,0,0,0,0,0,0,0,no
0.009036,0.047619,0,0,0.007937,0,0,0,0,0,0,0,0,no
0.012048,0.047619,0,0,0.015873,0,0,0,0,0,0,0,0,no
0.009036,0.047619,0,0,0.007937,0,0,0,0,0,0,0,0,no
0.012048,0.047619,0,0,0.015873,0,0,0,0,0,0,0,0,no
0.009036,0.047619,0,0,0.007937,0,0,0,0,0,0,0,0,no
0.009036,0.047619,0,0,0.015873,0,0,0,0,0,0,0,0,no
0.009036,0.047619,0,0,0.007937,0,0,0,0,0,0,0,0,no
0.012048,0.047619,0,0,0.015873,0,0,0,0,0,0,0,0,no
0.009036,0.047619,0,0,0.007937,0,0,0,0,0,0,0,0,no
0.012048,0.047619,0,0,0.007937,0,0,0,0,0,0,0,0,no
0.009036,0.047619,0,0,0.007937,0,0,0,0,0,0,0,0,no
0.012048,0.047619,0,0,0.015873,0,0,0,0,0,0,0,0,no
0.009036,0.047619,0,0,0.007937,0,0,0,0,0,0,0,0,no
0.012048,0.047619,0,0,0.015873,0,0,0,0,0,0,0,0,no
0.009036,0.047619,0,0,0.007937,0,0,0,0,0,0,0,0,no
0.012048,0.047619,0,0,0.015873,0,0,0,0,0,0,0,0,no
0.009036,0.047619,0,0,0.007937,0,0,0,0,0,0,0,0,no
0.009036,0.047619,0,0,0.015873,0,0,0,0,0,0,0,0,no
0.012048,0.047619,0,0,0.015873,0,0,0,0,0,0,0,0,no
0.009036,0.047619,0,0,0.007937,0,0,0,0,0,0,0,0,no
0.009036,0.047619,0,0,0.015873,0,0,0,0,0,0,0,0,no
0.009036,0.047619,0,0,0.015873,0,0,0,0,0,0,0,0,no
0.012048,0.047619,0,0,0.015873,0,0,0,0,0,0,0,0,no
0.009036,0.047619,0,0,0.007937,0,0,0,0,0,0,0,0,no
0.009036,0,0,0,0.007937,0,0,0,0,0,0,0,0,no
0.009036,0,0,0,0.007937,0,0,0,0,0,0,0,0,no
0.009036,0,0,0,0.007937,0,0,0,0,0,0,0,0,no
0.009036,0,0,0,0.007937,0,0,0,0,0,0,0,0,no
0.009036,0,0,0,0.007937,0,0,0,0,0,0,0,0,no
0.009036,0,0,0,0.007937,0,0,0,0,0,0,0,0,no
0.009036,0,0,0,0.007937,0,0,0,0,0,0,0,0,no
0.009036,0,0,0,0.007937,0,0,0,0,0,0,0,0,no
0.009036,0,0,0,0.007937,0,0,0,0,0,0,0,0,no
0.009036,0,0,0,0.007937,0,0,0,0,0,0,0,0,no
0.009036,0,0,0,0.007937,0,0,0,0,0,0,0,0,no
0.009036,0,0,0,0.007937,0,0,0,0,0,0,0,0,no
0.009036,0,0,0,0.007937,0,0,0,0,0,0,0,0,no
0.009036,0,0,0,0.007937,0,0,0,0,0,0,0,0,no
0.009036,0,0,0,0.007937,0,0,0,0,0,0,0,0,no
0.006024,0,0,0,0.007937,0,0,0,0,0,0,0,0,no
0.009036,0.047619,0,0,0.007937,0,0,0,0,0,0,0,0,no
0.009036,0,0,0,0,0,0,0,0,0,0,0,0,no
0.009036,0,0,0,0,0,0,0,0,0,0,0,0,no
0.012048,0.095238,0,0,0,0,0,0,0,0,0,0,0,no
0.009036,0.047619,0,0,0,0,0,0,0,0,0,0,0,no
0.009036,0,0,0,0,0,0,0,0,0,0,0,0,no
0.009036,0,0,0,0,0,0,0,0,0,0,0,0,no
0,0.095238,0,0,0,0,0,0,0,0,0,0,0,no
0,0.142857,0,0,0,0,0,0,0,0,0,0,0,no
0.01506,0.142857,0,0,0,0,0,0,0,0,0,0,0,no
0.009036,0,0,0,0,0,0,0,0,0,0,0,0,no
0.009036,0,0,0,0,0,0,0,0,0,0,0,0,no
0.009036,0,0,0,0,0,0,0,0,0,0,0,0,no
0.009036,0,0,0,0,0,0,0,0,0,0,0,0,no
0,0.047619,0,0,0,0,0.037037,0.083333,0,0,0,0,0,no
0.009036,0.047619,0,0,0,0,0.037037,0.083333,0.003371,0,0.012931,0.012931,0,no
0.01506,0.142857,0,0,0,0.016129,0.037037,0.083333,0.005618,0,0.021552,0.021552,0,no
0.012048,0.047619,0,0,0,0,0.037037,0.083333,0.004494,0,0.017241,0.017241,0,no
0.009036,0.047619,0,0,0,0,0,0,0,0,0,0,0,no
0.006024,0,0,0,0,0,0,0,0,0,0,0,0,no
0.009036,0.047619,0,0,0,0,0,0,0,0,0,0,0,no
0.006024,0.047619,0,0,0.007937,0,0,0,0,0,0,0,0,no
0.006024,0.047619,0,0,0.007937,0,0,0,0,0,0,0,0,no
0.006024,0.047619,0,0,0.007937,0,0,0,0,0,0,0,0,no
0.006024,0,0,0,0.007937,0,0,0,0,0,0,0,0,no
0.006024,0.047619,0,0,0.007937,0,0,0,0,0,0,0,0,no
0.006024,0.095238,0,0,0.007937,0,0,0,0,0,0,0,0,no
0.006024,0.047619,0,0,0.007937,0,0,0,0,0,0,0,0,no
0.006024,0.047619,0,0,0.007937,0,0,0,0,0,0,0,0,no
0.006024,0,0,0,0,0,0,0,0,0,0,0,0,no
0.006024,0.095238,0,0,0,0,0,0,0,0,0,0,0,no
0,0.047619,0,0,0,0,0,0,0,0,0,0,0,no
0,0.047619,0,0,0,0,0,0,0,0,0,0,0,no
0,0.047619,0,0,0,0,0,0,0,0,0,0,0,no
0,0,0,0,0,0,0,0,0,0,0,0,0,no
0,0.047619,0,0,0,0,0,0,0,0,0,0,0,no
0,0.095238,0,0,0,0,0,0,0,0,0,0,0,no
0,0.047619,0,0,0,0,0,0,0,0,0,0,0,no
0,0.047619,0,0,0,0,0,0,0,0,0,0,0,no
0,0,0,0,0,0,0,0,0,0,0,0,0,no
0,0.095238,0,0,0,0,0,0,0,0,0,0,0,no
0.006024,0,0,0,0.007937,0,0,0,0,0,0,0,0,no
0.009036,0.047619,0,0,0,0,0,0,0,0,0,0,0,no
0.009036,0.095238,0,0,0,0,0,0,0,0,0,0,0,no
0.009036,0.047619,0,0,0,0,0,0,0,0,0,0,0,no
0.01506,0.142857,0,0,0,0,0,0,0,0,0,0,0,no
0.01506,0.142857,0,0,0,0,0,0,0,0,0,0,0,no
0.01506,0.142857,0,0,0,0,0,0,0,0,0,0,0,no
0.018072,0.190476,0,0,0,0,0,0,0,0,0,0,0,no
0.01506,0.142857,0,0,0,0,0,0,0,0,0,0,0,no
0.01506,0.142857,0,0,0,0,0,0,0,0,0,0,0,no
0.012048,0.095238,0,0,0,0,0.037037,0.041667,0.004494,0,0.017241,0.017241,0,no
0.009036,0.047619,0,0,0,0,0.037037,0.041667,0.003371,0,0.012931,0.012931,0,no
0.009036,0.095238,0,0,0,0,0.037037,0.041667,0.003371,0,0.012931,0.012931,0,no
0.009036,0.047619,0,0,0,0,0.037037,0.041667,0.003371,0,0.012931,0.012931,0,no
0.006024,0.047619,0,0,0,0,0.037037,0.041667,0.002247,0,0.008621,0.008621,0,no
0.009036,0.095238,0,0,0,0,0.037037,0.041667,0.003371,0,0.012931,0.012931,0,no
0.009036,0.047619,0,0,0,0,0.037037,0.041667,0.003371,0,0.012931,0.012931,0,no
0.009036,0.047619,0,0,0,0,0.037037,0.041667,0.003371,0,0.012931,0.012931,0,no
0.009036,0.142857,0,0,0,0,0.037037,0.041667,0.003371,0,0.012931,0.012931,0,no
0,0,0,0,0,0,0,0,0,0,0,0,0,no
0.01506,0.142857,0,0,0,0,0,0,0,0,0,0,0,no
0.009036,0,0,0,0,0,0,0,0,0,0,0,0,no
0,0,0,0,0.007937,0,0,0,0,0,0,0,0,no
0,0.047619,0,0,0.007937,0,0,0,0,0,0,0,0,no
0,0,0,0,0.007937,0,0.037037,0.083333,0,0,0,0,1,no
0,0.047619,0,0,0.007937,0,0,0,0,0,0,0,0,no
0,0.047619,0,0,0.007937,0,0,0,0,0,0,0,0,no
0,0.095238,0,0,0.007937,0,0,0,0,0,0,0,0,no
0,0.047619,0,0,0.007937,0,0,0,0,0,0,0,0,no
0,0.047619,0,0,0.007937,0,0,0,0,0,0,0,0,no
0,0.095238,0,0,0.015873,0,0,0,0,0,0,0,0,no
0,0.142857,0,0,0.015873,0,0,0,0,0,0,0,0,no
0,0.047619,0,0,0.007937,0,0,0,0,0,0,0,0,no
0,0,0,0,0.007937,0,0,0,0,0,0,0,0,no
0.012048,0.095238,0,0,0,0,0,0,0,0,0,0,0,no
0.009036,0,0,0,0,0,0,0,0,0,0,0,0,no
0.018072,0,0,0,0,0.016129,0,0,0,0,0,0,0,no
0.009036,0,0,0,0,0,0,0,0,0,0,0,0,no
0.009036,0.095238,0,0,0.007937,0,0,0,0,0,0,0,0,no
0.009036,0.142857,0,0,0.007937,0,0,0,0,0,0,0,0,no
0.006024,0.047619,0,0,0,0,0,0,0,0,0,0,0,no
0.006024,0,0,0,0,0,0,0,0,0,0,0,0,no
0.009036,0.047619,0,0,0,0,0,0,0,0,0,0,0,no
0.009036,0,0,0,0,0,0.037037,0.083333,0.003371,0,0.012931,0.012931,1,no
0.009036,0.047619,0,0,0,0,0,0,0,0,0,0,0,no
0.009036,0.047619,0,0,0,0,0,0,0,0,0,0,0,no
0.018072,0.047619,0,0,0,0.016129,0,0,0,0,0,0,0,no
0.009036,0.047619,0,0,0,0,0.037037,0.083333,0.003371,0,0.012931,0.012931,1,no
0.006024,0,0,0,0,0,0,0,0,0,0,0,0,no
0.009036,0,0,0,0,0,0.037037,0.083333,0.003371,0,0.012931,0.012931,1,no
0.009036,0.047619,0,0,0,0,0,0,0,0,0,0,0,no
0.009036,0.047619,0,0,0,0,0,0,0,0,0,0,0,no
0.009036,0.095238,0,0,0,0,0,0,0,0,0,0,0,no
0.009036,0.047619,0,0,0,0,0,0,0,0,0,0,0,no
0.060241,0.285714,0,0,0,0.080645,0.055556,0.083333,0.001685,0.001775,0.008621,0.008621,0,no
0.006024,0.047619,0,0,0,0,0,0,0,0,0,0,0,no
0.009036,0,0,0,0,0,0,0,0,0,0,0,0,no
0.009036,0.047619,0,0,0,0,0,0,0,0,0,0,0,no
0.024096,0.142857,0,0,0,0.016129,0.018519,0.041667,0.000562,0.000592,0.008621,0.008621,0,no
0.012048,0.047619,0,0,0,0.016129,0,0,0,0,0,0,0,no
0.009036,0,0,0,0,0,0.018519,0.041667,0.000562,0.000592,0.008621,0.008621,0,no
0.009036,0,0,0,0,0,0,0,0,0,0,0,0,no
0.009036,0,0,0,0,0,0.037037,0.083333,0.003371,0,0.012931,0.012931,1,no
0.009036,0.047619,0,0,0,0,0,0,0,0,0,0,0,no
0.009036,0,0,0,0,0,0.018519,0.041667,0.000562,0.000592,0.008621,0.008621,0,no
0.009036,0,0,0,0,0,0,0,0,0,0,0,0,no
0.009036,0.047619,0,0,0,0,0,0,0,0,0,0,0,no
0.009036,0.047619,0,0,0,0,0,0,0,0,0,0,0,no
0.009036,0,0,0,0,0,0.018519,0.041667,0.000562,0.000592,0.008621,0.008621,0,no
0.018072,0.095238,0,0,0,0.032258,0,0,0,0,0,0,0,no
0.009036,0.047619,0,0,0,0,0,0,0,0,0,0,0,no
0.009036,0.047619,0,0,0,0,0,0,0,0,0,0,0,no
0.009036,0,0,0,0,0,0,0,0,0,0,0,0,no
0.009036,0.047619,0,0,0,0,0,0,0,0,0,0,0,no
0.021084,0.047619,0.010638,0,0,0.048387,0,0,0,0,0,0,0,no
0.01506,0.095238,0,0,0.007937,0.016129,0.055556,0.083333,0.001685,0.001775,0.008621,0.008621,1,yes
0.009036,0.095238,0,0,0,0,0,0,0,0,0,0,0,no
0.009036,0.047619,0,0,0.007937,0,0,0,0,0,0,0,0,no
0.018072,0,0,0,0,0.016129,0,0,0,0,0,0,0,no
0.009036,0,0,0,0,0,0,0,0,0,0,0,0,no
0.012048,0.047619,0,0,0.007937,0.016129,0,0,0,0,0,0,0,no
0.009036,0.047619,0,0,0,0,0,0,0,0,0,0,0,no
0,0,0,0,0,0,0,0,0,0,0,0,0,no
0,0,0,0,0,0,0,0,0,0,0,0,0,no
0,0.047619,0,0,0,0,0,0,0,0,0,0,0,no
0,0,0,0,0,0,0,0,0,0,0,0,0,no
0,0,0,0,0,0,0,0,0,0,0,0,0,no
0,0,0,0,0,0,0,0,0,0,0,0,0,no
0,0.047619,0,0,0,0,0,0,0,0,0,0,0,no
0,0,0,0,0,0,0,0,0,0,0,0,0,no
0,0,0,0,0,0,0,0,0,0,0,0,0,no
0,0.047619,0,0,0,0,0,0,0,0,0,0,0,no
0,0.047619,0,0,0,0,0,0,0,0,0,0,0,no
0,0.142857,0,0,0,0,0,0,0,0,0,0,0,no
0.021084,0.190476,0,0,0.007937,0,0.018519,0.041667,0.000562,0.000592,0.008621,0.008621,0,no
0.009036,0,0,0,0,0,0,0,0,0,0,0,0,no
0.009036,0.047619,0,0,0,0,0,0,0,0,0,0,0,no
0.009036,0,0,0,0,0,0,0,0,0,0,0,0,no
0.009036,0,0,0,0,0,0,0,0,0,0,0,0,no
0.012048,0.047619,0,0,0,0,0,0,0,0,0,0,0,no
0.009036,0.047619,0,0,0,0,0,0,0,0,0,0,0,no
0.018072,0.190476,0,0,0.007937,0,0.018519,0.041667,0.000562,0.000592,0.008621,0.008621,0,no
0.009036,0,0,0,0,0,0,0,0,0,0,0,0,no
0.009036,0,0,0,0,0,0,0,0,0,0,0,0,no
0.009036,0,0,0,0,0,0,0,0,0,0,0,0,no
0.009036,0,0,0,0,0,0,0,0,0,0,0,0,no
0.009036,0.047619,0,0,0,0,0,0,0,0,0,0,0,no
0.009036,0.047619,0,0,0,0,0,0,0,0,0,0,0,no
0.01506,0.047619,0,0,0.007937,0,0,0,0,0,0,0,0,no
0.009036,0,0,0,0,0,0,0,0,0,0,0,0,no
0.009036,0,0,0,0,0,0,0,0,0,0,0,0,no
0.009036,0,0,0,0,0,0,0,0,0,0,0,0,no
0.012048,0.047619,0,0,0,0,0,0,0,0,0,0,0,no
0.009036,0,0,0,0,0,0,0,0,0,0,0,0,no
0.01506,0.047619,0.010638,0,0.007937,0.016129,0,0,0,0,0,0,0,no
0.006024,0,0,0,0.007937,0,0,0,0,0,0,0,0,no
0.009036,0.047619,0,0,0,0,0,0,0,0,0,0,0,no
0.009036,0,0,0,0,0,0,0,0,0,0,0,0,no
0.009036,0,0,0,0,0,0,0,0,0,0,0,0,no
0.009036,0.047619,0,0,0,0,0,0,0,0,0,0,0,no
0.009036,0,0,0,0,0,0,0,0,0,0,0,0,no
0.012048,0.095238,0,0,0,0,0,0,0,0,0,0,0,no
0.009036,0.047619,0,0,0,0,0,0,0,0,0,0,0,no
0.009036,0,0,0,0,0,0,0,0,0,0,0,0,no
0.009036,0,0,0,0,0,0,0,0,0,0,0,0,no
0.01506,0.095238,0,0,0,0,0,0,0,0,0,0,0,no
0.009036,0.047619,0,0,0,0,0,0,0,0,0,0,0,no
0.01506,0.047619,0,0,0,0,0,0,0,0,0,0,0,no
0.006024,0,0,0,0.015873,0,0,0,0,0,0,0,0,no
0.012048,0.047619,0,0,0,0,0,0,0,0,0,0,0,no
0.009036,0.047619,0,0,0,0,0,0,0,0,0,0,0,no
0.009036,0.047619,0,0,0,0,0,0,0,0,0,0,0,no
0.01506,0,0,0,0,0.016129,0,0,0,0,0,0,0,no
0.009036,0.047619,0.010638,0,0,0,0,0,0,0,0,0,0,no
0.009036,0.047619,0,0,0,0,0,0,0,0,0,0,0,no
0.009036,0.047619,0,0,0.007937,0,0,0,0,0,0,0,0,no
0.009036,0.047619,0,0,0,0,0,0,0,0,0,0,0,no
0.012048,0.047619,0,0,0,0,0,0,0,0,0,0,0,no
0.009036,0.047619,0,0,0,0,0,0,0,0,0,0,0,no
0.009036,0.047619,0,0,0,0,0,0,0,0,0,0,0,no
0.009036,0,0,0,0,0,0.037037,0.083333,0.003371,0,0.012931,0.012931,1,no
0.009036,0,0,0,0,0,0.018519,0.041667,0.000562,0.000592,0.008621,0.008621,0,no
0.009036,0,0,0,0.007937,0,0,0,0,0,0,0,0,no
0.012048,0.142857,0,0,0,0.016129,0,0,0,0,0,0,0,no
0.009036,0.047619,0,0,0,0,0,0,0,0,0,0,0,no
0.009036,0,0,0,0,0,0.018519,0.041667,0.000562,0.000592,0.008621,0.008621,0,no
0.009036,0.047619,0,0,0,0,0,0,0,0,0,0,0,no
0.009036,0.095238,0,0,0,0,0,0,0,0,0,0,0,no
0.009036,0,0,0,0,0,0,0,0,0,0,0,0,no
0.012048,0.095238,0,0,0,0,0,0,0,0,0,0,0,no
0.009036,0.095238,0,0,0,0,0,0,0,0,0,0,0,no
0.012048,0.095238,0,0,0,0,0,0,0,0,0,0,0,no
0.012048,0.047619,0,0,0,0,0,0,0,0,0,0,0,no
0.009036,0.047619,0,0,0,0,0,0,0,0,0,0,0,no
0.009036,0,0,0,0,0,0,0,0,0,0,0,0,no
0.018072,0.047619,0.010638,0,0.007937,0.032258,0,0,0,0,0,0,0,no
0.01506,0.142857,0,0,0,0,0.018519,0.041667,0.000562,0.000592,0.008621,0.008621,0,no
0,0,0,0,0,0,0,0,0,0,0,0,0,no
0,0.047619,0,0,0,0,0,0,0,0,0,0,0,no
0,0.095238,0,0,0,0,0,0,0,0,0,0,0,no
0.021084,0.238095,0,0,0,0,0,0,0,0,0,0,0,no
0.009036,0,0,0,0,0,0,0,0,0,0,0,0,no
0.006024,0,0,0,0.007937,0,0,0,0,0,0,0,0,no
0.006024,0.190476,0,0,0.007937,0,0,0,0,0,0,0,0,no
0.01506,0,0,0,0,0,0,0,0,0,0,0,0,no
0.009036,0.047619,0,0,0,0,0,0,0,0,0,0,0,no
0.012048,0.095238,0,0,0,0,0,0,0,0,0,0,0,no
0.009036,0,0,0,0,0,0,0,0,0,0,0,0,no
0.009036,0,0,0,0,0,0,0,0,0,0,0,0,no
0.006024,0,0,0,0.007937,0,0,0,0,0,0,0,0,no
0.009036,0.047619,0,0,0,0,0,0,0,0,0,0,0,no
0.009036,0.047619,0,0,0,0,0,0,0,0,0,0,0,no
0.009036,0.047619,0,0,0,0,0,0,0,0,0,0,0,no
0.033133,0,0,0,0,0.032258,0,0,0,0,0,0,0,no
0.009036,0.047619,0,0,0,0,0,0,0,0,0,0,0,no
0.009036,0,0,0,0,0,0,0,0,0,0,0,0,no
0.009036,0.047619,0,0,0,0,0,0,0,0,0,0,0,no
0.012048,0.047619,0,0,0,0,0,0,0,0,0,0,0,no
0.01506,0,0,0,0,0.016129,0,0,0,0,0,0,0,no
0.009036,0.047619,0,0,0,0,0,0,0,0,0,0,0,no
0.006024,0,0,0,0.015873,0,0,0,0,0,0,0,0,no
0.01506,0,0,0,0,0.016129,0,0,0,0,0,0,0,no
0.009036,0,0,0,0,0,0,0,0,0,0,0,0,no
0.009036,0.047619,0,0,0,0,0,0,0,0,0,0,0,no
0,0.095238,0,0,0.007937,0,0,0,0,0,0,0,0,no
0,0,0,0,0.007937,0,0,0,0,0,0,0,0,no
0,0,0,0,0.007937,0,0,0,0,0,0,0,0,no
0,0,0,0,0,0,0,0,0,0,0,0,0,no
0,0.095238,0,0,0,0,0,0,0,0,0,0,0,no
0,0.190476,0,0,0,0,0,0,0,0,0,0,0,no
0.006024,0,0,0,0.007937,0,0,0,0,0,0,0,0,no
0.012048,0.095238,0,0,0,0,0,0,0,0,0,0,0,no
0.01506,0,0.021277,0,0,0.016129,0,0,0,0,0,0,0,no
0.009036,0,0,0,0,0,0,0,0,0,0,0,0,no
0.006024,0,0,0,0.007937,0,0,0,0,0,0,0,0,no
0.024096,0.285714,0,0,0,0,0,0,0,0,0,0,0,no
0.009036,0,0,0,0,0,0.037037,0.083333,0.003371,0,0.012931,0.012931,0,no
0,0.047619,0,0,0,0,0,0,0,0,0,0,0,no
0,0,0,0,0,0,0,0,0,0,0,0,0,no
0,0.095238,0,0,0,0,0,0,0,0,0,0,0,no
0,0,0,0,0,0,0,0,0,0,0,0,0,no
0.009036,0,0,0,0,0,0,0,0,0,0,0,0,no
0.006024,0,0,0,0.015873,0,0,0,0,0,0,0,0,no
0.009036,0.047619,0,0,0,0,0,0,0,0,0,0,0,no
0.012048,0.047619,0,0,0,0,0,0,0,0,0,0,0,no
0.01506,0,0,0,0,0.016129,0,0,0,0,0,0,0,no
0.009036,0.047619,0,0,0,0,0,0,0,0,0,0,0,no
0.009036,0.047619,0,0,0,0,0,0,0,0,0,0,0,no
0.009036,0,0,0,0,0,0,0,0,0,0,0,0,no
0.009036,0.047619,0,0,0,0,0,0,0,0,0,0,0,no
0.009036,0.047619,0,0,0,0,0,0,0,0,0,0,0,no
0.009036,0.047619,0,0,0,0,0,0,0,0,0,0,0,no
0.009036,0.047619,0,0,0,0,0,0,0,0,0,0,0,no
0,0.047619,0,0,0.007937,0,0,0,0,0,0,0,0,no
0.009036,0.047619,0,0,0,0,0,0,0,0,0,0,0,no
0.009036,0.047619,0,0,0,0,0,0,0,0,0,0,0,no
0.009036,0.047619,0,0,0,0,0,0,0,0,0,0,0,no
0.045181,0.047619,0,0,0,0.129032,0,0,0,0,0,0,0,no
0.009036,0.047619,0,0,0,0,0,0,0,0,0,0,0,no
0.009036,0.047619,0,0,0,0,0,0,0,0,0,0,0,no
0.009036,0.047619,0,0,0,0,0,0,0,0,0,0,0,no
0,0.047619,0,0,0,0,0,0,0,0,0,0,0,no
0.024096,0.047619,0,0,0.007937,0,0,0,0,0,0,0,0,no
0.009036,0.047619,0,0,0,0,0,0,0,0,0,0,0,no
0.009036,0.047619,0,0,0,0,0,0,0,0,0,0,0,no
0.009036,0,0,0,0,0,0,0,0,0,0,0,0,no
0.03012,0.047619,0,0,0,0.048387,0,0,0,0,0,0,0,no
0.009036,0,0,0,0,0,0,0,0,0,0,0,0,no
0.027108,0.047619,0,0,0,0.048387,0,0,0,0,0,0,0,no
0.009036,0.047619,0,0,0,0,0,0,0,0,0,0,0,no
0.018072,0.095238,0,0,0,0,0,0,0,0,0,0,0,no
0.021084,0.047619,0,0,0,0.032258,0,0,0,0,0,0,0,no
0.009036,0,0,0,0,0,0,0,0,0,0,0,0,no
0.009036,0.047619,0,0,0,0,0,0,0,0,0,0,0,no
0.009036,0,0,0,0,0,0,0,0,0,0,0,0,no
0.048193,0.047619,0,0,0,0.080645,0,0,0,0,0,0,0,no
0.009036,0,0,0,0,0,0,0,0,0,0,0,0,no
0.054217,0.047619,0,0,0,0.080645,0,0,0,0,0,0,0,no
0.018072,0.047619,0,0,0,0,0,0,0,0,0,0,0,no
0.021084,0.142857,0,0,0,0,0,0,0,0,0,0,0,no
0.045181,0.047619,0,0,0,0.048387,0,0,0,0,0,0,0,no
0.009036,0,0,0,0,0,0,0,0,0,0,0,0,no
0.009036,0.047619,0,0,0,0,0,0,0,0,0,0,0,no
0.009036,0.095238,0,0,0,0,0,0,0,0,0,0,0,no
0.009036,0.047619,0,0,0,0,0,0,0,0,0,0,0,no
0.009036,0.095238,0,0,0,0,0,0,0,0,0,0,0,no
0.009036,0.095238,0,0,0,0,0,0,0,0,0,0,0,no
0.009036,0.047619,0,0,0,0,0,0,0,0,0,0,0,no
0.009036,0,0,0,0,0,0,0,0,0,0,0,0,no
0.009036,0,0,0,0,0,0,0,0,0,0,0,0,no
0.012048,0.095238,0,0,0,0,0,0,0,0,0,0,0,no
0.009036,0,0,0,0,0,0,0,0,0,0,0,0,no
0.009036,0,0,0,0,0,0,0,0,0,0,0,0,no
0.009036,0,0,0,0,0,0,0,0,0,0,0,0,no
0.009036,0,0,0,0,0,0,0,0,0,0,0,0,no
0.009036,0,0,0,0,0,0,0,0,0,0,0,0,no
0.009036,0.047619,0,0,0,0,0,0,0,0,0,0,0,no
0.009036,0.047619,0,0,0,0,0,0,0,0,0,0,0,no
0.009036,0.047619,0,0,0,0,0,0,0,0,0,0,0,no
0.009036,0.047619,0,0,0,0,0,0,0,0,0,0,0,no
0.009036,0.047619,0,0,0,0,0,0,0,0,0,0,0,no
0,0.095238,0,0,0,0,0,0,0,0,0,0,0,no
0,0.095238,0,0,0,0,0,0,0,0,0,0,0,no
0,0,0,0,0,0,0,0,0,0,0,0,0,no
0,0.047619,0,0,0,0,0,0,0,0,0,0,0,no
0,0.047619,0,0,0,0,0,0,0,0,0,0,0,no
0,0.047619,0,0,0,0,0,0,0,0,0,0,0,no
0.027108,0.095238,0,0,0.007937,0.032258,0,0,0,0,0,0,0,no
0.027108,0.047619,0,0,0,0.016129,0,0,0,0,0,0,0,no
0.009036,0.047619,0,0,0,0,0,0,0,0,0,0,0,no
0.018072,0.047619,0,0,0,0.016129,0,0,0,0,0,0,0,no
0.01506,0.047619,0,0,0,0,0,0,0,0,0,0,0,no
0.009036,0.047619,0,0,0,0,0,0,0,0,0,0,0,no
0.009036,0,0,0,0,0,0,0,0,0,0,0,0,no
0.009036,0.047619,0,0,0,0,0,0,0,0,0,0,0,no
0.009036,0.095238,0,0,0,0,0,0,0,0,0,0,0,no
0.009036,0.047619,0,0,0,0,0,0,0,0,0,0,0,no
0.009036,0,0,0,0,0,0,0,0,0,0,0,0,no
0.009036,0,0,0,0,0,0,0,0,0,0,0,0,no
0.009036,0,0,0,0,0,0,0,0,0,0,0,0,no
0.009036,0,0,0,0,0,0,0,0,0,0,0,0,no
0.009036,0,0,0,0,0,0,0,0,0,0,0,0,no
0.009036,0,0,0,0,0,0,0,0,0,0,0,0,no
0.009036,0,0,0,0,0,0,0,0,0,0,0,0,no
0.009036,0,0,0,0,0,0,0,0,0,0,0,0,no
0.009036,0,0,0,0,0,0,0,0,0,0,0,0,no
0.009036,0,0,0,0,0,0,0,0,0,0,0,0,no
0.009036,0,0,0,0,0,0,0,0,0,0,0,0,no
0.009036,0.047619,0,0,0,0,0,0,0,0,0,0,0,no
0.009036,0.047619,0,0,0,0,0,0,0,0,0,0,0,no
0.009036,0.047619,0,0,0,0,0,0,0,0,0,0,0,no
0.009036,0.047619,0,0,0,0,0,0,0,0,0,0,0,no
0.009036,0.047619,0,0,0,0,0,0,0,0,0,0,0,no
0.009036,0.047619,0,0,0,0,0,0,0,0,0,0,0,no
0.009036,0.047619,0,0,0,0,0,0,0,0,0,0,0,no
0.009036,0.047619,0,0,0,0,0,0,0,0,0,0,0,no
0.009036,0.047619,0,0,0,0,0,0,0,0,0,0,0,no
0.009036,0.047619,0,0,0,0,0,0,0,0,0,0,0,no
0.009036,0.047619,0,0,0,0,0,0,0,0,0,0,0,no
0.009036,0,0,0,0,0,0,0,0,0,0,0,0,no
0.009036,0,0,0,0,0,0,0,0,0,0,0,0,no
0.009036,0,0,0,0,0,0,0,0,0,0,0,0,no
0.009036,0.047619,0,0,0,0,0,0,0,0,0,0,0,no
0.009036,0.047619,0,0,0,0,0,0,0,0,0,0,0,no
0.006024,0,0,0,0.007937,0,0,0,0,0,0,0,0,no
0.009036,0,0,0,0.007937,0,0,0,0,0,0,0,0,no
0.009036,0,0,0,0,0,0,0,0,0,0,0,0,no
0,0.047619,0,0,0.007937,0,0,0,0,0,0,0,0,no
0.009036,0,0,0,0,0,0,0,0,0,0,0,0,no
0.009036,0,0,0,0,0,0,0,0,0,0,0,0,no
0.009036,0,0,0,0,0,0,0,0,0,0,0,0,no
0.018072,0,0.010638,0,0,0.016129,0,0,0,0,0,0,0,no
0.009036,0,0,0,0,0,0,0,0,0,0,0,0,no
0.009036,0.047619,0,0,0,0,0,0,0,0,0,0,0,no
0.009036,0,0,0,0,0,0.037037,0.083333,0.001124,0.001183,0.008621,0.008621,1,no
0.009036,0,0,0,0,0,0,0,0,0,0,0,0,no
0.009036,0,0,0,0,0,0,0,0,0,0,0,0,no
0.01506,0,0,0,0,0,0,0,0,0,0,0,0,no
0.009036,0,0,0,0,0,0,0,0,0,0,0,0,no
0.009036,0,0,0,0,0,0,0,0,0,0,0,0,no
0.03012,0,0,0,0.007937,0.016129,0,0,0,0,0,0,0,no
0.009036,0,0,0,0,0,0,0,0,0,0,0,0,no
0.012048,0,0,0,0,0,0.055556,0.125,0.001685,0,0.00431,0.00431,0,no
0.009036,0,0,0,0.007937,0,0,0,0,0,0,0,0,no
0.009036,0.047619,0,0,0,0,0,0,0,0,0,0,0,no
0.01506,0.095238,0,0,0.007937,0.016129,0,0,0,0,0,0,0,no
0.009036,0,0,0,0,0,0,0,0,0,0,0,0,no
0.024096,0,0,0,0,0.032258,0,0,0,0,0,0,0,no
0.009036,0.047619,0,0,0,0,0,0,0,0,0,0,0,no
0.009036,0.047619,0,0,0,0,0.074074,0.083333,0.005618,0.000592,0.012931,0.011853,1,no
0.021084,0.238095,0,0,0.007937,0,0.092593,0.083333,0.012921,0.001183,0.030172,0.021552,1,no
0.012048,0.095238,0,0,0,0,0,0,0,0,0,0,0,no
0.009036,0,0,0,0,0,0,0,0,0,0,0,0,no
0.009036,0,0,0,0,0,0,0,0,0,0,0,0,no
0.009036,0,0,0,0,0,0,0,0,0,0,0,0,no
0.009036,0,0,0,0,0,0,0,0,0,0,0,0,no
0,0,0,0,0.007937,0,0,0,0,0,0,0,0,no
0,0,0,0,0.007937,0,0,0,0,0,0,0,0,no
0,0,0,0,0.007937,0,0.055556,0.125,0,0,0,0,0,no
0,0,0,0,0.007937,0,0.055556,0.125,0,0,0,0,0,no
0,0,0,0,0.007937,0,0,0,0,0,0,0,0,no
0,0,0,0,0.007937,0,0,0,0,0,0,0,0,no
0,0,0,0,0.007937,0,0,0,0,0,0,0,0,no
0,0.047619,0,0,0.007937,0,0,0,0,0,0,0,0,no
0,0.047619,0,0,0.007937,0,0,0,0,0,0,0,0,no
0.009036,0.047619,0,0,0,0,0.055556,0.125,0.005056,0,0.012931,0.012931,0,no
0.009036,0.047619,0,0,0,0,0.055556,0.125,0.005056,0,0.012931,0.012931,0,no
0.009036,0.095238,0,0,0,0,0.055556,0.125,0,0.00355,0.008621,0.008621,0,no
0.009036,0,0,0,0,0,0,0,0,0,0,0,0,no
0.009036,0,0,0,0,0,0,0,0,0,0,0,0,no
0.009036,0,0,0,0,0,0.055556,0.125,0.005056,0,0.012931,0.012931,0,no
0.009036,0,0,0,0,0,0.055556,0.125,0.005056,0,0.012931,0.012931,0,no
0.009036,0,0,0,0,0,0,0,0,0,0,0,0,no
0.009036,0,0,0,0,0,0,0,0,0,0,0,0,no
0.021084,0,0.021277,0,0,0.032258,0.037037,0.083333,0.007865,0,0.030172,0.030172,1,no
0.009036,0.047619,0,0,0,0,0,0,0,0,0,0,0,no
0.009036,0.047619,0,0,0,0,0,0,0,0,0,0,0,no
0.009036,0.095238,0,0,0,0,0.055556,0.125,0.005056,0,0.012931,0.012931,0,no
0.009036,0,0,0,0,0,0,0,0,0,0,0,0,no
0.009036,0.095238,0,0,0,0,0,0,0,0,0,0,0,no
0.009036,0.142857,0,0,0,0,0,0,0,0,0,0,0,no
0.009036,0.142857,0,0,0.007937,0,0,0,0,0,0,0,0,no
0.009036,0.190476,0,0,0,0,0,0,0,0,0,0,0,no
0.009036,0.238095,0,0,0.007937,0,0,0,0,0,0,0,0,no
0.009036,0,0,0,0,0,0,0,0,0,0,0,0,no
0.009036,0,0,0,0,0,0,0,0,0,0,0,0,no
0.009036,0,0,0,0,0,0,0,0,0,0,0,0,no
0.009036,0,0,0,0,0,0,0,0,0,0,0,0,no
0.009036,0,0,0,0,0,0,0,0,0,0,0,0,no
0.01506,0,0,0,0,0.016129,0,0,0,0,0,0,0,no
0.01506,0,0,0,0,0.016129,0,0,0,0,0,0,0,no
0.009036,0.047619,0,0,0,0,0,0,0,0,0,0,0,no
0.009036,0,0,0,0,0,0,0,0,0,0,0,0,no
0.009036,0,0,0,0,0,0,0,0,0,0,0,0,no
0.009036,0,0,0,0,0,0,0,0,0,0,0,0,no
0.009036,0,0,0,0,0,0,0,0,0,0,0,0,no
0.009036,0,0,0,0,0,0,0,0,0,0,0,0,no
0.009036,0,0,0,0,0,0.055556,0.125,0.001685,0.001775,0.008621,0.008621,0,no
0.009036,0.095238,0,0,0,0,0.037037,0.083333,0.003371,0,0.012931,0.012931,0,no
0.009036,0.142857,0,0,0,0,0.037037,0.083333,0.003371,0,0.012931,0.012931,0,no
0,0.047619,0,0,0,0,0,0,0,0,0,0,0,no
0.01506,0.047619,0,0,0,0,0,0,0,0,0,0,0,no
0.012048,0.047619,0,0,0.007937,0,0,0,0,0,0,0,0,no
0.012048,0.047619,0.010638,0,0.007937,0.016129,0,0,0,0,0,0,0,no
0.012048,0.047619,0,0,0.007937,0.016129,0,0,0,0,0,0,0,no
0.024096,0.047619,0,0,0,0.032258,0,0,0,0,0,0,0,no
0.009036,0.047619,0,0,0,0,0,0,0,0,0,0,0,no
0.012048,0.047619,0,0,0,0,0,0,0,0,0,0,0,no
0.009036,0.095238,0,0,0,0,0,0,0,0,0,0,0,no
0.006024,0.047619,0,0,0,0,0,0,0,0,0,0,0,no
0.006024,0.047619,0,0,0.007937,0,0,0,0,0,0,0,0,no
0.009036,0.047619,0,0,0,0,0.074074,0.166667,0.006742,0,0.012931,0.012931,1,no
0,0.142857,0,0,0.007937,0,0,0,0,0,0,0,0,no
0,0.047619,0,0,0,0,0,0,0,0,0,0,0,no
0,0.047619,0,0,0.007937,0,0,0,0,0,0,0,0,no
0,0.095238,0,0,0.007937,0,0,0,0,0,0,0,0,no
0,0.047619,0,0,0.007937,0,0,0,0,0,0,0,0,no
0,0.095238,0,0,0.007937,0,0,0,0,0,0,0,0,no
0,0.047619,0,0,0,0,0,0,0,0,0,0,0,no
0.009036,0.095238,0,0,0,0,0.037037,0.083333,0.003371,0,0.012931,0.012931,0,no
0.009036,0.142857,0,0,0,0,0.037037,0.083333,0.003371,0,0.012931,0.012931,0,no
0,0.047619,0,0,0.007937,0,0,0,0,0,0,0,0,no
0,0.047619,0,0,0,0,0,0,0,0,0,0,0,no
0,0.047619,0,0,0,0,0,0,0,0,0,0,0,no
0,0.095238,0,0,0,0,0,0,0,0,0,0,0,no
0,0.047619,0,0,0,0,0,0,0,0,0,0,0,no
0,0.047619,0,0,0,0,0,0,0,0,0,0,0,no
0.009036,0.047619,0.010638,0,0.007937,0,0.074074,0.166667,0.006742,0,0.012931,0.012931,1,no
0,0.047619,0,0,0.007937,0,0.074074,0.166667,0,0,0,0,1,no
0,0.142857,0,0,0.007937,0,0,0,0,0,0,0,0,no
0,0,0,0,0.007937,0,0.037037,0.083333,0,0,0,0,1,no
0,0.047619,0,0,0.007937,0,0,0,0,0,0,0,0,no
0,0.142857,0,0,0.007937,0,0,0,0,0,0,0,0,no
0.006024,0.047619,0,0,0.007937,0,0,0,0,0,0,0,0,no
0.009036,0.047619,0.010638,0,0,0,0.074074,0.166667,0.006742,0,0.012931,0.012931,1,no
0.009036,0,0,0,0,0,0,0,0,0,0,0,0,no
0.012048,0.047619,0,0,0.007937,0,0,0,0,0,0,0,0,no
0.012048,0.047619,0,0,0,0,0,0,0,0,0,0,0,no
0.009036,0,0,0,0,0,0,0,0,0,0,0,0,no
0.009036,0,0,0,0,0,0,0,0,0,0,0,0,no
0.009036,0,0,0,0,0,0,0,0,0,0,0,0,no
0.009036,0,0,0,0,0,0,0,0,0,0,0,0,no
0.009036,0,0,0,0,0,0,0,0,0,0,0,0,no
0.009036,0,0,0,0,0,0,0,0,0,0,0,0,no
0.009036,0.047619,0,0,0,0,0,0,0,0,0,0,0,no
0.009036,0.047619,0,0,0,0,0,0,0,0,0,0,0,no
0.009036,0.047619,0,0,0,0,0,0,0,0,0,0,0,no
0.009036,0,0,0,0,0,0,0,0,0,0,0,0,no
0.009036,0,0.021277,0,0,0,0,0,0,0,0,0,0,no
0.009036,0,0,0,0,0,0,0,0,0,0,0,0,no
0.009036,0,0,0,0,0,0.037037,0.083333,0.003371,0,0.012931,0.012931,1,no
0,0,0,0,0,0,0,0,0,0,0,0,0,no
0.01506,0.142857,0,0,0.007937,0,0.018519,0.041667,0.000562,0.000592,0.008621,0.008621,0,no
0.009036,0.047619,0,0,0,0,0,0,0,0,0,0,0,no
0.009036,0.047619,0,0,0,0,0,0,0,0,0,0,0,no
0.009036,0,0,0,0,0,0,0,0,0,0,0,0,no
0.009036,0,0,0,0,0,0,0,0,0,0,0,0,no
0.009036,0,0,0,0,0,0,0,0,0,0,0,0,no
0.012048,0.047619,0,0,0,0.016129,0.055556,0.083333,0.001685,0.001775,0.008621,0.008621,0,no
0.021084,0.142857,0,0,0,0.032258,0.018519,0.041667,0.000562,0.000592,0.008621,0.008621,0,no
0.009036,0,0,0,0,0,0,0,0,0,0,0,0,no
0.009036,0,0,0,0,0,0.037037,0.083333,0.003371,0,0.012931,0.012931,1,no
0.01506,0.142857,0,0,0.007937,0,0.018519,0.041667,0.000562,0.000592,0.008621,0.008621,0,no
0.009036,0.047619,0,0,0,0,0,0,0,0,0,0,0,no
0.009036,0,0,0,0,0,0,0,0,0,0,0,0,no
0.009036,0,0,0,0.007937,0,0,0,0,0,0,0,0,no
0.009036,0.047619,0,0,0,0,0,0,0,0,0,0,0,no
0.009036,0.047619,0,0,0,0,0,0,0,0,0,0,0,no
0.009036,0,0,0,0,0,0,0,0,0,0,0,0,no
0.009036,0,0,0,0,0,0,0,0,0,0,0,0,no
0.009036,0,0,0,0,0,0,0,0,0,0,0,0,no
0.009036,0.142857,0,0,0,0,0,0,0,0,0,0,0,no
0.01506,0.190476,0,0,0,0,0,0,0,0,0,0,0,no
0.009036,0,0,0,0.007937,0,0,0,0,0,0,0,0,no
0.009036,0.142857,0,0,0,0,0.018519,0.041667,0.000562,0.000592,0.008621,0.008621,0,no
0.009036,0.238095,0,0,0,0,0.018519,0.041667,0.000562,0.000592,0.008621,0.008621,0,no
0.009036,0,0,0,0,0,0,0,0,0,0,0,0,no
0.009036,0,0,0,0,0,0.037037,0.083333,0.003371,0,0.012931,0.012931,0,no
0.009036,0.285714,0,0,0,0,0.037037,0.083333,0,0.005917,0.021552,0.021552,0,no
0.027108,0.333333,0,0,0,0,0.037037,0.083333,0.010112,0,0.038793,0.038793,0,no
0.009036,0,0,0,0,0,0.037037,0.083333,0.003371,0,0.012931,0.012931,0,no
0.009036,0,0,0,0,0,0.037037,0.083333,0.003371,0,0.012931,0.012931,1,no
0.009036,0,0,0,0,0,0.037037,0.083333,0.001124,0.001183,0.008621,0.008621,1,no
0.009036,0,0,0,0,0,0.037037,0.083333,0,0.001183,0.00431,0.00431,1,no
0,0.142857,0,0,0,0,0,0,0,0,0,0,0,no
0,0.142857,0,0,0,0,0,0,0,0,0,0,0,no
0,0.047619,0,0,0,0,0,0,0,0,0,0,0,no
0.009036,0.142857,0,0,0,0,0,0,0,0,0,0,0,no
0.009036,0.142857,0,0,0,0,0,0,0,0,0,0,0,no
0.018072,0.047619,0,0,0.007937,0.016129,0,0,0,0,0,0,0,no
0.012048,0.095238,0.010638,0,0,0,0,0,0,0,0,0,0,no
0.009036,0.142857,0,0,0,0,0,0,0,0,0,0,0,no
0.006024,0.047619,0,0,0.007937,0,0,0,0,0,0,0,0,no
0.009036,0.095238,0,0,0,0,0,0,0,0,0,0,0,no
0.01506,0.142857,0,0,0,0,0,0,0,0,0,0,0,no
0.009036,0,0,0,0,0,0,0,0,0,0,0,0,no
0.009036,0.142857,0,0,0,0,0,0,0,0,0,0,0,no
0.006024,0.047619,0,0,0.007937,0,0,0,0,0,0,0,0,no
0.009036,0.142857,0.010638,0,0.007937,0,0,0,0,0,0,0,0,no
0.021084,0.142857,0,0,0.015873,0.032258,0,0,0,0,0,0,0,no
0.021084,0,0,0,0.007937,0.032258,0,0,0,0,0,0,0,no
0.01506,0.047619,0,0,0,0.032258,0,0,0,0,0,0,0,no
0.033133,0.047619,0,0,0.007937,0.064516,0.018519,0.041667,0.000562,0.000592,0.008621,0.008621,0,no
0.012048,0.095238,0,0,0,0,0,0,0,0,0,0,0,no
0.009036,0.047619,0,0,0,0,0,0,0,0,0,0,0,no
0.009036,0.095238,0,0,0,0,0,0,0,0,0,0,0,no
0.009036,0,0,0,0,0,0,0,0,0,0,0,0,no
0.009036,0.190476,0,0,0,0,0,0,0,0,0,0,0,no
0.009036,0,0,0,0,0,0,0,0,0,0,0,0,no
0.009036,0,0,0,0,0,0,0,0,0,0,0,0,no
0.006024,0,0,0,0,0,0,0,0,0,0,0,0,no
0.009036,0.047619,0,0,0,0,0,0,0,0,0,0,0,no
0.009036,0.047619,0,0,0.007937,0,0,0,0,0,0,0,0,no
0.009036,0,0,0,0,0,0,0,0,0,0,0,0,no
0.009036,0,0,0,0.007937,0,0,0,0,0,0,0,0,no
0.009036,0.047619,0,0,0,0,0,0,0,0,0,0,0,no
0.006024,0,0,0,0.007937,0,0,0,0,0,0,0,0,no
0.009036,0,0,0,0,0,0,0,0,0,0,0,0,no
0.006024,0,0,0,0.007937,0,0,0,0,0,0,0,0,no
0.009036,0.142857,0,0,0,0,0,0,0,0,0,0,0,no
0.006024,0.142857,0,0,0.007937,0,0,0,0,0,0,0,0,no
0.01506,0.047619,0,0,0,0,0,0,0,0,0,0,0,no
0.009036,0.047619,0,0,0.015873,0,0,0,0,0,0,0,0,no
0.012048,0,0,0,0,0,0,0,0,0,0,0,0,no
0.021084,0.142857,0,0,0,0.032258,0,0,0,0,0,0,0,no
0.009036,0,0,0,0,0,0,0,0,0,0,0,0,no
0.012048,0.047619,0,0,0,0,0,0,0,0,0,0,0,no
0.009036,0.047619,0,0,0,0,0,0,0,0,0,0,0,no
0.012048,0,0,0,0,0,0,0,0,0,0,0,0,no
0.012048,0,0,0,0,0,0,0,0,0,0,0,0,no
0.009036,0,0,0,0,0,0,0,0,0,0,0,0,no
0.012048,0.047619,0.010638,0,0,0,0,0,0,0,0,0,0,no
0.009036,0,0,0,0,0,0,0,0,0,0,0,0,no
0.012048,0.142857,0,0,0,0,0,0,0,0,0,0,0,no
0.012048,0.142857,0,0,0,0,0,0,0,0,0,0,0,no
0.009036,0.238095,0.010638,0,0,0,0,0,0,0,0,0,0,no
0.009036,0.047619,0.010638,0,0,0,0,0,0,0,0,0,0,no
0.012048,0,0,0,0,0,0,0,0,0,0,0,0,no
0.009036,0.142857,0,0,0,0,0,0,0,0,0,0,0,no
0.009036,0.142857,0,0,0,0,0,0,0,0,0,0,0,no
0.018072,0.047619,0,0,0,0.016129,0,0,0,0,0,0,0,no
0.006024,0.095238,0,0,0.007937,0,0,0,0,0,0,0,0,no
0.009036,0.095238,0,0,0,0,0,0,0,0,0,0,0,no
0.006024,0.095238,0,0,0.007937,0,0,0,0,0,0,0,0,no
0.009036,0.047619,0,0,0,0,0,0,0,0,0,0,0,no
0.006024,0.047619,0,0,0,0,0,0,0,0,0,0,0,no
0.009036,0.047619,0,0,0.02381,0,0,0,0,0,0,0,0,no
0.012048,0.047619,0,0,0,0,0.018519,0.041667,0.000562,0.000592,0.008621,0.008621,0,no
0.009036,0.047619,0,0,0,0,0,0,0,0,0,0,0,no
0.009036,0.047619,0,0,0.02381,0,0,0,0,0,0,0,0,no
0.012048,0.047619,0,0,0,0,0.018519,0.041667,0.000562,0.000592,0.008621,0.008621,0,no
0.009036,0.047619,0,0,0,0,0,0,0,0,0,0,0,no
0.006024,0.047619,0,0,0,0,0,0,0,0,0,0,0,no
0.006024,0.047619,0,0,0,0,0,0,0,0,0,0,0,no
0,0.047619,0,0,0,0,0,0,0,0,0,0,0,no
0,0.047619,0,0,0,0,0,0,0,0,0,0,0,no
0,0.095238,0,0,0,0,0,0,0,0,0,0,0,no
0,0.095238,0,0,0,0,0,0,0,0,0,0,0,no
0,0.095238,0,0,0,0,0,0,0,0,0,0,0,no
0,0.047619,0,0,0,0,0,0,0,0,0,0,0,no
0,0.047619,0,0,0,0,0,0,0,0,0,0,0,no
0.018072,0.095238,0,0,0,0,0,0,0,0,0,0,0,no
0.01506,0.095238,0,0,0,0,0,0,0,0,0,0,0,no
0.012048,0.047619,0,0,0,0,0,0,0,0,0,0,0,no
0.012048,0.047619,0,0,0,0,0,0,0,0,0,0,0,no
0.012048,0.047619,0,0,0,0.016129,0,0,0,0,0,0,0,no
0.012048,0.047619,0,0,0,0,0,0,0,0,0,0,0,no
0.01506,0.047619,0,0,0,0,0,0,0,0,0,0,0,no
0.01506,0.047619,0,0,0,0,0,0,0,0,0,0,0,no
0.012048,0.095238,0,0,0,0,0,0,0,0,0,0,0,no
0.01506,0.047619,0,0,0,0,0,0,0,0,0,0,0,no
0,0.095238,0,0,0,0,0,0,0,0,0,0,0,no
0,0.047619,0,0,0,0,0,0,0,0,0,0,0,no
0,0.047619,0,0,0,0,0,0,0,0,0,0,0,no
0.009036,0.095238,0,0,0,0,0.055556,0.083333,0.005056,0,0.012931,0.012931,0,no
0.009036,0.095238,0,0,0,0,0,0,0,0,0,0,0,no
0.009036,0.095238,0,0,0,0,0,0,0,0,0,0,0,no
0,0.047619,0,0,0.007937,0,0.037037,0.083333,0,0,0,0,0,no
0.006024,0.047619,0,0,0.007937,0,0,0,0,0,0,0,0,no
0.009036,0.142857,0,0,0,0,0,0,0,0,0,0,0,no
0.009036,0.142857,0,0,0,0,0,0,0,0,0,0,0,no
0.009036,0.142857,0,0,0,0,0,0,0,0,0,0,0,no
0.009036,0.142857,0,0,0,0,0,0,0,0,0,0,0,no
0.006024,0,0,0,0.007937,0,0,0,0,0,0,0,0,no
0.012048,0.095238,0,0,0,0,0,0,0,0,0,0,0,no
0.009036,0,0,0,0,0,0,0,0,0,0,0,0,no
0.009036,0,0,0,0,0,0,0,0,0,0,0,0,no
0.01506,0,0.010638,0,0,0.016129,0,0,0,0,0,0,0,no
0.009036,0,0,0,0,0,0,0,0,0,0,0,0,no
0.009036,0,0,0,0,0,0,0,0,0,0,0,0,no
0.009036,0.047619,0,0,0,0,0,0,0,0,0,0,0,no
0.012048,0.095238,0,0,0,0,0,0,0,0,0,0,0,no
0.012048,0,0,0,0,0.016129,0,0,0,0,0,0,0,no
0.01506,0,0,0,0,0.016129,0,0,0,0,0,0,0,no
0.009036,0.047619,0,0,0,0,0,0,0,0,0,0,0,no
0.009036,0.142857,0,0,0,0,0,0,0,0,0,0,0,no
0.036145,0.190476,0,0,0,0,0,0,0,0,0,0,0,no
0.018072,0.047619,0,0,0,0,0,0,0,0,0,0,0,no
0.009036,0,0,0,0,0,0,0,0,0,0,0,0,no
0.009036,0,0,0,0,0,0,0,0,0,0,0,0,no
0,0,0,0,0,0,0,0,0,0,0,0,0,no
0,0.047619,0,0,0,0,0,0,0,0,0,0,0,no
0,0,0,0,0,0,0,0,0,0,0,0,0,no
0,0.047619,0,0,0,0,0,0,0,0,0,0,0,no
0,0.047619,0,0,0,0,0,0,0,0,0,0,0,no
0,0,0,0,0,0,0,0,0,0,0,0,0,no
0,0,0,0,0,0,0,0,0,0,0,0,0,no
0,0,0,0,0,0,0,0,0,0,0,0,0,no
0,0.047619,0,0,0,0,0,0,0,0,0,0,0,no
0,0,0,0,0,0,0,0,0,0,0,0,0,no
0,0.142857,0,0,0,0,0,0,0,0,0,0,0,no
0,0.142857,0,0,0,0,0,0,0,0,0,0,0,no
0,0.190476,0,0,0,0,0,0,0,0,0,0,0,no
0,0,0,0,0,0,0,0,0,0,0,0,0,no
0,0.047619,0,0,0,0,0,0,0,0,0,0,0,no
0,0.047619,0,0,0,0,0,0,0,0,0,0,0,no
0,0.047619,0,0,0.007937,0,0,0,0,0,0,0,0,no
0,0,0,0,0.007937,0,0,0,0,0,0,0,0,no
0.006024,0.047619,0,0,0.007937,0,0,0,0,0,0,0,0,no
0.009036,0.047619,0,0,0,0,0,0,0,0,0,0,0,no
0.009036,0.047619,0,0,0,0,0.037037,0.083333,0.001124,0.001183,0.008621,0.008621,0,no
0.009036,0,0,0,0,0,0,0,0,0,0,0,0,no
0.012048,0.047619,0,0,0,0.016129,0.037037,0.083333,0.001124,0.001183,0.008621,0.008621,0,no
0.009036,0,0,0,0,0,0,0,0,0,0,0,0,no
0,0.047619,0,0,0,0,0,0,0,0,0,0,0,no
0,0,0,0,0.007937,0,0,0,0,0,0,0,0,no
0.009036,0.047619,0,0,0,0,0,0,0,0,0,0,0,no
0.009036,0,0,0,0,0,0,0,0,0,0,0,0,no
0.009036,0.047619,0,0,0,0,0,0,0,0,0,0,0,no
0.009036,0.047619,0,0,0,0,0,0,0,0,0,0,0,no
0.009036,0.047619,0,0,0,0,0,0,0,0,0,0,0,no
0.009036,0.047619,0,0,0,0,0,0,0,0,0,0,0,no
0.01506,0,0,0,0,0,0,0,0,0,0,0,0,no
0.009036,0,0,0,0,0,0,0,0,0,0,0,0,no
0.012048,0,0,0,0,0,0,0,0,0,0,0,0,no
0.009036,0.047619,0,0,0,0,0,0,0,0,0,0,0,no
0.009036,0,0,0,0,0,0,0,0,0,0,0,0,no
0.009036,0.047619,0,0,0,0,0,0,0,0,0,0,0,no
0.012048,0,0,0,0,0,0,0,0,0,0,0,0,no
0.009036,0,0,0,0,0,0,0,0,0,0,0,0,no
0.012048,0.047619,0,0,0,0,0,0,0,0,0,0,0,no
0.009036,0,0,0,0,0,0,0,0,0,0,0,0,no
0.009036,0,0,0,0,0,0,0,0,0,0,0,0,no
0.009036,0.047619,0,0,0,0,0,0,0,0,0,0,0,no
0.009036,0.047619,0,0,0,0,0,0,0,0,0,0,0,no
0.009036,0.047619,0,0,0,0,0,0,0,0,0,0,0,no
0.009036,0.047619,0,0,0,0,0,0,0,0,0,0,0,no
0.009036,0.095238,0,0,0,0,0,0,0,0,0,0,0,no
0.009036,0.095238,0,0,0,0,0,0,0,0,0,0,0,no
0.009036,0.142857,0,0,0,0,0,0,0,0,0,0,0,no
0.009036,0.095238,0,0,0,0,0,0,0,0,0,0,0,no
0.009036,0.142857,0,0,0,0,0,0,0,0,0,0,0,no
0.009036,0.142857,0,0,0,0,0,0,0,0,0,0,0,no
0.009036,0.190476,0,0,0,0,0,0,0,0,0,0,0,no
0.009036,0,0,0,0,0,0,0,0,0,0,0,0,no
0.009036,0.047619,0,0,0,0,0,0,0,0,0,0,0,no
0.009036,0.095238,0,0,0,0,0.037037,0.041667,0.003371,0,0.012931,0.012931,0,no
0,0.047619,0,0,0,0,0.037037,0.041667,0,0,0,0,0,no
0,0.047619,0,0,0,0,0.037037,0.041667,0,0,0,0,0,no
0,0,0,0,0,0,0.037037,0.041667,0,0,0,0,0,no
0,0.047619,0,0,0,0,0.037037,0.041667,0,0,0,0,0,no
0,0,0,0,0,0,0.037037,0.041667,0,0,0,0,0,no
0.01506,0.142857,0,0,0,0,0.037037,0.041667,0.005618,0,0.021552,0.021552,0,no
0,0.047619,0,0,0,0,0.037037,0.041667,0,0,0,0,0,no
0,0.047619,0,0,0,0,0.037037,0.041667,0,0,0,0,0,no
0,0,0,0,0,0,0.037037,0.041667,0,0,0,0,0,no
0,0.047619,0,0,0,0,0.037037,0.041667,0,0,0,0,0,no
0,0,0,0,0,0,0.037037,0.041667,0,0,0,0,0,no
0.009036,0,0,0,0,0,0.037037,0.041667,0.003371,0,0.012931,0.012931,0,no
0.012048,0.095238,0,0,0,0,0.037037,0.041667,0.004494,0,0.017241,0.017241,0,no
0.009036,0.047619,0,0,0,0,0.037037,0.041667,0.003371,0,0.012931,0.012931,0,no
0.009036,0.047619,0,0,0,0,0.037037,0.041667,0.003371,0,0.012931,0.012931,0,no
0.009036,0.047619,0,0,0,0,0.037037,0.041667,0.003371,0,0.012931,0.012931,0,no
0.009036,0,0,0,0,0,0.037037,0.041667,0.003371,0,0.012931,0.012931,0,no
0.009036,0,0,0,0,0,0.037037,0.041667,0.003371,0,0.012931,0.012931,0,no
0.009036,0,0,0,0,0,0.037037,0.041667,0.003371,0,0.012931,0.012931,0,no
0.009036,0,0,0,0,0,0.055556,0.083333,0.001685,0.001775,0.008621,0.008621,0,no
0.009036,0.095238,0,0,0,0,0.055556,0.083333,0.005056,0,0.012931,0.012931,0,no
0.021084,0.142857,0,0,0,0,0.055556,0.083333,0.011798,0,0.030172,0.030172,0,no
0.012048,0.047619,0,0,0,0.016129,0,0,0,0,0,0,0,no
0.01506,0.047619,0,0,0,0,0,0,0,0,0,0,0,no
0.009036,0,0,0,0,0,0,0,0,0,0,0,0,no
0.012048,0.095238,0,0,0,0,0.055556,0.083333,0.006742,0,0.017241,0.017241,0,no
0.01506,0.142857,0,0,0,0.032258,0.055556,0.083333,0.008427,0,0.021552,0.021552,0,no
0.01506,0.142857,0,0,0,0.016129,0.055556,0.083333,0.008427,0,0.021552,0.021552,0,no
0,0,0,0,0,0,0,0,0,0,0,0,0,no
0,0.047619,0,0,0,0,0,0,0,0,0,0,0,no
0,0.095238,0,0,0,0,0,0,0,0,0,0,0,no
0,0.047619,0,0,0,0,0,0,0,0,0,0,0,no
0,0.095238,0,0,0,0,0,0,0,0,0,0,0,no
0,0.047619,0,0,0,0,0,0,0,0,0,0,0,no
0,0.095238,0,0,0,0,0,0,0,0,0,0,0,no
0,0.142857,0,0,0,0,0,0,0,0,0,0,0,no
0.009036,0,0,0,0,0,0,0,0,0,0,0,0,no
0.009036,0.047619,0,0,0,0,0,0,0,0,0,0,0,no
0.009036,0.047619,0,0,0,0,0,0,0,0,0,0,0,no
0.012048,0.095238,0.010638,0,0,0.016129,0,0,0,0,0,0,0,no
0.009036,0,0,0,0,0,0,0,0,0,0,0,0,no
0.009036,0.095238,0,0,0,0,0,0,0,0,0,0,0,no
0.009036,0,0,0,0,0,0,0,0,0,0,0,0,no
0.012048,0.095238,0,0,0,0,0,0,0,0,0,0,0,no
0.009036,0,0,0,0,0,0,0,0,0,0,0,0,no
0,0.047619,0,0,0,0,0,0,0,0,0,0,0,no
0,0.047619,0,0,0,0,0,0,0,0,0,0,0,no
0,0.095238,0,0,0,0,0,0,0,0,0,0,0,no
0,0.095238,0,0,0,0,0,0,0,0,0,0,0,no
0,0.047619,0,0,0,0,0,0,0,0,0,0,0,no
0,0.047619,0,0,0,0,0,0,0,0,0,0,0,no
0,0,0,0,0,0,0,0,0,0,0,0,0,no
0,0.047619,0,0,0,0,0,0,0,0,0,0,0,no
0,0.047619,0,0,0,0,0,0,0,0,0,0,0,no
0,0,0,0,0,0,0,0,0,0,0,0,0,no
0,0.047619,0,0,0,0,0.037037,0.041667,0,0,0,0,0,no
0,0.047619,0,0,0,0,0.037037,0.041667,0,0,0,0,0,no
0,0.047619,0,0,0,0,0.037037,0.041667,0,0,0,0,0,no
0,0.047619,0,0,0,0,0.037037,0.041667,0,0,0,0,0,no
0,0,0,0,0,0,0.037037,0.041667,0,0,0,0,0,no
0,0.142857,0,0,0,0,0,0,0,0,0,0,0,no
0.009036,0.095238,0,0,0,0,0,0,0,0,0,0,0,no
0.009036,0.142857,0,0,0,0,0,0,0,0,0,0,0,no
0.024096,0.095238,0,0,0,0,0,0,0,0,0,0,0,no
0.01506,0.142857,0,0,0,0.016129,0,0,0,0,0,0,0,no
0.01506,0.142857,0,0,0,0.016129,0,0,0,0,0,0,0,no
0.012048,0.142857,0,0,0,0.016129,0,0,0,0,0,0,0,no
0.009036,0,0,0,0,0,0,0,0,0,0,0,0,no
0.009036,0,0,0,0,0,0,0,0,0,0,0,0,no
0.009036,0,0,0,0,0,0,0,0,0,0,0,0,no
0.009036,0,0,0,0,0,0,0,0,0,0,0,0,no
0.009036,0,0,0,0,0,0,0,0,0,0,0,0,no
0.027108,0,0,0,0,0.032258,0,0,0,0,0,0,0,no
0.01506,0.095238,0,0,0,0,0,0,0,0,0,0,0,no
0.009036,0.047619,0,0,0,0,0,0,0,0,0,0,0,no
0.009036,0.047619,0,0,0,0,0,0,0,0,0,0,0,no
0.009036,0,0,0,0,0,0,0,0,0,0,0,0,no
0.009036,0,0,0,0,0,0,0,0,0,0,0,0,no
0.009036,0,0,0,0,0,0,0,0,0,0,0,0,no
0.009036,0.095238,0,0,0,0,0,0,0,0,0,0,0,no
0,0,0,0,0,0,0,0,0,0,0,0,0,no
0.009036,0.095238,0,0,0,0,0,0,0,0,0,0,0,no
0.018072,0.095238,0,0,0,0,0,0,0,0,0,0,0,no
0.009036,0,0,0,0,0,0,0,0,0,0,0,0,no
0.009036,0,0,0,0,0,0,0,0,0,0,0,0,no
0.009036,0,0,0,0,0,0,0,0,0,0,0,0,no
0.027108,0,0,0,0,0.032258,0,0,0,0,0,0,0,no
0.012048,0.095238,0,0,0,0,0,0,0,0,0,0,0,no
0.009036,0.095238,0,0,0,0,0,0,0,0,0,0,0,no
0.021084,0.142857,0,0,0,0.016129,0,0,0,0,0,0,0,no
0.018072,0.380952,0,0,0,0.032258,0,0,0,0,0,0,0,no
0.018072,0.095238,0,0,0,0.016129,0,0,0,0,0,0,0,no
0.01506,0.380952,0,0,0,0.032258,0,0,0,0,0,0,0,no
0.009036,0.428571,0,0,0,0,0,0,0,0,0,0,0,no
0.033133,0.047619,0,0,0,0.016129,0,0,0,0,0,0,0,no
0.027108,0.047619,0,0,0,0.016129,0,0,0,0,0,0,0,no
0.009036,0.047619,0,0,0,0,0.037037,0.083333,0.001124,0.001183,0.008621,0.008621,0,no
0.042169,0.047619,0,0,0,0.096774,0,0,0,0,0,0,0,no
0.021084,0.047619,0,0,0,0.016129,0,0,0,0,0,0,0,no
0.009036,0.047619,0,0,0,0,0,0,0,0,0,0,0,no
0.009036,0.238095,0,0,0,0,0,0,0,0,0,0,0,no
0.009036,0.095238,0,0,0,0,0,0,0,0,0,0,0,no
0.009036,0.142857,0,0,0,0,0,0,0,0,0,0,0,no
0.009036,0.047619,0,0,0,0,0,0,0,0,0,0,0,no
0.045181,0.095238,0,0,0,0.032258,0,0,0,0,0,0,0,no
0.036145,0.095238,0,0,0,0.032258,0,0,0,0,0,0,0,no
0.024096,0.142857,0,0,0,0.016129,0,0,0,0,0,0,0,no
0.021084,0.095238,0,0,0,0.032258,0,0,0,0,0,0,0,no
0.009036,0.142857,0,0,0,0,0,0,0,0,0,0,0,no
0.009036,0.095238,0,0,0,0,0,0,0,0,0,0,0,no
0.042169,0.047619,0,0,0,0.048387,0,0,0,0,0,0,0,no
0.033133,0.095238,0,0,0,0.016129,0,0,0,0,0,0,0,no
0.027108,0.047619,0,0,0,0.032258,0,0,0,0,0,0,0,no
0.033133,0.047619,0,0,0,0.048387,0,0,0,0,0,0,0,no
0.009036,0.047619,0,0,0,0,0,0,0,0,0,0,0,no
0.009036,0.095238,0,0,0,0,0,0,0,0,0,0,0,no
0.012048,0.047619,0,0,0,0.016129,0,0,0,0,0,0,0,no
0.009036,0.047619,0,0,0,0,0,0,0,0,0,0,0,no
0,0.047619,0,0,0,0,0,0,0,0,0,0,0,no
0.009036,0.047619,0,0,0,0,0,0,0,0,0,0,0,no
0.012048,0.095238,0,0,0,0,0,0,0,0,0,0,0,no
0.009036,0,0,0,0,0,0,0,0,0,0,0,0,no
0.009036,0,0,0,0,0,0,0,0,0,0,0,0,no
0.009036,0,0,0,0,0,0,0,0,0,0,0,0,no
0.009036,0.047619,0,0,0,0,0,0,0,0,0,0,0,no
0.024096,0,0,0,0,0,0,0,0,0,0,0,0,no
0,0.190476,0,0,0,0,0,0,0,0,0,0,0,no
0.024096,0.047619,0,0,0,0,0,0,0,0,0,0,0,no
0.009036,0,0,0,0,0,0,0,0,0,0,0,0,no
0.024096,0,0,0,0,0,0,0,0,0,0,0,0,no
0.009036,0,0.010638,0,0,0,0,0,0,0,0,0,0,no
0.024096,0,0,0,0,0,0,0,0,0,0,0,0,no
0.009036,0,0,0,0,0,0,0,0,0,0,0,0,no
0.009036,0.190476,0,0,0,0,0,0,0,0,0,0,0,no
0.009036,0.190476,0,0,0,0,0,0,0,0,0,0,0,no
0.009036,0.190476,0,0,0,0,0,0,0,0,0,0,0,no
0.009036,0.190476,0,0,0,0,0,0,0,0,0,0,0,no
0.021084,0.238095,0,0,0,0,0,0,0,0,0,0,0,no
0.009036,0.095238,0,0,0,0,0,0,0,0,0,0,0,no
0.009036,0.142857,0,0,0,0,0,0,0,0,0,0,0,no
0.009036,0.190476,0,0,0,0,0,0,0,0,0,0,0,no
0.009036,0.238095,0,0,0,0,0,0,0,0,0,0,0,no
0.009036,0.047619,0,0,0,0,0,0,0,0,0,0,0,no
0.009036,0.095238,0,0,0,0,0,0,0,0,0,0,0,no
0.009036,0,0,0,0,0,0,0,0,0,0,0,0,no
0.009036,0,0,0,0,0,0,0,0,0,0,0,0,no
0.009036,0,0,0,0,0,0,0,0,0,0,0,0,no
0.009036,0,0,0,0,0,0,0,0,0,0,0,0,no
0.009036,0,0,0,0,0,0,0,0,0,0,0,0,no
0.009036,0,0,0,0,0,0,0,0,0,0,0,0,no
0.009036,0.047619,0,0,0,0,0,0,0,0,0,0,0,no
0.009036,0,0,0,0,0,0,0,0,0,0,0,0,no
0.012048,0.047619,0,0,0,0.016129,0,0,0,0,0,0,0,no
0.009036,0,0,0,0,0,0,0,0,0,0,0,0,no
0.009036,0.047619,0,0,0,0,0,0,0,0,0,0,0,no
0.009036,0.047619,0,0,0,0,0,0,0,0,0,0,0,no
0.009036,0.047619,0,0,0,0,0,0,0,0,0,0,0,no
0.009036,0.047619,0,0,0,0,0,0,0,0,0,0,0,no
0.009036,0.047619,0,0,0,0,0,0,0,0,0,0,0,no
0.009036,0.047619,0,0,0,0,0,0,0,0,0,0,0,no
0.009036,0,0,0,0,0,0,0,0,0,0,0,0,no
0.012048,0.095238,0,0,0,0,0,0,0,0,0,0,0,no
0.009036,0,0,0,0,0,0,0,0,0,0,0,0,no
0.009036,0,0,0,0,0,0,0,0,0,0,0,0,no
0.01506,0,0.021277,0,0,0.016129,0,0,0,0,0,0,0,no
0.009036,0.095238,0,0,0,0,0,0,0,0,0,0,0,no
0.009036,0,0,0,0,0,0,0,0,0,0,0,0,no
0.012048,0.095238,0,0,0,0,0,0,0,0,0,0,0,no
0.009036,0.047619,0,0,0,0,0,0,0,0,0,0,0,no
0.009036,0.142857,0,0,0,0,0,0,0,0,0,0,0,no
0.009036,0.047619,0,0,0,0,0,0,0,0,0,0,0,no
0.009036,0.047619,0,0,0,0,0.018519,0.041667,0.001685,0,0.012931,0.012931,0,no
0.021084,0.047619,0,0,0,0.048387,0.018519,0.041667,0.003933,0,0.030172,0.030172,0,no
0.009036,0.047619,0,0,0,0,0,0,0,0,0,0,0,no
0.009036,0,0,0,0,0,0,0,0,0,0,0,0,no
0.009036,0.047619,0,0,0,0,0,0,0,0,0,0,0,no
0.009036,0.047619,0,0,0,0,0,0,0,0,0,0,0,no
0.009036,0.047619,0,0,0,0,0,0,0,0,0,0,0,no
0.009036,0.095238,0,0,0,0,0,0,0,0,0,0,0,no
0.009036,0,0,0,0,0,0,0,0,0,0,0,0,no
0.009036,0.047619,0,0,0,0,0,0,0,0,0,0,0,no
0.009036,0.047619,0,0,0,0,0,0,0,0,0,0,0,no
0.009036,0.095238,0,0,0,0,0,0,0,0,0,0,0,no
0.021084,0.190476,0,0,0,0.048387,0,0,0,0,0,0,0,no
0.009036,0.047619,0,0,0,0,0,0,0,0,0,0,0,no
0.009036,0.095238,0,0,0,0,0,0,0,0,0,0,0,no
0.009036,0.047619,0,0,0,0,0,0,0,0,0,0,0,no
0.009036,0.047619,0,0,0,0,0,0,0,0,0,0,0,no
0.009036,0.047619,0,0,0,0,0,0,0,0,0,0,0,no
0.009036,0,0.010638,0,0,0,0,0,0,0,0,0,0,no
0.009036,0.047619,0,0,0,0,0,0,0,0,0,0,0,no
0.009036,0.047619,0,0,0,0,0,0,0,0,0,0,0,no
0.009036,0.095238,0,0,0,0,0,0,0,0,0,0,0,no
0.009036,0.047619,0,0,0,0,0,0,0,0,0,0,0,no
0.009036,0.047619,0,0,0,0,0,0,0,0,0,0,0,no
0.009036,0.047619,0,0,0,0,0,0,0,0,0,0,0,no
0.009036,0.095238,0,0,0,0,0,0,0,0,0,0,0,no
0.009036,0.047619,0,0,0,0,0,0,0,0,0,0,0,no
0.009036,0.095238,0,0,0,0,0,0,0,0,0,0,0,no
0.009036,0.047619,0,0,0,0,0,0,0,0,0,0,0,no
0.009036,0.047619,0,0,0,0,0,0,0,0,0,0,0,no
0.009036,0.047619,0,0,0,0,0,0,0,0,0,0,0,no
0.012048,0.095238,0,0,0,0,0,0,0,0,0,0,0,no
0.009036,0,0,0,0,0,0,0,0,0,0,0,0,no
0.018072,0.095238,0,0,0,0.016129,0,0,0,0,0,0,0,no
0.009036,0.047619,0,0,0,0,0,0,0,0,0,0,0,no
0.009036,0.095238,0,0,0,0,0,0,0,0,0,0,0,no
0.009036,0.142857,0,0,0,0,0,0,0,0,0,0,0,no
0.009036,0.142857,0,0,0,0,0,0,0,0,0,0,0,no
0.009036,0.047619,0,0,0,0,0,0,0,0,0,0,0,no
0.009036,0.047619,0,0,0,0,0,0,0,0,0,0,0,no
0.009036,0,0,0,0,0,0,0,0,0,0,0,0,no
0.009036,0.142857,0,0,0,0,0.018519,0.041667,0.000562,0.000592,0.008621,0.008621,0,no
0.009036,0.047619,0,0,0,0,0,0,0,0,0,0,0,no
0.009036,0.047619,0,0,0,0,0,0,0,0,0,0,0,no
0.01506,0.142857,0,0,0,0,0,0,0,0,0,0,0,no
0.009036,0.047619,0,0,0,0,0,0,0,0,0,0,0,no
0.009036,0.047619,0,0,0,0,0,0,0,0,0,0,0,no
0.009036,0,0,0,0,0,0,0,0,0,0,0,0,no
0.009036,0,0,0,0,0,0,0,0,0,0,0,0,no
0.009036,0,0,0,0,0,0,0,0,0,0,0,0,no
0.009036,0,0,0,0,0,0,0,0,0,0,0,0,no
0.009036,0,0,0,0,0,0,0,0,0,0,0,0,no
0.009036,0.047619,0.010638,0,0,0,0,0,0,0,0,0,0,no
0.009036,0.047619,0,0,0,0,0,0,0,0,0,0,0,no
0.009036,0.047619,0,0,0,0,0,0,0,0,0,0,0,no
0.009036,0.142857,0,0,0,0,0,0,0,0,0,0,0,no
0.018072,0.190476,0,0,0,0,0,0,0,0,0,0,0,no
0.009036,0,0,0,0,0,0,0,0,0,0,0,0,no
0.009036,0,0,0,0,0,0,0,0,0,0,0,0,no
0.009036,0.047619,0,0,0,0,0,0,0,0,0,0,0,no
0.009036,0,0,0,0,0,0,0,0,0,0,0,0,no
0.009036,0,0,0,0,0,0,0,0,0,0,0,0,no
0.009036,0.047619,0,0,0,0,0,0,0,0,0,0,0,no
0.009036,0,0,0,0,0,0,0,0,0,0,0,0,no
0.012048,0.047619,0,0,0,0,0,0,0,0,0,0,0,no
0.009036,0,0,0,0,0,0,0,0,0,0,0,0,no
0.009036,0,0,0,0,0,0,0,0,0,0,0,0,no
0.009036,0,0,0,0,0,0,0,0,0,0,0,0,no
0.009036,0,0,0,0,0,0,0,0,0,0,0,0,no
0.009036,0,0,0,0,0,0,0,0,0,0,0,0,no
0.009036,0,0,0,0,0,0,0,0,0,0,0,0,no
0.009036,0,0,0,0,0,0,0,0,0,0,0,0,no
0.009036,0.047619,0,0,0,0,0,0,0,0,0,0,0,no
0.009036,0,0,0,0,0,0,0,0,0,0,0,0,no
0.012048,0.142857,0,0,0,0,0,0,0,0,0,0,0,no
0.012048,0.047619,0,0,0,0,0,0,0,0,0,0,0,no
0.009036,0.047619,0,0,0,0,0,0,0,0,0,0,0,no
0.009036,0.047619,0,0,0,0,0,0,0,0,0,0,0,no
0.009036,0.047619,0,0,0,0,0,0,0,0,0,0,0,no
0.009036,0,0,0,0,0,0,0,0,0,0,0,0,no
0.009036,0,0,0,0,0,0,0,0,0,0,0,0,no
0.009036,0.142857,0,0,0,0,0.018519,0.041667,0.000562,0.000592,0.008621,0.008621,0,no
0.009036,0.047619,0,0,0,0,0,0,0,0,0,0,0,no
0.009036,0.047619,0,0,0,0,0,0,0,0,0,0,0,no
0.009036,0.095238,0,0,0,0,0,0,0,0,0,0,0,no
0.01506,0.142857,0,0,0,0,0,0,0,0,0,0,0,no
0.009036,0.047619,0,0,0,0,0,0,0,0,0,0,0,no
0.009036,0.095238,0,0,0,0,0,0,0,0,0,0,0,no
0.009036,0.142857,0,0,0,0,0,0,0,0,0,0,0,no
0.009036,0.190476,0,0,0,0,0,0,0,0,0,0,0,no
0.009036,0.142857,0,0,0,0,0,0,0,0,0,0,0,no
0.009036,0.095238,0,0,0,0,0,0,0,0,0,0,0,no
0.009036,0.142857,0,0,0,0,0,0,0,0,0,0,0,no
0.009036,0.047619,0,0,0,0,0,0,0,0,0,0,0,no
0.009036,0.142857,0,0,0,0,0,0,0,0,0,0,0,no
0.009036,0.047619,0,0,0,0,0,0,0,0,0,0,0,no
0.009036,0.047619,0,0,0,0,0,0,0,0,0,0,0,no
0.009036,0,0,0,0,0,0,0,0,0,0,0,0,no
0.009036,0.047619,0,0,0,0,0,0,0,0,0,0,0,no
0.009036,0.047619,0,0,0,0,0,0,0,0,0,0,0,no
0.009036,0.047619,0,0,0,0,0,0,0,0,0,0,0,no
0.009036,0.047619,0,0,0,0,0,0,0,0,0,0,0,no
0.009036,0,0,0,0,0,0,0,0,0,0,0,0,no
0.009036,0,0,0,0,0,0,0,0,0,0,0,0,no
0.012048,0,0,0,0,0.016129,0,0,0,0,0,0,0,no
0.009036,0.095238,0,0,0,0,0,0,0,0,0,0,0,no
0.009036,0.142857,0,0,0,0,0,0,0,0,0,0,0,no
0.009036,0.047619,0,0,0,0,0,0,0,0,0,0,0,no
0.009036,0.047619,0,0,0,0,0,0,0,0,0,0,0,no
0.009036,0.047619,0,0,0,0,0,0,0,0,0,0,0,no
0.009036,0.095238,0,0,0,0,0,0,0,0,0,0,0,no
0.009036,0.047619,0,0,0,0,0,0,0,0,0,0,0,no
0.009036,0,0,0,0,0,0,0,0,0,0,0,0,no
0.009036,0.047619,0,0,0,0,0,0,0,0,0,0,0,no
0.009036,0.047619,0,0,0,0,0,0,0,0,0,0,0,no
0.009036,0,0,0,0,0,0,0,0,0,0,0,0,no
0.012048,0.047619,0,0,0,0.016129,0,0,0,0,0,0,0,no
0.009036,0.047619,0,0,0,0,0,0,0,0,0,0,0,no
0.009036,0.095238,0,0,0,0,0,0,0,0,0,0,0,no
0.009036,0.047619,0,0,0,0,0,0,0,0,0,0,0,no
0.009036,0.095238,0,0,0,0,0,0,0,0,0,0,0,no
0.009036,0.047619,0,0,0,0,0,0,0,0,0,0,0,no
0,0,0,0,0,0,0,0,0,0,0,0,0,no
0,0.047619,0,0,0,0,0,0,0,0,0,0,0,no
0.009036,0,0,0,0,0,0,0,0,0,0,0,0,no
0.021084,0.190476,0,0,0,0.032258,0,0,0,0,0,0,0,no
0.009036,0.095238,0,0,0,0,0,0,0,0,0,0,0,no
0.009036,0.142857,0,0,0,0,0,0,0,0,0,0,0,no
0.009036,0.142857,0,0,0,0,0,0,0,0,0,0,0,no
0.009036,0.095238,0,0,0,0,0,0,0,0,0,0,0,no
0.021084,0.238095,0,0,0,0.032258,0,0,0,0,0,0,0,no
0.009036,0.047619,0,0,0,0,0,0,0,0,0,0,0,no
0.009036,0.095238,0,0,0,0,0,0,0,0,0,0,0,no
0.009036,0.142857,0,0,0,0,0,0,0,0,0,0,0,no
0.009036,0.095238,0,0,0,0,0,0,0,0,0,0,0,no
0.009036,0.142857,0,0,0,0,0,0,0,0,0,0,0,no
0.024096,0.095238,0,0,0,0.032258,0,0,0,0,0,0,0,no
0.009036,0.047619,0,0,0,0,0,0,0,0,0,0,0,no
0.009036,0.095238,0,0,0,0,0,0,0,0,0,0,0,no
0.009036,0.047619,0,0,0,0,0,0,0,0,0,0,0,no
0.009036,0,0,0,0,0,0,0,0,0,0,0,0,no
0.009036,0,0,0,0,0,0,0,0,0,0,0,0,no
0.009036,0,0,0,0,0,0,0,0,0,0,0,0,no
0.009036,0.047619,0,0,0,0,0,0,0,0,0,0,0,no
0.009036,0.047619,0,0,0,0,0,0,0,0,0,0,0,no
0.009036,0.095238,0,0,0,0,0,0,0,0,0,0,0,no
0.006024,0,0,0,0,0,0,0,0,0,0,0,0,no
0.009036,0,0,0,0,0,0,0,0,0,0,0,0,no
0.012048,0,0,0,0,0,0,0,0,0,0,0,0,no
0.012048,0,0,0,0,0,0,0,0,0,0,0,0,no
0.012048,0,0,0,0,0,0,0,0,0,0,0,0,no
0.01506,0,0,0,0,0,0,0,0,0,0,0,0,no
0.01506,0.142857,0,0,0,0,0,0,0,0,0,0,0,no
0.009036,0,0,0,0,0,0,0,0,0,0,0,0,no
0.01506,0.190476,0,0,0,0,0,0,0,0,0,0,0,no
0.009036,0.047619,0,0,0,0,0,0,0,0,0,0,0,no
0.009036,0,0,0,0,0,0,0,0,0,0,0,0,no
0.009036,0.142857,0,0,0,0,0.018519,0.041667,0.000562,0.000592,0.008621,0.008621,0,no
0.009036,0.047619,0,0,0,0,0,0,0,0,0,0,0,no
0.009036,0.047619,0,0,0,0,0,0,0,0,0,0,0,no
0,0.095238,0,0,0,0,0,0,0,0,0,0,0,no
0,0.095238,0,0,0,0,0,0,0,0,0,0,0,no
0,0,0,0,0,0,0,0,0,0,0,0,0,no
0,0.095238,0,0,0,0,0,0,0,0,0,0,0,no
0.060241,0.142857,0,0,0,0,0,0,0,0,0,0,0,no
0,0.047619,0,0,0,0,0,0,0,0,0,0,0,no
0.009036,0.095238,0,0,0,0,0,0,0,0,0,0,0,no
0.009036,0,0,0,0,0,0,0,0,0,0,0,0,no
0.009036,0.095238,0,0,0,0,0,0,0,0,0,0,0,no
0.009036,0.047619,0,0,0,0,0,0,0,0,0,0,0,no
0,0.047619,0,0,0,0,0,0,0,0,0,0,0,no
0,0.047619,0,0,0,0,0,0,0,0,0,0,0,no
0.009036,0.047619,0,0,0,0,0,0,0,0,0,0,0,no
0.009036,0.095238,0,0,0,0,0,0,0,0,0,0,0,no
0,0.047619,0,0,0,0,0,0,0,0,0,0,0,no
0.009036,0.047619,0,0,0,0,0,0,0,0,0,0,0,no
0,0.095238,0,0,0,0,0,0,0,0,0,0,0,no
0,0.095238,0,0,0,0,0,0,0,0,0,0,0,no
0,0,0,0,0,0,0,0,0,0,0,0,0,no
0.036145,0.095238,0,0,0,0,0,0,0,0,0,0,0,no
0.009036,0.095238,0,0,0,0,0,0,0,0,0,0,0,no
0.009036,0,0,0,0,0,0,0,0,0,0,0,0,no
0,0.095238,0,0,0,0,0,0,0,0,0,0,0,no
0.009036,0.095238,0,0,0,0,0,0,0,0,0,0,0,no
0.009036,0,0,0,0,0,0,0,0,0,0,0,0,no
0.009036,0.095238,0,0,0,0,0,0,0,0,0,0,0,no
0.009036,0.047619,0,0,0,0,0,0,0,0,0,0,0,no
0.009036,0.095238,0,0,0,0,0,0,0,0,0,0,0,no
0.009036,0,0,0,0,0,0,0,0,0,0,0,0,no
0.009036,0.095238,0,0,0,0,0,0,0,0,0,0,0,no
0.009036,0.047619,0,0,0,0,0,0,0,0,0,0,0,no
0.012048,0.095238,0,0,0,0,0,0,0,0,0,0,0,no
0.009036,0.047619,0,0,0,0,0,0,0,0,0,0,0,no
0.006024,0,0,0,0,0,0,0,0,0,0,0,0,no
0.009036,0.142857,0,0,0,0,0,0,0,0,0,0,0,no
0.009036,0.190476,0,0,0,0,0,0,0,0,0,0,0,no
0.009036,0.238095,0,0,0,0,0,0,0,0,0,0,0,no
0.009036,0.285714,0,0,0,0,0,0,0,0,0,0,0,no
0.009036,0.333333,0,0,0,0,0,0,0,0,0,0,0,no
0.009036,0.380952,0,0,0,0,0,0,0,0,0,0,0,no
0.009036,0.428571,0,0,0,0,0,0,0,0,0,0,0,no
0.009036,0.47619,0,0,0,0,0,0,0,0,0,0,0,no
0.009036,0.047619,0,0,0,0,0,0,0,0,0,0,0,no
0.009036,0.047619,0,0,0,0,0,0,0,0,0,0,0,no
0.009036,0.047619,0,0,0,0,0,0,0,0,0,0,0,no
0.009036,0.047619,0,0,0,0,0,0,0,0,0,0,0,no
0.012048,0.095238,0,0,0,0,0,0,0,0,0,0,0,no
0.009036,0,0,0,0,0,0,0,0,0,0,0,0,no
0.009036,0.047619,0,0,0,0,0,0,0,0,0,0,0,no
0.012048,0.095238,0,0,0,0,0,0,0,0,0,0,0,no
0.009036,0,0,0,0,0,0,0,0,0,0,0,0,no
0.006024,0.047619,0,0,0,0,0,0,0,0,0,0,0,no
0.009036,0.095238,0,0,0,0,0,0,0,0,0,0,0,no
0.006024,0,0,0,0,0,0,0,0,0,0,0,0,no
0.009036,0.047619,0,0,0,0,0,0,0,0,0,0,0,no
0.012048,0.047619,0,0,0,0,0,0,0,0,0,0,0,no
0.009036,0.095238,0,0,0,0,0,0,0,0,0,0,0,no
0.012048,0.095238,0,0,0,0,0,0,0,0,0,0,0,no
0.009036,0.095238,0,0,0,0,0,0,0,0,0,0,0,no
0.009036,0,0,0,0,0,0,0,0,0,0,0,0,no
0.009036,0,0,0,0,0,0,0,0,0,0,0,0,no
0.012048,0.095238,0,0,0,0,0.018519,0.041667,0.002247,0,0.017241,0.017241,0,no
0.01506,0,0,0,0,0,0.018519,0.041667,0.002809,0,0.021552,0.021552,0,no
0.024096,0,0,0,0,0,0.018519,0.041667,0.004494,0,0.034483,0.034483,0,no
0.024096,0.142857,0,0,0,0,0,0,0,0,0,0,0,no
0.009036,0,0,0,0,0,0,0,0,0,0,0,0,no
0.009036,0,0,0,0,0,0,0,0,0,0,0,0,no
0.009036,0.047619,0,0,0,0,0,0,0,0,0,0,0,no
0.009036,0.047619,0,0,0,0,0,0,0,0,0,0,0,no
0.009036,0.047619,0,0,0,0,0,0,0,0,0,0,0,no
0.009036,0.047619,0,0,0,0,0,0,0,0,0,0,0,no
0.009036,0.047619,0,0,0,0,0,0,0,0,0,0,0,no
0.009036,0.047619,0,0,0,0,0,0,0,0,0,0,0,no
0.009036,0.047619,0,0,0,0,0,0,0,0,0,0,0,no
0.009036,0.047619,0,0,0,0,0,0,0,0,0,0,0,no
0.01506,0.095238,0,0,0,0,0,0,0,0,0,0,0,no
0.009036,0,0,0,0,0,0,0,0,0,0,0,0,no
0.009036,0,0,0,0,0,0,0,0,0,0,0,0,no
0.009036,0.142857,0,0,0,0,0,0,0,0,0,0,0,no
0.021084,0.238095,0,0,0,0,0,0,0,0,0,0,0,no
0.01506,0,0,0,0,0,0,0,0,0,0,0,0,no
0.009036,0,0,0,0,0,0,0,0,0,0,0,0,no
0.009036,0,0,0,0,0,0,0,0,0,0,0,0,no
0.009036,0.047619,0,0,0,0,0,0,0,0,0,0,0,no
0.009036,0.047619,0,0,0,0,0,0,0,0,0,0,0,no
0.009036,0.047619,0,0,0,0,0,0,0,0,0,0,0,no
0.009036,0.047619,0,0,0,0,0,0,0,0,0,0,0,no
0.009036,0.047619,0,0,0,0,0,0,0,0,0,0,0,no
0.009036,0.047619,0,0,0,0,0,0,0,0,0,0,0,no
0.009036,0.047619,0,0,0,0,0,0,0,0,0,0,0,no
0.012048,0.047619,0,0,0,0,0,0,0,0,0,0,0,no
0,0.095238,0,0,0,0,0,0,0,0,0,0,0,no
0,0.047619,0,0,0,0,0,0,0,0,0,0,0,no
0,0.047619,0,0,0,0,0,0,0,0,0,0,0,no
0,0.047619,0,0,0,0,0,0,0,0,0,0,0,no
0,0.095238,0,0,0,0,0,0,0,0,0,0,0,no
0,0,0,0,0,0,0,0,0,0,0,0,0,no
0,0,0,0,0,0,0,0,0,0,0,0,0,no
0.009036,0.047619,0,0,0,0,0,0,0,0,0,0,0,no
0.024096,0.047619,0.010638,0,0,0.064516,0,0,0,0,0,0,0,no
0.009036,0.047619,0,0,0,0,0,0,0,0,0,0,0,no
0.012048,0.047619,0.010638,0,0,0,0,0,0,0,0,0,0,no
0.009036,0.047619,0,0,0,0,0,0,0,0,0,0,0,no
0.009036,0,0,0,0,0,0,0,0,0,0,0,0,no
0.009036,0.047619,0,0,0,0,0,0,0,0,0,0,0,no
0,0.047619,0,0,0,0,0,0,0,0,0,0,0,no
0.009036,0.047619,0,0,0,0,0,0,0,0,0,0,0,no
0.009036,0.047619,0,0,0,0,0,0,0,0,0,0,0,no
0.036145,0.47619,0,0,0.079365,0,0,0,0,0,0,0,0,no
0.039157,0,0.106383,0,0,0.016129,0,0,0,0,0,0,0,no
0.009036,0,0,0,0,0,0,0,0,0,0,0,0,no
0.01506,0.142857,0,0,0.02381,0,0,0,0,0,0,0,0,no
0.018072,0,0.031915,0,0,0.016129,0,0,0,0,0,0,0,no
0.009036,0,0,0,0,0,0,0,0,0,0,0,0,no
0.018072,0.190476,0,0,0.031746,0,0,0,0,0,0,0,0,no
0.021084,0,0.042553,0,0,0.016129,0,0,0,0,0,0,0,no
0.009036,0,0,0,0,0,0,0,0,0,0,0,0,no
0.021084,0.238095,0,0,0.039683,0,0,0,0,0,0,0,0,no
0.024096,0,0.053191,0,0,0.016129,0,0,0,0,0,0,0,no
0.009036,0,0,0,0,0,0,0,0,0,0,0,0,no
0.024096,0.285714,0,0,0.047619,0,0,0,0,0,0,0,0,no
0.027108,0,0.06383,0,0,0.016129,0,0,0,0,0,0,0,no
0.009036,0,0,0,0,0,0,0,0,0,0,0,0,no
0.027108,0.333333,0,0,0.055556,0,0,0,0,0,0,0,0,no
0.03012,0,0.074468,0,0,0.016129,0,0,0,0,0,0,0,no
0.009036,0,0,0,0,0,0,0,0,0,0,0,0,no
0.03012,0.380952,0,0,0.063492,0,0,0,0,0,0,0,0,no
0.033133,0,0.085106,0,0,0.016129,0,0,0,0,0,0,0,no
0.009036,0,0,0,0,0,0,0,0,0,0,0,0,no
0.033133,0.428571,0,0,0.071429,0,0,0,0,0,0,0,0,no
0.036145,0,0.095745,0,0,0.016129,0,0,0,0,0,0,0,no
0.009036,0,0,0,0,0,0,0,0,0,0,0,0,no
0.009036,0,0,0,0,0,0,0,0,0,0,0,0,no
0.009036,0,0,0,0,0,0,0,0,0,0,0,0,no
0.009036,0,0,0,0,0,0,0,0,0,0,0,0,no
0.018072,0,0.031915,0,0,0.016129,0,0,0,0,0,0,0,no
0.012048,0.095238,0,0,0,0,0,0,0,0,0,0,0,no
0.009036,0,0,0,0,0,0,0,0,0,0,0,0,no
0.009036,0,0,0,0,0,0,0,0,0,0,0,0,no
0.018072,0,0.021277,0,0,0.016129,0,0,0,0,0,0,0,no
0.009036,0.095238,0,0,0,0,0,0,0,0,0,0,0,no
0.009036,0.095238,0,0,0,0,0,0,0,0,0,0,0,no
0.009036,0.095238,0,0,0,0,0,0,0,0,0,0,0,no
0.009036,0.095238,0,0,0,0,0,0,0,0,0,0,0,no
0.012048,0.047619,0,0,0,0,0,0,0,0,0,0,0,no
0.012048,0.047619,0,0,0,0,0,0,0,0,0,0,0,no
0.012048,0.047619,0,0,0,0,0,0,0,0,0,0,0,no
0.009036,0.047619,0,0,0,0,0,0,0,0,0,0,0,no
0.009036,0,0,0,0,0,0,0,0,0,0,0,0,no
0.009036,0,0,0,0,0,0,0,0,0,0,0,0,no
0.01506,0,0.010638,0,0,0.016129,0,0,0,0,0,0,0,no
0.009036,0.047619,0,0,0,0,0,0,0,0,0,0,0,no
0.009036,0.047619,0,0,0,0,0,0,0,0,0,0,0,no
0.012048,0.047619,0,0,0,0,0,0,0,0,0,0,0,no
0.012048,0.047619,0,0,0,0,0,0,0,0,0,0,0,no
0.012048,0.047619,0,0,0,0,0,0,0,0,0,0,0,no
0,0,0,0,0,0,0,0,0,0,0,0,0,no
0,0,0,0,0,0,0,0,0,0,0,0,0,no
0,0,0,0,0,0,0,0,0,0,0,0,0,no
0,0,0,0,0,0,0,0,0,0,0,0,0,no
0,0,0,0,0,0,0,0,0,0,0,0,0,no
0.024096,0.285714,0,0,0,0,0.018519,0.041667,0.000562,0.000592,0.008621,0.008621,0,no
0.009036,0.047619,0,0,0,0,0,0,0,0,0,0,0,no
0.009036,0,0,0,0,0,0,0,0,0,0,0,0,no
0.009036,0.047619,0,0,0,0,0,0,0,0,0,0,0,no
0.009036,0.047619,0,0,0,0,0,0,0,0,0,0,0,no
0.009036,0,0,0,0,0,0,0,0,0,0,0,0,no
0.009036,0.047619,0,0,0,0,0,0,0,0,0,0,0,no
0.009036,0,0,0,0,0,0,0,0,0,0,0,0,no
0.009036,0,0,0,0,0,0,0,0,0,0,0,0,no
0.01506,0,0,0,0,0.016129,0,0,0,0,0,0,0,no
0,0,0,0,0,0,0,0,0,0,0,0,0,no
0,0.047619,0,0,0,0,0,0,0,0,0,0,0,no
0,0.142857,0,0,0,0,0,0,0,0,0,0,0,no
0,0.047619,0,0,0,0,0,0,0,0,0,0,0,no
0,0.142857,0,0,0,0,0,0,0,0,0,0,0,no
0,0.142857,0,0,0,0,0,0,0,0,0,0,0,no
0,0.142857,0,0,0,0,0,0,0,0,0,0,0,no
0,0.047619,0,0,0,0,0,0,0,0,0,0,0,no
0,0.142857,0,0,0,0,0,0,0,0,0,0,0,no
0,0.190476,0,0,0,0,0,0,0,0,0,0,0,no
0,0.047619,0,0,0,0,0,0,0,0,0,0,0,no
0,0.047619,0,0,0,0,0,0,0,0,0,0,0,no
0.009036,0.047619,0,0,0,0,0,0,0,0,0,0,0,no
0.009036,0.047619,0,0,0,0,0,0,0,0,0,0,0,no
0.009036,0.095238,0,0,0,0,0,0,0,0,0,0,0,no
0.009036,0.047619,0,0,0,0,0,0,0,0,0,0,0,no
0.009036,0.142857,0,0,0,0,0,0,0,0,0,0,0,no
0.009036,0.095238,0,0,0,0,0,0,0,0,0,0,0,no
0.009036,0.142857,0,0,0,0,0,0,0,0,0,0,0,no
0.009036,0.095238,0,0,0,0,0,0,0,0,0,0,0,no
0.009036,0.142857,0,0,0,0,0,0,0,0,0,0,0,no
0.009036,0.095238,0,0,0,0,0,0,0,0,0,0,0,no
0.009036,0.190476,0,0,0,0,0,0,0,0,0,0,0,no
0.009036,0.142857,0,0,0,0,0,0,0,0,0,0,0,no
0.009036,0.190476,0.010638,0,0,0,0,0,0,0,0,0,0,no
0.009036,0.142857,0,0,0,0,0,0,0,0,0,0,0,no
0.009036,0.047619,0,0,0,0,0,0,0,0,0,0,0,no
0.009036,0.047619,0,0,0,0,0,0,0,0,0,0,0,no
0.009036,0.047619,0,0,0,0,0,0,0,0,0,0,0,no
0.009036,0.047619,0,0,0,0,0,0,0,0,0,0,0,no
0.009036,0.047619,0,0,0,0,0,0,0,0,0,0,0,no
0.009036,0.047619,0,0,0,0,0,0,0,0,0,0,0,no
0.024096,0,0,0,0,0,0,0,0,0,0,0,0,no
0.027108,0.095238,0,0,0,0.016129,0,0,0,0,0,0,0,no
0.009036,0,0,0,0,0,0,0,0,0,0,0,0,no
0.009036,0.047619,0,0,0,0,0,0,0,0,0,0,0,no
0.012048,0.047619,0,0,0,0,0,0,0,0,0,0,0,no
0.009036,0,0,0,0,0,0,0,0,0,0,0,0,no
0.009036,0,0,0,0,0,0,0,0,0,0,0,0,no
0.009036,0.047619,0,0,0,0,0,0,0,0,0,0,0,no
0.024096,0.047619,0,0,0,0.016129,0,0,0,0,0,0,0,no
0.024096,0.809524,0,0,0,0,0.037037,0.083333,0.008989,0,0.034483,0.034483,0,no
0.012048,0.047619,0,0,0,0,0.018519,0.041667,0.000562,0.000592,0.008621,0.008621,0,no
0.009036,0,0,0,0,0,0.037037,0.083333,0.003371,0,0.012931,0.012931,0,no
0.009036,0.047619,0,0,0,0,0,0,0,0,0,0,0,no
0.009036,0,0,0,0,0,0,0,0,0,0,0,0,no
0.009036,0.047619,0,0,0,0,0,0,0,0,0,0,0,no
0.009036,0,0,0,0,0,0,0,0,0,0,0,0,no
0.009036,0.047619,0,0,0,0,0,0,0,0,0,0,0,no
0.009036,0,0,0,0,0,0,0,0,0,0,0,0,no
0.009036,0,0,0,0,0,0,0,0,0,0,0,0,no
0.009036,0,0,0,0,0,0,0,0,0,0,0,0,no
0.009036,0,0,0,0,0,0,0,0,0,0,0,0,no
0.009036,0.142857,0,0,0,0,0,0,0,0,0,0,0,no
0.009036,0.142857,0,0,0,0,0,0,0,0,0,0,0,no
0.009036,0.047619,0,0,0,0,0,0,0,0,0,0,0,no
0.009036,0.095238,0,0,0,0,0,0,0,0,0,0,0,no
0.009036,0.142857,0,0,0,0,0,0,0,0,0,0,0,no
0.009036,0.095238,0,0,0,0,0,0,0,0,0,0,0,no
0.009036,0.095238,0,0,0,0,0,0,0,0,0,0,0,no
0.009036,0,0,0,0,0,0,0,0,0,0,0,0,no
0.009036,0,0,0,0,0,0,0,0,0,0,0,0,no
0.009036,0.047619,0,0,0,0,0,0,0,0,0,0,0,no
0.009036,0,0,0,0,0,0,0,0,0,0,0,0,no
0.009036,0,0,0,0,0,0,0,0,0,0,0,0,no
0.009036,0,0,0,0,0,0,0,0,0,0,0,0,no
0,0.047619,0,0,0.007937,0,0,0,0,0,0,0,0,no
0,0.047619,0,0,0.007937,0,0,0,0,0,0,0,0,no
0.012048,0,0,0,0,0,0,0,0,0,0,0,0,no
0.009036,0.047619,0,0,0,0,0,0,0,0,0,0,0,no
0.009036,0.047619,0,0,0,0,0,0,0,0,0,0,0,no
0.009036,0.047619,0,0,0,0,0,0,0,0,0,0,0,no
0.009036,0.047619,0,0,0,0,0,0,0,0,0,0,0,no
0.012048,0,0,0,0,0,0,0,0,0,0,0,0,no
0.009036,0.047619,0,0,0,0,0,0,0,0,0,0,0,no
0.006024,0.047619,0,0,0.007937,0,0,0,0,0,0,0,0,no
0.009036,0,0,0,0,0,0,0,0,0,0,0,0,no
0.009036,0,0,0,0,0,0,0,0,0,0,0,0,no
0.009036,0,0,0,0,0,0,0,0,0,0,0,0,no
0.009036,0.047619,0,0,0,0,0,0,0,0,0,0,0,no
0.009036,0.047619,0,0,0,0,0,0,0,0,0,0,0,no
0.009036,0.190476,0,0,0,0,0,0,0,0,0,0,0,no
0.009036,0.047619,0,0,0,0,0,0,0,0,0,0,0,no
0.009036,0.095238,0,0,0,0,0,0,0,0,0,0,0,no
0.012048,0.047619,0,0,0,0,0,0,0,0,0,0,0,no
0.012048,0.095238,0,0,0,0,0,0,0,0,0,0,0,no
0.009036,0.047619,0,0,0,0,0,0,0,0,0,0,0,no
0.009036,0,0,0,0,0,0,0,0,0,0,0,0,no
0.006024,0,0,0,0.007937,0,0,0,0,0,0,0,0,no
0,0,0,0,0.007937,0,0,0,0,0,0,0,0,no
0.006024,0,0,0,0.007937,0,0,0,0,0,0,0,0,no
0.009036,0.047619,0,0,0,0,0,0,0,0,0,0,0,no
0.009036,0.047619,0,0,0,0,0,0,0,0,0,0,0,no
0.009036,0,0,0,0,0,0,0,0,0,0,0,0,no
0.012048,0.190476,0,0,0,0,0,0,0,0,0,0,0,no
0.009036,0.047619,0,0,0,0,0,0,0,0,0,0,0,no
0.009036,0.047619,0,0,0,0,0,0,0,0,0,0,0,no
0.009036,0,0,0,0,0,0,0,0,0,0,0,0,no
0.012048,0.190476,0,0,0,0,0,0,0,0,0,0,0,no
0.012048,0.047619,0,0,0,0,0,0,0,0,0,0,0,no
0.009036,0.047619,0,0,0,0,0,0,0,0,0,0,0,no
0.006024,0,0,0,0.007937,0,0,0,0,0,0,0,0,no
0.009036,0.047619,0,0,0,0,0,0,0,0,0,0,0,no
0.009036,0.047619,0,0,0,0,0,0,0,0,0,0,0,no
0.009036,0.095238,0,0,0,0,0,0,0,0,0,0,0,no
0.009036,0.095238,0,0,0,0,0,0,0,0,0,0,0,no
0.009036,0,0,0,0,0,0,0,0,0,0,0,0,no
0.009036,0.142857,0,0,0,0,0,0,0,0,0,0,0,no
0.009036,0.047619,0,0,0,0,0,0,0,0,0,0,0,no
0.009036,0,0,0,0,0,0,0,0,0,0,0,0,no
0.012048,0.047619,0,0,0,0,0,0,0,0,0,0,0,no
0.012048,0.095238,0,0,0,0,0,0,0,0,0,0,0,no
0.009036,0,0,0,0,0,0,0,0,0,0,0,0,no
0.009036,0.047619,0,0,0,0,0,0,0,0,0,0,0,no
0.018072,0.047619,0,0,0,0.016129,0,0,0,0,0,0,0,no
0.006024,0,0,0,0.007937,0,0,0,0,0,0,0,0,no
0.024096,0,0,0,0,0,0,0,0,0,0,0,0,no
0.012048,0.047619,0,0,0,0,0,0,0,0,0,0,0,no
0.006024,0,0,0,0.007937,0,0,0,0,0,0,0,0,no
0.006024,0,0,0,0.007937,0,0,0,0,0,0,0,0,no
0.018072,0.047619,0,0,0,0.016129,0,0,0,0,0,0,0,no
0.033133,0,0,0,0,0.032258,0,0,0,0,0,0,0,no
0.009036,0,0,0,0.007937,0,0,0,0,0,0,0,0,no
0.01506,0.047619,0,0,0,0,0,0,0,0,0,0,0,no
0.01506,0.047619,0,0,0,0,0,0,0,0,0,0,0,no
0.009036,0,0,0,0,0,0,0,0,0,0,0,0,no
0.009036,0,0,0,0,0,0,0,0,0,0,0,0,no
0.009036,0.047619,0,0,0,0,0,0,0,0,0,0,0,no
0.009036,0.047619,0,0,0,0,0,0,0,0,0,0,0,no
0.009036,0.095238,0,0,0,0,0,0,0,0,0,0,0,no
0.009036,0.047619,0,0,0,0,0,0,0,0,0,0,0,no
0.01506,0.047619,0,0,0,0.032258,0,0,0,0,0,0,0,no
0.012048,0.190476,0,0,0,0,0,0,0,0,0,0,0,no
0.009036,0.047619,0,0,0,0,0,0,0,0,0,0,0,no
0.01506,0.047619,0,0,0,0.032258,0.037037,0.083333,0.001124,0.001183,0.008621,0.008621,0,no
0.012048,0.190476,0,0,0,0,0,0,0,0,0,0,0,no
0.024096,0.142857,0,0,0,0.016129,0,0,0,0,0,0,0,no
0.012048,0,0,0,0,0,0,0,0,0,0,0,0,no
0.01506,0.047619,0,0,0,0.016129,0,0,0,0,0,0,0,no
0.01506,0,0,0,0,0.016129,0,0,0,0,0,0,0,no
0.009036,0.095238,0,0,0,0,0,0,0,0,0,0,0,no
0.009036,0.095238,0,0,0,0,0,0,0,0,0,0,0,no
0.009036,0,0,0,0,0,0,0,0,0,0,0,0,no
0.009036,0,0,0,0,0,0,0,0,0,0,0,0,no
0.006024,0,0,0,0.007937,0,0,0,0,0,0,0,0,no
0.009036,0,0,0,0,0,0,0,0,0,0,0,0,no
0.009036,0,0,0,0,0,0,0,0,0,0,0,0,no
0.006024,0,0,0,0.007937,0,0,0,0,0,0,0,0,no
0.006024,0,0,0,0.007937,0,0,0,0,0,0,0,0,no
0.012048,0.095238,0,0,0,0,0,0,0,0,0,0,0,no
0.009036,0,0,0,0,0,0,0,0,0,0,0,0,no
0.009036,0,0,0,0,0,0,0,0,0,0,0,0,no
0.009036,0,0,0,0,0,0,0,0,0,0,0,0,no
0.009036,0,0,0,0,0,0,0,0,0,0,0,0,no
0.009036,0,0,0,0,0,0,0,0,0,0,0,0,no
0.009036,0.047619,0,0,0,0,0,0,0,0,0,0,0,no
0.009036,0.047619,0,0,0,0,0,0,0,0,0,0,0,no
0.009036,0.047619,0,0,0,0,0,0,0,0,0,0,0,no
0.009036,0.047619,0,0,0,0,0,0,0,0,0,0,0,no
0.009036,0,0,0,0,0,0,0,0,0,0,0,0,no
0.009036,0,0,0,0,0,0,0,0,0,0,0,0,no
0.009036,0,0,0,0,0,0,0,0,0,0,0,0,no
0.009036,0.047619,0,0,0,0,0,0,0,0,0,0,0,no
0.009036,0.047619,0,0,0,0,0,0,0,0,0,0,0,no
0.009036,0.047619,0,0,0,0,0,0,0,0,0,0,0,no
0.006024,0,0,0,0,0,0,0,0,0,0,0,0,no
0.009036,0.047619,0,0,0,0,0,0,0,0,0,0,0,no
0.009036,0.095238,0,0,0,0,0,0,0,0,0,0,0,no
0.009036,0,0,0,0,0,0,0,0,0,0,0,0,no
0.009036,0.047619,0,0,0,0,0,0,0,0,0,0,0,no
0.009036,0.095238,0,0,0,0,0,0,0,0,0,0,0,no
0.012048,0.095238,0,0,0,0,0,0,0,0,0,0,0,no
0.009036,0,0,0,0,0,0,0,0,0,0,0,0,no
0.01506,0.047619,0,0,0,0.016129,0,0,0,0,0,0,0,no
0.009036,0.142857,0,0,0,0,0.018519,0.041667,0.000562,0.000592,0.008621,0.008621,0,no
0.027108,0.142857,0,0,0,0.032258,0,0,0,0,0,0,0,no
0.012048,0,0,0,0,0,0,0,0,0,0,0,0,no
0.01506,0.047619,0,0,0,0.016129,0,0,0,0,0,0,0,no
0.01506,0,0,0,0,0.016129,0,0,0,0,0,0,0,no
0.009036,0.095238,0,0,0,0,0,0,0,0,0,0,0,no
0.009036,0,0,0,0,0,0,0,0,0,0,0,0,no
0.009036,0.095238,0,0,0,0,0,0,0,0,0,0,0,no
0.009036,0,0,0,0,0,0,0,0,0,0,0,0,no
0.009036,0,0,0,0,0,0,0,0,0,0,0,0,no
0.009036,0.095238,0,0,0,0,0,0,0,0,0,0,0,no
0.009036,0,0,0,0,0,0,0,0,0,0,0,0,no
0.006024,0,0,0,0.007937,0,0,0,0,0,0,0,0,no
0.009036,0,0,0,0,0,0,0,0,0,0,0,0,no
0.006024,0,0,0,0.007937,0,0,0,0,0,0,0,0,no
0.009036,0,0,0,0,0,0,0,0,0,0,0,0,no
0.009036,0.047619,0,0,0,0,0,0,0,0,0,0,0,no
0.009036,0.047619,0,0,0,0,0,0,0,0,0,0,0,no
0.021084,0.095238,0,0,0,0.032258,0,0,0,0,0,0,0,no
0.009036,0.095238,0,0,0,0,0,0,0,0,0,0,0,no
0.009036,0.047619,0,0,0,0,0,0,0,0,0,0,0,no
0.006024,0.047619,0,0,0.007937,0,0,0,0,0,0,0,0,no
0.009036,0,0,0,0.007937,0,0,0,0,0,0,0,0,no
0.01506,0.142857,0,0,0,0.016129,0.018519,0.041667,0.000562,0.000592,0.008621,0.008621,0,no
0.009036,0.095238,0,0,0,0,0,0,0,0,0,0,0,no
0.009036,0.047619,0,0,0,0,0,0,0,0,0,0,0,no
0.009036,0.047619,0,0,0,0,0,0,0,0,0,0,0,no
0.009036,0,0,0,0.007937,0,0,0,0,0,0,0,0,no
0.01506,0.142857,0,0,0,0.016129,0,0,0,0,0,0,0,no
0.036145,0,0,0,0.007937,0.016129,0,0,0,0,0,0,0,no
0.009036,0,0,0,0,0,0,0,0,0,0,0,0,no
0.009036,0,0,0,0.007937,0,0,0,0,0,0,0,0,no
0.012048,0.095238,0,0,0,0,0,0,0,0,0,0,0,no
0.01506,0.047619,0,0,0,0.016129,0,0,0,0,0,0,0,no
0.009036,0,0,0,0,0,0,0,0,0,0,0,0,no
0.009036,0.047619,0,0,0,0,0,0,0,0,0,0,0,no
0.01506,0.047619,0,0,0,0.016129,0,0,0,0,0,0,0,no
0.009036,0,0,0,0,0,0,0,0,0,0,0,0,no
0.012048,0.142857,0,0,0,0,0,0,0,0,0,0,0,no
0.009036,0.047619,0,0,0,0,0,0,0,0,0,0,0,no
0.01506,0.142857,0,0,0,0.016129,0,0,0,0,0,0,0,no
0.012048,0.190476,0,0,0,0,0,0,0,0,0,0,0,no
0.009036,0,0,0,0,0,0,0,0,0,0,0,0,no
0.012048,0,0,0,0,0.016129,0,0,0,0,0,0,0,no
0.009036,0.047619,0,0,0,0,0,0,0,0,0,0,0,no
0.006024,0,0,0,0.007937,0,0,0,0,0,0,0,0,no
0.009036,0.047619,0,0,0,0,0,0,0,0,0,0,0,no
0.012048,0.142857,0,0,0,0,0,0,0,0,0,0,0,no
0.009036,0,0,0,0,0,0,0,0,0,0,0,0,no
0.009036,0.047619,0,0,0,0,0,0,0,0,0,0,0,no
0.009036,0.047619,0,0,0,0,0,0,0,0,0,0,0,no
0.012048,0.095238,0,0,0,0.016129,0,0,0,0,0,0,0,no
0.009036,0,0,0,0,0,0,0,0,0,0,0,0,no
0.009036,0.095238,0,0,0,0,0,0,0,0,0,0,0,no
0.03012,0.047619,0,0,0,0,0,0,0,0,0,0,0,no
0.018072,0.047619,0,0,0,0.016129,0,0,0,0,0,0,0,no
0.024096,0,0,0,0,0,0,0,0,0,0,0,0,no
0.006024,0,0,0,0.007937,0,0,0,0,0,0,0,0,no
0.009036,0.047619,0,0,0,0,0,0,0,0,0,0,0,no
0.018072,0.047619,0,0,0,0.016129,0,0,0,0,0,0,0,no
0.01506,0.047619,0,0,0,0,0,0,0,0,0,0,0,no
0.01506,0.047619,0,0,0,0,0,0,0,0,0,0,0,no
0.009036,0,0,0,0,0,0,0,0,0,0,0,0,no
0.018072,0.142857,0,0,0,0.016129,0,0,0,0,0,0,0,no
0.006024,0,0,0,0.007937,0,0,0,0,0,0,0,0,no
0.009036,0.047619,0,0,0,0,0,0,0,0,0,0,0,no
0.009036,0,0,0,0,0,0,0,0,0,0,0,0,no
0.012048,0.142857,0,0,0,0,0,0,0,0,0,0,0,no
0.006024,0,0,0,0.007937,0,0,0,0,0,0,0,0,no
0.009036,0.047619,0,0,0,0,0,0,0,0,0,0,0,no
0.01506,0.047619,0,0,0,0,0,0,0,0,0,0,0,no
0.009036,0,0,0,0,0,0,0,0,0,0,0,0,no
0.012048,0.142857,0,0,0,0,0,0,0,0,0,0,0,no
0.009036,0.047619,0,0,0,0,0,0,0,0,0,0,0,no
0.009036,0.047619,0,0,0,0,0,0,0,0,0,0,0,no
0.006024,0.047619,0,0,0.007937,0,0,0,0,0,0,0,0,no
0.009036,0,0,0,0,0,0,0,0,0,0,0,0,no
0.006024,0.142857,0,0,0.007937,0,0,0,0,0,0,0,0,no
0.009036,0.047619,0,0,0,0,0,0,0,0,0,0,0,no
0.012048,0.095238,0,0,0,0,0,0,0,0,0,0,0,no
0.009036,0.047619,0,0,0,0,0,0,0,0,0,0,0,no
0.006024,0.047619,0,0,0.007937,0,0,0,0,0,0,0,0,no
0.006024,0,0,0,0.007937,0,0,0,0,0,0,0,0,no
0.009036,0.047619,0,0,0,0,0,0,0,0,0,0,0,no
0.006024,0.047619,0,0,0.007937,0,0,0,0,0,0,0,0,no
0.009036,0,0,0,0,0,0,0,0,0,0,0,0,no
0.009036,0,0,0,0,0,0,0,0,0,0,0,0,no
0.006024,0.142857,0,0,0.007937,0,0,0,0,0,0,0,0,no
0.012048,0.095238,0,0,0,0,0,0,0,0,0,0,0,no
0.012048,0.047619,0,0,0.007937,0.016129,0,0,0,0,0,0,0,no
0.009036,0.095238,0,0,0,0,0,0,0,0,0,0,0,no
0.006024,0,0,0,0.007937,0,0,0,0,0,0,0,0,no
0.009036,0.047619,0,0,0,0,0,0,0,0,0,0,0,no
0.009036,0.095238,0,0,0,0,0,0,0,0,0,0,0,no
0.009036,0.095238,0,0,0,0,0,0,0,0,0,0,0,no
0.009036,0,0,0,0,0,0,0,0,0,0,0,0,no
0.009036,0.047619,0,0,0,0,0,0,0,0,0,0,0,no
0.006024,0.047619,0,0,0.007937,0,0,0,0,0,0,0,0,no
0.006024,0,0,0,0.007937,0,0,0,0,0,0,0,0,no
0.009036,0.047619,0,0,0,0,0,0,0,0,0,0,0,no
0.006024,0.047619,0,0,0.007937,0,0,0,0,0,0,0,0,no
0.021084,0,0,0,0,0.048387,0,0,0,0,0,0,0,no
0.009036,0.142857,0,0,0,0,0,0,0,0,0,0,0,no
0.009036,0,0,0,0,0,0,0,0,0,0,0,0,no
0.009036,0.047619,0,0,0,0,0,0,0,0,0,0,0,no
0.009036,0,0,0,0,0,0,0,0,0,0,0,0,no
0.009036,0,0,0,0,0,0,0,0,0,0,0,0,no
0.012048,0,0,0,0,0,0,0,0,0,0,0,0,no
0.006024,0,0,0,0.007937,0,0,0,0,0,0,0,0,no
0.006024,0.047619,0,0,0.007937,0,0,0,0,0,0,0,0,no
0.01506,0,0,0,0,0.016129,0,0,0,0,0,0,0,no
0.009036,0,0,0,0,0,0,0,0,0,0,0,0,no
0.009036,0,0,0,0.007937,0,0,0,0,0,0,0,0,no
0.009036,0,0,0,0,0,0,0,0,0,0,0,0,no
0.009036,0.142857,0,0,0,0,0,0,0,0,0,0,0,no
0.01506,0.095238,0,0,0,0.016129,0,0,0,0,0,0,0,no
0.009036,0.047619,0,0,0,0,0,0,0,0,0,0,0,no
0.009036,0,0,0,0,0,0,0,0,0,0,0,0,no
0.009036,0.047619,0,0,0,0,0,0,0,0,0,0,0,no
0,0.142857,0,0,0,0,0,0,0,0,0,0,0,no
0,0.047619,0,0,0,0,0,0,0,0,0,0,0,no
0.012048,0.095238,0,0,0,0,0,0,0,0,0,0,0,no
0.009036,0.047619,0,0,0,0,0,0,0,0,0,0,0,no
0.009036,0.095238,0,0,0,0,0,0,0,0,0,0,0,no
0.009036,0.142857,0,0,0,0,0,0,0,0,0,0,0,no
0.012048,0.095238,0,0,0,0,0,0,0,0,0,0,0,no
0.01506,0,0.010638,0,0,0.016129,0,0,0,0,0,0,0,no
0.009036,0,0,0,0,0,0,0,0,0,0,0,0,no
0.009036,0.047619,0,0,0,0,0,0,0,0,0,0,0,no
0.009036,0,0,0,0,0,0,0,0,0,0,0,0,no
0.009036,0.047619,0,0,0,0,0,0,0,0,0,0,0,no
0.009036,0,0,0,0,0,0,0,0,0,0,0,0,no
0.012048,0.142857,0,0,0,0,0.018519,0.041667,0.000562,0.000592,0.008621,0.008621,0,no
0.009036,0.047619,0,0,0,0,0,0,0,0,0,0,0,no
0.009036,0.047619,0,0,0,0,0,0,0,0,0,0,0,no
0.009036,0.095238,0,0,0,0,0,0,0,0,0,0,0,no
0.009036,0.095238,0,0,0,0,0,0,0,0,0,0,0,no
0.009036,0.142857,0,0,0,0,0,0,0,0,0,0,0,no
0.009036,0,0,0,0,0,0,0,0,0,0,0,0,no
0.009036,0.047619,0,0,0,0,0,0,0,0,0,0,0,no
0.009036,0.047619,0,0,0,0,0,0,0,0,0,0,0,no
0.009036,0.047619,0,0,0,0,0,0,0,0,0,0,0,no
0.009036,0.047619,0,0,0,0,0,0,0,0,0,0,0,no
0.009036,0,0,0,0,0,0,0,0,0,0,0,0,no
0.012048,0.047619,0,0,0,0,0,0,0,0,0,0,0,no
0.009036,0,0,0,0,0,0,0,0,0,0,0,0,no
0.012048,0.142857,0,0,0,0,0,0,0,0,0,0,0,no
0.009036,0.047619,0,0,0,0,0,0,0,0,0,0,0,no
0.012048,0.142857,0,0,0,0,0.018519,0.041667,0.000562,0.000592,0.008621,0.008621,0,no
0,0.095238,0,0,0,0,0,0,0,0,0,0,0,no
0,0.047619,0,0,0,0,0,0,0,0,0,0,0,no
0,0.047619,0,0,0,0,0,0,0,0,0,0,0,no
0,0.047619,0,0,0,0,0,0,0,0,0,0,0,no
0,0.047619,0,0,0,0,0,0,0,0,0,0,0,no
0,0.047619,0,0,0,0,0,0,0,0,0,0,0,no
0.009036,0,0,0,0,0,0,0,0,0,0,0,0,no
0,0.047619,0,0,0,0,0,0,0,0,0,0,0,no
0.009036,0,0,0,0,0,0,0,0,0,0,0,0,no
0.009036,0.047619,0,0,0,0,0,0,0,0,0,0,0,no
0.009036,0.095238,0,0,0,0,0,0,0,0,0,0,0,no
0.009036,0.047619,0,0,0,0,0,0,0,0,0,0,0,no
0,0,0,0,0,0,0,0,0,0,0,0,0,no
0,0.095238,0,0,0,0,0,0,0,0,0,0,0,no
0,0.095238,0,0,0,0,0,0,0,0,0,0,0,no
0,0.095238,0,0,0,0,0,0,0,0,0,0,0,no
0,0.142857,0,0,0,0,0,0,0,0,0,0,0,no
0,0.047619,0,0,0,0,0,0,0,0,0,0,0,no
0,0.047619,0,0,0,0,0,0,0,0,0,0,0,no
0,0,0,0,0,0,0,0,0,0,0,0,0,no
0,0,0,0,0,0,0,0,0,0,0,0,0,no
0,0.047619,0,0,0,0,0,0,0,0,0,0,0,no
0,0.142857,0,0,0,0,0,0,0,0,0,0,0,no
0,0.047619,0,0,0,0,0,0,0,0,0,0,0,no
0,0.047619,0,0,0,0,0,0,0,0,0,0,0,no
0,0.047619,0,0,0,0,0,0,0,0,0,0,0,no
0,0,0,0,0,0,0,0,0,0,0,0,0,no
0.009036,0,0,0,0,0,0.055556,0.083333,0.005056,0,0.012931,0.012931,0,no
0.009036,0,0,0,0,0,0.055556,0.083333,0.005056,0,0.012931,0.012931,0,no
0,0,0,0,0,0,0,0,0,0,0,0,0,no
0,0.047619,0,0,0,0,0,0,0,0,0,0,0,no
0,0,0,0,0,0,0,0,0,0,0,0,0,no
0,0.142857,0,0,0,0,0,0,0,0,0,0,0,no
0,0.047619,0,0,0.007937,0,0,0,0,0,0,0,0,no
0,0.095238,0,0,0.007937,0,0,0,0,0,0,0,0,no
0,0.095238,0,0,0.007937,0,0,0,0,0,0,0,0,no
0,0.142857,0,0,0.007937,0,0,0,0,0,0,0,0,no
0,0.047619,0,0,0.007937,0,0,0,0,0,0,0,0,no
0,0.095238,0,0,0.007937,0,0,0,0,0,0,0,0,no
0,0.095238,0,0,0.007937,0,0,0,0,0,0,0,0,no
0,0.142857,0,0,0.007937,0,0,0,0,0,0,0,0,no
0,0.047619,0,0,0.007937,0,0,0,0,0,0,0,0,no
0,0.095238,0,0,0.007937,0,0,0,0,0,0,0,0,no
0,0.095238,0,0,0.007937,0,0,0,0,0,0,0,0,no
0,0.047619,0,0,0.007937,0,0,0,0,0,0,0,0,no
0,0.095238,0,0,0.007937,0,0,0,0,0,0,0,0,no
0,0.047619,0,0,0.007937,0,0,0,0,0,0,0,0,no
0,0.095238,0,0,0.007937,0,0,0,0,0,0,0,0,no
0,0.095238,0,0,0.007937,0,0,0,0,0,0,0,0,no
0,0.142857,0,0,0.007937,0,0,0,0,0,0,0,0,no
0,0.047619,0,0,0.007937,0,0,0,0,0,0,0,0,no
0,0.095238,0,0,0.007937,0,0,0,0,0,0,0,0,no
0,0.047619,0,0,0.007937,0,0,0,0,0,0,0,0,no
0,0.095238,0,0,0.007937,0,0,0,0,0,0,0,0,no
0,0.095238,0,0,0.007937,0,0,0,0,0,0,0,0,no
0,0.142857,0,0,0.007937,0,0,0,0,0,0,0,0,no
0.009036,0.047619,0,0,0,0,0,0,0,0,0,0,0,no
0.009036,0.095238,0,0,0,0,0,0,0,0,0,0,0,no
0.009036,0.095238,0,0,0,0,0,0,0,0,0,0,0,no
0.009036,0,0,0,0,0,0,0,0,0,0,0,0,no
0.012048,0.047619,0,0,0,0,0.055556,0.083333,0.006742,0,0.017241,0.017241,0,no
0.012048,0.095238,0,0,0,0.016129,0.055556,0.083333,0.006742,0,0.017241,0.017241,0,no
0.012048,0.095238,0,0,0,0.016129,0.055556,0.083333,0.006742,0,0.017241,0.017241,0,no
0.012048,0.095238,0,0,0,0.016129,0.055556,0.083333,0.006742,0,0.017241,0.017241,0,no
0.036145,0,0,0,0,0,0.055556,0.083333,0.020225,0,0.051724,0.051724,0,no
0.033133,0.142857,0,0,0,0.016129,0.055556,0.083333,0.018539,0,0.047414,0.047414,0,no
0.021084,0.285714,0,0,0,0,0.055556,0.083333,0.011798,0,0.030172,0.030172,0,no
0.012048,0.190476,0,0,0,0,0.055556,0.083333,0.006742,0,0.017241,0.017241,0,no
0.006024,0.047619,0,0,0,0,0.055556,0.083333,0.003371,0,0.008621,0.008621,0,no
0.009036,0.047619,0,0,0,0,0.055556,0.083333,0.005056,0,0.012931,0.012931,0,no
0.006024,0.047619,0,0,0,0,0.055556,0.083333,0.003371,0,0.008621,0.008621,0,no
0.009036,0,0,0,0,0,0,0,0,0,0,0,0,no
0.009036,0.047619,0,0,0,0,0,0,0,0,0,0,0,no
0.009036,0.095238,0,0,0,0,0,0,0,0,0,0,0,no
0.009036,0.047619,0,0,0,0,0,0,0,0,0,0,0,no
0,0.047619,0,0,0,0,0.055556,0.125,0,0,0,0,0,no
0,0.047619,0,0,0,0,0,0,0,0,0,0,0,no
0,0.047619,0,0,0,0,0,0,0,0,0,0,0,no
0,0.095238,0,0,0,0,0,0,0,0,0,0,0,no
0.012048,0.095238,0.010638,0,0,0,0.055556,0.125,0.006742,0,0.017241,0.017241,0,no
0.012048,0.095238,0.010638,0,0,0,0.055556,0.125,0.006742,0,0.017241,0.017241,0,no
0.012048,0.095238,0.010638,0,0,0,0.055556,0.125,0.006742,0,0.017241,0.017241,0,no
0.009036,0.047619,0,0,0,0,0,0,0,0,0,0,0,no
0.009036,0,0,0,0,0,0,0,0,0,0,0,0,no
0.012048,0.047619,0,0,0,0,0,0,0,0,0,0,0,no
0.009036,0.047619,0,0,0,0,0,0,0,0,0,0,0,no
0.009036,0,0,0,0,0,0,0,0,0,0,0,0,no
0.012048,0.142857,0,0,0,0.016129,0.018519,0.041667,0.000562,0.000592,0.008621,0.008621,0,no
0.018072,0.190476,0,0,0,0,0.018519,0.041667,0.000562,0.000592,0.008621,0.008621,0,no
0.01506,0.047619,0,0,0,0,0,0,0,0,0,0,0,no
0.009036,0.047619,0,0,0,0,0,0,0,0,0,0,0,no
0.012048,0.047619,0,0,0,0,0,0,0,0,0,0,0,no
0.009036,0.047619,0,0,0,0,0,0,0,0,0,0,0,no
0.012048,0.095238,0,0,0,0.016129,0.018519,0.041667,0.000562,0.000592,0.008621,0.008621,0,no
0.009036,0,0,0,0,0,0,0,0,0,0,0,0,no
0.009036,0,0,0,0,0,0,0,0,0,0,0,0,no
0.012048,0,0,0,0,0,0,0,0,0,0,0,0,no
0.009036,0.142857,0,0,0,0,0.018519,0.041667,0.000562,0.000592,0.008621,0.008621,0,no
0.012048,0.190476,0,0,0,0,0.018519,0.041667,0.000562,0.000592,0.008621,0.008621,0,no
0.021084,0.095238,0,0,0.007937,0.016129,0,0,0,0,0,0,0,no
0.009036,0.047619,0,0,0,0,0,0,0,0,0,0,0,no
0.006024,0,0,0,0.007937,0,0,0,0,0,0,0,0,no
0.012048,0.095238,0,0,0,0,0,0,0,0,0,0,0,no
0.009036,0.047619,0,0,0,0,0,0,0,0,0,0,0,no
0.01506,0,0.010638,0,0,0.016129,0,0,0,0,0,0,0,no
0.009036,0,0,0,0,0,0,0,0,0,0,0,0,no
0.006024,0,0,0,0.007937,0,0,0,0,0,0,0,0,no
0.012048,0.095238,0,0,0,0,0,0,0,0,0,0,0,no
0.01506,0,0,0,0,0.016129,0,0,0,0,0,0,0,no
0.009036,0,0,0,0,0,0,0,0,0,0,0,0,no
0.021084,0.095238,0,0,0,0.032258,0,0,0,0,0,0,0,no
0.009036,0.095238,0,0,0,0,0,0,0,0,0,0,0,no
0.009036,0.142857,0,0,0.007937,0,0,0,0,0,0,0,0,no
0.009036,0.095238,0,0,0,0,0,0,0,0,0,0,0,no
0.018072,0.142857,0,0,0.007937,0,0,0,0,0,0,0,0,no
0.009036,0.095238,0,0,0,0,0,0,0,0,0,0,0,no
0.012048,0.142857,0,0,0.007937,0,0,0,0,0,0,0,0,no
0.009036,0.095238,0,0,0,0,0,0,0,0,0,0,0,no
0.009036,0.095238,0,0,0,0,0,0,0,0,0,0,0,no
0.009036,0.142857,0,0,0.007937,0,0,0,0,0,0,0,0,no
0.009036,0.190476,0,0,0.007937,0,0.037037,0.041667,0.003371,0,0.012931,0.012931,0,no
0.009036,0.142857,0,0,0,0,0.037037,0.041667,0.003371,0,0.012931,0.012931,0,no
0.009036,0.095238,0,0,0,0,0.037037,0.041667,0.003371,0,0.012931,0.012931,0,no
0.009036,0.142857,0,0,0.007937,0,0.037037,0.041667,0.003371,0,0.012931,0.012931,0,no
0.009036,0.095238,0,0,0,0,0,0,0,0,0,0,0,no
0.018072,0.142857,0,0,0.007937,0,0,0,0,0,0,0,0,no
0.009036,0.095238,0,0,0,0,0.037037,0.041667,0.003371,0,0.012931,0.012931,0,no
0.009036,0.142857,0,0,0.007937,0,0.037037,0.041667,0.003371,0,0.012931,0.012931,0,no
0.009036,0.095238,0,0,0,0,0,0,0,0,0,0,0,no
0.009036,0.142857,0,0,0.007937,0,0,0,0,0,0,0,0,no
0.012048,0.047619,0,0,0,0,0,0,0,0,0,0,0,no
0.009036,0.047619,0,0,0,0,0,0,0,0,0,0,0,no
0.009036,0.095238,0,0,0,0,0,0,0,0,0,0,0,no
0.009036,0.095238,0,0,0,0,0,0,0,0,0,0,0,no
0.009036,0.142857,0,0,0,0,0,0,0,0,0,0,0,no
0.009036,0.047619,0,0,0,0,0,0,0,0,0,0,0,no
0.009036,0.095238,0,0,0,0,0,0,0,0,0,0,0,no
0.009036,0.095238,0,0,0,0,0,0,0,0,0,0,0,no
0.009036,0.142857,0,0,0,0,0,0,0,0,0,0,0,no
0.009036,0.047619,0,0,0,0,0,0,0,0,0,0,0,no
0.009036,0.095238,0,0,0,0,0,0,0,0,0,0,0,no
0.009036,0.095238,0,0,0,0,0,0,0,0,0,0,0,no
0.012048,0.142857,0,0,0,0,0,0,0,0,0,0,0,no
0.009036,0.047619,0,0,0,0,0,0,0,0,0,0,0,no
0.009036,0.095238,0,0,0,0,0,0,0,0,0,0,0,no
0.009036,0.047619,0,0,0,0,0,0,0,0,0,0,0,no
0.009036,0.095238,0,0,0,0,0,0,0,0,0,0,0,no
0.009036,0.095238,0,0,0,0,0,0,0,0,0,0,0,no
0.009036,0.142857,0,0,0,0,0,0,0,0,0,0,0,no
0.009036,0.047619,0,0,0,0,0,0,0,0,0,0,0,no
0.009036,0.095238,0,0,0,0,0,0,0,0,0,0,0,no
0.009036,0.047619,0,0,0,0,0,0,0,0,0,0,0,no
0.009036,0.047619,0,0,0,0,0,0,0,0,0,0,0,no
0.009036,0.047619,0,0,0,0,0,0,0,0,0,0,0,no
0.009036,0.047619,0,0,0,0,0,0,0,0,0,0,0,no
0.009036,0.047619,0,0,0,0,0,0,0,0,0,0,0,no
0.009036,0,0,0,0,0,0,0,0,0,0,0,0,no
0.012048,0.047619,0,0,0,0,0,0,0,0,0,0,0,no
0.009036,0.190476,0,0,0,0,0.055556,0.083333,0.005056,0,0.012931,0.012931,0,no
0.009036,0.190476,0,0,0,0,0.055556,0.083333,0.005056,0,0.012931,0.012931,0,no
0.01506,0,0,0,0,0,0.037037,0.041667,0.001124,0,0.00431,0.00431,0,no
0.036145,0.238095,0,0,0,0,0.055556,0.083333,0.020225,0,0.051724,0.051724,0,no
0.009036,0,0,0,0,0,0,0,0,0,0,0,0,no
0.009036,0,0,0,0,0,0.055556,0.083333,0.005056,0,0.012931,0.012931,0,no
0.009036,0,0,0,0,0,0.055556,0.083333,0.005056,0,0.012931,0.012931,0,no
0.009036,0,0,0,0,0,0,0,0,0,0,0,0,no
0.009036,0.142857,0,0,0,0,0.111111,0.125,0.001685,0.010651,0.021552,0.015086,1,no
0.009036,0.047619,0,0,0,0,0.055556,0.083333,0.005056,0,0.012931,0.012931,0,no
0.012048,0.190476,0,0,0,0,0.037037,0.041667,0.004494,0,0.017241,0.017241,0,no
0.009036,0.047619,0,0,0,0,0,0,0,0,0,0,0,no
0.009036,0.095238,0,0,0,0,0,0,0,0,0,0,0,no
0.009036,0.142857,0,0,0,0,0,0,0,0,0,0,0,no
0.009036,0.047619,0,0,0,0,0,0,0,0,0,0,0,no
0.006024,0,0,0,0.007937,0,0,0,0,0,0,0,0,no
0.006024,0.095238,0,0,0.007937,0,0,0,0,0,0,0,0,no
0.009036,0,0,0,0.007937,0,0,0,0,0,0,0,0,no
0.006024,0,0,0,0.007937,0,0,0,0,0,0,0,0,no
0.006024,0.047619,0,0,0.007937,0,0,0,0,0,0,0,0,no
0.006024,0,0,0,0.007937,0,0,0,0,0,0,0,0,no
0.006024,0,0,0,0.007937,0,0,0,0,0,0,0,0,no
0.006024,0,0,0,0.007937,0,0,0,0,0,0,0,0,no
0.006024,0.047619,0,0,0.007937,0,0,0,0,0,0,0,0,no
0.006024,0,0,0,0,0,0,0,0,0,0,0,0,no
0.006024,0.047619,0,0,0,0,0,0,0,0,0,0,0,no
0.009036,0,0,0,0.007937,0,0,0,0,0,0,0,0,no
0.006024,0.047619,0,0,0,0,0,0,0,0,0,0,0,no
0.006024,0.047619,0,0,0,0,0,0,0,0,0,0,0,no
0.006024,0,0,0,0,0,0,0,0,0,0,0,0,no
0.006024,0.142857,0,0,0,0,0,0,0,0,0,0,0,no
0.009036,0,0,0,0,0,0.055556,0.083333,0.005056,0,0.012931,0.012931,0,no
0.009036,0,0.010638,0,0,0,0.055556,0.083333,0.005056,0,0.012931,0.012931,0,no
0.006024,0.047619,0,0,0,0,0,0,0,0,0,0,0,no
0.006024,0.047619,0,0,0,0,0,0,0,0,0,0,0,no
0.006024,0,0,0,0,0,0,0,0,0,0,0,0,no
0.012048,0.047619,0,0,0,0,0,0,0,0,0,0,0,no
0.012048,0.047619,0,0,0,0,0,0,0,0,0,0,0,no
0.012048,0.047619,0,0,0,0,0.055556,0.083333,0.006742,0,0.017241,0.017241,0,no
0.012048,0.047619,0,0,0,0,0,0,0,0,0,0,0,no
0.012048,0,0,0,0,0,0.055556,0.083333,0.006742,0,0.017241,0.017241,0,no
0.012048,0.047619,0,0,0,0,0,0,0,0,0,0,0,no
0.012048,0.047619,0,0,0,0,0,0,0,0,0,0,0,no
0.012048,0.047619,0,0,0,0,0,0,0,0,0,0,0,no
0.012048,0.047619,0,0,0,0,0,0,0,0,0,0,0,no
0.012048,0.047619,0,0,0,0,0,0,0,0,0,0,0,no
0.012048,0.047619,0,0,0,0,0,0,0,0,0,0,0,no
0.012048,0.095238,0,0,0,0,0,0,0,0,0,0,0,no
0.012048,0.095238,0,0,0,0,0,0,0,0,0,0,0,no
0.012048,0.047619,0,0,0,0,0,0,0,0,0,0,0,no
0.012048,0.095238,0,0,0,0,0,0,0,0,0,0,0,no
0.012048,0.095238,0,0,0,0,0,0,0,0,0,0,0,no
0.006024,0.047619,0,0,0.007937,0,0,0,0,0,0,0,0,no
0,0.047619,0,0,0.007937,0,0,0,0,0,0,0,0,no
0.009036,0,0,0,0,0,0,0,0,0,0,0,0,no
0.006024,0,0,0,0,0,0,0,0,0,0,0,0,no
0.006024,0.047619,0,0,0,0,0,0,0,0,0,0,0,no
0.009036,0,0,0,0,0,0,0,0,0,0,0,0,no
0.009036,0,0,0,0,0,0,0,0,0,0,0,0,no
0.006024,0.142857,0,0,0,0,0,0,0,0,0,0,0,no
0.012048,0.047619,0,0,0,0,0,0,0,0,0,0,0,no
0.012048,0.047619,0,0,0,0,0,0,0,0,0,0,0,no
0.009036,0.047619,0,0,0,0,0,0,0,0,0,0,0,no
0.009036,0.047619,0,0,0,0,0,0,0,0,0,0,0,no
0.009036,0.047619,0,0,0,0,0,0,0,0,0,0,0,no
0.012048,0.047619,0,0,0,0,0,0,0,0,0,0,0,no
0.009036,0.047619,0,0,0,0,0,0,0,0,0,0,0,no
0.009036,0.095238,0,0,0,0,0,0,0,0,0,0,0,no
0.009036,0.095238,0,0,0,0,0,0,0,0,0,0,0,no
0.009036,0.047619,0,0,0,0,0,0,0,0,0,0,0,no
0.009036,0.095238,0,0,0,0,0,0,0,0,0,0,0,no
0.009036,0.095238,0,0,0,0,0,0,0,0,0,0,0,no
0.009036,0.047619,0,0,0,0,0,0,0,0,0,0,0,no
0.009036,0,0,0,0,0,0,0,0,0,0,0,0,no
0.009036,0.047619,0,0,0,0,0,0,0,0,0,0,0,no
0.009036,0,0,0,0,0,0,0,0,0,0,0,0,no
0.009036,0.095238,0,0,0,0,0,0,0,0,0,0,0,no
0.009036,0.047619,0,0,0,0,0,0,0,0,0,0,0,no
0.009036,0,0,0,0,0,0,0,0,0,0,0,0,no
0.009036,0.047619,0,0,0,0,0,0,0,0,0,0,0,no
0.009036,0.047619,0,0,0,0,0,0,0,0,0,0,0,no
0.009036,0.047619,0,0,0,0,0,0,0,0,0,0,0,no
0.009036,0.047619,0,0,0,0,0,0,0,0,0,0,0,no
0.009036,0,0,0,0,0,0,0,0,0,0,0,0,no
0,0.095238,0,0,0.007937,0,0,0,0,0,0,0,0,no
0,0.047619,0,0,0,0,0,0,0,0,0,0,0,no
0,0.095238,0,0,0,0,0,0,0,0,0,0,0,no
0,0.095238,0,0,0,0,0,0,0,0,0,0,0,no
0,0,0,0,0,0,0,0,0,0,0,0,0,no
0,0.095238,0,0,0,0,0,0,0,0,0,0,0,no
0,0,0,0,0,0,0,0,0,0,0,0,0,no
0,0.047619,0,0,0,0,0,0,0,0,0,0,0,no
0,0,0,0,0,0,0,0,0,0,0,0,0,no
0,0.142857,0,0,0,0,0,0,0,0,0,0,0,no
0.006024,0,0,0,0.007937,0,0,0,0,0,0,0,0,no
0.012048,0.095238,0,0,0,0,0,0,0,0,0,0,0,no
0.009036,0,0,0,0,0,0,0,0,0,0,0,0,no
0.009036,0,0,0,0,0,0,0,0,0,0,0,0,no
0.009036,0,0,0,0,0,0,0,0,0,0,0,0,no
0.009036,0,0,0,0,0,0,0,0,0,0,0,0,no
0.009036,0.047619,0,0,0,0,0,0,0,0,0,0,0,no
0.009036,0,0,0,0,0,0,0,0,0,0,0,0,no
0.009036,0.047619,0,0,0,0,0,0,0,0,0,0,0,no
0.009036,0,0,0,0,0,0,0,0,0,0,0,0,no
0.012048,0.142857,0,0,0,0,0,0,0,0,0,0,0,no
0.009036,0.047619,0,0,0,0,0,0,0,0,0,0,0,no
0.009036,0,0,0,0,0,0,0,0,0,0,0,0,no
0.012048,0.047619,0,0,0,0,0,0,0,0,0,0,0,no
0.01506,0,0,0,0,0.016129,0,0,0,0,0,0,0,no
0.009036,0,0,0,0,0,0,0,0,0,0,0,0,no
0.009036,0.047619,0,0,0,0,0,0,0,0,0,0,0,no
0.009036,0,0,0,0,0,0,0,0,0,0,0,0,no
0.03012,0.142857,0,0,0,0,0.037037,0.083333,0.001124,0.001183,0.008621,0.008621,0,no
0.009036,0.095238,0,0,0,0,0,0,0,0,0,0,0,no
0.012048,0.047619,0,0,0,0,0,0,0,0,0,0,0,no
0.009036,0,0,0,0,0,0,0,0,0,0,0,0,no
0.009036,0.142857,0,0,0,0,0,0,0,0,0,0,0,no
0.009036,0.190476,0,0,0,0,0,0,0,0,0,0,0,no
0.009036,0.142857,0,0,0,0,0,0,0,0,0,0,0,no
0.009036,0.190476,0,0,0,0,0,0,0,0,0,0,0,no
0.009036,0.142857,0,0,0,0,0,0,0,0,0,0,0,no
0.018072,0.190476,0.010638,0,0,0,0,0,0,0,0,0,0,no
0.009036,0,0,0,0,0,0,0,0,0,0,0,0,no
0.009036,0,0,0,0,0,0,0,0,0,0,0,0,no
0.009036,0.095238,0,0,0,0,0,0,0,0,0,0,0,no
0.009036,0.142857,0,0,0,0,0,0,0,0,0,0,0,no
0.009036,0.095238,0,0,0,0,0,0,0,0,0,0,0,no
0.009036,0.142857,0,0,0,0,0,0,0,0,0,0,0,no
0.009036,0.095238,0,0,0,0,0,0,0,0,0,0,0,no
0.009036,0.142857,0,0,0,0,0,0,0,0,0,0,0,no
0.009036,0.047619,0,0,0,0,0,0,0,0,0,0,0,no
0.012048,0.047619,0,0,0,0,0,0,0,0,0,0,0,no
0.009036,0.047619,0,0,0,0,0,0,0,0,0,0,0,no
0.012048,0.047619,0,0,0,0,0.055556,0.125,0.006742,0,0.017241,0.017241,0,no
0.039157,0.047619,0,0,0,0,0,0,0,0,0,0,0,no
0.039157,0.095238,0,0,0,0,0,0,0,0,0,0,0,no
0.039157,0.095238,0,0,0,0,0,0,0,0,0,0,0,no
0.039157,0.142857,0,0,0,0,0,0,0,0,0,0,0,no
0.039157,0.047619,0,0,0,0,0,0,0,0,0,0,0,no
0.039157,0.095238,0,0,0,0,0,0,0,0,0,0,0,no
0.039157,0.095238,0,0,0,0,0,0,0,0,0,0,0,no
0.039157,0.142857,0,0,0,0,0,0,0,0,0,0,0,no
0.039157,0.047619,0,0,0,0,0,0,0,0,0,0,0,no
0.039157,0.095238,0,0,0,0,0,0,0,0,0,0,0,no
0.039157,0.095238,0,0,0,0,0,0,0,0,0,0,0,no
0.039157,0.047619,0,0,0,0,0,0,0,0,0,0,0,no
0.039157,0.095238,0,0,0,0,0,0,0,0,0,0,0,no
0.039157,0.047619,0,0,0,0,0,0,0,0,0,0,0,no
0.039157,0.095238,0,0,0,0,0,0,0,0,0,0,0,no
0.009036,0.095238,0,0,0,0,0,0,0,0,0,0,0,no
0.009036,0.142857,0,0,0,0,0,0,0,0,0,0,0,no
0.039157,0.047619,0,0,0,0,0,0,0,0,0,0,0,no
0.039157,0.095238,0,0,0,0,0,0,0,0,0,0,0,no
0.009036,0.047619,0,0,0,0,0,0,0,0,0,0,0,no
0.009036,0.047619,0,0,0,0,0,0,0,0,0,0,0,no
0.009036,0.047619,0,0,0,0,0,0,0,0,0,0,0,no
0.009036,0.047619,0,0,0,0,0,0,0,0,0,0,0,no
0.009036,0.047619,0,0,0,0,0,0,0,0,0,0,0,no
0.009036,0.047619,0,0,0,0,0,0,0,0,0,0,0,no
0.009036,0.047619,0,0,0,0,0,0,0,0,0,0,0,no
0.009036,0.047619,0,0,0,0,0,0,0,0,0,0,0,no
0.009036,0.047619,0,0,0,0,0,0,0,0,0,0,0,no
0.009036,0.047619,0,0,0,0,0,0,0,0,0,0,0,no
0.009036,0.047619,0,0,0,0,0,0,0,0,0,0,0,no
0.009036,0.047619,0,0,0,0,0,0,0,0,0,0,0,no
0.009036,0.047619,0,0,0,0,0,0,0,0,0,0,0,no
0.009036,0.047619,0,0,0,0,0,0,0,0,0,0,0,no
0.009036,0.047619,0,0,0,0,0,0,0,0,0,0,0,no
0.009036,0.047619,0,0,0,0,0,0,0,0,0,0,0,no
0.009036,0.047619,0,0,0,0,0,0,0,0,0,0,0,no
0.009036,0,0,0,0,0,0,0,0,0,0,0,0,no
0.009036,0,0,0,0,0,0,0,0,0,0,0,0,no
0.009036,0,0,0,0,0,0,0,0,0,0,0,0,no
0.009036,0,0,0,0,0,0,0,0,0,0,0,0,no
0.009036,0,0,0,0,0,0,0,0,0,0,0,0,no
0.009036,0,0,0,0,0,0,0,0,0,0,0,0,no
0.009036,0,0,0,0,0,0,0,0,0,0,0,0,no
0.009036,0,0,0,0,0,0,0,0,0,0,0,0,no
0.009036,0,0,0,0,0,0,0,0,0,0,0,0,no
0.009036,0,0,0,0,0,0,0,0,0,0,0,0,no
0.009036,0,0,0,0,0,0,0,0,0,0,0,0,no
0.009036,0,0,0,0,0,0,0,0,0,0,0,0,no
0.009036,0,0,0,0,0,0,0,0,0,0,0,0,no
0.009036,0,0,0,0,0,0,0,0,0,0,0,0,no
0.009036,0,0,0,0,0,0,0,0,0,0,0,0,no
0.009036,0,0,0,0,0,0,0,0,0,0,0,0,no
0.009036,0,0,0,0,0,0,0,0,0,0,0,0,no
0.01506,0.142857,0,0,0,0,0,0,0,0,0,0,0,no
0,0.047619,0,0,0,0,0,0,0,0,0,0,0,no
0,0,0,0,0,0,0,0,0,0,0,0,0,no
0.012048,0.047619,0,0,0,0,0,0,0,0,0,0,0,no
0.012048,0.047619,0,0,0,0,0.055556,0.125,0.006742,0,0.017241,0.017241,0,no
0,0.095238,0,0,0,0,0,0,0,0,0,0,0,no
0,0.095238,0,0,0,0,0,0,0,0,0,0,0,no
0,0,0,0,0,0,0,0,0,0,0,0,0,no
0,0,0,0,0,0,0,0,0,0,0,0,0,no
0,0,0,0,0,0,0,0,0,0,0,0,0,no
0,0.190476,0,0,0,0,0,0,0,0,0,0,0,no
0,0,0,0,0,0,0,0,0,0,0,0,0,no
0,0.095238,0,0,0,0,0,0,0,0,0,0,0,no
0,0.095238,0,0,0,0,0,0,0,0,0,0,0,no
0,0,0,0,0,0,0,0,0,0,0,0,0,no
0,0,0,0,0,0,0,0,0,0,0,0,0,no
0,0,0,0,0,0,0,0,0,0,0,0,0,no
0,0,0,0,0,0,0,0,0,0,0,0,0,no
0,0.190476,0,0,0,0,0,0,0,0,0,0,0,no
0,0.190476,0,0,0,0,0,0,0,0,0,0,0,no
0.009036,0.047619,0,0,0,0,0,0,0,0,0,0,0,no
0.009036,0.047619,0,0,0,0,0,0,0,0,0,0,0,no
0.009036,0,0,0,0,0,0,0,0,0,0,0,0,no
0.009036,0.095238,0,0,0,0,0,0,0,0,0,0,0,no
0.009036,0.095238,0,0,0,0,0,0,0,0,0,0,0,no
0.009036,0.095238,0,0,0,0,0,0,0,0,0,0,0,no
0.009036,0,0,0,0,0,0,0,0,0,0,0,0,no
0.009036,0.095238,0,0,0,0,0,0,0,0,0,0,0,no
0.009036,0,0,0,0,0,0,0,0,0,0,0,0,no
0.009036,0,0,0,0,0,0,0,0,0,0,0,0,no
0.009036,0.047619,0,0,0,0,0,0,0,0,0,0,0,no
0.009036,0.047619,0,0,0,0,0,0,0,0,0,0,0,no
0.009036,0,0,0,0,0,0,0,0,0,0,0,0,no
0.009036,0.095238,0,0,0,0,0,0,0,0,0,0,0,no
0.009036,0.095238,0,0,0,0,0,0,0,0,0,0,0,no
0.009036,0,0,0,0,0,0,0,0,0,0,0,0,no
0.009036,0.095238,0,0,0,0,0,0,0,0,0,0,0,no
0.009036,0,0,0,0,0,0,0,0,0,0,0,0,no
0.009036,0.095238,0,0,0,0,0,0,0,0,0,0,0,no
0.009036,0,0,0,0,0,0,0,0,0,0,0,0,no
0.018072,0.095238,0,0,0,0,0,0,0,0,0,0,0,no
0.012048,0,0,0,0,0,0,0,0,0,0,0,0,no
0.009036,0.095238,0,0,0,0,0,0,0,0,0,0,0,no
0.009036,0.095238,0,0,0,0,0,0,0,0,0,0,0,no
0.021084,0.142857,0,0,0,0,0,0,0,0,0,0,0,no
0.009036,0.047619,0,0,0,0,0,0,0,0,0,0,0,no
0.012048,0.095238,0,0,0,0,0,0,0,0,0,0,0,no
0.009036,0.047619,0,0,0,0,0,0,0,0,0,0,0,no
0.009036,0.047619,0,0,0,0,0,0,0,0,0,0,0,no
0,0.095238,0,0,0,0,0,0,0,0,0,0,0,no
0.009036,0.190476,0,0,0,0,0,0,0,0,0,0,0,no
0.009036,0.238095,0,0,0,0,0,0,0,0,0,0,0,no
0.009036,0,0,0,0,0,0,0,0,0,0,0,0,no
0.009036,0.047619,0,0,0,0,0,0,0,0,0,0,0,no
0.009036,0.142857,0,0,0,0,0,0,0,0,0,0,0,no
0.009036,0.142857,0,0,0,0,0,0,0,0,0,0,0,no
0.009036,0.047619,0,0,0,0,0,0,0,0,0,0,0,no
0.01506,0.142857,0,0,0,0,0,0,0,0,0,0,0,no
0.012048,0.047619,0,0,0,0,0.055556,0.125,0.006742,0,0.017241,0.017241,0,no
0.009036,0.095238,0,0,0,0,0,0,0,0,0,0,0,no
0.009036,0.095238,0,0,0,0,0,0,0,0,0,0,0,no
0.012048,0.142857,0,0,0,0,0,0,0,0,0,0,0,no
0.012048,0.142857,0,0,0,0,0,0,0,0,0,0,0,no
0.012048,0.142857,0,0,0,0,0,0,0,0,0,0,0,no
0.009036,0.095238,0,0,0,0,0,0,0,0,0,0,0,no
0.009036,0.047619,0,0,0,0,0,0,0,0,0,0,0,no
0.009036,0,0,0,0,0,0,0,0,0,0,0,0,no
0.009036,0,0,0,0,0,0,0,0,0,0,0,0,no
0.009036,0,0,0,0,0,0,0,0,0,0,0,0,no
0.009036,0.095238,0,0,0,0,0,0,0,0,0,0,0,no
0.012048,0.142857,0,0,0,0,0,0,0,0,0,0,0,no
0.009036,0.095238,0,0,0,0,0,0,0,0,0,0,0,no
0.009036,0.095238,0,0,0,0,0,0,0,0,0,0,0,no
0.009036,0.047619,0,0,0,0,0,0,0,0,0,0,0,no
0.012048,0.047619,0,0,0,0,0,0,0,0,0,0,0,no
0.012048,0.095238,0,0,0,0,0,0,0,0,0,0,0,no
0.009036,0,0,0,0,0,0,0,0,0,0,0,0,no
0.009036,0,0,0,0,0,0,0,0,0,0,0,0,no
0.012048,0.047619,0,0,0,0,0,0,0,0,0,0,0,no
0.009036,0,0,0,0,0,0,0,0,0,0,0,0,no
0.009036,0,0,0,0,0,0,0,0,0,0,0,0,no
0.012048,0.047619,0,0,0,0,0,0,0,0,0,0,0,no
0.012048,0.095238,0,0,0,0,0,0,0,0,0,0,0,no
0.012048,0.047619,0,0,0,0.016129,0,0,0,0,0,0,0,no
0.012048,0.047619,0,0,0,0.016129,0,0,0,0,0,0,0,no
0.012048,0.095238,0,0,0,0.016129,0,0,0,0,0,0,0,no
0.012048,0.047619,0,0,0,0.016129,0,0,0,0,0,0,0,no
0.012048,0.047619,0,0,0,0.016129,0,0,0,0,0,0,0,no
0.012048,0.095238,0,0,0,0.016129,0,0,0,0,0,0,0,no
0.009036,0.047619,0,0,0,0,0,0,0,0,0,0,0,no
0.012048,0.047619,0,0,0,0,0,0,0,0,0,0,0,no
0.009036,0.047619,0,0,0,0,0,0,0,0,0,0,0,no
0.009036,0.095238,0,0,0,0,0,0,0,0,0,0,0,no
0.009036,0.095238,0,0,0,0,0,0,0,0,0,0,0,no
0.012048,0.142857,0,0,0,0,0,0,0,0,0,0,0,no
0.012048,0.142857,0,0,0,0,0,0,0,0,0,0,0,no
0.012048,0.142857,0,0,0,0,0,0,0,0,0,0,0,no
0.009036,0.095238,0,0,0,0,0,0,0,0,0,0,0,no
0.012048,0.047619,0,0,0,0,0,0,0,0,0,0,0,no
0.009036,0.142857,0,0,0,0,0,0,0,0,0,0,0,no
0.009036,0.190476,0,0,0,0,0,0,0,0,0,0,0,no
0.009036,0.095238,0,0,0,0,0,0,0,0,0,0,0,no
0.009036,0.142857,0,0,0,0,0,0,0,0,0,0,0,no
0.009036,0.142857,0,0,0,0,0,0,0,0,0,0,0,no
0.024096,0.190476,0,0,0,0.032258,0,0,0,0,0,0,0,no
0.009036,0.095238,0,0,0,0,0,0,0,0,0,0,0,no
0.009036,0.142857,0,0,0,0,0,0,0,0,0,0,0,no
0.012048,0.047619,0,0,0,0,0,0,0,0,0,0,0,no
0.009036,0.142857,0,0,0,0,0,0,0,0,0,0,0,no
0.009036,0.190476,0,0,0,0,0,0,0,0,0,0,0,no
0.009036,0.190476,0,0,0,0,0,0,0,0,0,0,0,no
0.009036,0.142857,0,0,0,0,0,0,0,0,0,0,0,no
0.009036,0.142857,0,0,0,0,0,0,0,0,0,0,0,no
0.012048,0.190476,0,0,0,0,0,0,0,0,0,0,0,no
0.012048,0.190476,0,0,0,0,0,0,0,0,0,0,0,no
0.009036,0.142857,0,0,0,0,0,0,0,0,0,0,0,no
0.012048,0.047619,0,0,0,0,0,0,0,0,0,0,0,no
0.012048,0.047619,0,0,0,0,0,0,0,0,0,0,0,no
0.012048,0.047619,0,0,0,0,0,0,0,0,0,0,0,no
0.012048,0.095238,0,0,0,0,0,0,0,0,0,0,0,no
0.009036,0,0,0,0,0,0,0,0,0,0,0,0,no
0.009036,0.285714,0,0,0,0,0,0,0,0,0,0,0,no
0.009036,0.285714,0,0,0,0,0,0,0,0,0,0,0,no
0.021084,0.190476,0,0,0,0.032258,0,0,0,0,0,0,0,no
0.009036,0.142857,0,0,0,0,0,0,0,0,0,0,0,no
0.009036,0,0,0,0,0,0,0,0,0,0,0,0,no
0.009036,0.238095,0,0,0,0,0,0,0,0,0,0,0,no
0.009036,0.238095,0,0,0,0,0,0,0,0,0,0,0,no
0.012048,0.190476,0,0,0,0.016129,0,0,0,0,0,0,0,no
0.009036,0.238095,0,0,0,0,0,0,0,0,0,0,0,no
0.033133,0.285714,0,0,0,0.080645,0,0,0,0,0,0,0,no
0.009036,0.047619,0,0,0,0,0,0,0,0,0,0,0,no
0.009036,0,0,0,0,0,0,0,0,0,0,0,0,no
0.009036,0.047619,0,0,0,0,0,0,0,0,0,0,0,no
0.009036,0,0,0,0,0,0,0,0,0,0,0,0,no
0.012048,0.095238,0,0,0,0,0,0,0,0,0,0,0,no
0.012048,0.047619,0,0,0,0,0.055556,0.125,0.006742,0,0.017241,0.017241,0,no
0.009036,0,0,0,0,0,0,0,0,0,0,0,0,no
0.012048,0.047619,0,0,0,0,0,0,0,0,0,0,0,no
0.012048,0.047619,0,0,0,0,0,0,0,0,0,0,0,no
0.012048,0.047619,0,0,0,0,0,0,0,0,0,0,0,no
0.012048,0.095238,0,0,0,0,0,0,0,0,0,0,0,no
0.009036,0,0,0,0,0,0,0,0,0,0,0,0,no
0.01506,0.142857,0,0,0,0,0,0,0,0,0,0,0,no
0.009036,0.190476,0,0,0,0,0,0,0,0,0,0,0,no
0.012048,0.047619,0,0,0,0,0,0,0,0,0,0,0,no
0.012048,0.095238,0,0,0,0,0,0,0,0,0,0,0,no
0.009036,0.095238,0,0,0,0,0,0,0,0,0,0,0,no
0.012048,0.095238,0,0,0,0,0,0,0,0,0,0,0,no
0.009036,0.095238,0,0,0,0,0,0,0,0,0,0,0,no
0.009036,0,0,0,0,0,0,0,0,0,0,0,0,no
0.009036,0,0,0,0,0,0,0,0,0,0,0,0,no
0.009036,0,0,0,0,0,0,0,0,0,0,0,0,no
0.009036,0.047619,0,0,0,0,0,0,0,0,0,0,0,no
0.009036,0.142857,0,0,0,0,0,0,0,0,0,0,0,no
0.009036,0.190476,0,0,0,0,0,0,0,0,0,0,0,no
0.009036,0.190476,0,0,0,0,0,0,0,0,0,0,0,no
0.009036,0.238095,0,0,0,0,0,0,0,0,0,0,0,no
0.009036,0.190476,0,0,0,0,0,0,0,0,0,0,0,no
0.009036,0.238095,0,0,0,0,0,0,0,0,0,0,0,no
0.009036,0.285714,0,0,0,0,0,0,0,0,0,0,0,no
0.009036,0.285714,0,0,0,0,0,0,0,0,0,0,0,no
0.009036,0.333333,0,0,0,0,0,0,0,0,0,0,0,no
0.009036,0.285714,0,0,0,0,0,0,0,0,0,0,0,no
0.009036,0.333333,0,0,0,0,0,0,0,0,0,0,0,no
0.009036,0.047619,0,0,0,0,0,0,0,0,0,0,0,no
0.009036,0.047619,0,0,0,0,0,0,0,0,0,0,0,no
0.009036,0.095238,0,0,0,0,0,0,0,0,0,0,0,no
0.009036,0.095238,0,0,0,0,0,0,0,0,0,0,0,no
0.009036,0.047619,0,0,0,0,0,0,0,0,0,0,0,no
0.009036,0.047619,0,0,0,0,0,0,0,0,0,0,0,no
0.009036,0.285714,0,0,0,0,0,0,0,0,0,0,0,no
0.009036,0.285714,0,0,0,0,0,0,0,0,0,0,0,no
0.009036,0.190476,0,0,0,0,0,0,0,0,0,0,0,no
0.009036,0.142857,0,0,0,0,0,0,0,0,0,0,0,no
0.009036,0.142857,0,0,0,0,0,0,0,0,0,0,0,no
0.009036,0.190476,0,0,0,0,0,0,0,0,0,0,0,no
0.01506,0.047619,0,0,0,0.032258,0,0,0,0,0,0,0,no
0.009036,0.047619,0,0,0,0,0,0,0,0,0,0,0,no
0.009036,0.047619,0,0,0,0,0,0,0,0,0,0,0,no
0.021084,0.047619,0,0,0,0.032258,0,0,0,0,0,0,0,no
0.012048,0.095238,0,0,0,0.016129,0,0,0,0,0,0,0,no
0.009036,0.095238,0,0,0,0,0,0,0,0,0,0,0,no
0.009036,0.095238,0,0,0,0,0,0,0,0,0,0,0,no
0.009036,0.095238,0,0,0,0,0,0,0,0,0,0,0,no
0.012048,0.095238,0,0,0,0.016129,0,0,0,0,0,0,0,no
0.012048,0.047619,0,0,0,0,0,0,0,0,0,0,0,no
0.012048,0.047619,0,0,0,0,0,0,0,0,0,0,0,no
0.009036,0.047619,0,0,0,0,0,0,0,0,0,0,0,no
0.012048,0.095238,0,0,0.007937,0,0,0,0,0,0,0,0,no
0.009036,0,0,0,0,0,0,0,0,0,0,0,0,no
0.012048,0.095238,0,0,0,0,0,0,0,0,0,0,0,no
0.009036,0.095238,0,0,0,0,0,0,0,0,0,0,0,no
0.009036,0.095238,0,0,0,0,0,0,0,0,0,0,0,no
0.009036,0.142857,0,0,0,0,0,0,0,0,0,0,0,no
0.012048,0.142857,0,0,0,0,0,0,0,0,0,0,0,no
0.009036,0.142857,0,0,0,0,0,0,0,0,0,0,0,no
0.009036,0.095238,0,0,0,0,0,0,0,0,0,0,0,no
0.009036,0.142857,0,0,0,0,0,0,0,0,0,0,0,no
0.009036,0.095238,0,0,0,0,0,0,0,0,0,0,0,no
0.009036,0.095238,0,0,0,0,0,0,0,0,0,0,0,no
0.01506,0.142857,0,0,0,0,0,0,0,0,0,0,0,no
0.012048,0.142857,0,0,0,0,0,0,0,0,0,0,0,no
0.009036,0.142857,0,0,0,0,0,0,0,0,0,0,0,no
0.009036,0.095238,0,0,0,0,0,0,0,0,0,0,0,no
0.01506,0.142857,0,0,0,0,0,0,0,0,0,0,0,no
0,0.047619,0,0,0,0,0,0,0,0,0,0,0,no
0,0.095238,0,0,0,0,0,0,0,0,0,0,0,no
0,0.095238,0,0,0,0,0,0,0,0,0,0,0,no
0,0.142857,0,0,0,0,0,0,0,0,0,0,0,no
0,0.142857,0,0,0,0,0,0,0,0,0,0,0,no
0,0.142857,0,0,0,0,0,0,0,0,0,0,0,no
0,0.095238,0,0,0,0,0,0,0,0,0,0,0,no
0,0.095238,0,0,0,0,0,0,0,0,0,0,0,no
0,0.095238,0,0,0,0,0,0,0,0,0,0,0,no
0,0.142857,0,0,0,0,0,0,0,0,0,0,0,no
0,0.142857,0,0,0,0,0,0,0,0,0,0,0,no
0,0.142857,0,0,0,0,0,0,0,0,0,0,0,no
0,0.095238,0,0,0,0,0,0,0,0,0,0,0,no
0,0.047619,0,0,0,0,0,0,0,0,0,0,0,no
0,0,0,0,0,0,0,0,0,0,0,0,0,no
0.012048,0.095238,0,0,0,0,0,0,0,0,0,0,0,no
0.009036,0.047619,0,0,0,0,0,0,0,0,0,0,0,no
0.009036,0.095238,0,0,0,0,0,0,0,0,0,0,0,no
0.009036,0.095238,0,0,0,0,0,0,0,0,0,0,0,no
0.009036,0.142857,0,0,0,0,0,0,0,0,0,0,0,no
0.009036,0.142857,0,0,0,0,0,0,0,0,0,0,0,no
0.009036,0.142857,0,0,0,0,0,0,0,0,0,0,0,no
0.009036,0.095238,0,0,0,0,0,0,0,0,0,0,0,no
0.009036,0,0,0,0,0,0,0,0,0,0,0,0,no
0.012048,0.142857,0,0,0,0.016129,0,0,0,0,0,0,0,no
0.009036,0,0,0,0,0,0,0,0,0,0,0,0,no
0.009036,0,0,0,0,0,0,0,0,0,0,0,0,no
0.009036,0.047619,0,0,0,0,0,0,0,0,0,0,0,no
0.021084,0.142857,0,0,0,0.064516,0,0,0,0,0,0,0,no
0.009036,0.142857,0,0,0,0,0,0,0,0,0,0,0,no
0.009036,0.190476,0,0,0,0,0,0,0,0,0,0,0,no
0.009036,0.190476,0,0,0,0,0,0,0,0,0,0,0,no
0.009036,0.142857,0,0,0,0,0,0,0,0,0,0,0,no
0.009036,0.142857,0,0,0,0,0,0,0,0,0,0,0,no
0.009036,0.190476,0,0,0,0,0,0,0,0,0,0,0,no
0.009036,0.190476,0,0,0,0,0,0,0,0,0,0,0,no
0.009036,0.142857,0,0,0,0,0,0,0,0,0,0,0,no
0.009036,0,0,0,0,0,0,0,0,0,0,0,0,no
0.009036,0.190476,0,0,0,0,0,0,0,0,0,0,0,no
0.009036,0.142857,0,0,0,0,0,0,0,0,0,0,0,no
0.009036,0,0,0,0,0,0,0,0,0,0,0,0,no
0,0.142857,0,0,0,0,0,0,0,0,0,0,0,no
0,0,0,0,0,0,0,0,0,0,0,0,0,no
0,0.142857,0,0,0,0,0,0,0,0,0,0,0,no
0,0,0,0,0,0,0,0,0,0,0,0,0,no
0,0,0,0,0,0,0,0,0,0,0,0,0,no
0.012048,0,0,0,0,0,0,0,0,0,0,0,0,no
0.012048,0,0,0,0,0,0,0,0,0,0,0,0,no
0.009036,0,0,0,0,0,0,0,0,0,0,0,0,no
0.01506,0.095238,0,0,0,0,0,0,0,0,0,0,0,no
0.009036,0.047619,0,0,0,0,0,0,0,0,0,0,0,no
0.009036,0,0,0,0,0,0,0,0,0,0,0,0,no
0.009036,0.047619,0,0,0,0,0,0,0,0,0,0,0,no
0.012048,0.095238,0,0,0,0,0,0,0,0,0,0,0,no
0.009036,0.095238,0,0,0,0,0,0,0,0,0,0,0,no
0.01506,0.095238,0,0,0,0,0,0,0,0,0,0,0,no
0.009036,0,0,0,0,0,0,0,0,0,0,0,0,no
0.009036,0,0,0,0,0,0,0,0,0,0,0,0,no
0,0.142857,0,0,0,0,0,0,0,0,0,0,0,no
0,0.095238,0,0,0,0,0,0,0,0,0,0,0,no
0,0.095238,0,0,0,0,0,0,0,0,0,0,0,no
0,0.047619,0,0,0,0,0,0,0,0,0,0,0,no
0.006024,0,0,0,0.007937,0,0,0,0,0,0,0,0,no
0.006024,0.095238,0,0,0.007937,0,0,0,0,0,0,0,0,no
0.006024,0,0,0,0.007937,0,0,0,0,0,0,0,0,no
0.006024,0.095238,0,0,0.007937,0,0,0,0,0,0,0,0,no
0,0.095238,0,0,0,0,0,0,0,0,0,0,0,no
0,0.047619,0,0,0,0,0,0,0,0,0,0,0,no
0,0,0,0,0,0,0,0,0,0,0,0,0,no
0,0.047619,0,0,0,0,0,0,0,0,0,0,0,no
0.012048,0.047619,0,0,0,0,0.055556,0.125,0.006742,0,0.017241,0.017241,0,no
0.009036,0,0,0,0,0,0,0,0,0,0,0,0,no
0.009036,0,0,0,0,0,0.055556,0.125,0.005056,0,0.012931,0.012931,0,no
0,0.047619,0,0,0,0,0,0,0,0,0,0,0,no
0,0.047619,0,0,0,0,0,0,0,0,0,0,0,no
0,0.095238,0,0,0,0,0,0,0,0,0,0,0,no
0,0,0,0,0,0,0,0,0,0,0,0,0,no
0,0.142857,0,0,0,0,0,0,0,0,0,0,0,no
0,0.238095,0,0,0,0,0,0,0,0,0,0,0,no
0,0.095238,0,0,0,0,0,0,0,0,0,0,0,no
0,0.095238,0,0,0,0,0,0,0,0,0,0,0,no
0,0,0,0,0,0,0,0,0,0,0,0,0,no
0,0,0,0,0,0,0.055556,0.125,0,0,0,0,0,no
0,0.047619,0,0,0,0,0,0,0,0,0,0,0,no
0,0,0,0,0,0,0,0,0,0,0,0,0,no
0,0.095238,0,0,0,0,0,0,0,0,0,0,0,no
0,0.190476,0,0,0,0,0,0,0,0,0,0,0,no
0,0.047619,0,0,0,0,0,0,0,0,0,0,0,no
0,0.095238,0,0,0,0,0,0,0,0,0,0,0,no
0,0,0,0,0,0,0,0,0,0,0,0,0,no
0,0.095238,0,0,0,0,0,0,0,0,0,0,0,no
0,0,0,0,0,0,0,0,0,0,0,0,0,no
0,0.095238,0,0,0,0,0,0,0,0,0,0,0,no
0,0.047619,0,0,0,0,0,0,0,0,0,0,0,no
0,0.047619,0,0,0,0,0,0,0,0,0,0,0,no
0.009036,0.047619,0,0,0,0,0,0,0,0,0,0,0,no
0.009036,0.095238,0,0,0,0,0,0,0,0,0,0,0,no
0.012048,0.095238,0,0,0,0,0,0,0,0,0,0,0,no
0.009036,0.095238,0,0,0,0,0,0,0,0,0,0,0,no
0.009036,0,0,0,0,0,0,0,0,0,0,0,0,no
0.009036,0.047619,0,0,0,0,0,0,0,0,0,0,0,no
0.009036,0,0,0,0,0,0,0,0,0,0,0,0,no
0.009036,0.142857,0,0,0,0,0,0,0,0,0,0,0,no
0.009036,0.142857,0,0,0,0,0,0,0,0,0,0,0,no
0.009036,0.142857,0,0,0,0,0,0,0,0,0,0,0,no
0.009036,0.047619,0,0,0,0,0,0,0,0,0,0,0,no
0,0.095238,0,0,0,0,0,0,0,0,0,0,0,no
0.012048,0.095238,0.010638,0,0,0,0,0,0,0,0,0,0,no
0.01506,0.095238,0,0,0,0,0,0,0,0,0,0,0,no
0.009036,0.095238,0,0,0,0,0,0,0,0,0,0,0,no
0.009036,0.047619,0,0,0,0,0,0,0,0,0,0,0,no
0.009036,0,0,0,0,0,0,0,0,0,0,0,0,no
0.009036,0,0,0,0,0,0,0,0,0,0,0,0,no
0.009036,0.047619,0,0,0,0,0,0,0,0,0,0,0,no
0.012048,0.047619,0,0,0,0,0,0,0,0,0,0,0,no
0.009036,0.095238,0,0,0,0,0,0,0,0,0,0,0,no
0.012048,0.047619,0,0,0,0.016129,0,0,0,0,0,0,0,no
0.009036,0.047619,0,0,0,0,0,0,0,0,0,0,0,no
0.006024,0.095238,0,0,0.007937,0,0,0,0,0,0,0,0,no
0.009036,0.095238,0,0,0,0,0,0,0,0,0,0,0,no
0.01506,0.142857,0,0,0,0,0,0,0,0,0,0,0,no
0.009036,0.142857,0,0,0,0,0,0,0,0,0,0,0,no
0.009036,0.095238,0,0,0,0,0,0,0,0,0,0,0,no
0.009036,0.142857,0,0,0,0,0,0,0,0,0,0,0,no
0.009036,0.047619,0,0,0,0,0,0,0,0,0,0,0,no
0.009036,0.095238,0.010638,0,0,0,0,0,0,0,0,0,0,no
0.009036,0.047619,0,0,0,0,0,0,0,0,0,0,0,no
0.012048,0.095238,0,0,0,0,0,0,0,0,0,0,0,no
0.009036,0.095238,0.010638,0,0,0,0,0,0,0,0,0,0,no
0.009036,0,0,0,0,0,0,0,0,0,0,0,0,no
0.009036,0.047619,0,0,0,0,0,0,0,0,0,0,0,no
0.009036,0.095238,0.010638,0,0,0,0,0,0,0,0,0,0,no
0.009036,0.047619,0,0,0,0,0,0,0,0,0,0,0,no
0.012048,0.095238,0,0,0,0,0,0,0,0,0,0,0,no
0.009036,0.095238,0.010638,0,0,0,0,0,0,0,0,0,0,no
0.009036,0,0,0,0,0,0,0,0,0,0,0,0,no
0.009036,0.047619,0,0,0,0,0,0,0,0,0,0,0,no
0.009036,0,0,0,0,0,0,0,0,0,0,0,0,no
0.009036,0.047619,0,0,0,0,0,0,0,0,0,0,0,no
0.009036,0.095238,0,0,0,0,0,0,0,0,0,0,0,no
0.009036,0.142857,0,0,0,0,0,0,0,0,0,0,0,no
0.009036,0.047619,0,0,0,0,0,0,0,0,0,0,0,no
0.009036,0,0,0,0,0,0,0,0,0,0,0,0,no
0.009036,0.047619,0,0,0,0,0,0,0,0,0,0,0,no
0.009036,0.047619,0,0,0,0,0,0,0,0,0,0,0,no
0.009036,0.047619,0,0,0,0,0,0,0,0,0,0,0,no
0.009036,0,0,0,0,0,0,0,0,0,0,0,0,no
0.009036,0.047619,0,0,0,0,0,0,0,0,0,0,0,no
0.006024,0,0,0,0.007937,0,0,0,0,0,0,0,0,no
0.006024,0.095238,0,0,0.007937,0,0,0,0,0,0,0,0,no
0.009036,0.047619,0,0,0,0,0,0,0,0,0,0,0,no
0.006024,0,0,0,0.007937,0,0,0,0,0,0,0,0,no
0.009036,0.095238,0,0,0,0,0,0,0,0,0,0,0,no
0.01506,0.095238,0,0,0,0.016129,0,0,0,0,0,0,0,no
0.006024,0.095238,0,0,0.007937,0,0,0,0,0,0,0,0,no
0.009036,0.047619,0,0,0,0,0,0,0,0,0,0,0,no
0.006024,0,0,0,0.007937,0,0,0,0,0,0,0,0,no
0.009036,0.095238,0,0,0,0,0,0,0,0,0,0,0,no
0.006024,0.095238,0,0,0.007937,0,0,0,0,0,0,0,0,no
0.009036,0.047619,0,0,0,0,0,0,0,0,0,0,0,no
0.012048,0.095238,0,0,0,0,0,0,0,0,0,0,0,no
0.009036,0.047619,0,0,0,0,0,0,0,0,0,0,0,no
0.009036,0,0,0,0,0,0,0,0,0,0,0,0,no
0.009036,0.095238,0,0,0,0,0,0,0,0,0,0,0,no
0.009036,0.047619,0,0,0,0,0,0,0,0,0,0,0,no
0.009036,0.095238,0,0,0,0,0,0,0,0,0,0,0,no
0.012048,0.095238,0,0,0,0,0,0,0,0,0,0,0,no
0.018072,0.047619,0,0,0,0.016129,0,0,0,0,0,0,0,no
0.009036,0.047619,0,0,0,0,0,0,0,0,0,0,0,no
0.027108,0.190476,0,0,0,0.016129,0,0,0,0,0,0,0,no
0.009036,0,0,0,0,0,0,0,0,0,0,0,0,no
0.009036,0.095238,0,0,0,0,0,0,0,0,0,0,0,no
0.01506,0.095238,0,0,0,0,0,0,0,0,0,0,0,no
0.009036,0,0,0,0,0,0,0,0,0,0,0,0,no
0.009036,0.047619,0,0,0,0,0,0,0,0,0,0,0,no
0.006024,0,0,0,0.007937,0,0,0,0,0,0,0,0,no
0.006024,0.095238,0,0,0.007937,0,0.037037,0.083333,0.002247,0,0.008621,0.008621,0,no
0.009036,0.190476,0,0,0,0,0.037037,0.083333,0.003371,0,0.012931,0.012931,0,no
0.009036,0.047619,0,0,0,0,0,0,0,0,0,0,0,no
0.006024,0.095238,0,0,0.007937,0,0,0,0,0,0,0,0,no
0.009036,0.095238,0,0,0,0,0,0,0,0,0,0,0,no
0.01506,0.142857,0,0,0,0,0,0,0,0,0,0,0,no
0.006024,0,0,0,0.007937,0,0,0,0,0,0,0,0,no
0.009036,0.095238,0,0,0,0,0,0,0,0,0,0,0,no
0.009036,0.047619,0,0,0,0,0,0,0,0,0,0,0,no
0.009036,0.095238,0,0,0,0,0,0,0,0,0,0,0,no
0.021084,0.238095,0,0,0,0,0,0,0,0,0,0,0,no
0.006024,0,0,0,0.007937,0,0,0,0,0,0,0,0,no
0.009036,0.095238,0,0,0,0,0,0,0,0,0,0,0,no
0.009036,0.047619,0,0,0,0,0,0,0,0,0,0,0,no
0.006024,0,0,0,0.007937,0,0,0,0,0,0,0,0,no
0.006024,0.095238,0,0,0.007937,0,0,0,0,0,0,0,0,no
0.012048,0.142857,0,0,0,0.016129,0,0,0,0,0,0,0,no
0.009036,0.047619,0,0,0,0,0,0,0,0,0,0,0,no
0.009036,0.142857,0,0,0,0,0,0,0,0,0,0,0,no
0.006024,0,0,0,0.007937,0,0,0,0,0,0,0,0,no
0.009036,0.095238,0,0,0,0,0,0,0,0,0,0,0,no
0.01506,0.095238,0,0,0,0.016129,0,0,0,0,0,0,0,no
0.006024,0.095238,0,0,0.007937,0,0,0,0,0,0,0,0,no
0.009036,0,0,0,0,0,0,0,0,0,0,0,0,no
0.012048,0.095238,0,0,0,0,0,0,0,0,0,0,0,no
0.009036,0,0,0,0,0,0,0,0,0,0,0,0,no
0.009036,0.095238,0,0,0,0,0,0,0,0,0,0,0,no
0.01506,0.095238,0,0,0,0,0,0,0,0,0,0,0,no
0,0.095238,0,0,0,0,0,0,0,0,0,0,0,no
0.009036,0.047619,0,0,0,0,0,0,0,0,0,0,0,no
0.006024,0,0,0,0.007937,0,0,0,0,0,0,0,0,no
0.009036,0.047619,0,0,0,0,0,0,0,0,0,0,0,no
0.006024,0.095238,0,0,0.007937,0,0,0,0,0,0,0,0,no
0.009036,0.095238,0,0,0,0,0,0,0,0,0,0,0,no
0.01506,0.142857,0,0,0,0.016129,0,0,0,0,0,0,0,no
0.009036,0.047619,0,0,0,0,0,0,0,0,0,0,0,no
0.012048,0.095238,0,0,0,0.016129,0,0,0,0,0,0,0,no
0.009036,0.142857,0,0,0,0,0,0,0,0,0,0,0,no
0.009036,0.047619,0,0,0,0,0,0,0,0,0,0,0,no
0.009036,0.142857,0,0,0,0,0,0,0,0,0,0,0,no
0.021084,0.142857,0,0,0,0,0,0,0,0,0,0,0,no
0.009036,0,0,0,0,0,0,0,0,0,0,0,0,no
0.009036,0,0,0,0,0,0,0,0,0,0,0,0,no
0.009036,0,0,0,0,0,0,0,0,0,0,0,0,no
0.012048,0.095238,0,0,0,0,0,0,0,0,0,0,0,no
0.012048,0.190476,0,0,0,0,0,0,0,0,0,0,0,no
0.018072,0.047619,0,0,0,0.016129,0,0,0,0,0,0,0,no
0.018072,0.047619,0,0,0,0.016129,0,0,0,0,0,0,0,no
0.012048,0.095238,0,0,0,0,0,0,0,0,0,0,0,no
0.01506,0.238095,0,0,0,0,0,0,0,0,0,0,0,no
0.009036,0,0,0,0,0,0,0,0,0,0,0,0,no
0.018072,0.238095,0,0,0,0,0,0,0,0,0,0,0,no
0.009036,0,0,0,0.007937,0,0,0,0,0,0,0,0,no
0.021084,0.095238,0,0,0,0.016129,0,0,0,0,0,0,0,no
0.009036,0.047619,0,0,0,0,0,0,0,0,0,0,0,no
0.009036,0,0,0,0,0,0,0,0,0,0,0,0,no
0,0,0,0,0,0,0,0,0,0,0,0,0,no
0,0.047619,0,0,0,0,0,0,0,0,0,0,0,no
0,0,0,0,0,0,0,0,0,0,0,0,0,no
0,0.142857,0,0,0,0,0,0,0,0,0,0,0,no
0,0.047619,0,0,0,0,0,0,0,0,0,0,0,no
0,0.142857,0,0,0,0,0,0,0,0,0,0,0,no
0.012048,0.095238,0,0,0,0,0,0,0,0,0,0,0,no
0.009036,0,0,0,0,0,0,0,0,0,0,0,0,no
0.012048,0.142857,0,0,0,0,0,0,0,0,0,0,0,no
0.012048,0.047619,0,0,0,0,0,0,0,0,0,0,0,no
0.009036,0,0,0,0,0,0,0,0,0,0,0,0,no
0.012048,0.047619,0,0,0,0,0,0,0,0,0,0,0,no
0.012048,0.047619,0,0,0,0,0,0,0,0,0,0,0,no
0.009036,0,0,0,0,0,0,0,0,0,0,0,0,no
0.009036,0.047619,0,0,0,0,0,0,0,0,0,0,0,no
0.012048,0.095238,0,0,0,0,0,0,0,0,0,0,0,no
0.012048,0.095238,0,0,0,0,0,0,0,0,0,0,0,no
0.009036,0,0,0,0,0,0,0,0,0,0,0,0,no
0.012048,0.142857,0,0,0,0,0,0,0,0,0,0,0,no
0.006024,0.047619,0,0,0.007937,0,0,0,0,0,0,0,0,no
0.009036,0,0,0,0,0,0,0,0,0,0,0,0,no
0.006024,0.047619,0,0,0.007937,0,0,0,0,0,0,0,0,no
0.012048,0.047619,0,0,0,0,0,0,0,0,0,0,0,no
0.009036,0,0,0,0,0,0,0,0,0,0,0,0,no
0.009036,0.047619,0,0,0,0,0,0,0,0,0,0,0,no
0.009036,0.047619,0,0,0,0,0,0,0,0,0,0,0,no
0.012048,0.095238,0,0,0,0,0,0,0,0,0,0,0,no
0.009036,0,0,0,0,0,0,0,0,0,0,0,0,no
0.012048,0.142857,0,0,0,0,0,0,0,0,0,0,0,no
0.006024,0.047619,0,0,0,0,0,0,0,0,0,0,0,no
0.009036,0,0,0,0,0,0,0,0,0,0,0,0,no
0.006024,0.047619,0,0,0,0,0,0,0,0,0,0,0,no
0.012048,0.095238,0,0,0,0,0,0,0,0,0,0,0,no
0.009036,0,0,0,0,0,0,0,0,0,0,0,0,no
0.01506,0.142857,0,0,0,0.016129,0,0,0,0,0,0,0,no
0.012048,0.047619,0,0,0,0,0,0,0,0,0,0,0,no
0.009036,0,0,0,0,0,0,0,0,0,0,0,0,no
0.012048,0.047619,0,0,0,0,0,0,0,0,0,0,0,no
0.01506,0.142857,0,0,0,0,0,0,0,0,0,0,0,no
0.009036,0,0,0,0,0,0,0,0,0,0,0,0,no
0.009036,0.142857,0,0,0,0,0,0,0,0,0,0,0,no
0.009036,0,0,0,0,0,0,0,0,0,0,0,0,no
0.009036,0.047619,0,0,0,0,0,0,0,0,0,0,0,no
0.009036,0.047619,0,0,0,0,0,0,0,0,0,0,0,no
0.006024,0,0,0,0.007937,0,0,0,0,0,0,0,0,no
0.006024,0.047619,0,0,0.007937,0,0,0,0,0,0,0,0,no
0.009036,0,0,0,0,0,0,0,0,0,0,0,0,no
0.006024,0.047619,0,0,0.007937,0,0,0,0,0,0,0,0,no
0.01506,0.142857,0,0,0,0,0,0,0,0,0,0,0,no
0.009036,0,0,0,0,0,0,0,0,0,0,0,0,no
0.01506,0.142857,0,0,0,0.016129,0,0,0,0,0,0,0,no
0.009036,0,0,0,0,0,0,0,0,0,0,0,0,no
0.009036,0.047619,0,0,0,0,0,0,0,0,0,0,0,no
0.027108,0.333333,0,0,0,0,0,0,0,0,0,0,0,no
0.009036,0,0,0,0,0,0,0,0,0,0,0,0,no
0.009036,0,0,0,0,0,0,0,0,0,0,0,0,no
0.009036,0,0,0,0,0,0,0,0,0,0,0,0,no
0.009036,0,0,0,0,0,0,0,0,0,0,0,0,no
0.009036,0,0,0,0,0,0,0,0,0,0,0,0,no
0.009036,0,0,0,0,0,0,0,0,0,0,0,0,no
0.009036,0,0,0,0,0,0,0,0,0,0,0,0,no
0.009036,0.047619,0,0,0,0,0,0,0,0,0,0,0,no
0.009036,0,0,0,0,0,0,0,0,0,0,0,0,no
0.009036,0.142857,0,0,0,0,0,0,0,0,0,0,0,no
0.012048,0.142857,0,0,0,0,0,0,0,0,0,0,0,no
0.009036,0,0,0,0,0,0,0,0,0,0,0,0,no
0.009036,0,0,0,0,0,0,0,0,0,0,0,0,no
0.009036,0.142857,0,0,0,0,0,0,0,0,0,0,0,no
0.009036,0.047619,0,0,0,0,0,0,0,0,0,0,0,no
0.006024,0,0,0,0.007937,0,0,0,0,0,0,0,0,no
0.009036,0.142857,0,0,0,0,0,0,0,0,0,0,0,no
0.009036,0.047619,0,0,0,0,0,0,0,0,0,0,0,no
0.006024,0.047619,0,0,0.007937,0,0,0,0,0,0,0,0,no
0,0,0,0,0,0,0,0,0,0,0,0,0,no
0,0,0,0,0,0,0,0,0,0,0,0,0,no
0,0.047619,0,0,0,0,0,0,0,0,0,0,0,no
0,0,0,0,0,0,0,0,0,0,0,0,0,no
0,0.095238,0,0,0,0,0,0,0,0,0,0,0,no
0,0,0,0,0,0,0,0,0,0,0,0,0,no
0,0,0,0,0,0,0,0,0,0,0,0,0,no
0,0.095238,0,0,0,0,0,0,0,0,0,0,0,no
0,0.142857,0,0,0.007937,0,0,0,0,0,0,0,0,no
0,0.047619,0,0,0,0,0,0,0,0,0,0,0,no
0,0,0,0,0,0,0,0,0,0,0,0,0,no
0,0.095238,0,0,0,0,0,0,0,0,0,0,0,no
0,0.095238,0,0,0,0,0,0,0,0,0,0,0,no
0,0,0,0,0,0,0,0,0,0,0,0,0,no
0,0,0,0,0,0,0,0,0,0,0,0,0,no
0,0,0,0,0,0,0,0,0,0,0,0,0,no
0,0.047619,0,0,0,0,0,0,0,0,0,0,0,no
0,0,0,0,0,0,0,0,0,0,0,0,0,no
0,0.190476,0,0,0,0,0,0,0,0,0,0,0,no
0,0.047619,0,0,0,0,0,0,0,0,0,0,0,no
0,0.047619,0,0,0,0,0,0,0,0,0,0,0,no
0,0,0,0,0,0,0,0,0,0,0,0,0,no
0,0.095238,0,0,0,0,0,0,0,0,0,0,0,no
0,0.095238,0,0,0,0,0,0,0,0,0,0,0,no
0,0,0,0,0,0,0,0,0,0,0,0,0,no
0,0,0,0,0,0,0,0,0,0,0,0,0,no
0,0,0,0,0,0,0,0,0,0,0,0,0,no
0,0.047619,0,0,0,0,0,0,0,0,0,0,0,no
0,0,0,0,0,0,0,0,0,0,0,0,0,no
0,0.190476,0,0,0,0,0,0,0,0,0,0,0,no
0,0.190476,0,0,0,0,0,0,0,0,0,0,0,no
0,0.047619,0,0,0,0,0,0,0,0,0,0,0,no
0,0.047619,0,0,0,0,0,0,0,0,0,0,0,no
0,0,0,0,0,0,0,0,0,0,0,0,0,no
0,0,0,0,0,0,0,0,0,0,0,0,0,no
0,0.142857,0,0,0,0,0,0,0,0,0,0,0,no
0,0.142857,0,0,0,0,0,0,0,0,0,0,0,no
0,0,0,0,0,0,0,0,0,0,0,0,0,no
0,0,0,0,0,0,0,0,0,0,0,0,0,no
0,0.142857,0,0,0,0,0,0,0,0,0,0,0,no
0,0.047619,0,0,0,0,0,0,0,0,0,0,0,no
0,0.047619,0,0,0,0,0,0,0,0,0,0,0,no
0,0,0,0,0,0,0,0,0,0,0,0,0,no
0,0.142857,0,0,0,0,0,0,0,0,0,0,0,no
0,0.047619,0,0,0,0,0,0,0,0,0,0,0,no
0.009036,0.047619,0,0,0,0,0,0,0,0,0,0,0,no
0.009036,0,0,0,0,0,0,0,0,0,0,0,0,no
0.009036,0.142857,0,0,0,0,0,0,0,0,0,0,0,no
0.009036,0.142857,0,0,0,0,0,0,0,0,0,0,0,no
0.009036,0,0,0,0,0,0,0,0,0,0,0,0,no
0.009036,0.095238,0,0,0,0,0,0,0,0,0,0,0,no
0.01506,0,0,0,0,0,0,0,0,0,0,0,0,no
0.012048,0.142857,0,0,0,0,0,0,0,0,0,0,0,no
0.01506,0.047619,0,0,0,0.016129,0,0,0,0,0,0,0,no
0.009036,0.047619,0,0,0,0,0,0,0,0,0,0,0,no
0.021084,0.142857,0,0,0,0,0,0,0,0,0,0,0,no
0.01506,0,0,0,0,0,0,0,0,0,0,0,0,no
0.009036,0,0,0,0,0,0,0,0,0,0,0,0,no
0.012048,0.095238,0,0,0,0,0,0,0,0,0,0,0,no
0.009036,0.047619,0,0,0,0,0,0,0,0,0,0,0,no
0.009036,0,0,0,0,0,0,0,0,0,0,0,0,no
0.009036,0.142857,0,0,0,0,0,0,0,0,0,0,0,no
0.009036,0.142857,0,0,0,0,0,0,0,0,0,0,0,no
0.009036,0,0,0,0,0,0,0,0,0,0,0,0,no
0.009036,0,0,0,0,0,0,0,0,0,0,0,0,no
0.009036,0.095238,0,0,0,0,0,0,0,0,0,0,0,no
0.01506,0,0,0,0,0,0,0,0,0,0,0,0,no
0.01506,0.047619,0,0,0,0.016129,0,0,0,0,0,0,0,no
0.009036,0.047619,0,0,0.007937,0,0,0,0,0,0,0,0,no
0.018072,0.142857,0,0,0,0,0,0,0,0,0,0,0,no
0.018072,0,0,0,0,0,0,0,0,0,0,0,0,no
0.009036,0.095238,0,0,0,0,0,0,0,0,0,0,0,no
0.012048,0.095238,0,0,0,0,0,0,0,0,0,0,0,no
0.009036,0.047619,0,0,0,0,0,0,0,0,0,0,0,no
0.009036,0,0,0,0,0,0,0,0,0,0,0,0,no
0.009036,0.142857,0,0,0,0,0,0,0,0,0,0,0,no
0.009036,0.142857,0,0,0,0,0,0,0,0,0,0,0,no
0.009036,0,0,0,0,0,0,0,0,0,0,0,0,no
0.009036,0.190476,0,0,0,0,0,0,0,0,0,0,0,no
0.009036,0,0,0,0,0,0,0,0,0,0,0,0,no
0.009036,0.047619,0,0,0,0,0,0,0,0,0,0,0,no
0.012048,0.047619,0,0,0,0,0,0,0,0,0,0,0,no
0.006024,0,0,0,0.007937,0,0,0,0,0,0,0,0,no
0.009036,0.142857,0,0,0,0,0,0,0,0,0,0,0,no
0.009036,0.047619,0,0,0,0,0,0,0,0,0,0,0,no
0.006024,0.047619,0,0,0.007937,0,0,0,0,0,0,0,0,no
0.009036,0,0,0,0,0,0,0,0,0,0,0,0,no
0.009036,0.047619,0,0,0,0,0,0,0,0,0,0,0,no
0.009036,0.047619,0,0,0,0,0,0,0,0,0,0,0,no
0.009036,0,0,0,0,0,0,0,0,0,0,0,0,no
0.009036,0,0,0,0,0,0,0,0,0,0,0,0,no
0.009036,0,0,0,0,0,0,0,0,0,0,0,0,no
0.012048,0.142857,0,0,0,0.016129,0,0,0,0,0,0,0,no
0.009036,0.142857,0,0,0,0,0,0,0,0,0,0,0,no
0.01506,0.142857,0,0,0,0,0,0,0,0,0,0,0,no
0.009036,0,0,0,0,0,0,0,0,0,0,0,0,no
0.009036,0,0,0,0,0,0,0,0,0,0,0,0,no
0.009036,0,0,0,0,0,0,0,0,0,0,0,0,no
0.018072,0.047619,0,0,0,0.016129,0,0,0,0,0,0,0,no
0.009036,0,0,0,0,0,0,0,0,0,0,0,0,no
0.009036,0.047619,0,0,0,0,0,0,0,0,0,0,0,no
0.009036,0.190476,0,0,0,0,0,0,0,0,0,0,0,no
0.009036,0,0,0,0,0,0,0,0,0,0,0,0,no
0.009036,0.047619,0,0,0,0,0,0,0,0,0,0,0,no
0.012048,0.095238,0,0,0,0,0,0,0,0,0,0,0,no
0.012048,0,0,0,0,0,0,0,0,0,0,0,0,no
0.009036,0.047619,0,0,0,0,0,0,0,0,0,0,0,no
0.01506,0,0,0,0,0.016129,0,0,0,0,0,0,0,no
0.01506,0.095238,0,0,0,0,0,0,0,0,0,0,0,no
0.01506,0.142857,0,0,0,0,0,0,0,0,0,0,0,no
0.009036,0,0,0,0,0,0,0,0,0,0,0,0,no
0.01506,0.047619,0,0,0,0.016129,0,0,0,0,0,0,0,no
0.006024,0.047619,0,0,0.007937,0,0,0,0,0,0,0,0,no
0.009036,0,0,0,0,0,0,0,0,0,0,0,0,no
0.009036,0.095238,0,0,0,0,0,0,0,0,0,0,0,no
0.012048,0.142857,0,0,0,0,0,0,0,0,0,0,0,no
0.012048,0.095238,0,0,0,0,0,0,0,0,0,0,0,no
0.009036,0.047619,0,0,0,0,0,0,0,0,0,0,0,no
0.009036,0.047619,0,0,0,0,0,0,0,0,0,0,0,no
0.009036,0.047619,0,0,0,0,0,0,0,0,0,0,0,no
0.012048,0.095238,0,0,0,0,0,0,0,0,0,0,0,no
0.009036,0,0,0,0,0,0,0,0,0,0,0,0,no
0.009036,0,0,0,0,0,0,0,0,0,0,0,0,no
0,0,0,0,0.007937,0,0,0,0,0,0,0,0,no
0.009036,0.095238,0,0,0,0,0,0,0,0,0,0,0,no
0.01506,0.142857,0,0,0,0,0,0,0,0,0,0,0,no
0.009036,0,0,0,0,0,0,0,0,0,0,0,0,no
0.009036,0,0,0,0,0,0,0,0,0,0,0,0,no
0.009036,0,0,0,0,0,0,0,0,0,0,0,0,no
0.009036,0,0,0,0,0,0,0,0,0,0,0,0,no
0,0.095238,0,0,0,0,0,0,0,0,0,0,0,no
0,0.142857,0,0,0,0,0,0,0,0,0,0,0,no
0.009036,0.047619,0,0,0,0,0,0,0,0,0,0,0,no
0.009036,0.047619,0,0,0,0,0,0,0,0,0,0,0,no
0.012048,0.095238,0,0,0,0,0,0,0,0,0,0,0,no
0,0.047619,0,0,0,0,0,0,0,0,0,0,0,no
0,0.047619,0,0,0,0,0,0,0,0,0,0,0,no
0,0.047619,0,0,0,0,0,0,0,0,0,0,0,no
0,0.047619,0,0,0,0,0,0,0,0,0,0,0,no
0,0.190476,0,0,0,0,0,0,0,0,0,0,0,no
0.009036,0.047619,0,0,0,0,0,0,0,0,0,0,0,no
0,0.142857,0,0,0,0,0,0,0,0,0,0,0,no
0.012048,0.095238,0,0,0,0,0,0,0,0,0,0,0,no
0.009036,0,0,0,0,0,0,0,0,0,0,0,0,no
0.009036,0,0,0,0,0,0,0,0,0,0,0,0,no
0.009036,0,0,0,0,0,0,0,0,0,0,0,0,no
0,0.047619,0,0,0,0,0,0,0,0,0,0,0,no
0.009036,0.047619,0,0,0,0,0,0,0,0,0,0,0,no
0.012048,0.095238,0,0,0,0,0,0,0,0,0,0,0,no
0.009036,0,0,0,0,0,0,0,0,0,0,0,0,no
0.012048,0.095238,0,0,0,0,0,0,0,0,0,0,0,no
0.012048,0.095238,0,0,0,0,0,0,0,0,0,0,0,no
0.012048,0.095238,0,0,0,0,0,0,0,0,0,0,0,no
0,0.047619,0,0,0,0,0,0,0,0,0,0,0,no
0,0.095238,0,0,0,0,0,0,0,0,0,0,0,no
0.006024,0,0,0,0.007937,0,0,0,0,0,0,0,0,no
0.012048,0.095238,0,0,0,0,0,0,0,0,0,0,0,no
0.018072,0.142857,0,0,0,0,0,0,0,0,0,0,0,no
0.006024,0,0,0,0.007937,0,0,0,0,0,0,0,0,no
0.012048,0.095238,0,0,0,0,0,0,0,0,0,0,0,no
0,0.095238,0,0,0,0,0,0,0,0,0,0,0,no
0,0.095238,0,0,0,0,0,0,0,0,0,0,0,no
0.018072,0.095238,0,0,0,0,0,0,0,0,0,0,0,no
0.009036,0.047619,0,0,0,0,0,0,0,0,0,0,0,no
0.006024,0.047619,0,0,0.007937,0,0,0,0,0,0,0,0,no
0.009036,0.047619,0,0,0,0,0,0,0,0,0,0,0,no
0.006024,0.047619,0,0,0.007937,0,0,0,0,0,0,0,0,no
0.009036,0.047619,0,0,0,0,0,0,0,0,0,0,0,no
0.009036,0.095238,0,0,0,0,0,0,0,0,0,0,0,no
0.009036,0.047619,0,0,0,0,0,0,0,0,0,0,0,no
0.012048,0.047619,0,0,0,0,0,0,0,0,0,0,0,no
0.009036,0.047619,0,0,0,0,0,0,0,0,0,0,0,no
0.012048,0.047619,0,0,0,0,0,0,0,0,0,0,0,no
0.009036,0.047619,0,0,0,0,0,0,0,0,0,0,0,no
0.009036,0.047619,0,0,0,0,0,0,0,0,0,0,0,no
0,0.047619,0,0,0,0,0,0,0,0,0,0,0,no
0,0.047619,0,0,0,0,0,0,0,0,0,0,0,no
0.012048,0.095238,0,0,0,0,0,0,0,0,0,0,0,no
0.009036,0.047619,0,0,0,0,0,0,0,0,0,0,0,no
0.009036,0.047619,0,0,0,0,0,0,0,0,0,0,0,no
0.009036,0,0,0,0,0,0,0,0,0,0,0,0,no
0.009036,0.047619,0,0,0,0,0,0,0,0,0,0,0,no
0.009036,0.095238,0,0,0,0,0,0,0,0,0,0,0,no
0.009036,0.095238,0,0,0,0,0,0,0,0,0,0,0,no
0.009036,0.047619,0,0,0,0,0,0,0,0,0,0,0,no
0.012048,0.047619,0,0,0,0.016129,0,0,0,0,0,0,0,no
0.009036,0.047619,0,0,0,0,0,0,0,0,0,0,0,no
0.012048,0.047619,0,0,0,0,0,0,0,0,0,0,0,no
0.009036,0.047619,0,0,0,0,0,0,0,0,0,0,0,no
0.012048,0.047619,0,0,0,0,0,0,0,0,0,0,0,no
0,0,0,0,0,0,0,0,0,0,0,0,0,no
0,0.047619,0,0,0,0,0,0,0,0,0,0,0,no
0,0.047619,0,0,0,0,0,0,0,0,0,0,0,no
0.009036,0.142857,0,0,0,0,0,0,0,0,0,0,0,no
0.009036,0.095238,0,0,0,0,0,0,0,0,0,0,0,no
0.009036,0.095238,0,0,0,0,0,0,0,0,0,0,0,no
0.01506,0.047619,0,0,0,0,0,0,0,0,0,0,0,no
0.009036,0,0,0,0.007937,0,0,0,0,0,0,0,0,no
0.012048,0.142857,0,0,0,0.016129,0,0,0,0,0,0,0,no
0.009036,0.142857,0,0,0,0,0,0,0,0,0,0,0,no
0.009036,0,0,0,0,0,0,0,0,0,0,0,0,no
0.009036,0.047619,0,0,0,0,0,0,0,0,0,0,0,no
0.009036,0.047619,0,0,0,0,0,0,0,0,0,0,0,no
0.006024,0,0,0,0.007937,0,0,0,0,0,0,0,0,no
0.009036,0.047619,0,0,0,0,0,0,0,0,0,0,0,no
0.006024,0,0,0,0.007937,0,0,0,0,0,0,0,0,no
0.006024,0.047619,0,0,0.007937,0,0,0,0,0,0,0,0,no
0.009036,0.047619,0,0,0,0,0,0,0,0,0,0,0,no
0.009036,0.047619,0,0,0,0,0,0,0,0,0,0,0,no
0.009036,0,0,0,0,0,0,0,0,0,0,0,0,no
0.009036,0.142857,0,0,0,0,0,0,0,0,0,0,0,no
0.009036,0.142857,0,0,0,0,0,0,0,0,0,0,0,no
0.009036,0,0,0,0,0,0,0,0,0,0,0,0,no
0.009036,0.047619,0,0,0,0,0,0,0,0,0,0,0,no
0.009036,0.047619,0,0,0,0,0,0,0,0,0,0,0,no
0.009036,0,0,0,0,0,0,0,0,0,0,0,0,no
0.006024,0.047619,0,0,0.007937,0,0,0,0,0,0,0,0,no
0.009036,0.142857,0,0,0,0,0,0,0,0,0,0,0,no
0.009036,0.047619,0,0,0,0,0,0,0,0,0,0,0,no
0.01506,0.142857,0,0,0,0,0,0,0,0,0,0,0,no
0.009036,0.047619,0,0,0,0,0,0,0,0,0,0,0,no
0.006024,0,0,0,0.007937,0,0,0,0,0,0,0,0,no
0.01506,0,0,0,0,0.016129,0,0,0,0,0,0,0,no
0.009036,0,0,0,0,0,0,0,0,0,0,0,0,no
0.009036,0.095238,0,0,0,0,0,0,0,0,0,0,0,no
0.009036,0.047619,0,0,0,0,0,0,0,0,0,0,0,no
0,0.047619,0,0,0,0,0,0,0,0,0,0,0,no
0.012048,0.095238,0,0,0,0,0,0,0,0,0,0,0,no
0.009036,0.047619,0,0,0,0,0,0,0,0,0,0,0,no
0.009036,0.047619,0,0,0,0,0,0,0,0,0,0,0,no
0.009036,0,0,0,0,0,0,0,0,0,0,0,0,no
0.009036,0,0,0,0,0,0,0,0,0,0,0,0,no
0.009036,0.047619,0,0,0,0,0,0,0,0,0,0,0,no
0.009036,0.095238,0,0,0,0,0,0,0,0,0,0,0,no
0.009036,0.095238,0,0,0,0,0,0,0,0,0,0,0,no
0.009036,0.047619,0,0,0,0,0,0,0,0,0,0,0,no
0.009036,0.047619,0,0,0,0,0,0,0,0,0,0,0,no
0.012048,0.047619,0,0,0,0,0,0,0,0,0,0,0,no
0.009036,0.190476,0,0,0,0,0,0,0,0,0,0,0,no
0.009036,0,0,0,0,0,0,0,0,0,0,0,0,no
0.054217,0,0,0,0,0.048387,0,0,0,0,0,0,0,no
0.009036,0,0,0,0,0,0,0,0,0,0,0,0,no
0.021084,0,0,0,0,0.032258,0,0,0,0,0,0,0,no
0.009036,0,0,0,0,0,0,0,0,0,0,0,0,no
0.012048,0.047619,0,0,0,0,0,0,0,0,0,0,0,no
0.009036,0.047619,0,0,0,0,0,0,0,0,0,0,0,no
0.009036,0,0,0,0,0,0,0,0,0,0,0,0,no
0.009036,0,0,0,0,0,0,0,0,0,0,0,0,no
0.009036,0.047619,0,0,0,0,0,0,0,0,0,0,0,no
0.009036,0.095238,0,0,0,0,0,0,0,0,0,0,0,no
0.009036,0.095238,0,0,0,0,0,0,0,0,0,0,0,no
0.009036,0.047619,0,0,0,0,0,0,0,0,0,0,0,no
0.009036,0.047619,0,0,0,0,0,0,0,0,0,0,0,no
0.009036,0,0,0,0,0,0,0,0,0,0,0,0,no
0.009036,0.190476,0,0,0,0,0,0,0,0,0,0,0,no
0.009036,0,0,0,0,0,0,0,0,0,0,0,0,no
0.054217,0,0,0,0,0.048387,0,0,0,0,0,0,0,no
0.009036,0,0,0,0,0,0,0,0,0,0,0,0,no
0.021084,0,0,0,0,0.032258,0,0,0,0,0,0,0,no
0.009036,0,0,0,0,0,0,0,0,0,0,0,0,no
0.009036,0.095238,0,0,0,0,0,0,0,0,0,0,0,no
0.009036,0.047619,0,0,0,0,0,0,0,0,0,0,0,no
0.01506,0.142857,0,0,0,0,0,0,0,0,0,0,0,no
0,0,0,0,0,0,0,0,0,0,0,0,0,no
0,0.095238,0,0,0,0,0,0,0,0,0,0,0,no
0,0.047619,0,0,0,0,0,0,0,0,0,0,0,no
0,0.095238,0,0,0,0,0,0,0,0,0,0,0,no
0,0.142857,0,0,0,0,0,0,0,0,0,0,0,no
0.009036,0,0,0,0,0,0,0,0,0,0,0,0,no
0.009036,0,0,0,0,0,0,0,0,0,0,0,0,no
0.01506,0.047619,0,0,0,0,0,0,0,0,0,0,0,no
0.018072,0,0,0,0,0.016129,0,0,0,0,0,0,0,no
0.009036,0,0,0,0,0,0,0,0,0,0,0,0,no
0.009036,0.047619,0,0,0,0,0,0,0,0,0,0,0,no
0.009036,0,0,0,0,0,0,0,0,0,0,0,0,no
0.009036,0,0,0,0,0,0,0,0,0,0,0,0,no
0.012048,0.047619,0,0,0,0,0,0,0,0,0,0,0,no
0.009036,0,0,0,0,0,0,0,0,0,0,0,0,no
0.006024,0,0,0,0.007937,0,0,0,0,0,0,0,0,no
0.012048,0.095238,0,0,0,0,0,0,0,0,0,0,0,no
0.009036,0,0,0,0,0,0,0,0,0,0,0,0,no
0.009036,0,0,0,0,0,0,0,0,0,0,0,0,no
0.009036,0,0,0,0,0,0,0,0,0,0,0,0,no
0.009036,0,0,0,0,0,0,0,0,0,0,0,0,no
0.009036,0,0,0,0,0,0,0,0,0,0,0,0,no
0.01506,0.142857,0,0,0,0,0,0,0,0,0,0,0,no
0.009036,0.047619,0,0,0.007937,0,0,0,0,0,0,0,0,no
0.009036,0,0,0,0,0,0,0,0,0,0,0,0,no
0.009036,0.047619,0,0,0,0,0,0,0,0,0,0,0,no
0.009036,0,0,0,0,0,0,0,0,0,0,0,0,no
0.006024,0,0,0,0.015873,0,0,0,0,0,0,0,0,no
0.009036,0.047619,0,0,0,0,0,0,0,0,0,0,0,no
0.009036,0,0,0,0,0,0,0,0,0,0,0,0,no
0.009036,0,0.010638,0,0.007937,0,0,0,0,0,0,0,0,no
0.009036,0,0,0,0,0,0,0,0,0,0,0,0,no
0.009036,0,0,0,0,0,0,0,0,0,0,0,0,no
0.009036,0.047619,0,0,0,0,0,0,0,0,0,0,0,no
0.009036,0.047619,0,0,0,0,0,0,0,0,0,0,0,no
0.01506,0.142857,0,0,0,0.016129,0,0,0,0,0,0,0,no
0.012048,0.190476,0,0,0,0,0,0,0,0,0,0,0,no
0.009036,0.047619,0,0,0,0,0,0,0,0,0,0,0,no
0.009036,0.047619,0,0,0,0,0,0,0,0,0,0,0,no
0.009036,0.047619,0,0,0,0,0,0,0,0,0,0,0,no
0.009036,0.047619,0,0,0,0,0,0,0,0,0,0,0,no
0.018072,0.142857,0,0,0,0,0,0,0,0,0,0,0,no
0.009036,0,0,0,0,0,0,0,0,0,0,0,0,no
0.009036,0.047619,0,0,0,0,0,0,0,0,0,0,0,no
0.024096,0.238095,0,0,0,0.032258,0,0,0,0,0,0,0,no
0.018072,0.238095,0,0,0,0.016129,0,0,0,0,0,0,0,no
0.009036,0.285714,0,0,0,0,0,0,0,0,0,0,0,no
0.024096,0.285714,0,0,0,0.032258,0,0,0,0,0,0,0,no
0.009036,0.047619,0,0,0,0,0,0,0,0,0,0,0,no
0.009036,0.047619,0,0,0,0,0,0,0,0,0,0,0,no
0.009036,0.047619,0,0,0,0,0,0,0,0,0,0,0,no
0.012048,0.047619,0,0,0,0,0,0,0,0,0,0,0,no
0.009036,0.047619,0,0,0,0,0,0,0,0,0,0,0,no
0.012048,0.047619,0,0,0,0,0.055556,0.125,0.006742,0,0.017241,0.017241,0,no
0.051205,0.047619,0,0,0,0,0,0,0,0,0,0,0,no
0.051205,0.095238,0,0,0,0,0,0,0,0,0,0,0,no
0.051205,0.095238,0,0,0,0,0,0,0,0,0,0,0,no
0.051205,0.142857,0,0,0,0,0,0,0,0,0,0,0,no
0.051205,0.047619,0,0,0,0,0,0,0,0,0,0,0,no
0.051205,0.095238,0,0,0,0,0,0,0,0,0,0,0,no
0.051205,0.095238,0,0,0,0,0,0,0,0,0,0,0,no
0.051205,0.142857,0,0,0,0,0,0,0,0,0,0,0,no
0.051205,0.047619,0,0,0,0,0,0,0,0,0,0,0,no
0.051205,0.095238,0,0,0,0,0,0,0,0,0,0,0,no
0.051205,0.095238,0,0,0,0,0,0,0,0,0,0,0,no
0.051205,0.047619,0,0,0,0,0,0,0,0,0,0,0,no
0.051205,0.095238,0,0,0,0,0,0,0,0,0,0,0,no
0.051205,0.047619,0,0,0,0,0,0,0,0,0,0,0,no
0.051205,0.095238,0,0,0,0,0,0,0,0,0,0,0,no
0.009036,0.095238,0,0,0,0,0,0,0,0,0,0,0,no
0.009036,0.142857,0,0,0,0,0,0,0,0,0,0,0,no
0.051205,0.047619,0,0,0,0,0,0,0,0,0,0,0,no
0.051205,0.095238,0,0,0,0,0,0,0,0,0,0,0,no
0.009036,0.047619,0,0,0,0,0,0,0,0,0,0,0,no
0.009036,0.047619,0,0,0,0,0,0,0,0,0,0,0,no
0.009036,0.047619,0,0,0,0,0,0,0,0,0,0,0,no
0.009036,0.047619,0,0,0,0,0,0,0,0,0,0,0,no
0.009036,0.047619,0,0,0,0,0,0,0,0,0,0,0,no
0.009036,0.047619,0,0,0,0,0,0,0,0,0,0,0,no
0.009036,0.047619,0,0,0,0,0,0,0,0,0,0,0,no
0.009036,0.047619,0,0,0,0,0,0,0,0,0,0,0,no
0.009036,0.047619,0,0,0,0,0,0,0,0,0,0,0,no
0.009036,0.047619,0,0,0,0,0,0,0,0,0,0,0,no
0.009036,0.047619,0,0,0,0,0,0,0,0,0,0,0,no
0.009036,0.047619,0,0,0,0,0,0,0,0,0,0,0,no
0.009036,0.047619,0,0,0,0,0,0,0,0,0,0,0,no
0.009036,0.047619,0,0,0,0,0,0,0,0,0,0,0,no
0.009036,0.047619,0,0,0,0,0,0,0,0,0,0,0,no
0.009036,0.047619,0,0,0,0,0,0,0,0,0,0,0,no
0.009036,0.047619,0,0,0,0,0,0,0,0,0,0,0,no
0.009036,0,0,0,0,0,0,0,0,0,0,0,0,no
0.009036,0,0,0,0,0,0,0,0,0,0,0,0,no
0.009036,0,0,0,0,0,0,0,0,0,0,0,0,no
0.009036,0,0,0,0,0,0,0,0,0,0,0,0,no
0.009036,0,0,0,0,0,0,0,0,0,0,0,0,no
0.009036,0,0,0,0,0,0,0,0,0,0,0,0,no
0.009036,0,0,0,0,0,0,0,0,0,0,0,0,no
0.009036,0,0,0,0,0,0,0,0,0,0,0,0,no
0.009036,0,0,0,0,0,0,0,0,0,0,0,0,no
0.009036,0,0,0,0,0,0,0,0,0,0,0,0,no
0.009036,0,0,0,0,0,0,0,0,0,0,0,0,no
0.009036,0,0,0,0,0,0,0,0,0,0,0,0,no
0.009036,0,0,0,0,0,0,0,0,0,0,0,0,no
0.009036,0,0,0,0,0,0,0,0,0,0,0,0,no
0.009036,0,0,0,0,0,0,0,0,0,0,0,0,no
0.009036,0,0,0,0,0,0,0,0,0,0,0,0,no
0.009036,0,0,0,0,0,0,0,0,0,0,0,0,no
0.009036,0,0,0,0,0,0,0,0,0,0,0,0,no
0.009036,0,0,0,0,0,0,0,0,0,0,0,0,no
0.009036,0,0,0,0,0,0,0,0,0,0,0,0,no
0.009036,0,0,0,0,0,0,0,0,0,0,0,0,no
0.009036,0,0,0,0,0,0,0,0,0,0,0,0,no
0.009036,0,0,0,0,0,0,0,0,0,0,0,0,no
0.009036,0,0,0,0,0,0,0,0,0,0,0,0,no
0.009036,0,0,0,0,0,0,0,0,0,0,0,0,no
0.009036,0,0,0,0,0,0,0,0,0,0,0,0,no
0.009036,0,0,0,0,0,0,0,0,0,0,0,0,no
0.009036,0,0,0,0,0,0,0,0,0,0,0,0,no
0.009036,0,0,0,0,0,0,0,0,0,0,0,0,no
0.009036,0,0,0,0,0,0,0,0,0,0,0,0,no
0.009036,0,0,0,0,0,0,0,0,0,0,0,0,no
0.009036,0,0,0,0,0,0,0,0,0,0,0,0,no
0.009036,0,0,0,0,0,0,0,0,0,0,0,0,no
0.009036,0,0,0,0,0,0,0,0,0,0,0,0,no
0.01506,0.142857,0,0,0,0,0,0,0,0,0,0,0,no
0.009036,0,0,0,0,0,0,0,0,0,0,0,0,no
0,0.047619,0,0,0,0,0,0,0,0,0,0,0,no
0,0,0,0,0,0,0,0,0,0,0,0,0,no
0,0,0,0,0,0,0,0,0,0,0,0,0,no
0.018072,0.190476,0,0,0,0,0,0,0,0,0,0,0,no
0.009036,0,0,0,0,0,0,0,0,0,0,0,0,no
0.009036,0.047619,0,0,0,0,0,0,0,0,0,0,0,no
0.012048,0.047619,0,0,0,0,0,0,0,0,0,0,0,no
0.012048,0.047619,0,0,0,0,0.055556,0.125,0.006742,0,0.017241,0.017241,0,no
0.012048,0.238095,0,0,0,0,0,0,0,0,0,0,0,no
0.009036,0,0,0,0,0,0,0,0,0,0,0,0,no
0.021084,0.095238,0,0,0,0,0,0,0,0,0,0,0,no
0.018072,0.047619,0,0,0,0.016129,0,0,0,0,0,0,0,no
0.009036,0.047619,0,0,0,0,0,0,0,0,0,0,0,no
0.021084,0.095238,0,0,0,0,0,0,0,0,0,0,0,no
0.009036,0,0,0,0,0,0,0,0,0,0,0,0,no
0.009036,0.047619,0,0,0,0,0,0,0,0,0,0,0,no
0.009036,0.047619,0,0,0,0,0,0,0,0,0,0,0,no
0,0.095238,0,0,0,0,0,0,0,0,0,0,0,no
0.009036,0.142857,0,0,0,0,0,0,0,0,0,0,0,no
0.009036,0.238095,0,0,0,0,0,0,0,0,0,0,0,no
0.009036,0.047619,0.010638,0,0,0,0,0,0,0,0,0,0,no
0.009036,0,0,0,0,0,0,0,0,0,0,0,0,no
0.009036,0.142857,0.010638,0,0,0,0,0,0,0,0,0,0,no
0.009036,0.047619,0,0,0,0,0,0,0,0,0,0,0,no
0.009036,0.095238,0,0,0,0,0,0,0,0,0,0,0,no
0.009036,0.095238,0,0,0,0,0,0,0,0,0,0,0,no
0.012048,0.095238,0,0,0,0,0,0,0,0,0,0,0,no
0.012048,0.047619,0,0,0,0.016129,0,0,0,0,0,0,0,no
0.009036,0,0,0,0,0,0,0,0,0,0,0,0,no
0.012048,0.095238,0,0,0,0,0,0,0,0,0,0,0,no
0.009036,0,0,0,0,0,0,0,0,0,0,0,0,no
0.012048,0.095238,0,0,0,0,0,0,0,0,0,0,0,no
0.009036,0,0.010638,0,0,0,0,0,0,0,0,0,0,no
0,0,0,0,0,0,0,0,0,0,0,0,0,no
0,0,0,0,0,0,0,0,0,0,0,0,0,no
0,0,0,0,0,0,0,0,0,0,0,0,0,no
0.01506,0.142857,0,0,0,0,0.037037,0.083333,0.005618,0,0.021552,0.021552,0,no
0.009036,0.047619,0,0,0,0,0,0,0,0,0,0,0,no
0.012048,0.095238,0,0,0,0.016129,0,0,0,0,0,0,0,no
0.012048,0.095238,0,0,0,0.016129,0,0,0,0,0,0,0,no
0.009036,0.047619,0,0,0,0,0,0,0,0,0,0,0,no
0.009036,0.047619,0,0,0,0,0,0,0,0,0,0,0,no
0.009036,0.047619,0,0,0,0,0,0,0,0,0,0,0,no
0.009036,0.047619,0,0,0,0,0,0,0,0,0,0,0,no
0.009036,0.047619,0,0,0,0,0,0,0,0,0,0,0,no
0.009036,0.047619,0,0,0,0,0,0,0,0,0,0,0,no
0.009036,0.047619,0,0,0,0,0,0,0,0,0,0,0,no
0.009036,0.047619,0,0,0,0,0,0,0,0,0,0,0,no
0.009036,0.047619,0,0,0,0,0,0,0,0,0,0,0,no
0.009036,0.047619,0,0,0,0,0,0,0,0,0,0,0,no
0.009036,0,0,0,0,0,0,0,0,0,0,0,0,no
0.009036,0.047619,0,0,0,0,0,0,0,0,0,0,0,no
0.009036,0.047619,0,0,0,0,0,0,0,0,0,0,0,no
0.009036,0.047619,0,0,0,0,0,0,0,0,0,0,0,no
0.009036,0.047619,0,0,0,0,0,0,0,0,0,0,0,no
0.009036,0.047619,0,0,0,0,0,0,0,0,0,0,0,no
0.009036,0.047619,0,0,0,0,0,0,0,0,0,0,0,no
0.009036,0.047619,0,0,0,0,0,0,0,0,0,0,0,no
0.009036,0.047619,0,0,0,0,0,0,0,0,0,0,0,no
0.009036,0.047619,0,0,0,0,0,0,0,0,0,0,0,no
0.009036,0.047619,0,0,0,0,0,0,0,0,0,0,0,no
0.009036,0.047619,0,0,0,0,0,0,0,0,0,0,0,no
0.009036,0.047619,0,0,0,0,0,0,0,0,0,0,0,no
0.009036,0.047619,0,0,0,0,0.037037,0.083333,0.001124,0.001183,0.008621,0.008621,0,no
0.009036,0,0,0,0,0,0,0,0,0,0,0,0,no
0.009036,0.047619,0,0,0,0,0,0,0,0,0,0,0,no
0.009036,0,0,0,0,0,0,0,0,0,0,0,0,no
0.009036,0.047619,0,0,0,0,0.037037,0.083333,0.001124,0.001183,0.008621,0.008621,0,no
0.009036,0,0,0,0,0,0,0,0,0,0,0,0,no
0.009036,0,0,0,0,0,0,0,0,0,0,0,0,no
0.009036,0,0,0,0,0,0,0,0,0,0,0,0,no
0.01506,0.095238,0,0,0,0.016129,0.037037,0.083333,0.001124,0.001183,0.008621,0.008621,0,no
0.009036,0,0,0,0,0,0,0,0,0,0,0,0,no
0.009036,0,0,0,0,0,0,0,0,0,0,0,0,no
0.009036,0,0,0,0,0,0,0,0,0,0,0,0,no
0.009036,0,0,0,0,0,0,0,0,0,0,0,0,no
0.009036,0,0,0,0,0,0,0,0,0,0,0,0,no
0.009036,0,0,0,0,0,0,0,0,0,0,0,0,no
0.009036,0.047619,0,0,0,0,0.037037,0.083333,0.001124,0.001183,0.008621,0.008621,0,no
0.009036,0,0,0,0,0,0,0,0,0,0,0,0,no
0.009036,0,0,0,0,0,0,0,0,0,0,0,0,no
0.009036,0,0,0,0,0,0,0,0,0,0,0,0,no
0.01506,0.142857,0,0,0,0,0,0,0,0,0,0,0,no
0.009036,0,0,0,0,0,0,0,0,0,0,0,0,no
0.009036,0.095238,0,0,0,0,0,0,0,0,0,0,0,no
0.01506,0.142857,0,0,0,0,0,0,0,0,0,0,0,no
0.012048,0.047619,0,0,0,0.016129,0,0,0,0,0,0,0,no
0.012048,0.047619,0,0,0,0.016129,0,0,0,0,0,0,0,no
0.009036,0,0,0,0,0,0,0,0,0,0,0,0,no
0.012048,0.047619,0,0,0,0,0,0,0,0,0,0,0,no
0.009036,0.047619,0,0,0,0,0,0,0,0,0,0,0,no
0.009036,0.095238,0,0,0,0,0,0,0,0,0,0,0,no
0.009036,0.047619,0,0,0,0,0,0,0,0,0,0,0,no
0.039157,0.238095,0,0,0,0.032258,0.055556,0.083333,0.001685,0.001775,0.008621,0.008621,0,no
0.009036,0,0,0,0,0,0,0,0,0,0,0,0,no
0,0.047619,0,0,0,0,0,0,0,0,0,0,0,no
0,0,0,0,0,0,0,0,0,0,0,0,0,no
0,0.047619,0,0,0,0,0,0,0,0,0,0,0,no
0.009036,0,0,0,0,0,0,0,0,0,0,0,0,no
0.01506,0,0,0,0,0,0,0,0,0,0,0,0,no
0.009036,0.047619,0,0,0,0,0,0,0,0,0,0,0,no
0.009036,0.047619,0,0,0,0,0,0,0,0,0,0,0,no
0.009036,0.047619,0,0,0,0,0,0,0,0,0,0,0,no
0.01506,0.190476,0,0,0.007937,0.016129,0,0,0,0,0,0,0,no
0.012048,0.047619,0,0,0,0,0,0,0,0,0,0,0,no
0.012048,0.095238,0,0,0,0,0,0,0,0,0,0,0,no
0.009036,0,0,0,0,0,0,0,0,0,0,0,0,no
0.009036,0,0,0,0,0,0,0,0,0,0,0,0,no
0,0.095238,0,0,0.007937,0,0,0,0,0,0,0,0,no
0,0,0,0,0.007937,0,0,0,0,0,0,0,0,no
0,0,0,0,0.007937,0,0,0,0,0,0,0,0,no
0,0,0,0,0.007937,0,0,0,0,0,0,0,0,no
0.009036,0.238095,0,0,0,0,0,0,0,0,0,0,0,no
0.009036,0.047619,0,0,0,0,0,0,0,0,0,0,0,no
0.009036,0,0,0,0,0,0,0,0,0,0,0,0,no
0.009036,0.047619,0,0,0,0,0,0,0,0,0,0,0,no
0.006024,0,0,0,0.007937,0,0,0,0,0,0,0,0,no
0.01506,0.095238,0,0,0,0,0,0,0,0,0,0,0,no
0.009036,0,0,0,0,0,0,0,0,0,0,0,0,no
0.009036,0,0,0,0,0,0,0,0,0,0,0,0,no
0.009036,0,0,0,0,0,0,0,0,0,0,0,0,no
0.009036,0,0,0,0,0,0,0,0,0,0,0,0,no
0.009036,0,0,0,0,0,0,0,0,0,0,0,0,no
0.009036,0,0,0,0,0,0,0,0,0,0,0,0,no
0.021084,0.333333,0,0,0,0,0,0,0,0,0,0,0,no
0.009036,0.047619,0,0,0,0,0,0,0,0,0,0,0,no
0.009036,0.047619,0,0,0,0,0,0,0,0,0,0,0,no
0.009036,0.142857,0,0,0,0,0,0,0,0,0,0,0,no
0.018072,0.190476,0,0,0,0,0,0,0,0,0,0,0,no
0.01506,0.047619,0,0,0,0,0.018519,0.041667,0.000562,0.000592,0.008621,0.008621,0,no
0.012048,0.047619,0,0,0,0,0,0,0,0,0,0,0,no
0.012048,0.047619,0,0,0,0,0,0,0,0,0,0,0,no
0.01506,0.047619,0,0,0,0,0,0,0,0,0,0,0,no
0.01506,0.047619,0,0,0,0,0,0,0,0,0,0,0,no
0.024096,0.285714,0,0,0,0,0,0,0,0,0,0,0,no
0.012048,0.142857,0,0,0,0.016129,0,0,0,0,0,0,0,no
0.009036,0.095238,0,0,0,0,0,0,0,0,0,0,0,no
0.009036,0,0,0,0,0,0,0,0,0,0,0,0,no
0.009036,0.047619,0,0,0,0,0,0,0,0,0,0,0,no
0.009036,0.047619,0,0,0,0,0,0,0,0,0,0,0,no
0.009036,0.047619,0,0,0,0,0,0,0,0,0,0,0,no
0.009036,0.047619,0,0,0,0,0,0,0,0,0,0,0,no
0.009036,0.047619,0,0,0,0,0,0,0,0,0,0,0,no
0.012048,0.095238,0,0,0,0,0,0,0,0,0,0,0,no
0.009036,0,0,0,0,0,0,0,0,0,0,0,0,no
0.009036,0,0,0,0,0,0,0,0,0,0,0,0,no
0.006024,0,0,0,0.015873,0,0,0,0,0,0,0,0,no
0.012048,0.047619,0,0,0,0,0,0,0,0,0,0,0,no
0.009036,0.047619,0,0,0,0,0,0,0,0,0,0,0,no
0.009036,0,0,0,0,0,0,0,0,0,0,0,0,no
0.006024,0,0,0,0.015873,0,0,0,0,0,0,0,0,no
0.009036,0.190476,0,0,0,0,0,0,0,0,0,0,0,no
0.009036,0.047619,0,0,0,0,0,0,0,0,0,0,0,no
0.009036,0,0,0,0,0,0,0,0,0,0,0,0,no
0.009036,0.095238,0,0,0,0,0,0,0,0,0,0,0,no
0,0.047619,0,0,0.007937,0,0,0,0,0,0,0,0,no
0,0.047619,0,0,0.007937,0,0,0,0,0,0,0,0,no
0,0,0,0,0.007937,0,0,0,0,0,0,0,0,no
0,0.095238,0,0,0.007937,0,0,0,0,0,0,0,0,no
0,0.047619,0,0,0.007937,0,0,0,0,0,0,0,0,no
0,0.047619,0,0,0.007937,0,0,0,0,0,0,0,0,no
0,0.047619,0,0,0.007937,0,0,0,0,0,0,0,0,no
0,0,0,0,0.007937,0,0,0,0,0,0,0,0,no
0.018072,0.095238,0,0,0,0,0,0,0,0,0,0,0,no
0.009036,0.047619,0,0,0,0,0,0,0,0,0,0,0,no
0.009036,0.047619,0,0,0,0,0,0,0,0,0,0,0,no
0,0.047619,0,0,0.007937,0,0,0,0,0,0,0,0,no
0.012048,0.095238,0,0,0,0,0,0,0,0,0,0,0,no
0.009036,0,0,0,0,0,0,0,0,0,0,0,0,no
0.009036,0,0,0,0,0,0,0,0,0,0,0,0,no
0.009036,0.095238,0,0,0,0,0,0,0,0,0,0,0,no
0.009036,0,0,0,0,0,0,0,0,0,0,0,0,no
0.009036,0.095238,0,0,0,0,0,0,0,0,0,0,0,no
0.009036,0.095238,0,0,0,0,0,0,0,0,0,0,0,no
0.009036,0,0,0,0,0,0,0,0,0,0,0,0,no
0.009036,0.095238,0,0,0,0,0,0,0,0,0,0,0,no
0.009036,0.047619,0,0,0,0,0,0,0,0,0,0,0,no
0.009036,0,0,0,0,0,0,0,0,0,0,0,0,no
0.009036,0.047619,0,0,0,0,0,0,0,0,0,0,0,no
0.009036,0.047619,0,0,0,0,0,0,0,0,0,0,0,no
0.009036,0,0,0,0,0,0,0,0,0,0,0,0,no
0.009036,0.047619,0,0,0,0,0,0,0,0,0,0,0,no
0,0,0,0,0.007937,0,0,0,0,0,0,0,0,no
0,0,0,0,0.007937,0,0,0,0,0,0,0,0,no
0,0,0,0,0.007937,0,0,0,0,0,0,0,0,no
0,0,0,0,0.007937,0,0,0,0,0,0,0,0,no
0.009036,0.047619,0,0,0,0,0,0,0,0,0,0,0,no
0.009036,0.047619,0,0,0,0,0,0,0,0,0,0,0,no
0.009036,0,0,0,0,0,0,0,0,0,0,0,0,no
0.009036,0.095238,0,0,0,0,0,0,0,0,0,0,0,no
0.009036,0.047619,0,0,0,0,0,0,0,0,0,0,0,no
0.009036,0,0,0,0,0,0,0,0,0,0,0,0,no
0.009036,0.095238,0,0,0,0,0,0,0,0,0,0,0,no
0.009036,0.047619,0,0,0,0,0,0,0,0,0,0,0,no
0.009036,0,0,0,0,0,0,0,0,0,0,0,0,no
0.009036,0.095238,0,0,0,0,0,0,0,0,0,0,0,no
0.009036,0.047619,0,0,0,0,0,0,0,0,0,0,0,no
0.009036,0,0,0,0,0,0,0,0,0,0,0,0,no
0.009036,0.095238,0,0,0,0,0,0,0,0,0,0,0,no
0,0,0,0,0.007937,0,0,0,0,0,0,0,0,no
0,0.095238,0,0,0.007937,0,0,0,0,0,0,0,0,no
0.012048,0.095238,0,0,0,0,0,0,0,0,0,0,0,no
0.009036,0,0,0,0,0,0,0,0,0,0,0,0,no
0.009036,0,0,0,0,0,0,0,0,0,0,0,0,no
0.009036,0,0,0,0,0,0,0,0,0,0,0,0,no
0.009036,0.047619,0,0,0,0,0,0,0,0,0,0,0,no
0.009036,0.047619,0,0,0,0,0,0,0,0,0,0,0,no
0.009036,0.047619,0,0,0,0,0,0,0,0,0,0,0,no
0.009036,0,0,0,0,0,0,0,0,0,0,0,0,no
0.009036,0,0,0,0,0,0,0,0,0,0,0,0,no
0.009036,0,0,0,0,0,0,0,0,0,0,0,0,no
0.009036,0,0,0,0,0,0,0,0,0,0,0,0,no
0.009036,0,0,0,0,0,0,0,0,0,0,0,0,no
0,0.047619,0,0,0.007937,0,0,0,0,0,0,0,0,no
0,0.047619,0,0,0.007937,0,0,0,0,0,0,0,0,no
0,0.047619,0,0,0.007937,0,0,0,0,0,0,0,0,no
0,0.047619,0,0,0.007937,0,0,0,0,0,0,0,0,no
0,0.047619,0,0,0.007937,0,0,0,0,0,0,0,0,no
0,0.047619,0,0,0.007937,0,0,0,0,0,0,0,0,no
0,0.047619,0,0,0.007937,0,0,0,0,0,0,0,0,no
0,0.047619,0,0,0.007937,0,0,0,0,0,0,0,0,no
0,0.047619,0,0,0.007937,0,0,0,0,0,0,0,0,no
0,0.047619,0,0,0.007937,0,0,0,0,0,0,0,0,no
0,0,0,0,0.007937,0,0,0,0,0,0,0,0,no
0,0.047619,0,0,0.007937,0,0,0,0,0,0,0,0,no
0,0.047619,0,0,0.007937,0,0,0,0,0,0,0,0,no
0,0.047619,0,0,0.007937,0,0,0,0,0,0,0,0,no
0,0.047619,0,0,0.007937,0,0,0,0,0,0,0,0,no
0,0.047619,0,0,0.007937,0,0,0,0,0,0,0,0,no
0,0.047619,0,0,0.007937,0,0,0,0,0,0,0,0,no
0,0.047619,0,0,0.007937,0,0,0,0,0,0,0,0,no
0,0.047619,0,0,0.007937,0,0,0,0,0,0,0,0,no
0,0.047619,0,0,0.007937,0,0,0,0,0,0,0,0,no
0,0.047619,0,0,0.007937,0,0,0,0,0,0,0,0,no
0,0.047619,0,0,0.007937,0,0,0,0,0,0,0,0,no
0,0.047619,0,0,0.007937,0,0,0,0,0,0,0,0,no
0,0,0,0,0.007937,0,0,0,0,0,0,0,0,no
0,0.047619,0,0,0.007937,0,0,0,0,0,0,0,0,no
0,0,0,0,0.007937,0,0,0,0,0,0,0,0,no
0.009036,0.047619,0,0,0,0,0,0,0,0,0,0,0,no
0.009036,0.047619,0,0,0,0,0,0,0,0,0,0,0,no
0.009036,0.047619,0,0,0,0,0,0,0,0,0,0,0,no
0.009036,0,0,0,0,0,0,0,0,0,0,0,0,no
0.009036,0,0,0,0,0,0,0,0,0,0,0,0,no
0.009036,0,0,0,0,0,0,0,0,0,0,0,0,no
0.009036,0.047619,0,0,0,0,0,0,0,0,0,0,0,no
0.01506,0.095238,0,0,0,0.016129,0,0,0,0,0,0,0,no
0.009036,0,0,0,0,0,0,0,0,0,0,0,0,no
0.009036,0,0,0,0,0,0,0,0,0,0,0,0,no
0,0,0,0,0.007937,0,0.037037,0.083333,0,0,0,0,0,no
0,0,0,0,0.007937,0,0,0,0,0,0,0,0,no
0,0,0,0,0.007937,0,0,0,0,0,0,0,0,no
0,0,0,0,0.007937,0,0,0,0,0,0,0,0,no
0,0,0,0,0.007937,0,0,0,0,0,0,0,0,no
0,0,0,0,0.007937,0,0,0,0,0,0,0,0,no
0,0,0,0,0.007937,0,0,0,0,0,0,0,0,no
0.009036,0.190476,0,0,0,0,0,0,0,0,0,0,0,no
0.009036,0.047619,0,0,0,0,0,0,0,0,0,0,0,no
0.009036,0.047619,0,0,0,0,0,0,0,0,0,0,0,no
0.009036,0.047619,0,0,0,0,0,0,0,0,0,0,0,no
0.009036,0,0,0,0,0,0,0,0,0,0,0,0,no
0.009036,0.047619,0,0,0,0,0,0,0,0,0,0,0,no
0.009036,0.047619,0,0,0,0,0,0,0,0,0,0,0,no
0.009036,0.047619,0,0,0,0,0,0,0,0,0,0,0,no
0.009036,0.047619,0,0,0,0,0,0,0,0,0,0,0,no
0.009036,0.047619,0,0,0,0,0,0,0,0,0,0,0,no
0.009036,0.047619,0,0,0,0,0,0,0,0,0,0,0,no
0.009036,0,0,0,0,0,0.037037,0.083333,0.003371,0,0.012931,0.012931,0,no
0.009036,0.047619,0,0,0,0,0,0,0,0,0,0,0,no
0.009036,0.047619,0,0,0,0,0,0,0,0,0,0,0,no
0.009036,0,0,0,0,0,0,0,0,0,0,0,0,no
0.009036,0,0,0,0,0,0,0,0,0,0,0,0,no
0.009036,0.047619,0,0,0,0,0,0,0,0,0,0,0,no
0.009036,0.047619,0,0,0,0,0,0,0,0,0,0,0,no
0.009036,0.047619,0,0,0,0,0,0,0,0,0,0,0,no
0.009036,0.047619,0,0,0,0,0,0,0,0,0,0,0,no
0.009036,0.047619,0,0,0,0,0,0,0,0,0,0,0,no
0.009036,0.047619,0,0,0,0,0,0,0,0,0,0,0,no
0.009036,0,0,0,0,0,0,0,0,0,0,0,0,no
0.009036,0,0,0,0,0,0,0,0,0,0,0,0,no
0.009036,0.047619,0,0,0,0,0,0,0,0,0,0,0,no
0.009036,0.047619,0,0,0,0,0,0,0,0,0,0,0,no
0.009036,0,0,0,0,0,0,0,0,0,0,0,0,no
0.009036,0,0,0,0,0,0,0,0,0,0,0,0,no
0.009036,0,0,0,0,0,0,0,0,0,0,0,0,no
0.009036,0,0,0,0,0,0,0,0,0,0,0,0,no
0.009036,0,0,0,0,0,0,0,0,0,0,0,0,no
0.009036,0.047619,0,0,0,0,0,0,0,0,0,0,0,no
0.009036,0.047619,0,0,0,0,0,0,0,0,0,0,0,no
0.009036,0.047619,0,0,0,0,0,0,0,0,0,0,0,no
0.009036,0.047619,0,0,0,0,0,0,0,0,0,0,0,no
0.009036,0,0,0,0,0,0,0,0,0,0,0,0,no
0.009036,0,0,0,0,0,0,0,0,0,0,0,0,no
0.009036,0.047619,0,0,0,0,0,0,0,0,0,0,0,no
0.009036,0.047619,0,0,0,0,0,0,0,0,0,0,0,no
0.009036,0.047619,0,0,0,0,0,0,0,0,0,0,0,no
0.009036,0,0,0,0,0,0,0,0,0,0,0,0,no
0.009036,0,0,0,0,0,0.037037,0.083333,0.001124,0.001183,0.008621,0.008621,0,no
0.009036,0.047619,0,0,0,0,0,0,0,0,0,0,0,no
0.006024,0,0,0,0.007937,0,0,0,0,0,0,0,0,no
0.009036,0,0,0,0,0,0,0,0,0,0,0,0,no
0.009036,0,0,0,0,0,0,0,0,0,0,0,0,no
0.009036,0,0,0,0,0,0,0,0,0,0,0,0,no
0.009036,0.047619,0,0,0,0,0,0,0,0,0,0,0,no
0.012048,0.095238,0,0,0,0,0,0,0,0,0,0,0,no
0.009036,0,0,0,0,0,0,0,0,0,0,0,0,no
0.009036,0,0,0,0,0,0,0,0,0,0,0,0,no
0.009036,0,0,0,0,0,0,0,0,0,0,0,0,no
0.009036,0.142857,0,0,0,0,0,0,0,0,0,0,0,no
0.009036,0.047619,0,0,0,0,0,0,0,0,0,0,0,no
0.009036,0.142857,0,0,0.007937,0,0,0,0,0,0,0,0,no
0.009036,0.047619,0,0,0.007937,0,0,0,0,0,0,0,0,no
0.009036,0.047619,0,0,0.007937,0,0,0,0,0,0,0,0,no
0.009036,0.047619,0,0,0.007937,0,0,0,0,0,0,0,0,no
0.009036,0.047619,0,0,0,0,0,0,0,0,0,0,0,no
0.012048,0.047619,0,0,0,0.016129,0.037037,0.083333,0.004494,0,0.017241,0.017241,0,no
0.009036,0,0,0,0,0,0,0,0,0,0,0,0,no
0.01506,0,0,0,0,0.016129,0,0,0,0,0,0,0,no
0.009036,0.095238,0,0,0,0,0,0,0,0,0,0,0,no
0.009036,0.095238,0,0,0,0,0,0,0,0,0,0,0,no
0.01506,0.095238,0,0,0,0.016129,0.018519,0.041667,0.000562,0.000592,0.008621,0.008621,0,no
0.01506,0.095238,0,0,0,0.032258,0,0,0,0,0,0,0,no
0.009036,0.142857,0,0,0,0,0,0,0,0,0,0,0,no
0.01506,0.142857,0,0,0,0.032258,0,0,0,0,0,0,0,no
0.009036,0.047619,0,0,0,0,0,0,0,0,0,0,0,no
0.01506,0.095238,0,0,0,0.016129,0,0,0,0,0,0,0,no
0.01506,0.047619,0,0,0,0.016129,0,0,0,0,0,0,0,no
0.009036,0.047619,0,0,0,0,0,0,0,0,0,0,0,no
0.01506,0.047619,0,0,0,0.016129,0.037037,0.083333,0.001124,0.001183,0.008621,0.008621,0,no
0.009036,0.047619,0,0,0.007937,0,0,0,0,0,0,0,0,no
0.009036,0.047619,0,0,0.007937,0,0,0,0,0,0,0,0,no
0.009036,0.047619,0,0,0,0,0.037037,0.083333,0.001124,0.001183,0.008621,0.008621,0,no
0.009036,0.095238,0,0,0,0,0,0,0,0,0,0,0,no
0.009036,0.047619,0,0,0,0,0,0,0,0,0,0,0,no
0.009036,0.095238,0,0,0,0,0,0,0,0,0,0,0,no
0.009036,0.047619,0,0,0.007937,0,0,0,0,0,0,0,0,no
0.009036,0.047619,0,0,0.007937,0,0,0,0,0,0,0,0,no
0.009036,0.142857,0,0,0.007937,0,0,0,0,0,0,0,0,no
0.009036,0.047619,0,0,0,0,0,0,0,0,0,0,0,no
0.009036,0.095238,0,0,0.007937,0,0,0,0,0,0,0,0,no
0.009036,0.142857,0,0,0.007937,0,0,0,0,0,0,0,0,no
0.009036,0.095238,0,0,0.007937,0,0,0,0,0,0,0,0,no
0.009036,0.142857,0,0,0.007937,0,0,0,0,0,0,0,0,no
0.009036,0.142857,0,0,0,0,0,0,0,0,0,0,0,no
0.009036,0.095238,0,0,0.007937,0,0,0,0,0,0,0,0,no
0.009036,0.047619,0,0,0,0,0,0,0,0,0,0,0,no
0.009036,0.095238,0,0,0.007937,0,0,0,0,0,0,0,0,no
0.009036,0.047619,0,0,0.007937,0,0,0,0,0,0,0,0,no
0.009036,0.095238,0,0,0,0,0,0,0,0,0,0,0,no
0.009036,0.095238,0,0,0.007937,0,0,0,0,0,0,0,0,no
0.009036,0.095238,0,0,0.007937,0,0,0,0,0,0,0,0,no
0.009036,0.047619,0,0,0.007937,0,0,0,0,0,0,0,0,no
0.009036,0.190476,0,0,0,0,0.037037,0.083333,0.003371,0,0.012931,0.012931,0,no
0.009036,0.190476,0,0,0,0,0.037037,0.083333,0.003371,0,0.012931,0.012931,0,no
0.018072,0.238095,0,0,0,0.016129,0.037037,0.083333,0.006742,0,0.025862,0.025862,0,no
0.018072,0.190476,0,0,0,0.016129,0.037037,0.083333,0.006742,0,0.025862,0.025862,0,no
0.009036,0.190476,0,0,0,0,0.037037,0.083333,0.003371,0,0.012931,0.012931,0,no
0.009036,0,0,0,0,0,0.037037,0.083333,0.003371,0,0.012931,0.012931,0,no
0.018072,0.047619,0,0,0,0,0.037037,0.083333,0.006742,0,0.025862,0.025862,0,no
0.012048,0.142857,0,0,0,0,0,0,0,0,0,0,0,no
0.009036,0,0,0,0,0,0,0,0,0,0,0,0,no
0.009036,0,0,0,0,0,0,0,0,0,0,0,0,no
0.009036,0,0,0,0,0,0.037037,0.083333,0.003371,0,0.012931,0.012931,0,no
0.009036,0,0,0,0,0,0,0,0,0,0,0,0,no
0.009036,0,0,0,0,0,0.037037,0.083333,0.003371,0,0.012931,0.012931,0,no
0.009036,0.047619,0,0,0.007937,0,0.037037,0.083333,0.003371,0,0.012931,0.012931,0,no
0.009036,0,0,0,0,0,0.037037,0.083333,0.003371,0,0.012931,0.012931,0,no
0.012048,0.095238,0,0,0,0,0.037037,0.083333,0.004494,0,0.017241,0.017241,0,no
0.009036,0,0,0,0,0,0.037037,0.083333,0.003371,0,0.012931,0.012931,0,no
0.009036,0,0,0,0,0,0.037037,0.083333,0.003371,0,0.012931,0.012931,0,no
0,0,0,0,0,0,0,0,0,0,0,0,0,no
0,0,0,0,0,0,0,0,0,0,0,0,0,no
0.009036,0.238095,0,0,0,0,0,0,0,0,0,0,0,no
0.009036,0,0,0,0,0,0,0,0,0,0,0,0,no
0.009036,0,0,0,0,0,0,0,0,0,0,0,0,no
0.009036,0,0,0,0,0,0,0,0,0,0,0,0,no
0.009036,0,0,0,0,0,0,0,0,0,0,0,0,no
0.009036,0,0,0,0,0,0,0,0,0,0,0,0,no
0.009036,0,0,0,0,0,0,0,0,0,0,0,0,no
0.009036,0,0,0,0,0,0,0,0,0,0,0,0,no
0.009036,0,0,0,0,0,0,0,0,0,0,0,0,no
0.009036,0.047619,0,0,0,0,0,0,0,0,0,0,0,no
0.012048,0.047619,0,0,0,0,0,0,0,0,0,0,0,no
0.012048,0.047619,0,0,0,0,0,0,0,0,0,0,0,no
0.012048,0.047619,0,0,0,0,0,0,0,0,0,0,0,no
0.009036,0.095238,0,0,0.007937,0,0,0,0,0,0,0,0,no
0.009036,0,0,0,0,0,0,0,0,0,0,0,0,no
0.009036,0,0,0,0,0,0,0,0,0,0,0,0,no
0.01506,0,0,0,0,0.016129,0,0,0,0,0,0,0,no
0.009036,0,0,0,0,0,0,0,0,0,0,0,0,no
0.009036,0,0,0,0,0,0,0,0,0,0,0,0,no
0.009036,0,0,0,0,0,0,0,0,0,0,0,0,no
0.009036,0,0,0,0,0,0,0,0,0,0,0,0,no
0.051205,0,0,0,0,0.096774,0.055556,0.125,0.003371,0,0.008621,0.008621,1,no
0.012048,0.047619,0,0,0,0,0.055556,0.125,0.001685,0,0.00431,0.00431,1,no
0.009036,0.047619,0,0,0,0,0.055556,0.125,0.005056,0,0.012931,0.012931,1,no
0.009036,0,0,0,0,0,0,0,0,0,0,0,0,no
0.009036,0,0,0,0.007937,0,0,0,0,0,0,0,0,no
0.009036,0,0,0,0,0,0,0,0,0,0,0,0,no
0.009036,0,0,0,0,0,0,0,0,0,0,0,0,no
0.009036,0,0,0,0,0,0,0,0,0,0,0,0,no
0.01506,0,0,0,0,0,0,0,0,0,0,0,0,no
0,0.047619,0,0,0.007937,0,0,0,0,0,0,0,0,no
0,0.047619,0,0,0.007937,0,0,0,0,0,0,0,0,no
0,0,0,0,0.007937,0,0,0,0,0,0,0,0,no
0.012048,0,0,0,0,0,0,0,0,0,0,0,0,no
0.006024,0,0,0,0,0,0,0,0,0,0,0,0,no
0.009036,0.238095,0,0,0,0,0,0,0,0,0,0,0,no
0.009036,0.285714,0,0,0,0,0,0,0,0,0,0,0,no
0.009036,0.285714,0,0,0,0,0,0,0,0,0,0,0,no
0.009036,0.333333,0,0,0,0,0,0,0,0,0,0,0,no
0,0.047619,0,0,0,0,0,0,0,0,0,0,0,no
0.01506,0,0,0,0,0.016129,0,0,0,0,0,0,0,no
0.012048,0.047619,0,0,0,0,0,0,0,0,0,0,0,no
0.009036,0.047619,0,0,0,0,0,0,0,0,0,0,0,no
0.012048,0.095238,0,0,0,0,0,0,0,0,0,0,0,no
0.009036,0.095238,0,0,0,0,0,0,0,0,0,0,0,no
0.012048,0.047619,0,0,0,0,0,0,0,0,0,0,0,no
0.009036,0,0,0,0,0,0,0,0,0,0,0,0,no
0.009036,0.047619,0,0,0,0,0,0,0,0,0,0,0,no
0.009036,0.095238,0,0,0,0,0,0,0,0,0,0,0,no
0.009036,0.047619,0,0,0,0,0,0,0,0,0,0,0,no
0.009036,0.095238,0,0,0,0,0,0,0,0,0,0,0,no
0.009036,0,0,0,0,0,0,0,0,0,0,0,0,no
0.009036,0.047619,0,0,0,0,0,0,0,0,0,0,0,no
0.009036,0.047619,0,0,0,0,0,0,0,0,0,0,0,no
0.009036,0.047619,0,0,0,0,0,0,0,0,0,0,0,no
0.009036,0,0,0,0,0,0,0,0,0,0,0,0,no
0.009036,0.047619,0,0,0,0,0,0,0,0,0,0,0,no
0.009036,0,0,0,0,0,0,0,0,0,0,0,0,no
0.009036,0,0,0,0,0,0,0,0,0,0,0,0,no
0.009036,0.047619,0,0,0,0,0,0,0,0,0,0,0,no
0.009036,0,0,0,0,0,0,0,0,0,0,0,0,no
0.009036,0.047619,0,0,0,0,0,0,0,0,0,0,0,no
0.009036,0.047619,0,0,0,0,0,0,0,0,0,0,0,no
0.009036,0.047619,0,0,0,0,0,0,0,0,0,0,0,no
0.009036,0.047619,0,0,0,0,0,0,0,0,0,0,0,no
0.009036,0.047619,0,0,0,0,0,0,0,0,0,0,0,no
0.009036,0.095238,0,0,0,0,0,0,0,0,0,0,0,no
0.009036,0.047619,0,0,0,0,0,0,0,0,0,0,0,no
0.009036,0,0,0,0,0,0,0,0,0,0,0,0,no
0.009036,0.095238,0,0,0,0,0,0,0,0,0,0,0,no
0.009036,0,0,0,0,0,0,0,0,0,0,0,0,no
0.009036,0.047619,0,0,0,0,0,0,0,0,0,0,0,no
0.012048,0.047619,0,0,0,0,0,0,0,0,0,0,0,no
0.009036,0.047619,0,0,0,0,0,0,0,0,0,0,0,no
0.009036,0,0,0,0,0,0,0,0,0,0,0,0,no
0.009036,0.095238,0,0,0,0,0,0,0,0,0,0,0,no
0.018072,0.142857,0,0,0,0.032258,0,0,0,0,0,0,0,no
0.009036,0.047619,0,0,0,0,0,0,0,0,0,0,0,no
0.01506,0.095238,0,0,0,0.016129,0,0,0,0,0,0,0,no
0.009036,0.047619,0,0,0,0,0,0,0,0,0,0,0,no
0.009036,0.047619,0,0,0,0,0,0,0,0,0,0,0,no
0.009036,0.047619,0,0,0,0,0,0,0,0,0,0,0,no
0.009036,0.047619,0,0,0,0,0,0,0,0,0,0,0,no
0.009036,0.047619,0,0,0,0,0,0,0,0,0,0,0,no
0.009036,0,0,0,0,0,0,0,0,0,0,0,0,no
0.009036,0,0,0,0,0,0,0,0,0,0,0,0,no
0.012048,0.047619,0,0,0,0,0,0,0,0,0,0,0,no
0.009036,0.047619,0,0,0,0,0,0,0,0,0,0,0,no
0.009036,0.047619,0,0,0,0,0,0,0,0,0,0,0,no
0.009036,0,0,0,0,0,0,0,0,0,0,0,0,no
0.009036,0,0,0,0,0,0,0,0,0,0,0,0,no
0.012048,0.047619,0,0,0,0,0,0,0,0,0,0,0,no
0.009036,0.047619,0,0,0,0,0,0,0,0,0,0,0,no
0.006024,0,0,0,0.007937,0,0,0,0,0,0,0,0,no
0.009036,0.047619,0,0,0,0,0,0,0,0,0,0,0,no
0.009036,0,0,0,0,0,0,0,0,0,0,0,0,no
0.009036,0.047619,0,0,0,0,0,0,0,0,0,0,0,no
0.01506,0.095238,0,0,0,0,0.037037,0.083333,0.001124,0,0.00431,0.00431,0,no
0.01506,0.238095,0,0,0,0,0.037037,0.083333,0.001124,0,0.00431,0.00431,0,no
0.009036,0.142857,0,0,0,0,0,0,0,0,0,0,0,no
0.01506,0.190476,0,0,0,0,0.037037,0.083333,0.001124,0,0.00431,0.00431,0,no
0.01506,0.047619,0,0,0,0,0.037037,0.083333,0.005618,0,0.021552,0.021552,0,no
0.009036,0,0,0,0,0,0,0,0,0,0,0,0,no
0.009036,0.047619,0,0,0,0,0,0,0,0,0,0,0,no
0.009036,0.095238,0,0,0,0,0.037037,0.083333,0.003371,0,0.012931,0.012931,0,no
0.009036,0.095238,0,0,0,0,0.074074,0.125,0.004494,0.056805,0.206897,0.112069,0,no
0.009036,0,0,0,0,0,0.037037,0.083333,0.003371,0,0.012931,0.012931,0,no
0.009036,0.047619,0,0,0,0,0,0,0,0,0,0,0,no
0.009036,0.047619,0,0,0.007937,0,0.037037,0.083333,0.003371,0,0.012931,0.012931,0,no
0.009036,0,0,0,0,0,0.037037,0.083333,0.003371,0,0.012931,0.012931,0,no
0,0.047619,0,0,0.007937,0,0.037037,0.083333,0,0,0,0,0,no
0.009036,0,0,0,0,0,0,0,0,0,0,0,0,no
0.009036,0.047619,0,0,0,0,0,0,0,0,0,0,0,no
0.009036,0.095238,0,0,0,0,0,0,0,0,0,0,0,no
0.009036,0.047619,0,0,0,0,0,0,0,0,0,0,0,no
0.009036,0.047619,0,0,0,0,0.037037,0.083333,0.003371,0,0.012931,0.012931,0,no
0.01506,0.047619,0,0,0,0.016129,0.037037,0.083333,0.005618,0,0.021552,0.021552,0,no
0.01506,0.047619,0,0,0,0,0,0,0,0,0,0,0,no
0.01506,0.047619,0,0,0,0,0,0,0,0,0,0,0,no
0.009036,0,0,0,0,0,0,0,0,0,0,0,0,no
0.021084,0.047619,0,0,0,0.016129,0,0,0,0,0,0,0,no
0.01506,0.095238,0,0,0,0,0,0,0,0,0,0,0,no
0.009036,0.047619,0,0,0,0,0,0,0,0,0,0,0,no
0.009036,0.047619,0,0,0,0,0,0,0,0,0,0,0,no
0,0.095238,0,0,0,0,0,0,0,0,0,0,0,no
0.01506,0.047619,0,0,0,0,0,0,0,0,0,0,0,no
0.021084,0.047619,0,0,0,0.016129,0,0,0,0,0,0,0,no
0.01506,0.047619,0,0,0,0,0,0,0,0,0,0,0,no
0.009036,0,0,0,0,0,0,0,0,0,0,0,0,no
0.009036,0.047619,0,0,0,0,0,0,0,0,0,0,0,no
0.009036,0,0,0,0,0,0,0,0,0,0,0,0,no
0.009036,0,0,0,0,0,0,0,0,0,0,0,0,no
0.009036,0,0,0,0,0,0,0,0,0,0,0,0,no
0.009036,0,0,0,0,0,0,0,0,0,0,0,0,no
0.009036,0,0,0,0,0,0,0,0,0,0,0,0,no
0.009036,0.095238,0,0,0,0,0,0,0,0,0,0,0,no
0.009036,0.047619,0,0,0,0,0,0,0,0,0,0,0,no
0.012048,0.047619,0,0,0,0,0,0,0,0,0,0,0,no
0.012048,0.047619,0,0,0,0,0,0,0,0,0,0,0,no
0.012048,0.047619,0,0,0,0,0,0,0,0,0,0,0,no
0.009036,0,0,0,0,0,0,0,0,0,0,0,0,no
0.009036,0.047619,0,0,0,0,0,0,0,0,0,0,0,no
0.01506,0.095238,0.010638,0,0.007937,0,0,0,0,0,0,0,0,no
0.009036,0.095238,0,0,0,0,0,0,0,0,0,0,0,no
0.01506,0.142857,0,0,0,0.016129,0,0,0,0,0,0,0,no
0.009036,0.047619,0,0,0,0,0,0,0,0,0,0,0,no
0,0,0,0,0,0,0,0,0,0,0,0,0,no
0.009036,0,0,0,0,0,0,0,0,0,0,0,0,no
0.009036,0,0.010638,0,0.007937,0,0,0,0,0,0,0,0,no
0.009036,0.047619,0,0,0,0,0,0,0,0,0,0,0,no
0.009036,0,0,0,0,0,0,0,0,0,0,0,0,no
0.009036,0,0,0,0,0,0,0,0,0,0,0,0,no
0,0.047619,0,0,0,0,0,0,0,0,0,0,0,no
0.009036,0.047619,0,0,0,0,0,0,0,0,0,0,0,no
0.009036,0,0,0,0,0,0,0,0,0,0,0,0,no
0.009036,0.047619,0,0,0,0,0,0,0,0,0,0,0,no
0.012048,0.095238,0,0,0,0,0,0,0,0,0,0,0,no
0.009036,0,0,0,0,0,0,0,0,0,0,0,0,no
0.009036,0.047619,0,0,0,0,0,0,0,0,0,0,0,no
0.009036,0.095238,0,0,0,0,0,0,0,0,0,0,0,no
0.009036,0.142857,0,0,0,0,0,0,0,0,0,0,0,no
0.009036,0,0,0,0,0,0,0,0,0,0,0,0,no
0.009036,0,0,0,0,0,0,0,0,0,0,0,0,no
0.009036,0,0.010638,0,0,0,0,0,0,0,0,0,0,no
0.009036,0.047619,0,0,0,0,0,0,0,0,0,0,0,no
0.009036,0,0,0,0,0,0.037037,0.083333,0.003371,0,0.012931,0.012931,0,no
0.009036,0,0,0,0,0,0.037037,0.083333,0.003371,0,0.012931,0.012931,0,no
0.009036,0,0,0,0,0,0.037037,0.083333,0.003371,0,0.012931,0.012931,0,no
0.009036,0,0,0,0,0,0.037037,0.083333,0.003371,0,0.012931,0.012931,0,no
0.021084,0.047619,0,0,0,0.016129,0.055556,0.125,0,0.005325,0.012931,0.012931,0,no
0.009036,0.047619,0,0,0,0,0,0,0,0,0,0,0,no
0.009036,0.047619,0,0,0,0,0,0,0,0,0,0,0,no
0.009036,0.047619,0,0,0,0,0,0,0,0,0,0,0,no
0.009036,0.047619,0,0,0,0,0,0,0,0,0,0,0,no
0.009036,0,0,0,0,0,0,0,0,0,0,0,0,no
0.009036,0.047619,0,0,0,0,0,0,0,0,0,0,0,no
0.009036,0.047619,0,0,0,0,0,0,0,0,0,0,0,no
0.009036,0,0,0,0,0,0,0,0,0,0,0,0,no
0.009036,0.047619,0,0,0,0,0,0,0,0,0,0,0,no
0.009036,0.047619,0,0,0,0,0,0,0,0,0,0,0,no
0.009036,0.047619,0,0,0,0,0,0,0,0,0,0,0,no
0.009036,0.047619,0,0,0,0,0,0,0,0,0,0,0,no
0.009036,0.047619,0,0,0,0,0,0,0,0,0,0,0,no
0.009036,0.047619,0,0,0,0,0,0,0,0,0,0,0,no
0.024096,0,0,0,0,0,0,0,0,0,0,0,0,no
0.024096,0,0,0,0,0,0,0,0,0,0,0,0,no
0.009036,0,0,0,0,0,0,0,0,0,0,0,0,no
0.024096,0,0,0,0,0,0,0,0,0,0,0,0,no
0.009036,0.047619,0,0,0,0,0,0,0,0,0,0,0,no
0.009036,0.095238,0,0,0,0,0,0,0,0,0,0,0,no
0.009036,0.095238,0,0,0,0,0,0,0,0,0,0,0,no
0.009036,0,0,0,0,0,0,0,0,0,0,0,0,no
0.01506,0.047619,0,0,0,0,0,0,0,0,0,0,0,no
0.01506,0.047619,0,0,0,0,0,0,0,0,0,0,0,no
0.01506,0.095238,0,0,0,0,0,0,0,0,0,0,0,no
0.01506,0.047619,0,0,0,0,0,0,0,0,0,0,0,no
0.01506,0,0,0,0,0,0,0,0,0,0,0,0,no
0,0.095238,0,0,0,0,0,0,0,0,0,0,0,no
0.009036,0,0,0,0,0,0,0,0,0,0,0,0,no
0.009036,0,0,0,0,0,0,0,0,0,0,0,0,no
0.009036,0,0,0,0,0,0,0,0,0,0,0,0,no
0.006024,0,0,0,0,0,0,0,0,0,0,0,0,no
0.009036,0.095238,0,0,0,0,0,0,0,0,0,0,0,yes
0.009036,0.047619,0,0,0,0,0,0,0,0,0,0,0,no
0.009036,0.095238,0.010638,0,0.007937,0,0.037037,0.083333,0.003371,0,0.012931,0.012931,0,no
0.009036,0.047619,0,0,0,0,0.037037,0.083333,0.003371,0,0.012931,0.012931,0,no
0.009036,0.142857,0,0,0,0,0.037037,0.083333,0.003371,0,0.012931,0.012931,0,no
0.009036,0.095238,0,0,0,0,0.037037,0.083333,0.003371,0,0.012931,0.012931,0,no
0.012048,0.047619,0,0,0,0.016129,0.037037,0.083333,0.004494,0,0.017241,0.017241,0,no
0.009036,0.047619,0,0,0,0,0.037037,0.083333,0.003371,0,0.012931,0.012931,0,no
0.009036,0.095238,0,0,0,0,0.037037,0.083333,0.003371,0,0.012931,0.012931,0,no
0.01506,0.095238,0,0,0,0.016129,0.037037,0.083333,0.005618,0,0.021552,0.021552,0,no
0.009036,0.047619,0,0,0,0,0.037037,0.083333,0.003371,0,0.012931,0.012931,0,no
0.009036,0.047619,0,0,0,0,0.037037,0.083333,0.003371,0,0.012931,0.012931,0,no
0.009036,0,0,0,0,0,0.037037,0.083333,0.003371,0,0.012931,0.012931,0,no
0.01506,0.047619,0,0,0,0.016129,0.037037,0.083333,0.005618,0,0.021552,0.021552,0,no
0.009036,0.047619,0,0,0,0,0.074074,0.125,0.021348,0.018935,0.081897,0.075431,1,no
0.009036,0,0,0,0,0,0.037037,0.083333,0.003371,0,0.012931,0.012931,0,no
0.009036,0.047619,0,0,0,0,0.037037,0.083333,0.003371,0,0.012931,0.012931,0,no
0.009036,0.047619,0,0,0,0,0.037037,0.083333,0.003371,0,0.012931,0.012931,0,no
0.009036,0.047619,0,0,0,0,0.092593,0.125,0.005056,0.001775,0.012931,0.010345,0,no
0.009036,0.047619,0,0,0.007937,0,0.037037,0.083333,0.003371,0,0.012931,0.012931,0,no
0.009036,0.047619,0,0,0.007937,0,0.037037,0.083333,0.003371,0,0.012931,0.012931,0,no
0.009036,0,0,0,0,0,0.037037,0.083333,0.003371,0,0.012931,0.012931,0,no
0.009036,0,0,0,0,0,0.037037,0.083333,0.003371,0,0.012931,0.012931,0,no
0.009036,0,0,0,0,0,0.037037,0.083333,0.003371,0,0.012931,0.012931,0,no
0.009036,0,0,0,0,0,0.037037,0.083333,0.003371,0,0.012931,0.012931,0,no
0.024096,0,0,0,0,0,0.037037,0.083333,0.008989,0,0.034483,0.034483,0,no
0.009036,0.047619,0.010638,0,0.007937,0,0.037037,0.083333,0.003371,0,0.012931,0.012931,0,no
0.009036,0,0,0,0,0,0.037037,0.083333,0.003371,0,0.012931,0.012931,0,no
0.009036,0,0,0,0,0,0.037037,0.083333,0.003371,0,0.012931,0.012931,0,no
0.009036,0,0,0,0,0,0.037037,0.083333,0.003371,0,0.012931,0.012931,0,no
0.009036,0.047619,0,0,0,0,0.037037,0.083333,0.003371,0,0.012931,0.012931,0,no
0.009036,0.047619,0,0,0,0,0.037037,0.083333,0.003371,0,0.012931,0.012931,0,no
0.01506,0.047619,0,0,0,0.016129,0.037037,0.083333,0.005618,0,0.021552,0.021552,0,no
0.01506,0.047619,0,0,0,0.016129,0.037037,0.083333,0.005618,0,0.021552,0.021552,0,no
0.009036,0.047619,0,0,0,0,0.037037,0.083333,0.003371,0,0.012931,0.012931,0,no
0.009036,0,0,0,0,0,0.037037,0.083333,0.003371,0,0.012931,0.012931,0,no
0.009036,0.047619,0.010638,0,0.007937,0,0.037037,0.083333,0.003371,0,0.012931,0.012931,0,no
0.009036,0,0,0,0,0,0.037037,0.083333,0.003371,0,0.012931,0.012931,0,no
0.012048,0.095238,0,0,0,0,0.037037,0.083333,0.008989,0,0.034483,0.034483,0,no
0.009036,0.047619,0,0,0,0,0.037037,0.083333,0.003371,0,0.012931,0.012931,0,no
0.009036,0,0,0,0,0,0.037037,0.083333,0.003371,0,0.012931,0.012931,0,no
0.009036,0,0,0,0,0,0.037037,0.083333,0.003371,0,0.012931,0.012931,0,no
0.009036,0,0,0,0,0,0.037037,0.083333,0.003371,0,0.012931,0.012931,0,no
0.009036,0,0,0,0.007937,0,0,0,0,0,0,0,0,no
0.009036,0,0,0,0.007937,0,0,0,0,0,0,0,0,no
0.009036,0,0,0,0.007937,0,0,0,0,0,0,0,0,no
0.009036,0,0,0,0.007937,0,0,0,0,0,0,0,0,no
0.009036,0,0,0,0.007937,0,0,0,0,0,0,0,0,no
0.009036,0,0,0,0.007937,0,0,0,0,0,0,0,0,no
0.009036,0,0,0,0.007937,0,0,0,0,0,0,0,0,no
0.009036,0,0,0,0.007937,0,0,0,0,0,0,0,0,no
0.009036,0,0,0,0,0,0,0,0,0,0,0,0,no
0.009036,0,0,0,0,0,0,0,0,0,0,0,0,no
0.009036,0,0,0,0,0,0,0,0,0,0,0,0,no
0.009036,0,0,0,0,0,0,0,0,0,0,0,0,no
0.009036,0,0,0,0,0,0,0,0,0,0,0,0,no
0.009036,0,0,0,0,0,0,0,0,0,0,0,0,no
0.009036,0,0,0,0,0,0,0,0,0,0,0,0,no
0.009036,0,0,0,0,0,0,0,0,0,0,0,0,no
0.021084,0.047619,0,0,0,0,0,0,0,0,0,0,0,no
0.012048,0.047619,0,0,0,0,0,0,0,0,0,0,0,no
0.009036,0,0,0,0,0,0,0,0,0,0,0,0,no
0.009036,0.047619,0,0,0,0,0,0,0,0,0,0,0,no
0.009036,0.047619,0,0,0,0,0,0,0,0,0,0,0,no
0.009036,0,0,0,0,0,0,0,0,0,0,0,0,no
0.009036,0.047619,0,0,0,0,0,0,0,0,0,0,0,no
0.012048,0.047619,0,0,0,0.016129,0,0,0,0,0,0,0,no
0.009036,0.047619,0,0,0,0,0,0,0,0,0,0,0,no
0.009036,0.047619,0,0,0,0,0,0,0,0,0,0,0,no
0.01506,0.095238,0,0,0,0,0,0,0,0,0,0,0,no
0.012048,0,0,0,0,0,0,0,0,0,0,0,0,no
0.012048,0,0,0,0,0,0,0,0,0,0,0,0,no
0,0.047619,0,0,0,0,0,0,0,0,0,0,0,no
0.012048,0.095238,0,0,0,0,0,0,0,0,0,0,0,no
0.024096,0.142857,0,0,0,0,0,0,0,0,0,0,0,no
0.01506,0,0,0,0,0,0,0,0,0,0,0,0,no
0.009036,0.047619,0,0,0.007937,0,0,0,0,0,0,0,0,no
0.009036,0.047619,0,0,0,0,0,0,0,0,0,0,0,no
0.009036,0.095238,0.010638,0,0,0,0,0,0,0,0,0,0,no
0.009036,0.095238,0,0,0,0,0,0,0,0,0,0,0,no
0.012048,0.095238,0,0,0,0,0,0,0,0,0,0,0,no
0.009036,0,0,0,0,0,0,0,0,0,0,0,0,no
0.009036,0,0,0,0,0,0,0,0,0,0,0,0,no
0.009036,0.047619,0,0,0.007937,0,0.037037,0.083333,0.003371,0,0.012931,0.012931,0,no
0.009036,0.095238,0,0,0,0,0.037037,0.083333,0.001124,0.001183,0.008621,0.008621,0,no
0.009036,0.047619,0,0,0,0,0.037037,0.083333,0.001124,0.001183,0.008621,0.008621,0,no
0.009036,0.095238,0,0,0,0,0,0,0,0,0,0,0,no
0.009036,0.095238,0,0,0,0,0,0,0,0,0,0,0,no
0.009036,0.047619,0,0,0,0,0.037037,0.083333,0.001124,0.001183,0.008621,0.008621,0,no
0.009036,0.095238,0,0,0,0,0,0,0,0,0,0,0,no
0.009036,0.047619,0,0,0,0,0.037037,0.083333,0.001124,0.001183,0.008621,0.008621,0,no
0.009036,0.047619,0,0,0,0,0.037037,0.083333,0.001124,0.001183,0.008621,0.008621,0,no
0.012048,0.142857,0,0,0,0.016129,0,0,0,0,0,0,0,no
0.009036,0.095238,0,0,0,0,0,0,0,0,0,0,0,no
0.012048,0.047619,0,0,0,0,0.037037,0.083333,0.001124,0.001183,0.008621,0.008621,0,no
0.012048,0.047619,0,0,0,0,0.037037,0.083333,0.001124,0.001183,0.008621,0.008621,0,no
0.012048,0.190476,0,0,0,0.016129,0,0,0,0,0,0,0,no
0.009036,0.095238,0,0,0,0,0,0,0,0,0,0,0,no
0.012048,0.095238,0,0,0,0.016129,0,0,0,0,0,0,0,no
0.009036,0.095238,0,0,0,0,0,0,0,0,0,0,0,no
0.009036,0,0,0,0,0,0,0,0,0,0,0,0,no
0.009036,0.047619,0,0,0,0,0,0,0,0,0,0,0,no
0.009036,0.095238,0,0,0,0,0,0,0,0,0,0,0,no
0.009036,0.047619,0,0,0,0,0.037037,0.083333,0.001124,0.001183,0.008621,0.008621,0,no
0.009036,0.095238,0,0,0,0,0,0,0,0,0,0,0,no
0.006024,0,0,0,0.007937,0,0,0,0,0,0,0,0,no
0.006024,0,0,0,0.007937,0,0,0,0,0,0,0,0,no
0.006024,0.047619,0,0,0.015873,0,0,0,0,0,0,0,0,no
0,0.095238,0,0,0,0,0,0,0,0,0,0,0,no
0.009036,0.095238,0,0,0,0,0,0,0,0,0,0,0,no
0.009036,0.142857,0,0,0,0,0,0,0,0,0,0,0,no
0,0.095238,0,0,0.007937,0,0,0,0,0,0,0,0,no
0.009036,0.095238,0,0,0,0,0,0,0,0,0,0,0,no
0,0.142857,0,0,0,0,0,0,0,0,0,0,0,no
0.012048,0.047619,0,0,0,0,0,0,0,0,0,0,0,no
0.009036,0,0,0,0,0,0,0,0,0,0,0,0,no
0.009036,0,0,0,0,0,0.055556,0.083333,0.005056,0,0.012931,0.012931,0,no
0.006024,0,0,0,0,0,0.055556,0.083333,0.003371,0,0.008621,0.008621,0,no
0.009036,0.047619,0,0,0,0,0.055556,0.083333,0.005056,0,0.012931,0.012931,0,no
0.009036,0.047619,0,0,0,0,0,0,0,0,0,0,0,no
0.009036,0,0,0,0,0,0,0,0,0,0,0,0,no
0.021084,0.142857,0,0,0,0,0,0,0,0,0,0,0,no
0.009036,0,0,0,0,0,0.055556,0.083333,0.005056,0,0.012931,0.012931,0,no
0.009036,0,0,0,0,0,0,0,0,0,0,0,0,no
0.009036,0.047619,0,0,0,0,0.055556,0.083333,0.005056,0,0.012931,0.012931,0,no
0.006024,0,0,0,0,0,0,0,0,0,0,0,0,no
0.009036,0,0,0,0,0,0,0,0,0,0,0,0,no
0.009036,0,0,0,0,0,0,0,0,0,0,0,0,no
0.009036,0.047619,0,0,0,0,0,0,0,0,0,0,0,no
0.009036,0.095238,0,0,0,0,0,0,0,0,0,0,0,no
0.009036,0.142857,0,0,0,0,0.037037,0.041667,0,0.002367,0.008621,0.008621,1,no
0.018072,0.190476,0,0,0,0,0.037037,0.041667,0.006742,0,0.025862,0.025862,1,no
0.009036,0,0,0,0,0,0,0,0,0,0,0,0,no
0.009036,0,0,0,0,0,0,0,0,0,0,0,0,no
0.009036,0,0,0,0,0,0,0,0,0,0,0,0,no
0.009036,0,0,0,0,0,0.037037,0.041667,0.003371,0,0.012931,0.012931,1,no
0,0,0,0,0,0,0,0,0,0,0,0,0,no
0,0,0,0,0,0,0,0,0,0,0,0,0,no
0,0,0,0,0,0,0,0,0,0,0,0,0,no
0.012048,0.095238,0,0,0,0,0,0,0,0,0,0,0,no
0.009036,0,0,0,0,0,0,0,0,0,0,0,0,no
0.009036,0,0,0,0,0,0,0,0,0,0,0,0,no
0.009036,0,0,0,0,0,0,0,0,0,0,0,0,no
0.009036,0,0,0,0,0,0,0,0,0,0,0,0,no
0,0,0,0,0,0,0,0,0,0,0,0,0,no
0,0,0,0,0,0,0,0,0,0,0,0,0,no
0,0,0,0,0,0,0,0,0,0,0,0,0,no
0,0,0,0,0,0,0.037037,0.041667,0,0,0,0,1,no
0,0.047619,0,0,0,0,0,0,0,0,0,0,0,no
0,0,0,0,0,0,0,0,0,0,0,0,0,no
0,0,0,0,0,0,0.055556,0.083333,0,0,0,0,0,no
0,0,0,0,0,0,0.055556,0.083333,0,0,0,0,0,no
0,0.047619,0,0,0,0,0.055556,0.083333,0,0,0,0,0,no
0,0.047619,0,0,0,0,0,0,0,0,0,0,0,no
0,0.047619,0,0,0,0,0,0,0,0,0,0,0,no
0.009036,0.047619,0,0,0,0,0.055556,0.083333,0.005056,0,0.012931,0.012931,0,no
0.009036,0.095238,0,0,0,0,0.055556,0.083333,0.005056,0,0.012931,0.012931,0,no
0.006024,0,0,0,0,0,0.055556,0.083333,0.003371,0,0.008621,0.008621,0,no
0.009036,0,0,0,0,0,0.055556,0.083333,0.005056,0,0.012931,0.012931,0,no
0.009036,0,0,0,0,0,0.055556,0.083333,0.005056,0,0.012931,0.012931,0,no
0.009036,0.047619,0,0,0,0,0,0,0,0,0,0,0,no
0.009036,0,0,0,0,0,0,0,0,0,0,0,0,no
0.009036,0,0,0,0,0,0.055556,0.083333,0.005056,0,0.012931,0.012931,0,no
0.006024,0,0,0,0,0,0.055556,0.083333,0.003371,0,0.008621,0.008621,0,no
0.009036,0.047619,0,0,0,0,0.055556,0.083333,0.005056,0,0.012931,0.012931,0,no
0.009036,0,0,0,0,0,0,0,0,0,0,0,0,no
0.006024,0.047619,0,0,0,0,0,0,0,0,0,0,0,no
0.009036,0.095238,0,0,0,0,0,0,0,0,0,0,0,no
0.021084,0.142857,0,0,0,0.016129,0.037037,0.041667,0.001124,0,0.00431,0.00431,0,no
0.009036,0,0,0,0,0,0.055556,0.083333,0.005056,0,0.012931,0.012931,0,no
0.009036,0,0,0,0,0,0,0,0,0,0,0,0,no
0.006024,0.047619,0,0,0.007937,0,0.055556,0.083333,0.003371,0,0.008621,0.008621,0,no
0.009036,0,0,0,0,0,0,0,0,0,0,0,0,no
0.009036,0,0,0,0,0,0,0,0,0,0,0,0,no
0.009036,0.047619,0,0,0,0,0,0,0,0,0,0,0,no
0,0.047619,0,0,0,0,0,0,0,0,0,0,0,no
0,0,0,0,0,0,0,0,0,0,0,0,0,no
0,0,0,0,0,0,0.055556,0.083333,0,0,0,0,0,no
0,0,0,0,0,0,0,0,0,0,0,0,0,no
0,0.047619,0,0,0,0,0.055556,0.083333,0,0,0,0,0,no
0,0,0,0,0,0,0,0,0,0,0,0,0,no
0,0,0,0,0,0,0,0,0,0,0,0,0,no
0,0.047619,0,0,0,0,0,0,0,0,0,0,0,no
0.009036,0.142857,0,0,0,0,0.037037,0.083333,0.001124,0.001183,0.008621,0.008621,0,no
0.021084,0.238095,0,0,0,0,0.037037,0.083333,0.007865,0,0.030172,0.030172,0,no
0.009036,0,0,0,0,0,0,0,0,0,0,0,0,no
0.009036,0,0,0,0,0,0.037037,0.083333,0.003371,0,0.012931,0.012931,0,no
0.009036,0,0,0,0,0,0,0,0,0,0,0,0,no
0.009036,0,0,0,0,0,0,0,0,0,0,0,0,no
0.009036,0,0,0,0,0,0.037037,0.083333,0.003371,0,0.012931,0.012931,0,no
0.018072,0,0.031915,0,0,0.016129,0,0,0,0,0,0,0,no
0.009036,0,0,0,0,0,0,0,0,0,0,0,0,no
0.021084,0.238095,0,0,0,0,0.055556,0.083333,0.011798,0,0.030172,0.030172,0,no
0.01506,0,0,0,0,0.016129,0.055556,0.083333,0.008427,0,0.021552,0.021552,0,no
0.009036,0,0,0,0,0,0.055556,0.083333,0.005056,0,0.012931,0.012931,0,no
0.009036,0,0,0,0,0,0.055556,0.083333,0.005056,0,0.012931,0.012931,0,no
0.009036,0,0,0,0,0,0.055556,0.083333,0.005056,0,0.012931,0.012931,0,no
0.009036,0,0,0,0,0,0.055556,0.083333,0.005056,0,0.012931,0.012931,0,no
0.009036,0,0,0,0,0,0.055556,0.083333,0.005056,0,0.012931,0.012931,0,no
0.009036,0.047619,0,0,0,0,0,0,0,0,0,0,0,no
0.009036,0,0,0,0,0,0,0,0,0,0,0,0,no
0.009036,0,0,0,0,0,0,0,0,0,0,0,0,no
0.027108,0.190476,0,0,0,0.016129,0.074074,0.125,0.002247,0.001183,0.008621,0.006466,1,no
0.009036,0,0,0,0,0,0,0,0,0,0,0,0,no
0.012048,0.047619,0,0,0,0,0.055556,0.083333,0.001685,0,0.00431,0.00431,0,no
0.009036,0,0,0,0,0,0.055556,0.083333,0.005056,0,0.012931,0.012931,0,no
0.009036,0,0,0,0,0,0.055556,0.083333,0.005056,0,0.012931,0.012931,0,no
0.009036,0,0,0,0,0,0.055556,0.083333,0.005056,0,0.012931,0.012931,0,no
0.012048,0.047619,0,0,0,0,0.055556,0.083333,0.006742,0,0.017241,0.017241,0,no
0.009036,0,0,0,0,0,0,0,0,0,0,0,0,no
0.006024,0.047619,0,0,0,0,0,0,0,0,0,0,0,no
0.021084,0.190476,0,0,0,0,0,0,0,0,0,0,0,no
0.009036,0,0,0,0,0,0.055556,0.083333,0.005056,0,0.012931,0.012931,0,no
0.006024,0,0,0,0,0,0,0,0,0,0,0,0,no
0.009036,0.047619,0,0,0,0,0.055556,0.083333,0.005056,0,0.012931,0.012931,0,no
0.006024,0,0,0,0,0,0,0,0,0,0,0,0,no
0.009036,0,0,0,0,0,0,0,0,0,0,0,0,no
0.009036,0,0,0,0,0,0,0,0,0,0,0,0,no
0.009036,0.047619,0,0,0,0,0,0,0,0,0,0,0,no
0.012048,0.095238,0,0,0,0,0,0,0,0,0,0,0,no
0.009036,0,0,0,0,0,0,0,0,0,0,0,0,no
0.021084,0.190476,0,0,0,0,0,0,0,0,0,0,0,no
0.009036,0,0,0,0,0,0.055556,0.083333,0.005056,0,0.012931,0.012931,0,no
0.006024,0,0,0,0,0,0,0,0,0,0,0,0,no
0.009036,0.047619,0,0,0,0,0.055556,0.083333,0.005056,0,0.012931,0.012931,0,no
0.006024,0,0,0,0,0,0,0,0,0,0,0,0,no
0.009036,0,0,0,0,0,0,0,0,0,0,0,0,no
0.009036,0,0,0,0,0,0,0,0,0,0,0,0,no
0,0,0,0,0,0,0,0,0,0,0,0,0,no
0,0,0,0,0,0,0.037037,0.083333,0,0,0,0,0,no
0,0,0,0,0,0,0,0,0,0,0,0,0,no
0.009036,0,0,0,0,0,0.055556,0.083333,0.005056,0,0.012931,0.012931,0,no
0,0,0,0,0,0,0,0,0,0,0,0,0,no
0,0,0,0,0,0,0.037037,0.083333,0,0,0,0,0,no
0.009036,0.190476,0,0,0,0,0.055556,0.083333,0.005056,0,0.012931,0.012931,0,no
0.009036,0.190476,0,0,0,0,0.055556,0.083333,0.005056,0,0.012931,0.012931,0,no
0,0.047619,0,0,0,0,0,0,0,0,0,0,0,no
0.009036,0.047619,0,0,0,0,0.055556,0.083333,0,0.008876,0.021552,0.021552,0,no
0.024096,0.095238,0,0,0,0,0.055556,0.083333,0.013483,0,0.034483,0.034483,0,no
0.009036,0.047619,0,0,0,0,0,0,0,0,0,0,0,no
0.009036,0.095238,0,0,0,0,0,0,0,0,0,0,0,no
0.009036,0,0,0,0,0,0.055556,0.083333,0.005056,0,0.012931,0.012931,0,no
0.012048,0.047619,0,0,0,0,0.055556,0.083333,0.006742,0,0.017241,0.017241,0,no
0.009036,0.047619,0,0,0,0,0,0,0,0,0,0,0,no
0.009036,0.047619,0,0,0,0,0,0,0,0,0,0,0,no
0.009036,0,0,0,0,0,0,0,0,0,0,0,0,no
0.012048,0.047619,0,0,0,0,0,0,0,0,0,0,0,no
0.009036,0,0,0,0,0,0.055556,0.083333,0.005056,0,0.012931,0.012931,0,no
0.009036,0.047619,0,0,0,0,0.055556,0.083333,0.005056,0,0.012931,0.012931,0,no
0.009036,0.047619,0,0,0,0,0.055556,0.083333,0.005056,0,0.012931,0.012931,0,no
0.009036,0,0,0,0,0,0.055556,0.083333,0.005056,0,0.012931,0.012931,0,no
0.01506,0.047619,0.010638,0,0,0,0.055556,0.083333,0.008427,0,0.021552,0.021552,0,no
0.009036,0.047619,0,0,0,0,0.055556,0.083333,0.005056,0,0.012931,0.012931,0,no
0.009036,0.047619,0,0,0,0,0.055556,0.083333,0.005056,0,0.012931,0.012931,0,no
0.012048,0.047619,0,0,0,0,0.055556,0.083333,0.006742,0,0.017241,0.017241,0,no
0.012048,0.047619,0,0,0,0,0.055556,0.083333,0.006742,0,0.017241,0.017241,0,no
0,0,0,0,0,0,0.055556,0.083333,0,0,0,0,0,no
0,0.047619,0,0,0,0,0.055556,0.083333,0,0,0,0,0,no
0,0.047619,0,0,0,0,0.055556,0.083333,0,0,0,0,0,no
0,0.047619,0,0,0,0,0.055556,0.083333,0,0,0,0,0,no
0,0.047619,0,0,0,0,0.055556,0.083333,0,0,0,0,0,no
0,0.047619,0,0,0,0,0.055556,0.083333,0,0,0,0,0,no
0,0.047619,0,0,0,0,0.055556,0.083333,0,0,0,0,0,no
0,0.047619,0,0,0,0,0.055556,0.083333,0,0,0,0,0,no
0,0.047619,0,0,0,0,0.055556,0.083333,0,0,0,0,0,no
0,0.142857,0,0,0,0,0.055556,0.083333,0,0,0,0,0,no
0.024096,0.238095,0,0,0,0,0.055556,0.083333,0.013483,0,0.034483,0.034483,0,no
0.01506,0.047619,0,0,0,0,0.055556,0.083333,0.008427,0,0.021552,0.021552,0,no
0.009036,0.047619,0,0,0,0,0.055556,0.083333,0.005056,0,0.012931,0.012931,0,no
0.012048,0,0,0,0,0,0.055556,0.083333,0.006742,0,0.017241,0.017241,0,no
0.018072,0.047619,0,0,0,0,0.055556,0.083333,0.010112,0,0.025862,0.025862,0,no
0.009036,0,0,0,0,0,0.055556,0.083333,0.005056,0,0.012931,0.012931,0,no
0.012048,0.047619,0,0,0,0,0.055556,0.083333,0.006742,0,0.017241,0.017241,0,no
0.009036,0.047619,0,0,0,0,0.055556,0.083333,0.005056,0,0.012931,0.012931,0,no
0.01506,0.047619,0,0,0,0,0.055556,0.083333,0.008427,0,0.021552,0.021552,0,no
0.009036,0,0,0,0,0,0.055556,0.083333,0.005056,0,0.012931,0.012931,0,no
0.009036,0,0,0,0,0,0.055556,0.083333,0.005056,0,0.012931,0.012931,0,no
0.009036,0,0,0,0,0,0.055556,0.083333,0.005056,0,0.012931,0.012931,0,no
0.009036,0,0,0,0,0,0.055556,0.083333,0.005056,0,0.012931,0.012931,0,no
0.009036,0,0,0,0,0,0.055556,0.083333,0.005056,0,0.012931,0.012931,0,no
0.057229,0,0,0,0,0.016129,0.055556,0.083333,0.032022,0,0.081897,0.081897,0,no
0.009036,0,0,0,0,0,0.055556,0.083333,0.005056,0,0.012931,0.012931,0,no
0.009036,0,0,0,0,0,0.055556,0.083333,0.005056,0,0.012931,0.012931,0,no
0.009036,0,0,0,0,0,0.055556,0.083333,0.005056,0,0.012931,0.012931,0,no
0.009036,0,0,0,0,0,0.055556,0.083333,0.005056,0,0.012931,0.012931,0,no
0.01506,0,0,0,0,0,0.055556,0.083333,0.008427,0,0.021552,0.021552,0,no
0.009036,0.047619,0,0,0,0,0.055556,0.083333,0.005056,0,0.012931,0.012931,0,no
0.009036,0.047619,0,0,0,0,0.055556,0.083333,0.005056,0,0.012931,0.012931,0,no
0.009036,0.095238,0,0,0,0,0.037037,0.083333,0.003371,0,0.012931,0.012931,0,no
0.009036,0.190476,0,0,0,0,0.037037,0.083333,0.003371,0,0.012931,0.012931,0,no
0.009036,0.142857,0,0,0,0,0.037037,0.083333,0.003371,0,0.012931,0.012931,0,no
0.009036,0.285714,0,0,0,0,0.037037,0.083333,0.003371,0,0.012931,0.012931,0,no
0.009036,0.190476,0,0,0,0,0.037037,0.083333,0.003371,0,0.012931,0.012931,0,no
0.009036,0.190476,0,0,0,0,0.037037,0.083333,0.003371,0,0.012931,0.012931,0,no
0.009036,0.238095,0,0,0,0,0.037037,0.083333,0.003371,0,0.012931,0.012931,0,no
0.009036,0.238095,0,0,0,0,0.037037,0.083333,0.003371,0,0.012931,0.012931,0,no
0.009036,0.142857,0,0,0,0,0.037037,0.083333,0.003371,0,0.012931,0.012931,0,no
0.012048,0.047619,0,0,0.007937,0.016129,0.037037,0.083333,0.004494,0,0.017241,0.017241,0,no
0.009036,0,0,0,0,0,0.037037,0.083333,0.003371,0,0.012931,0.012931,0,no
0.009036,0.047619,0,0,0,0,0.037037,0.083333,0.003371,0,0.012931,0.012931,0,no
0.009036,0.047619,0,0,0,0,0,0,0,0,0,0,0,no
0.009036,0.047619,0,0,0,0,0,0,0,0,0,0,0,no
0.018072,0.190476,0,0,0,0,0,0,0,0,0,0,0,no
0.009036,0.047619,0,0,0,0,0.037037,0.083333,0.001124,0.001183,0.008621,0.008621,0,no
0.012048,0.047619,0,0,0,0,0.037037,0.083333,0.004494,0,0.017241,0.017241,0,no
0.018072,0.190476,0,0,0,0,0,0,0,0,0,0,0,no
0.009036,0.047619,0,0,0,0,0.037037,0.083333,0.003371,0,0.012931,0.012931,0,no
0.009036,0.047619,0,0,0,0,0.037037,0.083333,0.003371,0,0.012931,0.012931,0,no
0.009036,0,0,0,0,0,0.037037,0.083333,0.003371,0,0.012931,0.012931,0,no
0.009036,0,0,0,0,0,0.037037,0.083333,0.003371,0,0.012931,0.012931,0,no
0.009036,0.047619,0,0,0,0,0.037037,0.083333,0.003371,0,0.012931,0.012931,0,no
0.009036,0.047619,0,0,0,0,0.037037,0.083333,0.003371,0,0.012931,0.012931,0,no
0.009036,0,0,0,0,0,0.037037,0.083333,0.003371,0,0.012931,0.012931,0,no
0.009036,0,0,0,0,0,0.037037,0.083333,0.003371,0,0.012931,0.012931,0,no
0.009036,0,0,0,0,0,0.037037,0.083333,0.003371,0,0.012931,0.012931,0,no
0.009036,0.047619,0,0,0,0,0.037037,0.083333,0.003371,0,0.012931,0.012931,0,no
0.009036,0.047619,0,0,0,0,0.037037,0.083333,0.003371,0,0.012931,0.012931,0,no
0.009036,0,0,0,0,0,0.037037,0.083333,0.003371,0,0.012931,0.012931,0,no
0.009036,0.047619,0,0,0,0,0.037037,0.083333,0.003371,0,0.012931,0.012931,0,no
0.009036,0.095238,0,0,0,0,0.037037,0.083333,0.003371,0,0.012931,0.012931,0,no
0.009036,0.142857,0,0,0,0,0.037037,0.083333,0.003371,0,0.012931,0.012931,0,no
0.009036,0.190476,0,0,0,0,0.037037,0.083333,0.003371,0,0.012931,0.012931,0,no
0.009036,0.238095,0,0,0,0,0.037037,0.083333,0.003371,0,0.012931,0.012931,0,no
0.009036,0.285714,0,0,0,0,0.037037,0.083333,0.003371,0,0.012931,0.012931,0,no
0.009036,0.333333,0,0,0,0,0.037037,0.083333,0.003371,0,0.012931,0.012931,0,no
0.009036,0.380952,0,0,0,0,0.037037,0.083333,0.003371,0,0.012931,0.012931,0,no
0.009036,0.428571,0,0,0,0,0.037037,0.083333,0.003371,0,0.012931,0.012931,0,no
0.009036,0.47619,0,0,0,0,0.037037,0.083333,0.003371,0,0.012931,0.012931,0,no
0.009036,0.52381,0,0,0,0,0.037037,0.083333,0.003371,0,0.012931,0.012931,0,no
0.009036,0.571429,0,0,0,0,0.037037,0.083333,0.003371,0,0.012931,0.012931,0,no
0.009036,0.619048,0,0,0,0,0.037037,0.083333,0.003371,0,0.012931,0.012931,0,no
0.009036,0.666667,0,0,0,0,0.037037,0.083333,0.003371,0,0.012931,0.012931,0,no
0.009036,0.714286,0,0,0,0,0.037037,0.083333,0.003371,0,0.012931,0.012931,0,no
0.009036,0.761905,0,0,0,0,0.037037,0.083333,0.003371,0,0.012931,0.012931,0,no
0.009036,0.809524,0,0,0,0,0.037037,0.083333,0.003371,0,0.012931,0.012931,0,no
0.009036,0.857143,0,0,0,0,0.037037,0.083333,0.003371,0,0.012931,0.012931,0,no
0.009036,0.904762,0,0,0,0,0.037037,0.083333,0.003371,0,0.012931,0.012931,0,no
0.009036,0.952381,0,0,0,0,0.037037,0.083333,0.003371,0,0.012931,0.012931,0,no
0.009036,1,0,0,0,0,0.037037,0.083333,0.003371,0,0.012931,0.012931,0,no
0.009036,0,0,0,0,0,0.037037,0.083333,0.003371,0,0.012931,0.012931,0,no
0.009036,0,0,0,0,0,0.037037,0.083333,0.003371,0,0.012931,0.012931,0,no
0.009036,0,0,0,0,0,0.037037,0.083333,0.003371,0,0.012931,0.012931,0,no
0.009036,0.047619,0,0,0,0,0.037037,0.083333,0.003371,0,0.012931,0.012931,0,no
0.009036,0.095238,0,0,0,0,0.037037,0.083333,0.003371,0,0.012931,0.012931,0,no
0.009036,0.047619,0,0,0,0,0.037037,0.083333,0.003371,0,0.012931,0.012931,0,no
0.009036,0.047619,0,0,0,0,0.037037,0.083333,0.003371,0,0.012931,0.012931,0,no
0.009036,0,0,0,0,0,0.037037,0.083333,0.003371,0,0.012931,0.012931,0,no
0.009036,0,0,0,0,0,0.037037,0.083333,0.003371,0,0.012931,0.012931,0,no
0.021084,0.190476,0,0,0,0,0.037037,0.083333,0.007865,0,0.030172,0.030172,0,no
0.018072,0.142857,0,0,0,0,0.037037,0.083333,0.006742,0,0.025862,0.025862,0,no
0.012048,0,0,0,0,0,0.037037,0.083333,0.004494,0,0.017241,0.017241,0,no
0.009036,0,0,0,0,0,0.037037,0.083333,0.003371,0,0.012931,0.012931,0,no
0.009036,0.047619,0,0,0,0,0.037037,0.083333,0.003371,0,0.012931,0.012931,0,no
0.006024,0,0,0,0.007937,0,0,0,0,0,0,0,0,no
0.009036,0.047619,0,0,0,0,0,0,0,0,0,0,0,no
0.009036,0,0,0,0,0,0,0,0,0,0,0,0,no
0.009036,0.047619,0,0,0,0,0,0,0,0,0,0,0,no
0.009036,0.047619,0,0,0,0,0,0,0,0,0,0,0,no
0.009036,0,0,0,0,0,0,0,0,0,0,0,0,no
0.009036,0,0,0,0,0,0,0,0,0,0,0,0,no
0.009036,0,0,0,0,0,0,0,0,0,0,0,0,no
0.009036,0.047619,0,0,0,0,0,0,0,0,0,0,0,no
0.009036,0.047619,0,0,0,0,0,0,0,0,0,0,0,no
0.009036,0,0,0,0,0,0,0,0,0,0,0,0,no
0.009036,0.047619,0,0,0,0,0,0,0,0,0,0,0,no
0.009036,0.095238,0,0,0,0,0,0,0,0,0,0,0,no
0.009036,0,0,0,0,0,0,0,0,0,0,0,0,no
0.009036,0,0,0,0,0,0,0,0,0,0,0,0,no
0.009036,0,0,0,0,0,0,0,0,0,0,0,0,no
0.009036,0.095238,0,0,0,0,0,0,0,0,0,0,0,no
0.009036,0.047619,0,0,0,0,0,0,0,0,0,0,0,no
0.009036,0.047619,0,0,0,0,0,0,0,0,0,0,0,no
0.009036,0,0,0,0,0,0,0,0,0,0,0,0,no
0.012048,0.047619,0,0,0,0,0,0,0,0,0,0,0,no
0.009036,0,0,0,0,0,0,0,0,0,0,0,0,no
0.009036,0,0,0,0,0,0,0,0,0,0,0,0,no
0.012048,0.095238,0,0,0,0,0,0,0,0,0,0,0,no
0.009036,0,0,0,0.007937,0,0,0,0,0,0,0,0,no
0.012048,0.095238,0,0,0,0,0,0,0,0,0,0,0,no
0.009036,0,0,0,0.007937,0,0,0,0,0,0,0,0,no
0.03012,0.047619,0,0,0,0.016129,0.203704,0.25,0.051685,0.001183,0.043103,0.036834,0,no
0.012048,0.047619,0,0,0,0,0.037037,0.083333,0.004494,0,0.017241,0.017241,0,no
0.018072,0,0,0,0.007937,0.016129,0.037037,0.083333,0.006742,0,0.025862,0.025862,1,no
0.036145,0,0,0,0.007937,0.048387,0.055556,0.083333,0.013483,0,0.051724,0.034483,1,no
0.009036,0.047619,0,0,0,0,0.037037,0.083333,0.003371,0,0.012931,0.012931,1,no
0.012048,0.142857,0,0,0,0.016129,0.037037,0.083333,0.004494,0,0.017241,0.017241,0,no
0.009036,0.047619,0,0,0,0,0.092593,0.166667,0.008427,0,0.012931,0.012931,1,no
0.027108,0.142857,0,0,0,0.016129,0.092593,0.166667,0.025281,0,0.038793,0.038793,1,no
0.027108,0.095238,0,0,0,0.016129,0.092593,0.166667,0.025281,0,0.038793,0.038793,1,no
0.012048,0.047619,0,0,0,0.016129,0.092593,0.166667,0.011236,0,0.017241,0.017241,1,no
0.012048,0.047619,0,0,0,0.016129,0.092593,0.166667,0.011236,0,0.017241,0.017241,1,no
0.009036,0.047619,0,0,0,0,0.166667,0.208333,0.015169,0,0.012931,0.012931,0,no
0.009036,0.095238,0,0,0,0,0.166667,0.208333,0.015169,0,0.012931,0.012931,0,no
0.009036,0.095238,0,0,0,0,0.166667,0.208333,0.015169,0,0.012931,0.012931,0,no
0.009036,0.142857,0,0,0,0,0.166667,0.208333,0.015169,0,0.012931,0.012931,0,no
0.009036,0.142857,0,0,0,0,0.185185,0.208333,0.01573,0.000592,0.012931,0.0125,0,no
0.009036,0.190476,0,0,0,0,0.185185,0.208333,0.01573,0.000592,0.012931,0.0125,0,no
0.009036,0.238095,0,0,0,0,0.185185,0.208333,0.01573,0.000592,0.012931,0.0125,0,no
0.009036,0.095238,0.010638,0,0,0,0.166667,0.208333,0.015169,0,0.012931,0.012931,0,no
0.009036,0.095238,0,0,0,0,0.166667,0.208333,0.015169,0,0.012931,0.012931,0,no
0.009036,0.047619,0,0,0,0,0.166667,0.208333,0.015169,0,0.012931,0.012931,0,no
0.009036,0.047619,0,0,0,0,0.166667,0.208333,0.015169,0,0.012931,0.012931,0,no
0.01506,0.142857,0.021277,0,0,0,0.166667,0.208333,0.025281,0,0.021552,0.021552,0,no
0.009036,0.095238,0,0,0,0,0.166667,0.208333,0.015169,0,0.012931,0.012931,0,no
0,0.095238,0,0,0.007937,0,0.166667,0.208333,0,0,0,0,0,no
0.009036,0.047619,0,0,0,0,0.166667,0.208333,0.015169,0,0.012931,0.012931,0,no
0.009036,0.095238,0,0,0,0,0.166667,0.208333,0.015169,0,0.012931,0.012931,0,no
0.009036,0.095238,0,0,0,0,0.166667,0.208333,0.015169,0,0.012931,0.012931,0,no
0.012048,0.142857,0,0,0,0,0.166667,0.208333,0.020225,0,0.017241,0.017241,0,no
0.009036,0.142857,0,0,0,0,0.185185,0.208333,0.01573,0.000592,0.012931,0.0125,0,no
0.009036,0.190476,0,0,0,0,0.185185,0.208333,0.01573,0.000592,0.012931,0.0125,0,no
0.012048,0.238095,0,0,0,0,0.185185,0.208333,0.020787,0.000592,0.017241,0.016379,0,no
0.021084,0.238095,0.021277,0,0,0,0.185185,0.208333,0.035955,0.000592,0.030172,0.028017,0,no
0.009036,0.095238,0,0,0,0,0.166667,0.208333,0.015169,0,0.012931,0.012931,0,no
0,0.047619,0,0,0.007937,0,0.166667,0.208333,0,0,0,0,0,no
0.006024,0,0,0,0,0,0.037037,0.083333,0.002247,0,0.008621,0.008621,0,no
0.03012,0.047619,0,0,0,0.016129,0.203704,0.25,0.051685,0.001183,0.043103,0.036834,0,no
0.012048,0.047619,0,0,0,0,0.037037,0.083333,0.004494,0,0.017241,0.017241,0,no
0.021084,0.047619,0,0,0,0.048387,0.259259,0.375,0.041573,0.002367,0.030172,0.024015,0,no
0.012048,0.047619,0,0,0,0.016129,0.259259,0.333333,0.024719,0.002367,0.017241,0.014778,0,no
0.012048,0.095238,0,0,0,0.016129,0.092593,0.166667,0.011236,0,0.017241,0.017241,1,no
0.009036,0.047619,0,0,0,0,0.037037,0.083333,0.003371,0,0.012931,0.012931,0,no
0.012048,0.047619,0,0,0,0,0.037037,0.083333,0.004494,0,0.017241,0.017241,0,no
0.009036,0.047619,0,0,0,0,0.148148,0.291667,0.013483,0,0.012931,0.012931,1,no
0.012048,0.095238,0,0,0,0,0.074074,0.166667,0.008989,0,0.017241,0.017241,1,no
0.009036,0,0,0,0,0,0.037037,0.041667,0.003371,0,0.012931,0.012931,0,no
0.009036,0.047619,0,0,0,0,0.037037,0.041667,0.003371,0,0.012931,0.012931,0,no
0.012048,0.142857,0,0,0,0,0.037037,0.041667,0.004494,0,0.017241,0.017241,0,no
0.006024,0,0,0,0,0,0.037037,0.041667,0.002247,0,0.008621,0.008621,0,no
0.006024,0,0,0,0,0,0.037037,0.041667,0.002247,0,0.008621,0.008621,0,no
0.009036,0,0,0,0,0,0.037037,0.041667,0.003371,0,0.012931,0.012931,0,no
0.009036,0,0,0,0,0,0.037037,0.041667,0.003371,0,0.012931,0.012931,0,no
0.009036,0,0,0,0,0,0.037037,0.041667,0.003371,0,0.012931,0.012931,0,no
0.006024,0.047619,0,0,0,0,0.037037,0.041667,0.002247,0,0.008621,0.008621,0,no
0.006024,0,0,0,0,0,0.037037,0.041667,0.002247,0,0.008621,0.008621,0,no
0.009036,0.047619,0,0,0,0,0.037037,0.083333,0.003371,0,0.012931,0.012931,0,no
0.009036,0,0,0,0,0,0.037037,0.083333,0.003371,0,0.012931,0.012931,0,no
0.009036,0.047619,0,0,0,0,0.148148,0.291667,0.013483,0,0.012931,0.012931,1,no
0.009036,0,0,0,0,0,0.166667,0.291667,0.014045,0.000592,0.012931,0.012452,1,no
0.009036,0.047619,0,0,0,0,0.037037,0.083333,0.003371,0,0.012931,0.012931,0,no
0.009036,0,0,0,0,0,0.037037,0.083333,0.003371,0,0.012931,0.012931,0,no
0.009036,0.047619,0,0,0,0,0.092593,0.166667,0.008427,0,0.012931,0.012931,0,no
0.009036,0,0,0,0,0,0.092593,0.166667,0.008427,0,0.012931,0.012931,0,no
0.01506,0.095238,0,0,0,0,0.055556,0.125,0.008427,0,0.021552,0.021552,1,no
0.01506,0.142857,0,0,0,0,0.12963,0.291667,0.019663,0,0.021552,0.021552,0,no
0.009036,0,0,0,0,0,0.12963,0.291667,0.011798,0,0.012931,0.012931,0,no
0.009036,0,0,0,0,0,0.12963,0.291667,0.011798,0,0.012931,0.012931,0,no
0.009036,0,0,0,0,0,0.12963,0.291667,0.011798,0,0.012931,0.012931,0,no
0.009036,0.047619,0,0,0,0,0.12963,0.291667,0.011798,0,0.012931,0.012931,0,no
0.009036,0.047619,0,0,0,0,0.12963,0.291667,0.011798,0,0.012931,0.012931,0,no
0.009036,0.047619,0,0,0,0,0.12963,0.291667,0.011798,0,0.012931,0.012931,0,no
0,0.047619,0,0,0,0,0.12963,0.291667,0,0,0,0,0,no
0.009036,0,0,0,0,0,0.074074,0.166667,0.006742,0,0.012931,0.012931,1,no
0.009036,0.047619,0,0,0,0,0.074074,0.166667,0.006742,0,0.012931,0.012931,1,no
0.009036,0.095238,0,0,0,0,0.074074,0.166667,0.006742,0,0.012931,0.012931,1,no
0.009036,0.047619,0,0,0,0,0.074074,0.166667,0.006742,0,0.012931,0.012931,1,no
0.009036,0.142857,0,0,0,0,0.203704,0.375,0.118539,0.048521,0.133621,0.114812,0,no
0.024096,0,0,0,0,0.016129,0.12963,0.291667,0.031461,0,0.034483,0.034483,0,no
0.01506,0.047619,0,0,0,0.016129,0.12963,0.291667,0.019663,0,0.021552,0.021552,0,no
0.012048,0.142857,0.021277,0,0,0.016129,0.12963,0.291667,0.01573,0,0.017241,0.017241,0,no
0.009036,0,0,0,0,0,0.12963,0.291667,0.011798,0,0.012931,0.012931,0,no
0.009036,0.047619,0,0,0,0,0.12963,0.291667,0.011798,0,0.012931,0.012931,0,no
0.009036,0.047619,0,0,0,0,0.12963,0.291667,0.011798,0,0.012931,0.012931,0,no
0.009036,0.047619,0,0,0,0,0.12963,0.291667,0.011798,0,0.012931,0.012931,0,no
0.009036,0.047619,0,0,0,0,0.12963,0.291667,0.011798,0,0.012931,0.012931,0,no
0.009036,0.047619,0,0,0,0,0.12963,0.291667,0.011798,0,0.012931,0.012931,0,no
0.009036,0.095238,0,0,0,0,0.12963,0.291667,0.011798,0,0.012931,0.012931,0,no
0.009036,0.047619,0,0,0,0,0.12963,0.291667,0.011798,0,0.012931,0.012931,0,no
0.009036,0.095238,0,0,0,0,0.12963,0.291667,0.011798,0,0.012931,0.012931,0,no
0.012048,0.047619,0,0,0,0,0.074074,0.166667,0.008989,0,0.017241,0.017241,1,no
0.009036,0,0,0,0,0,0.074074,0.166667,0.006742,0,0.012931,0.012931,1,no
0.009036,0.047619,0,0,0.015873,0,0.074074,0.166667,0.006742,0,0.012931,0.012931,1,no
0.009036,0.047619,0,0,0.015873,0,0.074074,0.166667,0.006742,0,0.012931,0.012931,1,no
0.009036,0.047619,0,0,0.015873,0,0.074074,0.166667,0.006742,0,0.012931,0.012931,1,no
0.009036,0.047619,0,0,0.015873,0,0.074074,0.166667,0.006742,0,0.012931,0.012931,1,no
0.009036,0.047619,0,0,0.015873,0,0.074074,0.166667,0.006742,0,0.012931,0.012931,1,no
0.012048,0.095238,0,0,0,0,0.074074,0.166667,0.008989,0,0.017241,0.017241,1,no
0.009036,0,0,0,0,0,0.074074,0.166667,0.006742,0,0.012931,0.012931,1,no
0.009036,0,0,0,0,0,0.074074,0.166667,0.006742,0,0.012931,0.012931,1,no
0.009036,0.047619,0,0,0,0,0.074074,0.166667,0.006742,0,0.012931,0.012931,1,no
0.009036,0.047619,0,0,0,0,0.074074,0.166667,0.006742,0,0.012931,0.012931,1,no
0.012048,0.095238,0,0,0,0,0.074074,0.166667,0.008989,0,0.017241,0.017241,1,no
0.009036,0,0,0,0,0,0.074074,0.166667,0.006742,0,0.012931,0.012931,1,no
0.009036,0,0,0,0,0,0.074074,0.166667,0.006742,0,0.012931,0.012931,1,no
0.009036,0.047619,0,0,0,0,0.074074,0.166667,0.006742,0,0.012931,0.012931,1,no
0.009036,0.047619,0,0,0,0,0.074074,0.166667,0.006742,0,0.012931,0.012931,1,no
0.009036,0.142857,0,0,0,0,0.074074,0.166667,0.006742,0,0.012931,0.012931,1,no
0.009036,0.142857,0,0,0,0,0.074074,0.166667,0.006742,0,0.012931,0.012931,1,no
0.009036,0.095238,0,0,0,0,0.037037,0.083333,0.003371,0,0.012931,0.012931,0,yes
0.009036,0.095238,0,0,0,0,0.037037,0.083333,0.003371,0,0.012931,0.012931,0,yes
0.009036,0.047619,0,0,0,0,0.037037,0.083333,0.003371,0,0.012931,0.012931,0,no
0.009036,0.047619,0,0,0,0,0.037037,0.083333,0.003371,0,0.012931,0.012931,0,no
0.009036,0.047619,0,0,0,0,0.037037,0.083333,0.003371,0,0.012931,0.012931,0,no
0,0.142857,0,0,0,0,0.037037,0.083333,0,0,0,0,0,no
0,0.190476,0,0,0,0,0.037037,0.083333,0,0,0,0,0,no
0.009036,0,0,0,0,0,0,0,0,0,0,0,0,no
0.009036,0.095238,0,0,0,0,0,0,0,0,0,0,0,no
0.009036,0.047619,0,0,0,0,0,0,0,0,0,0,0,no
0.009036,0,0,0,0,0,0,0,0,0,0,0,0,no
0.009036,0.047619,0,0,0,0,0,0,0,0,0,0,0,no
0.009036,0.095238,0,0,0,0,0,0,0,0,0,0,0,no
0.009036,0.047619,0,0,0,0,0,0,0,0,0,0,0,no
0.009036,0.047619,0,0,0,0,0.037037,0.083333,0.003371,0,0.012931,0.012931,0,no
0.009036,0.095238,0,0,0,0,0.037037,0.083333,0.003371,0,0.012931,0.012931,0,no
0.009036,0.047619,0,0,0,0,0.037037,0.083333,0.003371,0,0.012931,0.012931,0,no
0.009036,0,0,0,0,0,0.037037,0.083333,0.003371,0,0.012931,0.012931,0,no
0.009036,0.047619,0,0,0,0,0.037037,0.083333,0.003371,0,0.012931,0.012931,0,no
0.009036,0.047619,0,0,0,0,0.037037,0.083333,0.003371,0,0.012931,0.012931,0,no
0.009036,0.047619,0,0,0,0,0.074074,0.166667,0.004494,0.001183,0.012931,0.010776,0,no
0.009036,0.047619,0,0,0,0,0,0,0,0,0,0,0,no
0.009036,0.190476,0,0,0,0,0.074074,0.166667,0.004494,0.001183,0.012931,0.010776,0,no
0.009036,0.047619,0,0,0,0,0.037037,0.083333,0.003371,0,0.012931,0.012931,0,no
0.009036,0.047619,0,0,0,0,0.037037,0.083333,0.003371,0,0.012931,0.012931,0,no
0.009036,0.047619,0,0,0,0,0.037037,0.083333,0.003371,0,0.012931,0.012931,0,no
0.009036,0.047619,0,0,0,0,0.037037,0.083333,0.003371,0,0.012931,0.012931,0,no
0.006024,0.047619,0,0,0,0,0.037037,0.083333,0.002247,0,0.008621,0.008621,0,no
0.009036,0.047619,0,0,0,0,0.037037,0.083333,0.003371,0,0.012931,0.012931,0,no
0.009036,0.047619,0,0,0,0,0.037037,0.083333,0.003371,0,0.012931,0.012931,0,no
0.009036,0,0,0,0,0,0,0,0,0,0,0,0,no
0.009036,0,0,0,0,0,0,0,0,0,0,0,0,no
0.009036,0.190476,0,0,0.02381,0,0.074074,0.166667,0.004494,0.001183,0.012931,0.010776,0,no
0.009036,0.142857,0,0,0.007937,0,0.074074,0.166667,0.004494,0.001183,0.012931,0.010776,0,no
0.009036,0,0,0,0,0,0,0,0,0,0,0,0,no
0.009036,0,0,0,0,0,0.037037,0.083333,0.003371,0,0.012931,0.012931,0,no
0.009036,0.047619,0,0,0,0,0.074074,0.166667,0.004494,0.001183,0.012931,0.010776,0,no
0.009036,0,0,0,0,0,0,0,0,0,0,0,0,no
0.009036,0,0,0,0,0,0.074074,0.166667,0.004494,0.001183,0.012931,0.010776,0,no
0.009036,0.047619,0,0,0,0,0.037037,0.083333,0.003371,0,0.012931,0.012931,0,no
0.009036,0.142857,0,0,0.007937,0,0.074074,0.166667,0.004494,0.001183,0.012931,0.010776,0,no
0.009036,0,0,0,0,0,0.037037,0.083333,0.003371,0,0.012931,0.012931,1,no
0.009036,0.047619,0,0,0,0,0,0,0,0,0,0,0,no
0.009036,0.047619,0,0,0,0,0,0,0,0,0,0,0,no
0.009036,0.047619,0,0,0,0,0.074074,0.166667,0.004494,0.001183,0.012931,0.010776,0,no
0.009036,0.047619,0,0,0,0,0,0,0,0,0,0,0,no
0.009036,0.095238,0,0,0,0,0.074074,0.166667,0.004494,0.001183,0.012931,0.010776,0,no
0.009036,0.142857,0,0,0.007937,0,0.074074,0.166667,0.004494,0.001183,0.012931,0.010776,0,no
0.009036,0,0,0,0,0,0,0,0,0,0,0,0,no
0.009036,0.047619,0,0,0,0,0.074074,0.166667,0.004494,0.001183,0.012931,0.010776,0,no
0.009036,0.047619,0,0,0,0,0.037037,0.083333,0.003371,0,0.012931,0.012931,0,no
0.009036,0.047619,0,0,0,0,0,0,0,0,0,0,0,no
0.009036,0.095238,0,0,0,0,0,0,0,0,0,0,0,no
0.01506,0.047619,0,0,0,0.016129,0.037037,0.083333,0.005618,0,0.021552,0.021552,0,no
0.009036,0.095238,0,0,0,0,0,0,0,0,0,0,0,no
0.009036,0.095238,0,0,0,0,0.037037,0.083333,0.003371,0,0.012931,0.012931,0,no
0.009036,0.095238,0,0,0,0,0.074074,0.166667,0.004494,0.001183,0.012931,0.010776,0,no
0.009036,0.095238,0,0,0,0,0.074074,0.166667,0.004494,0.001183,0.012931,0.010776,0,no
0.018072,0.095238,0,0,0,0.016129,0,0,0,0,0,0,0,no
0.009036,0.142857,0,0,0,0,0.037037,0.083333,0,0.001183,0.00431,0.00431,0,no
0.009036,0.190476,0,0,0,0,0.037037,0.083333,0,0.001183,0.00431,0.00431,0,no
0.009036,0.095238,0,0,0,0,0.037037,0.083333,0.003371,0,0.012931,0.012931,0,no
0.009036,0.095238,0,0,0,0,0.037037,0.083333,0.003371,0,0.012931,0.012931,0,no
0.006024,0.095238,0,0,0,0,0.037037,0.083333,0.002247,0,0.008621,0.008621,0,no
0.009036,0.095238,0,0,0,0,0,0,0,0,0,0,0,no
0.009036,0,0,0,0,0,0,0,0,0,0,0,0,no
0.009036,0,0,0,0,0,0,0,0,0,0,0,0,no
0.009036,0,0,0,0,0,0,0,0,0,0,0,0,no
0.012048,0.047619,0,0,0,0,0,0,0,0,0,0,0,no
0.012048,0.047619,0,0,0,0,0,0,0,0,0,0,0,no
0.012048,0.095238,0,0,0,0,0,0,0,0,0,0,0,no
0.012048,0.047619,0,0,0,0,0,0,0,0,0,0,0,no
0.012048,0.047619,0,0,0,0,0,0,0,0,0,0,0,no
0.012048,0.047619,0,0,0,0,0,0,0,0,0,0,0,no
0.009036,0,0,0,0,0,0,0,0,0,0,0,0,no
0.012048,0.047619,0,0,0,0,0,0,0,0,0,0,0,no
0.009036,0,0,0,0,0,0,0,0,0,0,0,0,no
0.012048,0.047619,0,0,0,0,0,0,0,0,0,0,0,no
0.012048,0.047619,0,0,0,0,0.018519,0.041667,0.002247,0,0.017241,0.017241,0,no
0.012048,0,0,0,0,0,0,0,0,0,0,0,0,no
0.012048,0.047619,0,0,0,0,0,0,0,0,0,0,0,no
0.012048,0.095238,0,0,0,0,0,0,0,0,0,0,0,no
0.009036,0,0,0,0,0,0,0,0,0,0,0,0,no
0.009036,0.047619,0,0,0,0,0,0,0,0,0,0,0,no
0.009036,0,0,0,0,0,0,0,0,0,0,0,0,no
0.01506,0,0,0,0,0.016129,0.074074,0.125,0.002247,0.002367,0.008621,0.008621,0,no
0.012048,0,0,0,0,0,0,0,0,0,0,0,0,no
0.009036,0.095238,0,0,0,0,0,0,0,0,0,0,0,no
0.009036,0.047619,0,0,0,0,0,0,0,0,0,0,0,no
0.009036,0.095238,0,0,0,0,0,0,0,0,0,0,0,no
0.009036,0.047619,0,0,0,0,0,0,0,0,0,0,0,no
0.009036,0,0,0,0,0,0,0,0,0,0,0,0,no
0.009036,0.095238,0,0,0,0,0,0,0,0,0,0,0,no
0.009036,0,0,0,0,0,0,0,0,0,0,0,0,no
0.009036,0,0,0,0,0,0,0,0,0,0,0,0,no
0.009036,0.095238,0,0,0,0,0,0,0,0,0,0,0,no
0.009036,0.095238,0,0,0,0,0,0,0,0,0,0,0,no
0.009036,0.142857,0,0,0,0,0,0,0,0,0,0,0,no
0.009036,0.047619,0,0,0,0,0,0,0,0,0,0,0,no
0.009036,0.095238,0,0,0,0,0,0,0,0,0,0,0,no
0.009036,0.095238,0,0,0,0,0,0,0,0,0,0,0,no
0.012048,0.095238,0,0,0,0,0,0,0,0,0,0,0,no
0.009036,0.095238,0,0,0,0,0,0,0,0,0,0,0,no
0.009036,0.095238,0,0,0,0,0,0,0,0,0,0,0,no
0.009036,0.095238,0,0,0,0,0,0,0,0,0,0,0,no
0.009036,0.047619,0,0,0,0,0,0,0,0,0,0,0,no
0.012048,0.095238,0,0,0,0.016129,0,0,0,0,0,0,0,no
0.009036,0.047619,0,0,0,0,0,0,0,0,0,0,0,no
0.009036,0.095238,0,0,0,0,0,0,0,0,0,0,0,no
0.009036,0.142857,0,0,0,0,0,0,0,0,0,0,0,no
0.009036,0.047619,0,0,0,0,0,0,0,0,0,0,0,no
0.009036,0.095238,0,0,0,0,0,0,0,0,0,0,0,no
0.009036,0.142857,0,0,0,0,0,0,0,0,0,0,0,no
0.009036,0.095238,0,0,0,0,0,0,0,0,0,0,0,no
0.009036,0.047619,0,0,0,0,0,0,0,0,0,0,0,no
0.009036,0.047619,0,0,0,0,0,0,0,0,0,0,0,no
0.009036,0.047619,0,0,0,0,0,0,0,0,0,0,0,no
0.012048,0.095238,0,0,0,0,0,0,0,0,0,0,0,no
0,0,0,0,0.007937,0,0,0,0,0,0,0,0,no
0.009036,0,0,0,0,0,0,0,0,0,0,0,0,no
0.009036,0,0,0,0,0,0,0,0,0,0,0,0,no
0.009036,0.047619,0,0,0,0,0,0,0,0,0,0,0,no
0.009036,0.047619,0,0,0,0,0,0,0,0,0,0,0,no
0.01506,0.142857,0,0,0,0.016129,0,0,0,0,0,0,0,no
0.027108,0.047619,0,0,0,0.064516,0.037037,0.083333,0.001124,0.001183,0.008621,0.008621,0,no
0.01506,0,0,0,0,0.016129,0,0,0,0,0,0,0,no
0.021084,0.047619,0,0,0,0.032258,0,0,0,0,0,0,0,no
0.012048,0.095238,0,0,0,0,0,0,0,0,0,0,0,no
0.01506,0,0,0,0,0.016129,0,0,0,0,0,0,0,no
0.01506,0.095238,0,0,0,0,0,0,0,0,0,0,0,no
0.01506,0,0,0,0,0.016129,0,0,0,0,0,0,0,no
0.009036,0.047619,0,0,0,0,0,0,0,0,0,0,0,no
0.009036,0.047619,0,0,0,0,0,0,0,0,0,0,0,no
0.009036,0.047619,0,0,0,0,0,0,0,0,0,0,0,no
0.018072,0.047619,0,0,0,0.032258,0,0,0,0,0,0,0,no
0.009036,0.047619,0,0,0,0,0,0,0,0,0,0,0,no
0.018072,0.047619,0,0,0,0.032258,0,0,0,0,0,0,0,no
0.009036,0,0,0,0,0,0,0,0,0,0,0,0,no
0.009036,0.047619,0,0,0,0,0,0,0,0,0,0,0,no
0.009036,0.095238,0,0,0,0,0,0,0,0,0,0,0,no
0.012048,0.095238,0,0,0,0,0,0,0,0,0,0,0,no
0.012048,0.095238,0,0,0,0,0,0,0,0,0,0,0,no
0.009036,0,0,0,0,0,0,0,0,0,0,0,0,no
0.009036,0,0,0,0,0,0,0,0,0,0,0,0,no
0.009036,0,0,0,0,0,0,0,0,0,0,0,0,no
0.012048,0.095238,0,0,0,0,0,0,0,0,0,0,0,no
0.009036,0.047619,0,0,0,0,0,0,0,0,0,0,0,no
0.009036,0.095238,0,0,0,0,0,0,0,0,0,0,0,no
0.009036,0.047619,0,0,0,0,0,0,0,0,0,0,0,no
0.01506,0.142857,0,0,0,0.016129,0,0,0,0,0,0,0,no
0.009036,0.047619,0,0,0,0,0,0,0,0,0,0,0,no
0.009036,0.047619,0,0,0,0,0.037037,0.083333,0.003371,0,0.012931,0.012931,1,no
0.009036,0.142857,0,0,0,0,0,0,0,0,0,0,0,no
0.009036,0,0,0,0,0,0,0,0,0,0,0,0,no
0.009036,0,0,0,0,0,0,0,0,0,0,0,0,no
0.009036,0,0,0,0,0,0,0,0,0,0,0,0,no
0.009036,0,0,0,0,0,0,0,0,0,0,0,0,no
0.009036,0,0,0,0,0,0,0,0,0,0,0,0,no
0.009036,0.047619,0,0,0,0,0,0,0,0,0,0,0,no
0.009036,0,0.010638,0,0,0,0,0,0,0,0,0,0,no
0,0.095238,0,0,0,0,0,0,0,0,0,0,0,no
0,0.047619,0,0,0,0,0,0,0,0,0,0,0,no
0,0.047619,0,0,0,0,0.055556,0.125,0,0,0,0,0,no
0,0.047619,0,0,0,0,0.055556,0.125,0,0,0,0,0,no
0,0,0,0,0,0,0.055556,0.125,0,0,0,0,0,no
0,0.047619,0,0,0,0,0,0,0,0,0,0,0,no
0,0.047619,0,0,0,0,0,0,0,0,0,0,0,no
0,0.142857,0,0,0,0,0.055556,0.125,0,0,0,0,0,no
0.01506,0.095238,0,0,0,0.016129,0,0,0,0,0,0,0,no
0.01506,0.047619,0,0,0,0.032258,0.055556,0.125,0.008427,0,0.021552,0.021552,0,no
0.012048,0.095238,0,0,0,0,0,0,0,0,0,0,0,no
0.012048,0.047619,0,0,0,0,0,0,0,0,0,0,0,no
0.012048,0.047619,0,0,0,0,0,0,0,0,0,0,0,no
0.027108,0.095238,0,0,0,0,0,0,0,0,0,0,0,no
0.009036,0.047619,0,0,0,0,0.037037,0.083333,0.001124,0.001183,0.008621,0.008621,0,no
0.009036,0.190476,0,0,0,0,0.074074,0.083333,0.001124,0.014201,0.047414,0.028017,0,no
0.009036,0.095238,0,0,0,0,0,0,0,0,0,0,0,no
0.009036,0.095238,0,0,0,0,0.037037,0.083333,0.003371,0,0.012931,0.012931,0,no
0.012048,0,0,0,0,0,0,0,0,0,0,0,0,no
0.033133,0.142857,0,0,0,0.048387,0,0,0,0,0,0,0,no
0.009036,0.142857,0,0,0,0,0.037037,0.083333,0.003371,0,0.012931,0.012931,0,no
0.009036,0.095238,0,0,0,0,0.037037,0.083333,0.003371,0,0.012931,0.012931,0,no
0.009036,0,0,0,0,0,0,0,0,0,0,0,0,no
0.009036,0,0,0,0,0,0,0,0,0,0,0,0,no
0.009036,0.047619,0,0,0,0,0,0,0,0,0,0,0,no
0.009036,0.095238,0,0,0,0,0,0,0,0,0,0,0,no
0.009036,0.047619,0,0,0,0,0,0,0,0,0,0,0,no
0.009036,0.095238,0,0,0,0,0,0,0,0,0,0,0,no
0.009036,0.047619,0,0,0,0,0,0,0,0,0,0,0,no
0.009036,0.095238,0,0,0,0,0,0,0,0,0,0,0,no
0.01506,0.095238,0,0,0,0,0,0,0,0,0,0,0,no
0,0.047619,0,0,0,0,0,0,0,0,0,0,0,no
0.009036,0,0,0,0,0,0,0,0,0,0,0,0,no
0.009036,0,0,0,0,0,0,0,0,0,0,0,0,no
0.009036,0,0,0,0,0,0,0,0,0,0,0,0,no
0.009036,0.047619,0,0,0,0,0,0,0,0,0,0,0,no
0,0.047619,0,0,0,0,0,0,0,0,0,0,0,no
0.009036,0,0,0,0,0,0,0,0,0,0,0,0,no
0,0.095238,0,0,0.007937,0,0,0,0,0,0,0,0,no
0.009036,0.047619,0,0,0,0,0.055556,0.083333,0.001685,0.001775,0.008621,0.008621,0,no
0.009036,0.047619,0,0,0,0,0.055556,0.083333,0.001685,0.001775,0.008621,0.008621,0,no
0,0.095238,0,0,0,0,0,0,0,0,0,0,0,no
0,0,0,0,0,0,0,0,0,0,0,0,0,no
0,0,0,0,0,0,0,0,0,0,0,0,0,no
0.009036,0.095238,0,0,0,0,0,0,0,0,0,0,0,no
0.009036,0.333333,0,0,0,0,0.092593,0.125,0.002247,0.031953,0.224138,0.05,0,no
0.027108,0.095238,0,0,0,0.048387,0.037037,0.083333,0.001124,0.001183,0.008621,0.008621,0,no
0.018072,0.047619,0,0,0,0.016129,0,0,0,0,0,0,0,no
0.009036,0.142857,0,0,0,0,0,0,0,0,0,0,0,no
0.021084,0.047619,0,0,0,0.032258,0,0,0,0,0,0,0,no
0.012048,0.095238,0,0,0,0,0.037037,0.083333,0.004494,0,0.017241,0.017241,0,no
0.009036,0.047619,0,0,0,0,0.037037,0.083333,0.001124,0.001183,0.008621,0.008621,0,no
0.009036,0,0,0,0,0,0,0,0,0,0,0,0,no
0.009036,0,0,0,0,0,0,0,0,0,0,0,0,no
0.009036,0,0,0,0,0,0,0,0,0,0,0,0,no
0.009036,0,0,0,0,0,0.037037,0.083333,0.001124,0.001183,0.008621,0.008621,0,no
0.009036,0,0,0,0,0,0,0,0,0,0,0,0,no
0.009036,0,0,0,0,0,0,0,0,0,0,0,0,no
0.009036,0,0,0,0,0,0.018519,0.041667,0.001685,0,0.012931,0.012931,0,no
0.012048,0.142857,0,0,0,0.016129,0,0,0,0,0,0,0,no
0.009036,0,0,0,0,0,0,0,0,0,0,0,0,no
0.009036,0.095238,0,0,0,0,0,0,0,0,0,0,0,no
0.01506,0.095238,0,0,0,0.016129,0,0,0,0,0,0,0,no
0.009036,0,0,0,0,0,0,0,0,0,0,0,0,no
0.012048,0.047619,0,0,0,0,0,0,0,0,0,0,0,no
0.012048,0.047619,0,0,0,0.016129,0.074074,0.125,0.002247,0.002367,0.008621,0.008621,0,yes
0.042169,0.095238,0,0,0,0.032258,0,0,0,0,0,0,0,no
0.012048,0.047619,0,0,0,0,0,0,0,0,0,0,0,no
0.021084,0.047619,0,0,0,0.016129,0,0,0,0,0,0,0,no
0.009036,0.047619,0,0,0,0,0.037037,0.083333,0.001124,0.001183,0.008621,0.008621,0,no
0.009036,0,0,0,0,0,0,0,0,0,0,0,0,no
0.009036,0,0,0,0,0,0,0,0,0,0,0,0,no
0.009036,0.095238,0,0,0,0,0.018519,0.041667,0.001685,0,0.012931,0.012931,0,no
0.009036,0.095238,0,0,0,0,0.018519,0.041667,0.001685,0,0.012931,0.012931,0,no
0.009036,0.095238,0,0,0,0,0.018519,0.041667,0.001685,0,0.012931,0.012931,0,no
0.009036,0.095238,0,0,0,0,0.018519,0.041667,0.001685,0,0.012931,0.012931,0,no
0.009036,0.047619,0,0,0,0,0,0,0,0,0,0,0,no
0.012048,0.190476,0,0,0,0,0,0,0,0,0,0,0,no
0.009036,0.047619,0,0,0,0,0,0,0,0,0,0,0,no
0.009036,0.047619,0,0,0,0,0,0,0,0,0,0,0,no
0.027108,0.095238,0,0,0,0.016129,0.037037,0.083333,0.001124,0.001183,0.008621,0.008621,0,no
0.009036,0.142857,0,0,0,0,0,0,0,0,0,0,0,no
0.009036,0.190476,0,0,0,0,0,0,0,0,0,0,0,no
0.01506,0.047619,0,0,0,0.032258,0.018519,0.041667,0.000562,0.000592,0.008621,0.008621,0,no
0.021084,0.142857,0,0,0,0.048387,0.037037,0.083333,0.001124,0.001183,0.008621,0.008621,0,no
0.012048,0.095238,0,0,0,0,0,0,0,0,0,0,0,no
0.01506,0.047619,0,0,0,0.016129,0,0,0,0,0,0,0,no
0.009036,0.047619,0,0,0,0,0,0,0,0,0,0,0,no
0.01506,0.047619,0,0,0,0.016129,0,0,0,0,0,0,0,no
0.006024,0.095238,0,0,0,0,0,0,0,0,0,0,0,no
0.009036,0,0,0,0,0,0,0,0,0,0,0,0,no
0.006024,0.095238,0,0,0,0,0,0,0,0,0,0,0,no
0.012048,0.095238,0,0,0,0,0.018519,0.041667,0.002247,0,0.017241,0.017241,0,no
0.018072,0.142857,0,0,0,0.032258,0.018519,0.041667,0.003371,0,0.025862,0.025862,0,no
0.018072,0.142857,0,0,0,0.032258,0.018519,0.041667,0.003371,0,0.025862,0.025862,0,no
0.012048,0,0,0,0,0,0.018519,0.041667,0.002247,0,0.017241,0.017241,0,no
0.01506,0.095238,0,0,0,0.016129,0.018519,0.041667,0.002809,0,0.021552,0.021552,0,no
0.01506,0.095238,0,0,0,0.016129,0.018519,0.041667,0.002809,0,0.021552,0.021552,0,no
0.012048,0.095238,0,0,0,0,0.018519,0.041667,0.002247,0,0.017241,0.017241,0,no
0.009036,0,0,0,0,0,0.055556,0.125,0.005056,0,0.012931,0.012931,0,no
0.009036,0.095238,0,0,0,0,0.055556,0.125,0.005056,0,0.012931,0.012931,0,no
0.009036,0.095238,0,0,0,0,0.055556,0.125,0.005056,0,0.012931,0.012931,0,no
0.048193,0.666667,0,0,0,0,0.055556,0.125,0.026966,0,0.068966,0.068966,0,no
0.009036,0.047619,0,0,0,0,0.074074,0.166667,0.004494,0.001183,0.012931,0.010776,0,no
0.009036,0,0,0,0,0,0,0,0,0,0,0,0,no
0.009036,0,0,0,0,0,0,0,0,0,0,0,0,no
0.009036,0,0,0,0,0,0,0,0,0,0,0,0,no
0.009036,0,0,0,0,0,0.055556,0.125,0.005056,0,0.012931,0.012931,0,no
0.009036,0,0,0,0,0,0.055556,0.125,0.005056,0,0.012931,0.012931,0,no
0.009036,0,0,0,0,0,0.055556,0.125,0.005056,0,0.012931,0.012931,0,no
0.009036,0,0,0,0,0,0.055556,0.125,0.005056,0,0.012931,0.012931,0,no
0.009036,0,0,0,0,0,0,0,0,0,0,0,0,no
0.009036,0,0,0,0,0,0,0,0,0,0,0,0,no
0.009036,0,0,0,0,0,0,0,0,0,0,0,0,no
0.009036,0,0,0,0,0,0.055556,0.125,0.005056,0,0.012931,0.012931,0,no
0.009036,0,0,0,0,0,0.055556,0.125,0.005056,0,0.012931,0.012931,0,no
0.009036,0,0,0,0,0,0.055556,0.125,0.005056,0,0.012931,0.012931,0,no
0.009036,0,0,0,0,0,0.055556,0.125,0.005056,0,0.012931,0.012931,0,no
0.009036,0.047619,0,0,0,0,0.055556,0.125,0.005056,0,0.012931,0.012931,0,no
0.009036,0.047619,0,0,0,0,0.055556,0.125,0.005056,0,0.012931,0.012931,0,no
0.009036,0.047619,0,0,0,0,0.055556,0.125,0.005056,0,0.012931,0.012931,0,no
0.009036,0.047619,0,0,0,0,0.055556,0.125,0.005056,0,0.012931,0.012931,0,no
0.009036,0.047619,0,0,0,0,0.055556,0.125,0.005056,0,0.012931,0.012931,0,no
0.009036,0.047619,0,0,0,0,0.055556,0.125,0.005056,0,0.012931,0.012931,0,no
0.009036,0.047619,0,0,0,0,0.055556,0.125,0.005056,0,0.012931,0.012931,0,no
0,0.190476,0,0,0,0,0,0,0,0,0,0,0,no
0.009036,0.380952,0,0,0,0,0,0,0,0,0,0,0,no
0.033133,0,0,0,0,0.032258,0,0,0,0,0,0,0,no
0.009036,0,0,0,0,0,0,0,0,0,0,0,0,no
0.039157,0.047619,0.010638,0,0,0.096774,0.037037,0.083333,0.014607,0,0.056034,0.056034,0,no
0.027108,0.095238,0,0,0,0.064516,0.037037,0.083333,0.010112,0,0.038793,0.038793,0,no
0.009036,0.190476,0,0,0,0,0.037037,0.083333,0.001124,0.001183,0.008621,0.008621,0,no
0.009036,0,0,0,0,0,0.055556,0.125,0.005056,0,0.012931,0.012931,0,no
0.009036,0.190476,0,0,0,0,0.037037,0.083333,0.003371,0,0.012931,0.012931,0,no
0.009036,0.047619,0,0,0,0,0.074074,0.166667,0.004494,0.001183,0.012931,0.010776,1,no
0.027108,0.142857,0,0,0,0.016129,0.037037,0.083333,0.010112,0,0.038793,0.038793,0,no
0.024096,0.095238,0,0,0.007937,0.080645,0.037037,0.083333,0.001124,0.001183,0.008621,0.008621,0,yes
0.009036,0.095238,0,0,0,0,0,0,0,0,0,0,0,no
0.009036,0.095238,0,0,0,0,0,0,0,0,0,0,0,no
0.009036,0.047619,0,0,0,0,0,0,0,0,0,0,0,no
0.009036,0.047619,0,0,0,0,0,0,0,0,0,0,0,no
0.009036,0.095238,0,0,0,0,0,0,0,0,0,0,0,no
0.009036,0.095238,0,0,0,0,0,0,0,0,0,0,0,no
0.021084,0,0,0,0,0,0,0,0,0,0,0,0,no
0.018072,0.190476,0,0,0,0.032258,0.037037,0.083333,0.001124,0.001183,0.008621,0.008621,0,no
0.009036,0.047619,0,0,0,0,0,0,0,0,0,0,0,no
0.009036,0.047619,0,0,0,0,0,0,0,0,0,0,0,no
0.012048,0.047619,0,0,0,0,0,0,0,0,0,0,0,no
0.009036,0,0,0,0,0,0.037037,0.083333,0.003371,0,0.012931,0.012931,0,no
0.009036,0.047619,0,0,0.007937,0,0.037037,0.083333,0.003371,0,0.012931,0.012931,0,no
0.018072,0.190476,0,0,0,0,0.037037,0.083333,0.006742,0,0.025862,0.025862,0,no
0.027108,0,0,0,0,0.032258,0.037037,0.083333,0.010112,0,0.038793,0.038793,0,no
0.01506,0.142857,0,0,0,0,0,0,0,0,0,0,0,no
0.018072,0.142857,0,0,0,0.016129,0,0,0,0,0,0,0,no
0.009036,0.095238,0,0,0,0,0,0,0,0,0,0,0,no
0.009036,0.142857,0,0,0,0,0,0,0,0,0,0,0,no
0.01506,0,0,0,0,0,0.055556,0.125,0.003371,0,0.008621,0.008621,0,no
0.012048,0,0,0,0,0,0,0,0,0,0,0,0,no
0,0,0,0,0,0,0,0,0,0,0,0,0,no
0.009036,0.047619,0,0,0,0,0.037037,0.083333,0.001124,0.001183,0.008621,0.008621,0,no
0.009036,0,0,0,0,0,0.055556,0.125,0.005056,0,0.012931,0.012931,0,no
0.009036,0,0,0,0,0,0.055556,0.125,0.005056,0,0.012931,0.012931,0,no
0.012048,0,0,0,0,0,0.055556,0.125,0.006742,0,0.017241,0.017241,0,no
0.009036,0,0,0,0,0,0.055556,0.125,0.005056,0,0.012931,0.012931,0,no
0.009036,0,0,0,0,0,0,0,0,0,0,0,0,no
0.012048,0.047619,0,0,0,0,0.055556,0.125,0.006742,0,0.017241,0.017241,0,no
0.009036,0.047619,0,0,0,0,0.037037,0.083333,0.001124,0.001183,0.008621,0.008621,0,no
0,0,0,0,0,0,0,0,0,0,0,0,0,no
0.018072,0,0,0,0,0.032258,0,0,0,0,0,0,0,no
0.012048,0,0,0,0.007937,0,0,0,0,0,0,0,0,no
0,0,0,0,0,0,0,0,0,0,0,0,0,no
0,0.095238,0,0,0,0,0,0,0,0,0,0,0,no
0.01506,0.047619,0,0,0,0,0,0,0,0,0,0,0,no
0.009036,0,0,0,0,0,0,0,0,0,0,0,0,no
0.021084,0,0,0,0,0.032258,0.055556,0.125,0.011798,0,0.030172,0.030172,0,no
0.012048,0.095238,0,0,0,0,0,0,0,0,0,0,0,no
0.009036,0,0,0,0,0,0,0,0,0,0,0,0,no
0.009036,0,0,0,0,0,0,0,0,0,0,0,0,no
0.012048,0.095238,0,0,0,0,0.055556,0.125,0.006742,0,0.017241,0.017241,0,no
0.009036,0,0,0,0,0,0.055556,0.125,0.005056,0,0.012931,0.012931,0,no
0.006024,0,0,0,0,0,0,0,0,0,0,0,0,no
0,0.142857,0,0,0,0,0,0,0,0,0,0,0,no
0,0.095238,0,0,0,0,0,0,0,0,0,0,0,no
0,0.142857,0,0,0,0,0,0,0,0,0,0,0,no
0.009036,0.047619,0,0,0,0,0,0,0,0,0,0,0,no
0.012048,0.095238,0,0,0,0,0,0,0,0,0,0,0,no
0.012048,0.095238,0,0,0,0,0,0,0,0,0,0,0,no
0.009036,0,0,0,0,0,0,0,0,0,0,0,0,no
0,0,0,0,0.007937,0,0,0,0,0,0,0,0,no
0,0,0,0,0.007937,0,0,0,0,0,0,0,0,no
0,0,0,0,0.007937,0,0,0,0,0,0,0,0,no
0,0,0,0,0.007937,0,0,0,0,0,0,0,0,no
0.01506,0.238095,0,0,0,0,0,0,0,0,0,0,0,no
0.009036,0,0,0,0,0,0,0,0,0,0,0,0,no
0.006024,0,0,0,0,0,0,0,0,0,0,0,0,no
0.006024,0,0,0,0,0,0,0,0,0,0,0,0,no
0.009036,0,0,0,0,0,0,0,0,0,0,0,0,no
0.01506,0,0,0,0,0,0,0,0,0,0,0,0,no
0.009036,0,0,0,0,0,0,0,0,0,0,0,0,no
0.009036,0.095238,0,0,0,0,0,0,0,0,0,0,0,no
0.01506,0.142857,0,0,0,0,0,0,0,0,0,0,0,no
0.018072,0.142857,0,0,0,0.016129,0,0,0,0,0,0,0,no
0.009036,0.095238,0,0,0,0,0,0,0,0,0,0,0,no
0.009036,0.142857,0,0,0,0,0,0,0,0,0,0,0,no
0.009036,0.047619,0,0,0,0,0.037037,0.083333,0.001124,0.001183,0.008621,0.008621,0,no
0.009036,0.380952,0,0,0,0,0.037037,0.083333,0.003371,0,0.012931,0.012931,0,no
0.009036,0.047619,0,0,0,0,0,0,0,0,0,0,0,no
0.009036,0.047619,0,0,0,0,0,0,0,0,0,0,0,no
0.018072,0.095238,0,0,0,0.048387,0.037037,0.083333,0.001124,0.001183,0.008621,0.008621,0,no
0.01506,0.142857,0,0,0,0,0,0,0,0,0,0,0,no
0.018072,0.142857,0,0,0,0.016129,0,0,0,0,0,0,0,no
0.009036,0.095238,0,0,0,0,0,0,0,0,0,0,0,no
0.009036,0.142857,0,0,0,0,0,0,0,0,0,0,0,no
0.01506,0,0,0,0,0,0,0,0,0,0,0,0,no
0.009036,0,0,0,0,0,0,0,0,0,0,0,0,no
0.024096,0.095238,0,0,0.007937,0.016129,0,0,0,0,0,0,0,no
0.009036,0.047619,0,0,0,0,0,0,0,0,0,0,0,no
0.033133,0.428571,0,0,0,0,0,0,0,0,0,0,0,no
0.009036,0.095238,0,0,0,0,0,0,0,0,0,0,0,yes
0.009036,0.047619,0,0,0,0,0,0,0,0,0,0,0,yes
0.009036,0.047619,0,0,0,0,0,0,0,0,0,0,0,no
0.009036,0.095238,0,0,0,0,0,0,0,0,0,0,0,yes
0.009036,0.095238,0,0,0,0,0,0,0,0,0,0,0,yes
0.012048,0.047619,0,0,0,0.016129,0,0,0,0,0,0,0,yes
0.036145,0.47619,0,0,0,0,0,0,0,0,0,0,0,no
0.012048,0.095238,0,0,0,0,0,0,0,0,0,0,0,no
0.009036,0,0,0,0.007937,0,0,0,0,0,0,0,0,no
0.009036,0,0,0,0,0,0,0,0,0,0,0,0,no
0.006024,0.047619,0,0,0.007937,0,0,0,0,0,0,0,0,no
0.009036,0.047619,0,0,0,0,0,0,0,0,0,0,0,no
0.009036,0,0,0,0,0,0,0,0,0,0,0,0,no
0.012048,0,0,0,0.007937,0.016129,0.037037,0.083333,0.001124,0.001183,0.008621,0.008621,0,no
0.009036,0,0,0,0,0,0,0,0,0,0,0,0,no
0.006024,0.047619,0,0,0.007937,0,0,0,0,0,0,0,0,no
0.009036,0.047619,0,0,0,0,0,0,0,0,0,0,0,no
0.009036,0,0,0,0,0,0,0,0,0,0,0,0,no
0.009036,0,0,0,0,0,0,0,0,0,0,0,0,no
0.009036,0,0,0,0,0,0,0,0,0,0,0,0,no
0.009036,0,0,0,0,0,0,0,0,0,0,0,0,no
0.009036,0,0,0,0,0,0,0,0,0,0,0,0,no
0.009036,0,0,0,0,0,0,0,0,0,0,0,0,no
0.009036,0,0,0,0,0,0,0,0,0,0,0,0,no
0.009036,0,0,0,0,0,0,0,0,0,0,0,0,no
0.009036,0,0,0,0,0,0,0,0,0,0,0,0,no
0.009036,0,0,0,0,0,0,0,0,0,0,0,0,no
0.009036,0,0,0,0,0,0,0,0,0,0,0,0,no
0.009036,0,0,0,0,0,0,0,0,0,0,0,0,no
0.009036,0,0,0,0,0,0,0,0,0,0,0,0,no
0.009036,0,0,0,0,0,0,0,0,0,0,0,0,no
0.018072,0.047619,0,0,0,0.016129,0,0,0,0,0,0,0,no
0.027108,0.095238,0,0,0,0.016129,0,0,0,0,0,0,0,no
0.012048,0,0,0,0,0.016129,0,0,0,0,0,0,0,no
0.009036,0.142857,0,0,0,0,0.037037,0.083333,0.003371,0,0.012931,0.012931,0,no
0.009036,0.142857,0,0,0,0,0.037037,0.083333,0.003371,0,0.012931,0.012931,0,no
0.009036,0.095238,0,0,0,0,0.037037,0.083333,0.003371,0,0.012931,0.012931,0,no
0.009036,0.047619,0,0,0,0,0.037037,0.083333,0.003371,0,0.012931,0.012931,0,no
0.009036,0,0,0,0,0,0.037037,0.083333,0.003371,0,0.012931,0.012931,0,no
0.009036,0.047619,0,0,0,0,0.037037,0.083333,0.003371,0,0.012931,0.012931,0,no
0.009036,0.047619,0,0,0,0,0.037037,0.083333,0.003371,0,0.012931,0.012931,0,no
0.012048,0.047619,0,0,0,0.016129,0.074074,0.125,0.005618,0.001183,0.017241,0.012931,0,no
0.018072,0,0,0,0.007937,0.016129,0.037037,0.083333,0.006742,0,0.025862,0.025862,0,no
0,0.047619,0,0,0.007937,0,0,0,0,0,0,0,0,no
0.009036,0.047619,0,0,0,0,0,0,0,0,0,0,0,no
0.018072,0.095238,0,0,0,0,0,0,0,0,0,0,0,no
0.024096,0.047619,0,0,0,0.048387,0.037037,0.083333,0.001124,0.001183,0.008621,0.008621,0,no
0.012048,0,0,0,0,0.016129,0,0,0,0,0,0,0,no
0.009036,0.047619,0,0,0,0,0,0,0,0,0,0,0,no
0,0.047619,0,0,0,0,0,0,0,0,0,0,0,no
0,0,0,0,0,0,0,0,0,0,0,0,0,no
0.01506,0,0,0,0,0,0,0,0,0,0,0,0,no
0.009036,0,0,0,0,0,0,0,0,0,0,0,0,no
0.009036,0,0,0,0.015873,0,0,0,0,0,0,0,0,no
0.009036,0.095238,0,0,0,0,0,0,0,0,0,0,0,no
0.03012,0.142857,0,0,0,0,0,0,0,0,0,0,0,no
0.009036,0,0,0,0,0,0,0,0,0,0,0,0,no
0.009036,0.047619,0,0,0,0,0,0,0,0,0,0,0,no
0.009036,0,0,0,0,0,0,0,0,0,0,0,0,no
0.009036,0.095238,0,0,0,0,0,0,0,0,0,0,0,no
0.009036,0,0,0,0,0,0,0,0,0,0,0,0,no
0.009036,0,0,0,0,0,0,0,0,0,0,0,0,no
0.018072,0.095238,0,0,0,0,0.055556,0.125,0.010112,0,0.025862,0.025862,0,no
0.009036,0.095238,0,0,0,0,0.055556,0.125,0.005056,0,0.012931,0.012931,0,no
0.012048,0.095238,0,0,0,0,0.037037,0.083333,0.004494,0,0.017241,0.017241,0,no
0,0,0,0,0,0,0,0,0,0,0,0,0,no
0,0.095238,0,0,0,0,0,0,0,0,0,0,0,no
0,0.095238,0,0,0,0,0,0,0,0,0,0,0,no
0,0.095238,0,0,0,0,0,0,0,0,0,0,0,no
0,0.095238,0,0,0,0,0,0,0,0,0,0,0,no
0.01506,0.047619,0,0,0,0,0,0,0,0,0,0,0,no
0.009036,0,0,0,0,0,0,0,0,0,0,0,0,no
0.009036,0,0,0,0,0,0,0,0,0,0,0,0,no
0.009036,0.047619,0,0,0,0,0,0,0,0,0,0,0,no
0.009036,0.047619,0,0,0,0,0,0,0,0,0,0,0,no
0.009036,0,0,0,0,0,0,0,0,0,0,0,0,no
0.009036,0.095238,0,0,0,0,0,0,0,0,0,0,0,no
0.009036,0,0,0,0,0,0,0,0,0,0,0,0,no
0.009036,0,0,0,0,0,0,0,0,0,0,0,0,no
0.012048,0.095238,0,0,0,0,0,0,0,0,0,0,0,no
0.009036,0,0,0,0.007937,0,0,0,0,0,0,0,0,no
0.009036,0,0,0,0,0,0,0,0,0,0,0,0,no
0.012048,0.095238,0,0,0,0,0,0,0,0,0,0,0,no
0.009036,0,0,0,0,0,0,0,0,0,0,0,0,no
0.009036,0,0,0,0,0,0,0,0,0,0,0,0,no
0.009036,0,0,0,0,0,0,0,0,0,0,0,0,no
0.03012,0.142857,0,0,0,0,0.037037,0.083333,0.001124,0.001183,0.008621,0.008621,0,no
0.012048,0.190476,0,0,0,0,0,0,0,0,0,0,0,no
0.009036,0.047619,0,0,0,0,0,0,0,0,0,0,0,no
0.009036,0,0,0,0,0,0,0,0,0,0,0,0,no
0.009036,0,0,0,0,0,0,0,0,0,0,0,0,no
0.009036,0,0,0,0,0,0,0,0,0,0,0,0,no
0.012048,0,0,0,0,0.016129,0.037037,0.083333,0.001124,0.001183,0.008621,0.008621,0,no
0.009036,0,0,0,0,0,0,0,0,0,0,0,0,no
0.009036,0,0,0,0,0,0,0,0,0,0,0,0,no
0.009036,0,0,0,0,0,0,0,0,0,0,0,0,no
0.009036,0,0,0,0,0,0,0,0,0,0,0,0,no
0.009036,0,0,0,0,0,0,0,0,0,0,0,0,no
0.009036,0,0,0,0,0,0,0,0,0,0,0,0,no
0.009036,0.047619,0,0,0,0,0,0,0,0,0,0,0,no
0.009036,0,0,0,0,0,0,0,0,0,0,0,0,no
0.009036,0.047619,0,0,0,0,0,0,0,0,0,0,0,no
0.009036,0.095238,0,0,0,0,0,0,0,0,0,0,0,no
0.012048,0.095238,0,0,0,0,0,0,0,0,0,0,0,no
0.012048,0.047619,0,0,0,0,0,0,0,0,0,0,0,no
0.009036,0,0,0,0,0,0,0,0,0,0,0,0,no
0.018072,0,0,0,0,0.016129,0,0,0,0,0,0,0,no
0.01506,0.047619,0,0,0,0,0,0,0,0,0,0,0,no
0.009036,0,0,0,0,0,0,0,0,0,0,0,0,no
0.009036,0,0,0,0,0,0,0,0,0,0,0,0,no
0.009036,0,0,0,0,0,0,0,0,0,0,0,0,no
0.009036,0,0,0,0,0,0,0,0,0,0,0,0,no
0.033133,0.095238,0,0,0,0,0.037037,0.083333,0.001124,0.001183,0.008621,0.008621,0,no
0.009036,0.047619,0,0,0,0,0,0,0,0,0,0,0,no
0.009036,0.047619,0,0,0,0,0,0,0,0,0,0,0,no
0.009036,0,0,0,0,0,0.037037,0.083333,0.001124,0.001183,0.008621,0.008621,0,no
0.009036,0.047619,0,0,0,0,0,0,0,0,0,0,0,no
0.009036,0.047619,0,0,0,0,0,0,0,0,0,0,0,no
0.009036,0,0,0,0,0,0,0,0,0,0,0,0,no
0.009036,0,0,0,0,0,0,0,0,0,0,0,0,no
0.018072,0.047619,0,0,0.007937,0.048387,0,0,0,0,0,0,0,no
0.018072,0.095238,0,0,0.007937,0.048387,0.037037,0.083333,0.001124,0.001183,0.008621,0.008621,0,no
0.009036,0.047619,0,0,0,0,0,0,0,0,0,0,0,no
0.027108,0,0,0,0,0,0,0,0,0,0,0,0,no
0.009036,0.095238,0,0,0.007937,0,0.037037,0.083333,0.001124,0.001183,0.008621,0.008621,0,no
0.009036,0,0,0,0,0,0,0,0,0,0,0,0,no
0.027108,0.333333,0,0,0,0,0,0,0,0,0,0,0,no
0.009036,0,0,0,0,0,0,0,0,0,0,0,0,no
0.006024,0,0,0,0,0,0,0,0,0,0,0,0,no
0.009036,0.142857,0,0,0,0,0,0,0,0,0,0,0,no
0.006024,0.047619,0,0,0,0,0,0,0,0,0,0,0,no
0.012048,0.095238,0,0,0,0,0,0,0,0,0,0,0,no
0.006024,0,0,0,0.007937,0,0,0,0,0,0,0,0,no
0.018072,0.095238,0,0,0,0.032258,0,0,0,0,0,0,0,no
0.006024,0.047619,0,0,0.007937,0,0,0,0,0,0,0,0,no
0.012048,0.095238,0,0,0,0.016129,0,0,0,0,0,0,0,no
0.012048,0.047619,0,0,0,0.016129,0,0,0,0,0,0,0,no
0.01506,0.095238,0,0,0,0,0.018519,0.041667,0.000562,0.000592,0.008621,0.008621,0,no
0.006024,0,0,0,0.007937,0,0,0,0,0,0,0,0,no
0.012048,0.095238,0,0,0,0,0,0,0,0,0,0,0,no
0.009036,0,0,0,0,0,0,0,0,0,0,0,0,no
0.009036,0,0,0,0,0,0,0,0,0,0,0,0,no
0.009036,0,0,0,0,0,0,0,0,0,0,0,0,no
0,0,0,0,0,0,0,0,0,0,0,0,0,no
0,0.095238,0,0,0,0,0,0,0,0,0,0,0,no
0,0.095238,0,0,0,0,0,0,0,0,0,0,0,no
0,0.047619,0,0,0,0,0,0,0,0,0,0,0,no
0.009036,0.047619,0,0,0,0,0,0,0,0,0,0,0,no
0.009036,0,0,0,0,0,0,0,0,0,0,0,0,no
0.01506,0.142857,0,0,0,0,0,0,0,0,0,0,0,no
0.009036,0,0,0,0,0,0,0,0,0,0,0,0,no
0.009036,0,0,0,0,0,0,0,0,0,0,0,0,no
0.009036,0,0,0,0,0,0,0,0,0,0,0,0,no
0.006024,0.047619,0,0,0.015873,0,0,0,0,0,0,0,0,no
0.006024,0.142857,0,0,0.007937,0,0,0,0,0,0,0,0,no
0,0,0,0,0,0,0,0,0,0,0,0,0,no
0,0,0,0,0,0,0,0,0,0,0,0,0,no
0,0,0,0,0,0,0,0,0,0,0,0,0,no
0,0,0,0,0,0,0,0,0,0,0,0,0,no
0,0,0,0,0,0,0,0,0,0,0,0,0,no
0,0.047619,0,0,0,0,0,0,0,0,0,0,0,no
0,0,0,0,0,0,0,0,0,0,0,0,0,no
0,0,0,0,0,0,0,0,0,0,0,0,0,no
0,0.095238,0,0,0,0,0,0,0,0,0,0,0,no
0,0.047619,0,0,0.007937,0,0,0,0,0,0,0,0,no
0,0.047619,0,0,0.007937,0,0,0,0,0,0,0,0,no
0,0.142857,0,0,0,0,0,0,0,0,0,0,0,no
0,0.095238,0,0,0.007937,0,0,0,0,0,0,0,0,no
0.033133,0.047619,0,0,0,0,0,0,0,0,0,0,0,no
0.009036,0.047619,0,0,0.007937,0,0,0,0,0,0,0,0,no
0.01506,0.047619,0,0,0,0,0,0,0,0,0,0,0,no
0.012048,0,0,0,0.007937,0,0,0,0,0,0,0,0,no
0.018072,0.047619,0,0,0,0.032258,0.092593,0.125,0.002809,0.002959,0.008621,0.008621,0,no
0.009036,0,0,0,0,0,0,0,0,0,0,0,0,no
0.03012,0.047619,0,0,0,0.032258,0,0,0,0,0,0,0,no
0.009036,0,0,0,0,0,0,0,0,0,0,0,0,no
0.012048,0.047619,0,0,0.007937,0,0,0,0,0,0,0,0,no
0.009036,0.047619,0,0,0,0,0,0,0,0,0,0,0,no
0.01506,0.047619,0,0,0,0,0,0,0,0,0,0,0,no
0.009036,0,0,0,0,0,0,0,0,0,0,0,0,no
0.009036,0,0,0,0,0,0,0,0,0,0,0,0,no
0.018072,0.190476,0,0,0,0,0.092593,0.083333,0.010674,0.000592,0.025862,0.017241,1,no
0.009036,0.047619,0,0,0,0,0.055556,0.125,0.005056,0,0.012931,0.012931,0,no
0.009036,0.095238,0,0,0,0,0.055556,0.125,0.005056,0,0.012931,0.012931,0,no
0.009036,0.238095,0,0,0,0,0.055556,0.125,0.005056,0,0.012931,0.012931,0,no
0.006024,0.047619,0,0,0,0,0.055556,0.125,0.003371,0,0.008621,0.008621,0,no
0.009036,0.047619,0,0,0,0,0.055556,0.125,0.005056,0,0.012931,0.012931,0,no
0.009036,0.095238,0,0,0,0,0.055556,0.125,0.005056,0,0.012931,0.012931,0,no
0.009036,0,0,0,0,0,0.055556,0.125,0.005056,0,0.012931,0.012931,0,no
0.021084,0.047619,0,0,0,0.032258,0.055556,0.125,0.011798,0,0.030172,0.030172,0,no
0.009036,0,0,0,0,0,0.055556,0.125,0.005056,0,0.012931,0.012931,0,no
0.009036,0,0,0,0,0,0.055556,0.125,0.005056,0,0.012931,0.012931,0,no
0.009036,0.047619,0,0,0,0,0.055556,0.125,0.005056,0,0.012931,0.012931,0,no
0.009036,0,0,0,0,0,0.055556,0.125,0.005056,0,0.012931,0.012931,0,no
0.009036,0,0,0,0,0,0.055556,0.125,0.005056,0,0.012931,0.012931,0,no
0.009036,0.047619,0,0,0,0,0.055556,0.125,0.005056,0,0.012931,0.012931,0,no
0.009036,0,0,0,0,0,0.055556,0.125,0.005056,0,0.012931,0.012931,0,no
0.009036,0.047619,0,0,0,0,0.055556,0.125,0.005056,0,0.012931,0.012931,0,no
0.009036,0,0,0,0,0,0.055556,0.125,0.005056,0,0.012931,0.012931,0,no
0.009036,0,0,0,0,0,0.055556,0.125,0.005056,0,0.012931,0.012931,0,no
0.009036,0.047619,0,0,0,0,0.055556,0.125,0.005056,0,0.012931,0.012931,0,no
0.009036,0.047619,0,0,0,0,0.055556,0.125,0.005056,0,0.012931,0.012931,0,no
0.01506,0.047619,0,0,0.007937,0.032258,0.055556,0.125,0.008427,0,0.021552,0.021552,0,no
0.009036,0.047619,0,0,0.007937,0,0.055556,0.125,0.005056,0,0.012931,0.012931,0,no
0.012048,0.047619,0,0,0,0,0.055556,0.125,0.006742,0,0.017241,0.017241,0,no
0.01506,0.095238,0,0,0,0,0.055556,0.125,0.008427,0,0.021552,0.021552,0,no
0.012048,0.095238,0,0,0,0,0.055556,0.125,0.006742,0,0.017241,0.017241,0,no
0.012048,0.047619,0,0,0,0,0.055556,0.125,0.006742,0,0.017241,0.017241,0,no
0.018072,0.190476,0,0,0,0,0.055556,0.125,0.010112,0,0.025862,0.025862,0,no
0.009036,0.047619,0,0,0,0,0.055556,0.125,0.005056,0,0.012931,0.012931,0,no
0.009036,0.047619,0,0,0,0,0.055556,0.125,0.005056,0,0.012931,0.012931,0,no
0.009036,0,0,0,0,0,0.055556,0.125,0.005056,0,0.012931,0.012931,0,no
0.009036,0,0,0,0,0,0.055556,0.125,0.005056,0,0.012931,0.012931,0,no
0.009036,0,0,0,0,0,0.055556,0.125,0.005056,0,0.012931,0.012931,0,no
0.009036,0,0,0,0,0,0.055556,0.125,0.005056,0,0.012931,0.012931,0,no
0.01506,0.142857,0,0,0,0,0.055556,0.125,0.008427,0,0.021552,0.021552,0,no
0.012048,0.047619,0,0,0,0,0.055556,0.125,0.006742,0,0.017241,0.017241,0,no
0.009036,0,0,0,0,0,0.055556,0.125,0.005056,0,0.012931,0.012931,0,no
0.009036,0,0,0,0,0,0.055556,0.125,0.005056,0,0.012931,0.012931,0,no
0.009036,0,0,0,0,0,0.055556,0.125,0.005056,0,0.012931,0.012931,0,no
0.009036,0,0,0,0,0,0.055556,0.125,0.005056,0,0.012931,0.012931,0,no
0.009036,0,0,0,0,0,0.055556,0.125,0.005056,0,0.012931,0.012931,0,no
0.009036,0,0,0,0,0,0.055556,0.125,0.005056,0,0.012931,0.012931,0,no
0.009036,0,0,0,0,0,0.037037,0.083333,0.003371,0,0.012931,0.012931,0,no
0.006024,0.047619,0,0,0,0,0,0,0,0,0,0,0,no
0.009036,0.095238,0,0,0,0,0,0,0,0,0,0,0,no
0.009036,0,0,0,0,0,0.037037,0.083333,0.003371,0,0.012931,0.012931,0,no
0.006024,0.047619,0,0,0,0,0,0,0,0,0,0,0,no
0.009036,0.095238,0,0,0,0,0,0,0,0,0,0,0,no
0.009036,0.095238,0,0,0,0,0,0,0,0,0,0,0,no
0.009036,0.095238,0,0,0,0,0,0,0,0,0,0,0,no
0.009036,0.095238,0,0,0,0,0,0,0,0,0,0,0,no
0,0.142857,0,0,0,0,0,0,0,0,0,0,0,no
0,0.095238,0,0,0,0,0,0,0,0,0,0,0,no
0,0,0,0,0,0,0,0,0,0,0,0,0,no
0,0.095238,0,0,0,0,0,0,0,0,0,0,0,no
0,0.095238,0,0,0,0,0,0,0,0,0,0,0,no
0,0,0,0,0,0,0.018519,0.041667,0,0,0,0,0,no
0,0.047619,0,0,0,0,0,0,0,0,0,0,0,no
0,0.095238,0,0,0,0,0,0,0,0,0,0,0,no
0,0.047619,0,0,0,0,0.055556,0.125,0,0,0,0,0,no
0,0,0,0,0,0,0.055556,0.125,0,0,0,0,0,no
0,0.047619,0,0,0,0,0.055556,0.125,0,0,0,0,0,no
0,0.047619,0,0,0,0,0.055556,0.125,0,0,0,0,0,no
0,0.047619,0,0,0,0,0.055556,0.125,0,0,0,0,0,no
0,0,0,0,0,0,0.055556,0.125,0,0,0,0,0,no
0,0.047619,0,0,0,0,0.055556,0.125,0,0,0,0,0,no
0,0,0,0,0,0,0.055556,0.125,0,0,0,0,0,no
0,0.047619,0,0,0,0,0.055556,0.125,0,0,0,0,0,no
0,0,0,0,0,0,0.055556,0.125,0,0,0,0,0,no
0,0,0,0,0,0,0.055556,0.125,0,0,0,0,0,no
0,0,0,0,0,0,0.055556,0.125,0,0,0,0,0,no
0,0,0,0,0,0,0.055556,0.125,0,0,0,0,0,no
0,0.047619,0,0,0,0,0.055556,0.125,0,0,0,0,0,no
0,0.047619,0,0,0,0,0.055556,0.125,0,0,0,0,0,no
0,0.047619,0,0,0,0,0.055556,0.125,0,0,0,0,0,no
0,0,0,0,0,0,0.055556,0.125,0,0,0,0,0,no
0,0.047619,0,0,0,0,0.055556,0.125,0,0,0,0,0,no
0,0.047619,0,0,0,0,0.055556,0.125,0,0,0,0,0,no
0,0,0,0,0,0,0.055556,0.125,0,0,0,0,0,no
0,0.047619,0,0,0,0,0.055556,0.125,0,0,0,0,0,no
0,0,0,0,0,0,0.055556,0.125,0,0,0,0,0,no
0,0.047619,0,0,0,0,0.055556,0.125,0,0,0,0,0,no
0,0,0,0,0,0,0.055556,0.125,0,0,0,0,0,no
0,0,0,0,0,0,0.055556,0.125,0,0,0,0,0,no
0,0,0,0,0,0,0.055556,0.125,0,0,0,0,0,no
0,0.047619,0,0,0,0,0.055556,0.125,0,0,0,0,0,no
0,0.047619,0,0,0,0,0.055556,0.125,0,0,0,0,0,no
0,0,0,0,0,0,0.055556,0.125,0,0,0,0,0,no
0,0.047619,0,0,0,0,0.055556,0.125,0,0,0,0,0,no
0,0.047619,0,0,0,0,0.055556,0.125,0,0,0,0,0,no
0,0,0,0,0,0,0.055556,0.125,0,0,0,0,0,no
0,0.047619,0,0,0,0,0.055556,0.125,0,0,0,0,0,no
0,0.047619,0,0,0,0,0.055556,0.125,0,0,0,0,0,no
0,0.047619,0,0,0,0,0.055556,0.125,0,0,0,0,0,no
0,0.047619,0,0,0,0,0.055556,0.125,0,0,0,0,0,no
0,0.047619,0,0,0,0,0.055556,0.125,0,0,0,0,0,no
0,0,0,0,0,0,0.055556,0.125,0,0,0,0,0,no
0,0.285714,0,0,0,0,0.055556,0.125,0,0,0,0,0,no
0,0.047619,0,0,0,0,0,0,0,0,0,0,0,no
0,0.047619,0,0,0,0,0,0,0,0,0,0,0,no
0,0,0,0,0,0,0,0,0,0,0,0,0,no
0,0,0,0,0,0,0,0,0,0,0,0,0,no
0,0,0,0,0,0,0,0,0,0,0,0,0,no
0,0.047619,0,0,0,0,0,0,0,0,0,0,0,no
0,0.095238,0,0,0,0,0,0,0,0,0,0,0,no
0.009036,0,0,0,0,0,0.037037,0.083333,0.003371,0,0.012931,0.012931,0,no
0.012048,0.047619,0,0,0,0,0.037037,0.083333,0.001124,0.001183,0.008621,0.008621,0,no
0.01506,0.047619,0,0,0,0.016129,0,0,0,0,0,0,0,no
0.009036,0.095238,0,0,0,0,0,0,0,0,0,0,0,no
0.009036,0.095238,0,0,0,0,0,0,0,0,0,0,0,no
0.01506,0.142857,0,0,0,0,0,0,0,0,0,0,0,no
0.009036,0,0,0,0,0,0,0,0,0,0,0,0,no
0.009036,0,0,0,0,0,0,0,0,0,0,0,0,no
0.009036,0,0,0,0,0,0,0,0,0,0,0,0,no
0.012048,0.095238,0,0,0,0,0,0,0,0,0,0,0,no
0.009036,0,0,0,0,0,0,0,0,0,0,0,0,no
0.009036,0,0,0,0,0,0,0,0,0,0,0,0,no
0.012048,0.095238,0,0,0,0,0.055556,0.125,0.006742,0,0.017241,0.017241,0,no
0.009036,0.047619,0,0,0,0,0.055556,0.125,0.005056,0,0.012931,0.012931,0,no
0.009036,0.047619,0,0,0,0,0.055556,0.125,0.005056,0,0.012931,0.012931,0,no
0.009036,0,0,0,0,0,0.055556,0.125,0.005056,0,0.012931,0.012931,0,no
0.009036,0.047619,0,0,0,0,0.055556,0.125,0.005056,0,0.012931,0.012931,0,no
0.009036,0,0,0,0,0,0.055556,0.125,0.005056,0,0.012931,0.012931,0,no
0.009036,0,0,0,0,0,0.055556,0.125,0.005056,0,0.012931,0.012931,0,no
0.009036,0.285714,0,0,0,0,0.055556,0.125,0.005056,0,0.012931,0.012931,0,no
0.009036,0.238095,0,0,0,0,0.055556,0.125,0.005056,0,0.012931,0.012931,0,no
0.045181,0.047619,0,0,0.007937,0.064516,0.092593,0.208333,0.024719,0,0.060345,0.037931,0,no
0.009036,0,0,0,0,0,0.055556,0.125,0.005056,0,0.012931,0.012931,0,no
0.009036,0,0,0,0,0,0.055556,0.125,0.005056,0,0.012931,0.012931,0,no
0.009036,0,0,0,0,0,0.055556,0.125,0.005056,0,0.012931,0.012931,0,no
0.009036,0,0,0,0,0,0.055556,0.125,0.005056,0,0.012931,0.012931,0,no
0.009036,0,0,0,0,0,0.055556,0.125,0.005056,0,0.012931,0.012931,0,no
0.009036,0,0,0,0,0,0.055556,0.125,0.005056,0,0.012931,0.012931,0,no
0.009036,0,0,0,0,0,0.055556,0.125,0.005056,0,0.012931,0.012931,0,no
0.009036,0,0,0,0,0,0.055556,0.125,0.005056,0,0.012931,0.012931,0,no
0.009036,0,0,0,0,0,0.055556,0.125,0.005056,0,0.012931,0.012931,0,no
0.009036,0,0,0,0,0,0.055556,0.125,0.005056,0,0.012931,0.012931,0,no
0.009036,0,0,0,0,0,0.055556,0.125,0.005056,0,0.012931,0.012931,0,no
0.009036,0,0,0,0,0,0.055556,0.125,0.005056,0,0.012931,0.012931,0,no
0.009036,0,0,0,0,0,0.055556,0.125,0.005056,0,0.012931,0.012931,0,no
0.009036,0,0,0,0,0,0.055556,0.125,0.005056,0,0.012931,0.012931,0,no
0.009036,0.047619,0,0,0,0,0.055556,0.125,0.005056,0,0.012931,0.012931,0,no
0.009036,0,0,0,0,0,0.055556,0.125,0.005056,0,0.012931,0.012931,0,no
0.018072,0,0,0,0,0,0.055556,0.125,0.010112,0,0.025862,0.025862,0,no
0.009036,0,0,0,0,0,0.055556,0.125,0.005056,0,0.012931,0.012931,0,no
0.009036,0.047619,0,0,0,0,0,0,0,0,0,0,0,no
0.009036,0,0,0,0,0,0,0,0,0,0,0,0,no
0.009036,0,0,0,0,0,0,0,0,0,0,0,0,no
0.009036,0.047619,0,0,0,0,0,0,0,0,0,0,0,no
0.009036,0.047619,0,0,0,0,0,0,0,0,0,0,0,no
0.009036,0,0,0,0,0,0,0,0,0,0,0,0,no
0.006024,0.047619,0,0,0,0,0,0,0,0,0,0,0,no
0.009036,0,0,0,0,0,0,0,0,0,0,0,0,no
0.009036,0,0,0,0,0,0,0,0,0,0,0,0,no
0.012048,0.047619,0,0,0,0,0,0,0,0,0,0,0,no
0.009036,0,0,0,0,0,0,0,0,0,0,0,0,no
0.009036,0,0,0,0,0,0.037037,0.083333,0.003371,0,0.012931,0.012931,0,no
0.012048,0.047619,0,0,0,0,0.037037,0.083333,0.001124,0,0.00431,0.00431,0,no
0.009036,0.047619,0,0,0,0,0,0,0,0,0,0,0,no
0.009036,0,0,0,0,0,0,0,0,0,0,0,0,no
0.009036,0,0,0,0,0,0,0,0,0,0,0,0,no
0.009036,0,0,0,0,0,0,0,0,0,0,0,0,no
0.009036,0,0,0,0,0,0,0,0,0,0,0,0,no
0.009036,0,0,0,0,0,0,0,0,0,0,0,0,no
0.009036,0,0,0,0,0,0,0,0,0,0,0,0,no
0.009036,0,0,0,0,0,0,0,0,0,0,0,0,no
0.009036,0,0,0,0,0,0,0,0,0,0,0,0,no
0.009036,0.095238,0,0,0,0,0,0,0,0,0,0,0,no
0,0.047619,0,0,0,0,0,0,0,0,0,0,0,no
0,0.047619,0,0,0,0,0,0,0,0,0,0,0,no
0,0.047619,0,0,0,0,0,0,0,0,0,0,0,no
0.012048,0.095238,0,0,0,0,0,0,0,0,0,0,0,no
0,0,0,0,0,0,0,0,0,0,0,0,0,no
0,0.047619,0,0,0,0,0,0,0,0,0,0,0,no
0,0,0,0,0,0,0,0,0,0,0,0,0,no
0,0.047619,0,0,0,0,0,0,0,0,0,0,0,no
0,0.047619,0,0,0,0,0,0,0,0,0,0,0,no
0.012048,0.095238,0,0,0,0,0,0,0,0,0,0,0,no
0.009036,0,0,0,0,0,0.055556,0.125,0.005056,0,0.012931,0.012931,0,no
0.012048,0,0,0,0,0.016129,0.055556,0.125,0.006742,0,0.017241,0.017241,0,no
0.009036,0,0,0,0,0,0.055556,0.125,0.005056,0,0.012931,0.012931,0,no
0.009036,0,0,0,0,0,0.055556,0.125,0.005056,0,0.012931,0.012931,0,no
0.009036,0,0,0,0,0,0.055556,0.125,0.005056,0,0.012931,0.012931,0,no
0.009036,0,0,0,0,0,0.055556,0.125,0.005056,0,0.012931,0.012931,0,no
0.009036,0,0,0,0,0,0.055556,0.125,0.005056,0,0.012931,0.012931,0,no
0.009036,0,0,0,0,0,0.055556,0.125,0.005056,0,0.012931,0.012931,0,no
0.009036,0,0,0,0,0,0.055556,0.125,0.005056,0,0.012931,0.012931,0,no
0.009036,0,0,0,0,0,0.055556,0.125,0.005056,0,0.012931,0.012931,0,no
0.009036,0,0.031915,0,0,0,0.055556,0.125,0.005056,0,0.012931,0.012931,0,no
0.009036,0,0,0,0,0,0.055556,0.125,0.005056,0,0.012931,0.012931,0,no
0.009036,0,0,0,0,0,0.055556,0.125,0.005056,0,0.012931,0.012931,0,no
0.009036,0,0,0,0,0,0.055556,0.125,0.005056,0,0.012931,0.012931,0,no
0.009036,0.047619,0,0,0,0,0.055556,0.125,0.005056,0,0.012931,0.012931,0,no
0.009036,0.047619,0,0,0,0,0.055556,0.125,0.005056,0,0.012931,0.012931,0,no
0.009036,0.047619,0,0,0,0,0,0,0,0,0,0,0,no
0.009036,0,0,0,0,0,0,0,0,0,0,0,0,no
0.009036,0,0,0,0,0,0.037037,0.083333,0.003371,0,0.012931,0.012931,0,no
0.018072,0.047619,0,0,0,0,0.092593,0.166667,0.004494,0,0.008621,0.006897,0,no
0.009036,0.047619,0,0,0,0,0.055556,0.125,0.005056,0,0.012931,0.012931,0,no
0.012048,0.142857,0,0,0,0,0.055556,0.125,0.006742,0,0.017241,0.017241,0,no
0.01506,0.142857,0,0,0,0,0.055556,0.125,0.008427,0,0.021552,0.021552,0,no
0.009036,0.095238,0,0,0,0,0.055556,0.125,0.005056,0,0.012931,0.012931,0,no
0.009036,0,0,0,0,0,0.055556,0.125,0.005056,0,0.012931,0.012931,0,no
0.009036,0,0,0,0,0,0.055556,0.125,0.005056,0,0.012931,0.012931,0,no
0.009036,0,0,0,0,0,0.055556,0.125,0.005056,0,0.012931,0.012931,0,no
0.009036,0,0,0,0,0,0.055556,0.125,0.005056,0,0.012931,0.012931,0,no
0.009036,0,0,0,0,0,0.055556,0.125,0.005056,0,0.012931,0.012931,0,no
0.009036,0,0,0,0,0,0.055556,0.125,0.005056,0,0.012931,0.012931,0,no
0.009036,0.047619,0,0,0,0,0.055556,0.125,0.005056,0,0.012931,0.012931,0,no
0.009036,0.047619,0,0,0,0,0,0,0,0,0,0,0,no
0.009036,0.047619,0,0,0,0,0,0,0,0,0,0,0,no
0.009036,0.047619,0,0,0,0,0.055556,0.125,0.005056,0,0.012931,0.012931,0,no
0.009036,0.095238,0.021277,0,0,0,0.055556,0.125,0.005056,0,0.012931,0.012931,0,no
0.01506,0.142857,0,0,0,0,0.055556,0.125,0.008427,0,0.021552,0.021552,0,no
0.009036,0,0,0,0,0,0.055556,0.125,0.005056,0,0.012931,0.012931,0,no
0.018072,0,0,0,0,0.016129,0.055556,0.125,0.010112,0,0.025862,0.025862,0,no
0.009036,0,0,0,0,0,0.055556,0.125,0.005056,0,0.012931,0.012931,0,no
0.009036,0,0,0,0,0,0.055556,0.125,0.005056,0,0.012931,0.012931,0,no
0.01506,0.047619,0,0,0.007937,0.032258,0.055556,0.125,0.008427,0,0.021552,0.021552,0,no
0.009036,0.047619,0,0,0.007937,0,0.055556,0.125,0.005056,0,0.012931,0.012931,0,no
0.009036,0,0,0,0,0,0.055556,0.125,0.005056,0,0.012931,0.012931,0,no
0.009036,0.047619,0,0,0,0,0.055556,0.125,0.005056,0,0.012931,0.012931,0,no
0.009036,0,0,0,0,0,0.055556,0.125,0.005056,0,0.012931,0.012931,0,no
0.01506,0.047619,0,0,0.007937,0.016129,0.055556,0.125,0,0.00355,0.008621,0.008621,0,no
0,0.142857,0,0,0.007937,0,0.055556,0.125,0,0,0,0,0,no
0,0.095238,0,0,0.007937,0,0.055556,0.125,0,0,0,0,0,no
0.018072,0.047619,0,0,0,0,0.055556,0.125,0.010112,0,0.025862,0.025862,0,no
0.006024,0.047619,0,0,0,0,0.055556,0.125,0.003371,0,0.008621,0.008621,0,no
0.01506,0.095238,0,0,0,0.016129,0.055556,0.125,0.008427,0,0.021552,0.021552,0,no
0.009036,0.047619,0,0,0,0,0.055556,0.125,0.005056,0,0.012931,0.012931,0,no
0,0.047619,0,0,0,0,0.055556,0.125,0,0,0,0,0,no
0.009036,0.047619,0,0,0,0,0.055556,0.125,0.005056,0,0.012931,0.012931,0,no
0.009036,0,0,0,0,0,0.055556,0.125,0.005056,0,0.012931,0.012931,0,no
0,0.047619,0,0,0,0,0.055556,0.125,0,0,0,0,0,no
0,0.095238,0,0,0,0,0.055556,0.125,0,0,0,0,0,no
0.012048,0,0,0,0,0.016129,0.037037,0.083333,0.004494,0,0.017241,0.017241,0,no
0.012048,0.047619,0,0,0,0,0.037037,0.083333,0.004494,0,0.017241,0.017241,0,no
0.009036,0.095238,0,0,0,0,0.037037,0.083333,0.003371,0,0.012931,0.012931,0,no
0,0.047619,0,0,0,0,0.037037,0.083333,0,0,0,0,0,no
0,0.095238,0,0,0,0,0.037037,0.083333,0,0,0,0,0,no
0.009036,0,0,0,0,0,0,0,0,0,0,0,0,no
0.009036,0,0,0,0,0,0,0,0,0,0,0,0,no
0.009036,0,0,0,0,0,0.018519,0.041667,0.000562,0.000592,0.008621,0.008621,0,no
0.009036,0,0,0,0,0,0,0,0,0,0,0,0,no
0.009036,0,0,0,0,0,0,0,0,0,0,0,0,no
0.009036,0.047619,0,0,0,0,0,0,0,0,0,0,0,no
0.021084,0,0,0,0,0.016129,0,0,0,0,0,0,0,no
0.012048,0,0,0,0,0,0,0,0,0,0,0,0,no
0.009036,0,0,0,0,0,0,0,0,0,0,0,0,no
0,0.047619,0,0,0.007937,0,0,0,0,0,0,0,0,no
0.009036,0,0,0,0,0,0,0,0,0,0,0,0,no
0.009036,0,0,0,0,0,0,0,0,0,0,0,0,no
0.009036,0.047619,0,0,0,0,0,0,0,0,0,0,0,no
0.012048,0.095238,0,0,0,0,0,0,0,0,0,0,0,no
0.009036,0,0,0,0,0,0,0,0,0,0,0,0,no
0.009036,0.047619,0,0,0,0,0,0,0,0,0,0,0,no
0.009036,0.047619,0,0,0,0,0,0,0,0,0,0,0,no
0.012048,0.095238,0,0,0,0,0,0,0,0,0,0,0,no
0.009036,0,0,0,0,0,0,0,0,0,0,0,0,no
0.012048,0.142857,0,0,0,0.016129,0.037037,0.083333,0.004494,0,0.017241,0.017241,0,no
0.018072,0.047619,0,0,0,0.048387,0.092593,0.125,0.008427,0.001775,0.025862,0.015517,0,no
0.01506,0.047619,0,0,0,0.016129,0.037037,0.083333,0.005618,0,0.021552,0.021552,0,no
0.009036,0.047619,0,0,0.007937,0,0.037037,0.083333,0.003371,0,0.012931,0.012931,0,no
0.01506,0.047619,0,0,0,0.016129,0.074074,0.083333,0.006742,0.001183,0.021552,0.015086,0,no
0.01506,0.047619,0,0,0,0.016129,0.037037,0.083333,0.005618,0,0.021552,0.021552,0,no
0.009036,0.095238,0,0,0.007937,0,0.037037,0.083333,0.003371,0,0.012931,0.012931,0,no
0.009036,0.047619,0,0,0.007937,0,0.037037,0.083333,0.003371,0,0.012931,0.012931,0,no
0.009036,0.047619,0,0,0,0,0.037037,0.083333,0.003371,0,0.012931,0.012931,0,no
0.009036,0.047619,0,0,0.007937,0,0.037037,0.083333,0.003371,0,0.012931,0.012931,0,no
0.01506,0.047619,0,0,0,0.016129,0.037037,0.083333,0.005618,0,0.021552,0.021552,0,no
0.009036,0.047619,0,0,0.007937,0,0.037037,0.083333,0.003371,0,0.012931,0.012931,0,no
0.009036,0.047619,0,0,0,0,0.037037,0.083333,0.003371,0,0.012931,0.012931,0,no
0.009036,0.047619,0,0,0.007937,0,0.037037,0.083333,0.003371,0,0.012931,0.012931,0,no
0.01506,0.047619,0,0,0,0.016129,0.037037,0.083333,0.005618,0,0.021552,0.021552,0,no
0.009036,0.047619,0,0,0,0,0.037037,0.083333,0.003371,0,0.012931,0.012931,0,no
0.009036,0.095238,0,0,0,0,0.037037,0.083333,0.003371,0,0.012931,0.012931,0,no
0.009036,0.047619,0,0,0,0,0.037037,0.083333,0.003371,0,0.012931,0.012931,0,no
0.009036,0.047619,0,0,0,0,0.037037,0.083333,0.003371,0,0.012931,0.012931,0,yes
0.009036,0.095238,0,0,0,0,0.037037,0.083333,0.003371,0,0.012931,0.012931,0,no
0.009036,0,0,0,0,0,0.037037,0.083333,0.003371,0,0.012931,0.012931,0,no
0.009036,0,0,0,0,0,0.037037,0.083333,0.003371,0,0.012931,0.012931,0,no
0.009036,0.142857,0,0,0,0,0.037037,0.083333,0.003371,0,0.012931,0.012931,0,no
0.009036,0.142857,0,0,0,0,0.037037,0.083333,0.003371,0,0.012931,0.012931,0,no
0.009036,0.047619,0,0,0,0,0.037037,0.083333,0.003371,0,0.012931,0.012931,0,no
0.01506,0.047619,0,0,0,0.016129,0.037037,0.083333,0.005618,0,0.021552,0.021552,0,yes
0.009036,0.047619,0,0,0,0,0.037037,0.083333,0.003371,0,0.012931,0.012931,0,no
0.009036,0.095238,0,0,0,0,0.037037,0.083333,0.003371,0,0.012931,0.012931,0,no
0.009036,0.047619,0,0,0,0,0.037037,0.083333,0.003371,0,0.012931,0.012931,0,no
0.009036,0.047619,0,0,0,0,0.037037,0.083333,0.003371,0,0.012931,0.012931,0,no
0.009036,0.047619,0,0,0,0,0.074074,0.125,0.02809,0.026036,0.107759,0.101293,0,no
0.018072,0.095238,0,0,0,0.032258,0.037037,0.083333,0.006742,0,0.025862,0.025862,0,no
0.009036,0.047619,0,0,0,0,0.037037,0.083333,0.003371,0,0.012931,0.012931,0,yes
0.01506,0.047619,0,0,0,0.016129,0.037037,0.083333,0.005618,0,0.021552,0.021552,0,no
0.033133,0.047619,0,0,0.007937,0.096774,0.037037,0.083333,0.01236,0,0.047414,0.047414,0,no
0.012048,0.047619,0,0,0,0,0,0,0,0,0,0,0,no
0.033133,0.428571,0,0,0,0,0.018519,0.041667,0.00618,0,0.047414,0.047414,0,no
0.012048,0,0,0,0,0,0,0,0,0,0,0,0,no
0.009036,0,0,0,0,0,0,0,0,0,0,0,0,no
0.006024,0.047619,0,0,0,0,0,0,0,0,0,0,0,no
0.009036,0,0,0,0,0,0.037037,0.083333,0.003371,0,0.012931,0.012931,0,no
0.009036,0.047619,0,0,0,0,0.037037,0.083333,0.003371,0,0.012931,0.012931,0,no
0.009036,0.047619,0,0,0,0,0.037037,0.083333,0.003371,0,0.012931,0.012931,0,no
0.009036,0.142857,0,0,0,0,0.018519,0.041667,0.001685,0,0.012931,0.012931,0,no
0.03012,0.142857,0,0,0,0.112903,0.018519,0.041667,0.005618,0,0.043103,0.043103,0,no
0.009036,0.047619,0,0,0,0,0.018519,0.041667,0.001685,0,0.012931,0.012931,0,no
0.012048,0,0,0,0,0,0.018519,0.041667,0.002247,0,0.017241,0.017241,0,no
0.027108,0,0,0,0,0.016129,0.055556,0.083333,0.015169,0,0.038793,0.038793,0,no
0.024096,0.047619,0,0,0,0,0,0,0,0,0,0,0,no
0.009036,0.047619,0,0,0,0,0,0,0,0,0,0,0,no
0.006024,0,0,0,0,0,0,0,0,0,0,0,0,no
0.009036,0,0,0,0,0,0.037037,0.083333,0.001124,0.001183,0.008621,0.008621,0,no
0.009036,0,0,0,0,0,0.037037,0.083333,0.003371,0,0.012931,0.012931,0,no
0.009036,0,0,0,0,0,0,0,0,0,0,0,0,no
0.018072,0.095238,0,0,0,0.032258,0.037037,0.083333,0.001124,0.001183,0.008621,0.008621,0,no
0.009036,0.047619,0,0,0,0,0,0,0,0,0,0,0,no
0.021084,0.095238,0,0,0,0,0,0,0,0,0,0,0,no
0.012048,0.047619,0,0,0,0,0.055556,0.083333,0.006742,0,0.017241,0.017241,0,no
0.039157,0,0,0,0,0.016129,0.037037,0.083333,0.006742,0,0.025862,0.025862,0,no
0.009036,0.142857,0,0,0,0,0.037037,0.083333,0.003371,0,0.012931,0.012931,0,no
0.018072,0.047619,0,0,0,0.016129,0,0,0,0,0,0,0,no
0.021084,0,0,0,0,0.048387,0.055556,0.125,0.011798,0,0.030172,0.030172,0,no
0.012048,0.047619,0,0,0,0,0.055556,0.125,0.006742,0,0.017241,0.017241,0,no
0.012048,0.047619,0,0,0,0,0.055556,0.125,0.006742,0,0.017241,0.017241,0,no
0.012048,0.047619,0,0,0,0,0.055556,0.125,0.006742,0,0.017241,0.017241,0,no
0.012048,0.047619,0,0,0,0,0.055556,0.125,0.006742,0,0.017241,0.017241,0,no
0.012048,0.047619,0,0,0,0,0.055556,0.125,0.006742,0,0.017241,0.017241,0,no
0.021084,0.047619,0,0,0,0.016129,0.074074,0.125,0.005618,0.001775,0.030172,0.014009,0,no
0.01506,0.142857,0,0,0,0.032258,0.018519,0.041667,0.002809,0,0.021552,0.021552,0,no
0.009036,0,0,0,0,0,0.037037,0.083333,0.003371,0,0.012931,0.012931,0,no
0.009036,0,0,0,0,0,0.037037,0.083333,0.003371,0,0.012931,0.012931,0,no
0.012048,0,0,0,0,0,0.074074,0.166667,0.007303,0.000592,0.017241,0.015086,1,no
0.009036,0.142857,0,0,0.007937,0,0.018519,0.041667,0.001685,0,0.012931,0.012931,0,no
0.01506,0,0,0,0,0,0.018519,0.041667,0.002809,0,0.021552,0.021552,0,no
0.009036,0,0,0,0,0,0.018519,0.041667,0.001685,0,0.012931,0.012931,0,no
0.009036,0.047619,0,0,0,0,0.018519,0.041667,0.001685,0,0.012931,0.012931,0,no
0.009036,0.047619,0,0,0,0,0.037037,0.083333,0.002247,0.000592,0.012931,0.010776,0,no
0.012048,0.095238,0,0,0,0,0.037037,0.083333,0.002809,0.000592,0.017241,0.012931,0,no
0.012048,0.142857,0,0,0,0,0.037037,0.083333,0.002809,0.000592,0.017241,0.012931,0,no
0.012048,0.142857,0,0,0,0,0.037037,0.083333,0.002809,0.000592,0.017241,0.012931,0,no
0.009036,0.047619,0,0,0,0,0.037037,0.083333,0.001124,0.001183,0.008621,0.008621,0,no
0.006024,0,0,0,0,0,0,0,0,0,0,0,0,no
0.009036,0.142857,0,0,0,0,0,0,0,0,0,0,0,no
0.006024,0.047619,0,0,0,0,0,0,0,0,0,0,0,no
0.006024,0,0,0,0,0,0.055556,0.125,0.003371,0,0.008621,0.008621,0,no
0.009036,0.047619,0,0,0,0,0.037037,0.083333,0.003371,0,0.012931,0.012931,0,no
0.009036,0,0,0,0,0,0.037037,0.083333,0.003371,0,0.012931,0.012931,0,no
0.012048,0.190476,0,0,0,0,0.055556,0.125,0.006742,0,0.017241,0.017241,0,no
0.009036,0.095238,0,0,0,0,0.037037,0.083333,0.003371,0,0.012931,0.012931,0,no
0.012048,0.095238,0,0,0,0,0.055556,0.125,0.005056,0,0.017241,0.012931,0,no
0.018072,0.190476,0,0,0,0,0.055556,0.125,0.010112,0,0.025862,0.025862,0,no
0.009036,0.047619,0,0,0,0,0.037037,0.083333,0.003371,0,0.012931,0.012931,0,no
0.009036,0.047619,0,0,0,0,0.037037,0.083333,0.003371,0,0.012931,0.012931,0,no
0.012048,0.142857,0,0,0,0.016129,0.055556,0.125,0.006742,0,0.017241,0.017241,0,no
0.01506,0.047619,0,0,0,0.032258,0.037037,0.083333,0.005618,0,0.021552,0.021552,0,no
0.009036,0.095238,0,0,0,0,0.037037,0.083333,0.003371,0,0.012931,0.012931,0,no
0.009036,0.142857,0,0,0,0,0.055556,0.125,0.005056,0,0.012931,0.012931,0,no
0.018072,0.095238,0.010638,0,0,0.048387,0.037037,0.083333,0.006742,0,0.025862,0.025862,0,no
0.075301,0.238095,0.010638,0,0,0.064516,0.055556,0.125,0.028652,0.000592,0.107759,0.074713,0,no
0.009036,0.095238,0,0,0,0,0.037037,0.083333,0.003371,0,0.012931,0.012931,0,no
0.009036,0.095238,0,0,0,0,0.037037,0.083333,0.003371,0,0.012931,0.012931,0,no
0.009036,0.142857,0.010638,0,0,0,0.037037,0.083333,0.003371,0,0.012931,0.012931,0,no
0.021084,0.190476,0,0,0,0,0.037037,0.083333,0.007865,0,0.030172,0.030172,0,no
0.024096,0.238095,0,0,0.007937,0.032258,0.037037,0.083333,0.008989,0,0.034483,0.034483,0,no
0.009036,0.095238,0,0,0,0,0.055556,0.125,0.005056,0,0.012931,0.012931,0,no
0.009036,0.142857,0,0,0,0,0.055556,0.125,0.005056,0,0.012931,0.012931,0,no
0.009036,0.190476,0,0,0,0,0.037037,0.083333,0.003371,0,0.012931,0.012931,0,no
0.009036,0.095238,0,0,0,0,0.055556,0.125,0.005056,0,0.012931,0.012931,0,no
0.024096,0.238095,0,0,0.015873,0.032258,0.037037,0.083333,0.008989,0,0.034483,0.034483,0,no
0.027108,0.190476,0,0,0,0.048387,0.074074,0.125,0.011236,0.001183,0.038793,0.023707,0,no
0.027108,0.190476,0,0,0,0.048387,0.074074,0.125,0.011236,0.001183,0.038793,0.023707,0,no
0.01506,0.142857,0,0,0,0,0.037037,0.083333,0.005618,0,0.021552,0.021552,0,no
0.009036,0,0,0,0,0,0.037037,0.083333,0.003371,0,0.012931,0.012931,0,no
0.009036,0,0,0,0,0,0.037037,0.083333,0.003371,0,0.012931,0.012931,0,no
0.009036,0,0,0,0,0,0.037037,0.083333,0.003371,0,0.012931,0.012931,0,no
0.01506,0.142857,0,0,0,0,0.037037,0.083333,0.005618,0,0.021552,0.021552,0,no
0.009036,0,0,0,0,0,0.037037,0.083333,0.003371,0,0.012931,0.012931,0,no
0.009036,0,0,0,0,0,0.037037,0.083333,0.003371,0,0.012931,0.012931,0,no
0.009036,0,0,0,0,0,0.037037,0.083333,0.003371,0,0.012931,0.012931,0,no
0.012048,0.095238,0,0,0,0,0.037037,0.083333,0.004494,0,0.017241,0.017241,0,no
0.012048,0.142857,0,0,0,0.016129,0.037037,0.083333,0.004494,0,0.017241,0.017241,0,no
0.021084,0.047619,0,0,0,0.032258,0.037037,0.083333,0.007865,0,0.030172,0.030172,0,no
0.009036,0.047619,0,0,0,0,0.055556,0.125,0,0.001775,0.00431,0.00431,0,no
0.033133,0.190476,0,0,0,0,0.055556,0.125,0.018539,0,0.047414,0.047414,0,no
0.009036,0.047619,0,0,0,0,0.055556,0.125,0.005056,0,0.012931,0.012931,0,no
0.01506,0.047619,0,0,0,0.032258,0.055556,0.125,0.008427,0,0.021552,0.021552,0,no
0.012048,0.047619,0,0,0,0.016129,0.055556,0.125,0.006742,0,0.017241,0.017241,0,no
0.009036,0.047619,0,0,0,0,0.055556,0.125,0.005056,0,0.012931,0.012931,0,no
0.012048,0.047619,0,0,0,0.016129,0.055556,0.125,0.006742,0,0.017241,0.017241,0,no
0.01506,0.142857,0,0,0,0,0.037037,0.083333,0.005618,0,0.021552,0.021552,0,no
0.006024,0,0,0,0,0,0.037037,0.083333,0.002247,0,0.008621,0.008621,0,no
0.012048,0.047619,0,0,0.007937,0.016129,0.037037,0.083333,0.004494,0,0.017241,0.017241,0,no
0.009036,0.095238,0,0,0,0,0.037037,0.083333,0.003371,0,0.012931,0.012931,0,no
0.009036,0,0,0,0,0,0.037037,0.083333,0.003371,0,0.012931,0.012931,0,no
0.012048,0.047619,0,0,0,0.016129,0.037037,0.083333,0.004494,0,0.017241,0.017241,0,no
0.009036,0.047619,0,0,0,0,0.037037,0.083333,0.003371,0,0.012931,0.012931,0,no
0.009036,0.142857,0,0,0,0,0.037037,0.083333,0.003371,0,0.012931,0.012931,0,no
0.012048,0.047619,0,0,0,0.016129,0.037037,0.083333,0.004494,0,0.017241,0.017241,0,no
0.009036,0.095238,0,0,0,0,0.037037,0.083333,0.003371,0,0.012931,0.012931,0,no
0.018072,0.047619,0,0,0,0.016129,0.037037,0.083333,0.006742,0,0.025862,0.025862,0,no
0.01506,0.047619,0,0,0,0,0.092593,0.208333,0.006742,0,0.021552,0.010345,1,no
0.009036,0,0,0,0,0,0.037037,0.083333,0.003371,0,0.012931,0.012931,0,no
0.009036,0.095238,0,0,0,0,0.037037,0.083333,0.003371,0,0.012931,0.012931,0,no
0.012048,0.095238,0,0,0,0,0.037037,0.083333,0.004494,0,0.017241,0.017241,0,no
0.009036,0,0,0,0,0,0.037037,0.083333,0.003371,0,0.012931,0.012931,0,no
0.009036,0,0,0,0,0,0.037037,0.083333,0.003371,0,0.012931,0.012931,0,no
0.012048,0.095238,0,0,0,0,0.055556,0.125,0.006742,0,0.017241,0.017241,0,no
0.009036,0.047619,0,0,0,0,0.055556,0.125,0.005056,0,0.012931,0.012931,0,no
0.018072,0,0,0,0,0.048387,0.055556,0.125,0.010112,0,0.025862,0.025862,0,no
0.012048,0.047619,0,0,0,0.016129,0.055556,0.125,0.006742,0,0.017241,0.017241,0,no
0.012048,0.047619,0,0,0,0.016129,0.055556,0.125,0.006742,0,0.017241,0.017241,0,no
0.018072,0.047619,0,0,0,0.016129,0.055556,0.125,0.010112,0,0.025862,0.025862,0,no
0.039157,0,0,0,0,0.145161,0.055556,0.125,0.015169,0,0.056034,0.038793,0,no
0.009036,0,0,0,0,0,0.037037,0.083333,0.003371,0,0.012931,0.012931,0,no
0.009036,0.047619,0,0,0,0,0.037037,0.083333,0.003371,0,0.012931,0.012931,0,no
0.021084,0.238095,0,0,0,0,0.037037,0.083333,0.007865,0,0.030172,0.030172,0,no
0.036145,0.095238,0,0,0,0.145161,0.037037,0.083333,0.013483,0,0.051724,0.051724,0,no
0.021084,0.047619,0,0,0,0.048387,0.037037,0.083333,0.007865,0,0.030172,0.030172,0,no
0.012048,0.190476,0,0,0,0.016129,0.037037,0.083333,0.004494,0,0.017241,0.017241,0,no
0.021084,0.047619,0,0,0,0.048387,0.037037,0.083333,0.007865,0,0.030172,0.030172,0,no
0.012048,0.142857,0,0,0,0.016129,0.037037,0.083333,0.004494,0,0.017241,0.017241,0,no
0.027108,0.047619,0.010638,0,0,0.080645,0.037037,0.083333,0.010112,0,0.038793,0.038793,0,no
0.024096,0.047619,0.010638,0,0,0.080645,0.037037,0.083333,0.008989,0,0.034483,0.034483,0,no
0.009036,0.047619,0,0,0,0,0.055556,0.125,0.005056,0,0.012931,0.012931,0,no
0.006024,0,0,0,0,0,0.055556,0.125,0.003371,0,0.008621,0.008621,0,no
0.006024,0,0,0,0,0,0.055556,0.125,0.003371,0,0.008621,0.008621,0,no
